16518
22860
25362
2528
7113
26652
-146
-11745
-12048
41055
19405
2157
8704
-76812
-18468
-19020
25032
87769
19512
90616
1850
-131304
39015
2672
-24542
248546
36828
-57972
-51340
5655
1466
-25265
-4029
62035
3760
-24614
-18714
-41348
-8426
39689
4993
22107
-52173
1418
-3354
-435656
41482
-41641
2140
-7685
-10589
-6698
-7177
52788
19502
8872
-4855
-28784
30807
38617
21770
-73758
39248
-1220
-28963
10620
37162
-11505
4894
-6131
74214
-53891
32698
-6504
-39870
-20742
-5868
13596
64328
-18760
17664
35992
-39393
62217
-74585
-46256
-30705
27027
-876
-80396
-17299
-9116
9344
-62544
17572
-35570
-154148
79904
-9745
7568
1659
-15689
-14358
6054
33343
73071
-14912
-13450
9392
-19
3259
-159255
-27504
-31499
-7863
109185
1450
4225
167888
25411
-20921
-29449
14417
7
-9888
-1492
14737
15958
282744
-93050
16974
30095
-22110
-12141
-24812
6575
-36304
-8928
4336
-8200
9615
-1380
65111
43296
849087
-67005
51520
-207872
-37403
-23865
-8802
31218
-83040
-24813
5536
7217
-24024
-27092
-12789
-8442
15686
-4995
188842
-6252
-3380
9760
51840
-22349
6648
2085
21174
-13188
30625
999
2522
22392
-8876
-15512
-8691
-83178
-26170
-24222
-202009
86175
83262
-53310
-6708
10706
-1960
-70845
-45324
-2645
33950
-5056
-1248
53469
99490
-9347
-14862
-6160
-24410
19822
162806
10386
-7678
1797
43156
68085
-5963
-71424
-133818
6720
19584
-18065
11156
-2730
-19345
40961
48479
-3659
-8152
-13666
-28440
-13057
112485
1214
-13218
-3862
7616
-25263
51304
8120
-10419
7982
86736
3311
33290
23092
27374
-122947
-23268
10916
-81263
-12822
-5164
155180
29091
9709
-6060
25125
1575
1701
-45852
10673
-14133
-9568
71013
79406
-6578
-15945
-9640
62781
35502
-38347
-24880
-119414
44774
-22672
-5742
23131
51182
-23480
222
-4910
-2048
306
9075
-7969
35
17919
76745
-31735
-15151
6889
-133994
-34930
1446
-7830
4013
-14904
-2466
8241
-39900
13846
3904
-48560
-107587
3544
-4809
12115
-34612
-753
147050
-30573
-16672
-120480
-2268
-50427
-1172
-2712
14212
209291
-37344
1427
102309
-1839
-60728
-4200
-1347
3870
20820
1009
45385
12415
-19720
-96804
25937
19144
-5136
27146
36250
29200
6384
-156
-657
169363
-13489
64839
22624
4900
-11991
-1238
-1005
-15958
24700
-1073
1911
4442
-6210
2903
-128242
-9342
22433
6856
-29108
-115590
-3726
-53203
12340
-18096
-1022
15526
1243
-8921
-13473
-38596
-54608
9653
2239
-258688
25810
48195
123469
-362827
143350
-106758
-25180
9813
22716
1488
-21955
-8597
-1995
-23904
-35270
-29428
-19147
-178914
28747
22530
107592
-18264
-3150
-13085
1352
-13848
16232
64392
-708
24112
-5125
-30118
37004
-3296
25090
79845
150372
-666
-787
-14718
22757
-16640
-11802
-49125
21220
28537
16866
103897
3216
44908
-31886
-4453
22776
-12685
-15860
12406
-40354
19855
16166
26905
-38588
-145184
-55818
-111586
-67075
18291
-15909
-32130
-1616
-110308
-7857
3329
-2062
-2415
-16012
207278
-15248
-15323
-37488
-23278
18769
93134
-4646
-10264
23862
-2992
-56219
-7704
-54410
63810
11958
31587
13235
-70343
12954
-5135
-110
-8664
-141335
67869
69161
-3822
-5652
4003
-41934
88375
-7044
70734
3294
-44692
12779
-5713
43348
30204
8808
-2228
12051
-22125
8574
53395
18595
30588
68618
10101
34963
18663
-2820
93629
-8144
77283
8156
2917
102816
17733
78089
-95845
-715
2522
22608
-6712
-80117
-4496
-98968
-138143
-335944
28742
28120
-11320
10296
-1704
11331
-7586
8243
13718
-25890
-46761
-39974
25301
-10068
-139248
6651
-8391
-16265
186
-10148
60090
26862
-2504
2358
27905
-1547
46578
-3160
-5720
30048
3106
-1480
188058
46880
-41040
-35290
660
-18378
142444
9824
-98436
3862
546332
19036
2530
-18223
-7672
-22610
20371
-112085
-3132
93250
-11440
44403
12280
-115944
7140
3364
84820
17986
4226
-18000
-497
-6398
-13044
-92963
-8402
27516
62932
-5820
-27332
-23856
-5187
8800
-17091
-8
4816
-17202
4964
52620
-61722
7233
7483
1968
-13092
-4476
-38124
75692
10524
-2392
-4127
-37273
-41580
464510
19467
1869
108849
30478
-33796
-32959
-208563
-127880
-2459
22036
63744
-25298
21535
-524768
21282
16952
-60314
-1742
-972
-3338
-33125
-37718
-12153
-5183
20709
18216
-1624
120394
-36114
-8260
-4488
-2757
-137143
-124574
34304
-47308
-27908
76256
23556
74075
-67719
-3736
-35275
-58038
-21402
-11162
9567
-479718
-5256
-6432
-36575
-1908
-1239
46637
-38390
-18352
-40893
47352
-37530
-43791
29253
230701
18910
-22720
56135
-11638
-3150
7724
19741
283182
73594
20190
72975
-35331
-5964
-6744
-55552
-4380
-120592
48802
-1557
-802
-22226
1757
31474
70392
-6531
-25027
20426
21216
-3118
-23091
-10410
20646
-234333
-14369
-1032
38569
-23550
53543
10147
-13557
15716
34080
219458
-62585
-1785
63045
30221
4812
-1056
58674
174436
173216
6231
-60302
67605
-249
-9450
-1716
31880
51262
42137
2468
70744
11447
16560
19299
3323
3233
15142
-35440
133683
-11172
8588
-138690
-82897
-43817
1529
-32543
-66786
-92919
-3816
8805
-327042
36746
34693
-2079
4020
-4087
161550
12362
29071
48846
6320
-6835
-48196
24534
37408
5025
-69994
102816
-24112
7078
16882
203493
-2178
19044
4224
-112254
238665
23278
-71617
20954
42424
20307
13572
4526
27963
-25575
43484
26348
174
-18772
-9292
24589
40182
13630
-29855
-33304
2296
-43161
-1213
204195
72329
-70515
32472
-22246
-13968
-30547
42922
-11450
-1168
-7633
55614
102573
15642
13078
34080
46382
-35157
22148
-5730
-45390
4139
-18204
67926
33588
-37028
-17748
21657
26678
-4025
6095
-1404
-181871
7322
-100008
-463
19691
56604
42877
-38157
38144
-2881
26596
98706
13554
-6013
63488
129823
-30454
16646
100110
-7416
23616
-3856
-7848
14659
56227
810
-17599
6718
-18015
2652
-15666
15994
-65666
-2911
12257
-46828
57195
-29424
-14046
-28371
8229
22043
38622
-32785
-1902
-2003
-16900
57250
9673
-56822
-86907
-15150
-18780
144312
-4
-12532
47827
-22564
2292
19332
-35542
-6165
8764
8781
2567
-94696
-170616
-55290
1973
57552
19204
2298
-27056
-2148
-6368
71619
126100
23714
603
-2852
39192
65068
-53676
9178
66753
-127126
-70448
-53064
-4570
83384
96
32344
-6038
-19964
170810
-25968
-105593
-21435
-75901
-14694
70847
-35472
-11487
-29100
8470
13349
186950
-8627
9897
14664
28208
-56936
9112
-41819
33494
-46734
-292638
170575
-16317
9725
-28716
92892
-66208
54904
-22154
331501
-1344
5820
-7492
-30960
8958
4290
15413
-558
-29637
-19986
4085
142902
27884
105802
-133075
191621
-11494
5640
12548
-18756
1569
9219
-36960
24459
-7342
-21468
12040
-19960
-47136
-20998
205428
21433
-8718
42612
-198613
5202
165024
-13246
16914
14174
-42210
-6136
-49137
12191
2686
-8194
-3780
-6603
1546
1991
2540
-26224
-26128
24672
13650
104856
-53748
3798
-36000
23712
12132
37848
22860
37229
3652
-7805
14432
-16524
-33960
79711
-2241
6993
12510
-72872
95370
-1549
23788
-50984
13551
-25366
-5610
-4500
-35076
-19854
-9479
23108
-2868
-6074
113736
-129445
798
2666
9453
29536
30797
-49680
96790
6202
19841
-33160
-2062
-51412
-3439
-49119
-48475
16365
-9868
64132
5496
-15930
10158
-269220
-5429
8370
77380
8884
110124
-11969
10797
68795
-5841
8051
47603
-7561
41454
-2122
26676
147648
302
10272
23972
-26970
-6975
-31604
20044
36108
9202
33792
-6325
15592
1301
17290
-65988
14629
-14683
66140
33368
-1482
-15871
5068
6958
-8156
-4810
-3070
33142
1916
-14477
8220
-352788
-49942
33402
-4672
-32300
9243
-2689
1882
-3561
-1321
-4821
80060
-7266
92219
232885
2947
36
-20690
-91549
-111621
5065
4950
885
-102285
-8449
-424
-2508
9144
-18144
44176
-6123
-13431
-4084
-19543
-9133
-14952
-30687
41253
-14916
-2321
25900
-4801
84100
-1940
-22356
-41886
105655
-72130
-36078
-137038
32960
2475
7500
-96
-41144
42220
-2349
96596
-52911
83371
-828
3348
13494
-11813
-45755
30765
-20196
-2192
39737
-57434
2860
814
5652
-203
9390
114702
-5048
-2778
31686
151008
-30703
-14699
-87604
-26180
-48563
6216
73258
6416
-17700
5398
4784
-30692
65270
21672
5456
-54944
-14548
-16500
8326
-7848
11670
-82162
12112
1573
30082
16701
32729
-1482
38140
19137
-14663
-51
-13629
-6045
25745
-10700
55352
6849
18363
-30892
60217
-12728
-15710
-24680
34926
5656
-2356
-32428
-65242
30120
-94334
-183455
-42177
-12512
39408
4716
4785
-39600
-83697
-24440
1206
-13586
-39506
6739
37452
23934
25379
6794
5746
-36755
-5384
-32105
-4818
-35136
11339
-6543
64053
-12501
-12446
-39276
-2182
168690
-57845
9213
118587
3255
110025
-14204
7386
-56635
13838
-22158
-15752
-60358
-3412
15026
-30638
33446
-4662
5508
-23348
-117145
8347
121066
142460
75087
56779
-910
7932
27
-8320
-3724
29272
114946
4192
12668
84912
-146328
-13626
2520
23212
-129279
-20604
-59666
-76360
-17552
-43071
182509
48624
-180474
20470
-1050
17208
37020
17932
-52644
7020
23196
-38706
-5320
18604
-72228
-26649
14280
10332
-1398
-39384
5030
48739
37516
27870
-22936
-2786
36000
-29760
52955
-2478
9025
9620
2847
-31161
58367
-182265
-27858
-38867
-4306
-39803
-53986
-88023
16860
2818
-420
46389
12146
97
-22760
-25414
-8187
-72251
47750
-1430
-12789
3034
-71
328560
4795
-2916
-24642
-6633
-35952
-9931
-11097
19145
118587
-1920
37934
44927
11371
-16248
-12748
-25873
-458
-18510
15027
-70740
13185
3010
77775
-7136
-59939
-12180
-25276
-42168
-4063
3888
-40922
-5136
-45704
9081
-22826
24360
19299
-54655
-47499
9576
-26824
3723
28602
9164
-6800
19616
18438
-29186
-3849
79830
17356
46693
83790
15330
2325
65851
3159
77049
-44285
14518
-34754
44014
-61824
50542
-19293
-10146
45234
69248
-16999
44708
-62078
10554
-1222
-4269
-29132
-16662
-9971
-164215
1572
28674
-23865
-8374
-24249
8580
-9487
3082
122706
78926
-5025
754
-28696
6526
22428
46760
11081
124680
-90975
-36372
10962
-30048
-15543
43028
14776
144902
17210
11657
-12494
39922
3065
-8246
-29443
31249
2444
-13754
36626
-63283
-2716
-57585
116865
-13392
38237
-3831
12453
-25982
-2256
49606
61974
82211
-230
-5893
-51921
38102
51657
1645
12864
139071
38560
-92748
-63488
1488
37690
-49686
2387
31330
10516
-25489
-19320
10202
581
22724
13202
18252
35518
-42256
16050
-1289
10315
-60254
590
-7089
-8142
-29477
-21045
-8132
-41157
-21237
-15036
-23943
-6424
6986
12967
-32642
84152
1322
9831
2366
113004
190152
33882
-107619
-40308
4214
35832
41130
-3930
9834
1427
-2579
11129
-12857
2898
19482
-130430
8474
-2481
-150723
25211
-11382
10996
5871
-3480
31191
-50412
-13902
-4396
-17380
11058
2881
32866
-2454
-41139
-17638
-18846
36015
28231
14751
-5945
20671
-19038
64458
-3310
-26233
-42306
13160
-130497
-7459
-6585
52770
150347
-54812
-15855
-41768
12675
-31798
15166
83587
52740
14222
18913
1698
21798
12327
-149700
-8424
-31564
-57486
57180
-2388
-6246
-21848
-10882
-7227
-118199
86355
6532
-36874
31583
27544
55037
20486
19192
41208
3817
-1356
-30680
80066
3164
53970
148200
-21508
127280
-63513
-5679
3746
5514
-2183
497
-24000
-6856
46375
-278431
-2074
13422
8663
-13888
99
-3168
-17931
252
55192
38977
-10082
-15867
16462
-5510
28528
17979
-45049
6104
-76974
9729
4720
-8556
31744
-2545
-1208
-88668
-51994
-4680
-10067
-48294
65037
-20228
37044
10744
40644
15887
4129
32706
-18084
8252
1781
320634
1004
-3338
11124
46392
-40074
60573
-2389
-3798
4070
3500
10608
125072
-10589
-35624
60834
-7986
-2942
24101
-4793
-29552
46795
16862
-15236
59184
2953
-13520
26436
-31653
1604
-11608
15114
23260
32874
133504
-40509
-4683
-11195
55803
-38739
-13392
31307
2005
-233002
104680
-25908
5842
-41699
27924
14655
-117481
-22485
-34671
-8758
-38680
23218
140994
-43734
22137
80160
20268
36422
4320
-4255
11220
-58920
-3787
-23902
21069
76078
11118
21679
178704
19077
69664
-1940
-5459
-22710
-7072
-46408
5823
13055
9542
9196
-135864
-25088
-7026
-24854
-27184
29121
11230
170610
-1959
-14428
-560
-31360
-4698
-4022
17604
-51362
-11520
399018
-93884
-52915
-56682
347
11012
-3195
-202113
65612
13662
6144
-58278
96448
7840
-13332
-52908
-97308
12023
-48114
16771
-3170
-19988
84973
-60705
38380
-14042
6611
936
-12964
-162944
-95262
-83095
10664
1832
6270
-7474
-2202
29915
5208
-237744
-47514
-13688
-11196
-87636
7700
1899
-14970
70314
1034
20096
40357
12252
23453
-79906
-33905
-3009
35713
-33702
-27296
-116944
3368
4722
-924
37455
394508
3429
6027
-14618
142387
-3790
-35093
-250
40581
-4722
-3196
663
-257854
-91323
-12824
1210
-7519
1162
-73362
15606
-39460
15750
-7403
-162543
-21441
-74623
-3786
36860
-19556
1130
48082
-171594
17633
-100343
76114
32686
33488
-91772
26112
372
-6516
-14991
37428
-860
5595
134811
92348
-4468
-404
-1786
-4074
54666
-4573
12185
52500
-38034
-45904
11873
3285
13360
2406
-12154
9566
148064
21240
-109795
24654
-87157
9765
76335
6300
41514
956
-14611
-18010
14856
-785
-30273
5680
-24576
163257
298
-13686
5468
12606
23658
-5162
-79234
-6847
12501
40842
-1328
-145032
-18876
41506
-5124
-7186
-30659
397875
-17528
33660
-89977
-210868
-13260
27220
8683
-5294
-22971
-17536
16506
-15931
-42547
-6463
-147096
-25264
10574
-3413
13459
-28956
146850
14934
-85717
-68768
-90524
-32586
-51662
-43726
44706
23462
-119719
-2652
3524
23676
11602
21688
-1047
88816
5010
10189
-41659
-74460
61504
303
229485
20772
-68775
128952
11385
-41305
3168
-247210
-65882
-6976
-6122
37368
11682
11944
-18865
13142
-2087
-20523
151723
-15256
711
38050
85791
-105378
23370
-6143
3956
49944
12122
-6124
-24406
119295
-8087
11018
-1445
2158
1135
-10075
-8301
19360
148260
-12319
-66442
-48681
31490
60960
5490
-15794
69870
-15662
11004
93270
4632
20496
-1002
4747
2177
-14750
-12835
62162
-7486
24990
2170
71507
3382
-22636
33345
-3787
-10725
-13070
6396
-18027
1267
-7894
16900
-14194
977
-270825
16144
-21437
18928
-30318
24144
30220
58746
-45159
125109
180048
18085
-27466
-72856
448
-10704
34770
26262
-10862
8034
-9947
10138
-25602
5993
18222
-11852
-72455
-34374
22441
51442
19046
3468
-108839
-67795
-19660
28650
42220
-25457
-33063
22656
15416
12828
1809
51370
40505
-13561
3500
-8518
-7913
5444
25674
-60980
26009
50172
-51704
17772
4435
41178
32385
-10816
8397
-2743
7450
-88153
-42606
15728
3058
98290
18774
5769
41905
-51189
15398
4006
-170694
14721
81514
45318
-5967
175614
7604
-35688
-104287
76344
4238
21084
-2750
39887
-58080
-53614
16019
-7133
28740
-904
-32112
8725
276266
-17638
-39918
10916
-16204
-28119
31266
-44857
85347
-10341
69945
-2757
-52326
-21958
2879
-21019
4534
-15033
87522
-7574
-87740
7959
-593
-14983
168076
656
670
-6504
-27234
132287
-5133
46230
26775
-3612
-12520
21858
22022
-9498
66224
-4154
16062
-5350
-8686
58214
-29023
13227
-1232
-4045
24750
-6719
-5582
16259
7424
-32617
120540
-738044
-15543
11926
-51310
27901
61400
1624
-35384
-21696
-1945
-4090
-3585
-36492
3129
-9572
-36747
-8165
796
49535
-196675
3597
15393
-11270
47705
-45623
16023
-17610
2078
12560
40284
-13169
-31098
27270
-3106
285
-38046
-15660
13528
9410
-2801
30702
18832
-401
4763
-160755
147934
-75756
116048
-1610
-254
1174
7931
-3672
16096
-95403
-239127
-5421
16532
51738
-22848
-35700
16370
13108
-14882
87720
16596
37470
-76956
2062
8324
-68169
-11526
3330
17448
12832
48303
-49484
30217
232
7932
-108744
63746
19220
13440
3166
-121653
1990
-87220
3240
18528
5395
-32742
-16436
-12243
10540
95178
-241
30410
15910
-99786
-203904
9134
-8904
6199
696
33628
-49720
29994
15878
-96810
111486
39213
30840
47028
3510
5992
30974
54971
43534
-1390
21284
699
-2716
110708
462342
-67842
-217899
72026
34116
266060
-53971
-10836
-16320
152238
-109002
2063
-34368
-11989
-672
304296
14952
50912
238288
-30200
9912
-1474
-20207
31630
-68079
163652
-23726
-97880
49697
-3689
30854
26149
-95441
177531
-20968
-37288
-12323
-257160
-32583
-48804
-29480
2340
-47040
-8550
123586
24802
-3600
-36129
-35490
173913
-77091
-10253
48906
-9520
36526
4890
20229
-40226
-8178
54112
14158
-10599
-93727
-16853
-5456
-10492
-10225
-7876
16999
-24598
2493
2370
-22644
88796
-23826
16748
-1127
-24195
33714
4747
53775
-2775
-97832
20948
53413
-44491
-5236
-9009
-1682
1036
107678
-1842
11733
-12096
3520
-46741
1386
-210340
6084
-67587
19396
64620
5495
13425
-61434
-563
15915
-145560
-15760
65722
-30
-21238
19059
-4223
-1105
-1143
87058
-73136
8891
1282
40308
-34459
-10576
1517
40362
-18850
-9238
-27201
-50695
-8292
-30291
-67920
49306
-34658
-54095
-10557
25723
-5169
80947
539
-4524
9372
-309
-51281
6587
11265
-7360
240
-117572
100280
-27247
-1500
54834
-1377
-4617
-4470
34616
70149
-74106
-18304
132427
2814
52768
51594
-17790
-17607
14582
149465
-4940
17206
-27042
113136
1114
-44473
-3272
35890
-27928
-19285
-63138
33858
-7656
-500
494
58190
-3853
10363
4793
-41835
-2227
60254
3942
-26988
-626
-4171
-15672
-88652
-386832
-127348
-4018
-35486
-2798
-7991
76869
-4213
-25506
30104
-47340
-4647
28212
17010
-105522
102894
188364
160356
33735
21428
27638
532
-3546
-141049
3437
-40
-6705
4566
26775
-8376
-7693
38149
1354
-18624
2340
11726
6087
42438
800
-12810
-4620
-12215
-3856
17148
-3772
6408
-2335
2279
6248
-7344
-96915
-8168
3976
-16245
28743
23271
-95560
-41460
7779
-23960
249084
-2680
17445
21444
1409
11490
-16371
20245
-5556
161142
30684
4245
-16628
-1950
5955
26955
8705
28900
-2679
-20434
33411
-77867
53686
96502
13106
-6783
-5814
-10015
126858
9888
345
-56037
24569
-23760
96111
11871
-9851
107191
-43971
36510
-11947
-5215
33790
1457
28110
-266236
33260
4863
-523669
5796
-3698
49928
660
45368
184631
45150
55080
-16833
29564
58635
46456
-115398
63
26824
39304
-44204
-21273
2794
-20698
2414
-45096
27321
-191206
-96054
-1351
-5763
-30402
204588
143612
-7350
22980
-26472
-24109
28342
-1112
9456
7854
71600
-50290
-48384
-1749
-2526
52587
69382
48
-8312
3850
-3685
-27711
67652
-29924
27301
-21470
-17634
-78697
-12208
22433
-54384
-12571
13314
-16042
-9580
10262
-47304
-1040
53051
27436
3432
-10281
13662
-23165
37799
-15096
29484
-75033
-26164
-43064
17623
23982
16236
14944
21468
4195
-38460
-23826
-48012
27635
-20709
45330
-3416
22322
89124
29528
-22476
-14236
5756
-17915
136808
32301
-7565
-116076
30932
14524
189598
6682
27852
-5698
-5125
-2739
51601
-2646
10206
236346
2356
-5718
1010
-29695
1444
-124368
-34490
-687
-89670
45643
135676
22680
-40917
4261
-247980
329108
-15602
35235
-16809
108024
4762
-3404
-12776
1320
3462
24100
20558
5520
7342
22284
5836
164675
-15282
-1960
-103727
20005
6473
-84302
5090
35977
1003
-48772
15918
29113
29246
8169
13407
13797
-175550
31105
10864
81632
7186
-41860
98740
-2900
77790
-7540
-63243
38490
16998
103532
126100
7627
9911
177422
-864
-6896
7356
61488
7209
-2415
-13210
36921
-54433
74638
-19152
11492
4143
-4423
-36790
84205
4910
8998
11187
-547
2149
-7400
19296
-16824
-7392
1730
17580
-2805
-48531
30267
119
-7366
1756
7782
2303
16572
-71166
-46930
39278
-9406
24782
-8467
16516
-13393
-68808
-3182
30338
-81140
-24473
553
-92
27567
158618
-74726
2265
26599
-28260
-98472
7242
12388
58927
17619
-23458
-8946
39228
-2961
18177
-9188
-37632
54092
8793
87144
14280
8523
17865
-572
-25409
-36546
91822
107031
144530
2087
-32048
-7915
22116
-1736
12206
14571
81415
-12437
-15059
-8946
-201
-2412
-15366
2774
-2012
54195
17264
610
19070
9256
-4344
29916
-33955
17785
580
102963
9306
-27078
78932
-11427
-49545
6073
-35833
1460
59142
-776
-45954
-23268
-1394
855
-61796
725
-9846
-36953
9954
-10563
51094
296
11578
2080
2205
12478
-36234
10372
63800
-826
-99379
7636
-6642
-27324
-216
35002
-96447
-57588
199870
-672
-8990
14610
-47047
18256
-4710
13948
-75592
49772
-32208
141046
12408
-4927
2378
-7435
676
-2388
21403
-3318
-13372
12827
-28405
-43932
-20101
54758
74750
29630
15409
-33536
28395
22915
28932
-6714
10482
6939
-46536
-44995
-43245
23634
-14493
23941
-45528
-2001
93061
98568
-17261
9675
-8290
-9008
15420
-1665
-3108
-3105
-26100
-11728
2186
9922
165072
2582
105889
-17100
-4896
5012
2250
-76524
-42412
-19933
35280
-25928
-1263
-17050
-8584
966
-74637
-8527
-22842
-75768
6025
2913
-3180
1013
26514
-5295
15699
-4480
101996
16789
-12478
39932
-44862
-11550
25791
-4554
21215
-10515
-4739
79190
-52254
-17777
-142553
-19527
88370
49976
-10837
-4049
9985
73549
35076
13115
-92594
-19844
-4826
-11391
-16187
-34103
498
34311
1800
6280
6066
-48440
-4362
10824
-219179
604
-37144
-70574
9897
4962
-26820
2611
49062
153738
-25995
-87033
14437
-10136
-9600
21069
126312
-1180
47757
-22786
-6486
-289626
16322
-25320
19442
-46024
16236
85483
-8868
137564
-1232
50638
52
-14206
-8897
67407
12224
-10352
-3672
-3070
-3672
-30801
-13241
-12481
-11402
-4426
22968
35094
284169
-89864
-19316
962
77092
44444
20185
-33194
-29095
33212
6797
-13860
-2060
31129
24904
100276
-9372
-92275
2120
-117710
53649
7699
79849
-84855
-8062
46106
9878
-49175
17062
-44961
-772
-13223
29880
20676
-162096
39616
13792
65884
-9736
-138240
-11420
-29614
-26984
-134366
92986
-34412
9848
2800
-35877
-74123
6874
-42696
5958
-45460
-43641
-40442
-60690
-19374
71070
45
17118
-66610
27105
63370
45498
114892
9197
-375
-5276
-5095
-5621
46666
4482
27761
68902
-35284
118578
40422
78185
-58680
125356
16971
-69973
16023
20687
2596
53346
-28604
-40920
21458
387360
622
-35802
-31659
1632
33004
7844
-188
-36317
29618
-8200
142824
105676
-13382
-25180
-90492
-33775
9064
-61389
-11478
-40311
-4876
6940
51296
8612
-40619
37293
3786
-3807
29457
11319
-6879
17854
-41149
-224
58296
-23290
-34612
-23377
28674
26435
9700
13734
-5359
27089
-31702
18836
71910
-106839
-69039
-22989
17011
14638
74244
-66480
120
16556
-52053
7146
-5846
5534
31608
6695
23202
-4316
60896
52457
-3996
4428
-6792
-319464
-33898
-3237
43095
12306
-67416
5901
-36262
-35361
-651
120384
1544
1342
63575
17356
4511
-9975
12734
-9842
117073
-3287
4329
-30595
6663
-10796
-4428
-4656
39188
65728
-24670
36420
10378
-40752
-38067
-123892
21682
-46456
-6868
17959
-3218
9839
-4550
-22476
-6712
-26806
46284
2355
-3668
-9967
-22770
21124
-28352
29109
-39022
7293
61103
102430
-5280
33188
-2699
19570
-13279
48270
-7108
45638
-60890
-23947
-79485
49078
15412
-9052
24261
-4096
-36852
-35590
1763
-15064
-35901
-5266
42784
-3300
-4008
-13750
-3204
16718
4914
-172589
-111611
54240
17869
9455
-4646
7332
666
-16217
24687
2428
10728
22365
15215
10578
-19348
-1672
11718
-16332
10378
-21932
-3292
57264
44145
-18696
33345
-24873
13507
5195
32598
11011
-4668
-27312
68811
-66647
-37955
-14652
-15992
-13176
8349
-298
-19950
67709
107943
-1346
-5597
13463
6590
186998
-50022
21237
-6020
3856
43078
19284
10287
2552
11465
11040
4395
22314
-2642
3796
2378
2575
-28444
-179080
-12233
-1860
84209
-24470
-31082
77613
17586
8260
-86185
-4716
56260
4017
1062
32050
22592
-29057
-12263
-48696
-14219
13226
-128918
-20441
-18880
27885
-892
-18172
-63336
9320
25778
-10985
6534
-6157
8978
-66888
-88840
-13786
-12242
7116
-56362
20462
-23391
-25419
-65586
98762
-1682
-12357
12680
-24067
-8532
-79380
15344
4881
-39166
19480
17394
16734
-110294
7056
72978
5534
-66182
12332
-18038
-19609
-2840
15701
8721
4656
-29133
-14456
115843
15557
93840
28427
-11722
304
57268
-3980
-5234
-121655
19236
-13986
11653
7650
-5358
1474
-1462
-77818
18491
-2545
453
-21850
6175
-18048
62592
-25678
17061
35480
-45393
48592
-3124
-42246
-65184
-11651
-28094
-17675
-161896
99288
-23712
-223220
3927
-1896
19038
20635
-15696
-8335
-6455
-51225
-9826
-89368
-18609
15172
133300
37212
-18190
26056
4844
-9758
-5070
-3039
-10904
990
-984
-218034
7277
-2610
22440
13286
168399
18700
-18264
4669
-6207
-7384
-24614
-6336
-17469
-75625
-57415
51996
1661
-31401
5357
5003
-1976
-43615
-11694
2072
7426
-29461
2742
-3934
-5682
-6481
2134
40688
20543
-22612
60262
-7780
-188057
-25228
-8889
-15435
35235
-14664
24148
-48310
33228
-41156
2654
20205
-14409
-38064
10749
8706
-35896
67630
42726
-66000
-15512
78827
-14180
-20044
-14304
6913
6355
-3312
25771
-3407
115037
-18118
10206
38881
-91156
19088
8072
20132
-54010
25271
7914
4784
77318
-15254
24076
37657
12645
3402
-20341
5699
9408
4368
-12480
-41543
8994
29446
-19447
-41692
-104804
-35199
-52348
1188
-2816
330346
-19000
-974
5740
318
30577
-91150
12281
66054
-69141
1823
-17617
5823
-35824
-4236
-2807
82416
29376
-197124
-20242
-19452
-10191
-29683
-224008
-53652
23448
-75346
5160
1056
-111648
-53327
18709
12944
-9159
93565
28685
-4256
20439
5776
69450
85758
77118
-1708
17154
-5020
295
-2804
-735
53994
11543
-46472
-43153
-1824
-13444
-10684
34748
-79272
-2220
-24042
2384
-26942
-164756
-238644
29106
-1331
-1396
74568
268
18107
-54268
-33112
-2001
-89133
59284
59384
62537
295
22652
178878
-12464
-95557
5285
-12929
7606
-28314
-720
-37418
31101
-35779
18652
-20586
-157839
13734
39710
2336
3677
-1321
12457
44044
-7347
-5886
-29124
109379
3753
20497
-11125
-16076
-17652
-21365
13260
-69738
10269
-2102
-121660
-13170
7944
65142
1318
-29174
17416
23343
36598
-14198
-26235
10366
-1730
21293
1654
-17495
14709
-4032
26114
3168
8764
-84
59455
-120093
-6203
-65759
-3509
-99246
-96480
-21951
-217
-5936
-1410
825
66806
-10231
-4948
41790
5777
6235
27317
5371
-35492
-1736
-134448
-137698
5601
-32883
71811
49438
62334
-26675
51277
-15194
14384
38379
-6380
354047
-410
12776
3582
-6604
44577
-4890
-1210
59133
10145
64202
-19046
49188
25234
-104183
162526
22008
4474
2297
9297
28173
4580
35898
-213512
20620
5189
156252
-2681
-74755
-3488
5164
7968
-30678
7324
6808
-19096
-270606
-9052
-41513
-4833
-137852
-190484
-697
-199012
-17572
-15504
-526
228727
38050
4516
-141134
-16594
86738
-16510
20820
111798
3643
-11262
-40076
-111208
-2604
-15981
-7784
-67543
30343
-61710
32136
-6584
2306
-38255
30512
-38152
4419
1548
117776
101656
5051
-21346
611
-32072
16839
-8388
32802
-157
10095
5750
27694
54850
59886
-4804
115880
-245
-6330
-14833
-26353
128
-268020
8807
1928
-7302
44164
8414
-16874
-32084
-15932
1776
14160
-17984
-7668
9066
16431
85658
672
8774
68205
22472
19177
22216
-112656
8178
-71389
453
62173
4524
12428
1459
110296
20382
-97071
58577
1460
96956
-17328
1088
29284
-3251
-3202
-40820
152712
8885
8548
-17142
35775
-17212
-16271
-3118
15374
77663
-21147
-3080
1765
-12240
-3910
-157375
-8340
-14596
17661
-181307
-16705
-12356
99616
-5051
19524
-10610
2092
5132
30564
15097
-53973
-2998
-20196
26909
215
-216
-5070
-287672
-305249
-67952
-171618
-5198
7510
-36084
-3133
45768
-3017
34920
72474
63058
5883
-13448
-3542
3500
-15165
45573
45614
1778
6506
61626
-83406
57231
2147
-8510
15252
-17155
14841
-52916
32458
-5920
14100
-8565
3708
-16146
-340
150296
-8605
17959
3211
-28540
-288
-9219
33232
-2048
-142104
56001
18610
-242285
2296
-4668
-17066
43430
90780
2655
17550
-31570
-11012
-540
11167
-6780
11111
51580
-17512
8026
-62298
31443
-124048
19404
10354
-336
-90878
-38080
-9519
33406
-591
10892
7440
-141432
4669
-6892
-16863
9182
-21392
216424
39218
-32467
-10120
24920
101340
-10372
8242
-49516
510
-11327
18428
-4206
54288
71520
7515
12982
102768
-6282
66298
70247
-43704
-1274
-177033
-957
35756
7419
378396
92308
21320
4770
28754
-13290
-74106
5252
55410
-2496
-4694
-6703
-12300
-6022
44676
4410
47740
-1248
-21342
-8679
-6587
-70990
37186
-3067
-57969
-77124
31284
8770
72936
-1523
-26556
1590
-3408
6000
-37002
231530
49255
53656
87434
9862
-1776
-13227
-12272
-13701
-58625
97247
-78455
-41715
-57507
-53378
13902
-227200
-4116
-13092
-1001
-39753
-2771
22203
11814
15937
48177
-19438
-19134
-83498
-43729
12016
-86775
-14420
808
-43056
30216
-1677
-89906
7008
-22942
24348
8394
40643
55530
1846
-9226
-2328
-204840
21218
4358
-14661
98338
-15610
9395
-4034
-5997
4375
45150
25840
24150
-514104
27821
92476
-11814
13330
144088
12960
42020
-17392
-26428
-32930
-55470
8568
1414
-184
44390
16982
9480
-105892
35894
-369745
-2348
24812
1548
-11382
48464
12459
1668
-18706
14580
-72594
-85242
17532
-58670
35028
-39834
70958
-54950
58674
88531
-176907
12238
20349
-5714
23029
-99162
-29992
15237
-31750
-20340
11130
-18762
-9218
-3984
-48716
90053
268
5610
-9428
-48357
2066
-17766
-15945
23270
14950
38400
-61562
-6602
54703
-16168
1880
19606
-2602
40181
13770
12207
-1042
1865
12950
-14651
510
-210778
-1164
-36530
58575
-192638
-24718
-8060
39520
-15034
-108292
575
-8152
88737
-11130
-151278
4470
5352
5836
-85044
2505
61034
-134078
-135856
51306
7026
-11427
-24205
-47824
-164433
60510
6039
3276
-6774
-5310
-68907
-48341
-2944
2334
135
4425
-28792
-12965
-31528
-72109
30656
44611
-1491
30671
1050
10200
15626
1209
-34147
2248
9888
-79827
5016
-86788
-52077
5082
-7130
29001
-41175
8523
5096
-15970
1248
29240
6738
9637
7105
-38664
-2268
672
-22424
-5592
-14148
41752
6227
-39073
13952
23080
-41447
-4011
3022
-4660
13242
-26622
-9502
24230
-17288
11096
-2453
158628
62890
25962
5374
-12166
16822
25415
46740
11020
17365
-11736
-18832
34586
-18058
24480
-5013
-77670
-73105
28397
-75792
443218
151011
115788
-9219
-928
1980
-6006
30920
-1269
-8988
2837
-48641
31827
-27064
187252
-9736
-23464
35525
30379
-27642
5663
15819
53784
77236
-11299
11690
-160
23956
-21184
-21181
-8566
-6903
-8400
-65695
-14572
33144
-43720
80465
-38104
-194622
18756
-12691
-18043
130148
26484
57264
90958
7442
30386
-15090
-4321
2892
8090
-6970
-29734
71102
-2488
-2528
43672
-1101
40792
9948
-1638
-16924
-56673
-420
335926
-166583
2473
27780
3486
4510
123114
12543
14299
-10107
-65806
45777
-28434
-3190
31094
8435
-116586
-51210
-50247
7978
55008
-24120
-38520
42617
-26977
-88571
-3386
3706
2534
-30044
-19329
-52222
-312
-5371
-12454
10421
-244383
-27477
35638
-227680
-2563
17269
20743
56390
806
15522
-6690
15136
60233
-3772
-34932
28968
-8229
13559
89215
-38478
-13972
-7187
114480
-21909
5784
44670
-16613
28257
-16155
5629
-4884
7415
-90888
-16808
23840
12964
-10797
11112
8918
-13824
-894
3550
98064
-2909
-70885
-6843
-131672
22759
36062
-1892
274
-21627
15018
28959
-47430
-18552
37682
-64743
12132
60604
-12077
-351
112400
21080
-10540
22744
-40652
56933
-103458
58796
-780
16104
116755
-6309
-2574
49747
61227
153093
4937
17040
282108
528
-48276
-49352
142582
40592
18296
29419
-738
40627
-19836
-7982
157
4495
4714
-4530
-14479
-6966
-44544
22606
-20160
24356
-74956
9302
45310
-160284
-3178
4056
43350
-2088
638
-11538
-12144
-22933
-49031
-25240
-4178
-51226
1116
4526
12272
26904
-19301
12162
4440
-21003
1251
105758
-33953
46427
72704
-8044
26460
-82370
-28760
28969
-10902
-17091
72482
-17685
-20106
19756
40140
43977
7758
138658
-7382
-8685
-32805
51510
-11238
26968
12582
877
16107
-19292
24318
-7032
20958
106226
21481
-55579
70953
-604
-44745
30546
70088
-85307
-7737
-22495
-15850
3561
-26740
-33857
-12081
2434
-6631
-30448
42999
-598
61511
27956
3237
-18579
-3066
16068
30180
64338
51270
15977
42732
-152860
-130233
65428
7744
-1362
24133
-31624
58836
-21718
78068
-14886
6818
5882
-7128
-77955
-1705
-10242
-53752
11443
18357
-11371
-6727
-7698
-24006
-18555
55746
668
-4080
8729
-55705
-10340
-3255
-3018
8234
49640
108612
1186
1090
23474
1628
15436
26730
53198
-161936
15550
-82970
60379
-9664
15360
86970
13668
-18743
-20070
28040
37471
-5836
-14875
48044
-50071
-4074
69
-39316
61902
-13540
21048
-35514
9858
-92980
464
1428
-41256
25632
-14000
56268
50484
-44405
6625
13284
-40560
21072
40750
-142883
-2475
-24037
-186046
27832
6519
-49990
-2667
-20396
-6780
-26271
10922
-35602
-30827
9408
176156
43911
-29032
-59270
7760
189889
-28389
-193762
23776
16392
-4171
-8195
-24414
-7662
-24506
-12980
-16392
-10001
60
133530
-44384
27276
5222
-57524
16833
39116
-27556
4680
54297
31013
12490
10715
-23476
31155
-5202
4777
41136
-4122
-149111
-392588
48728
5940
-55407
-980
320
36336
113102
-61501
4755
-18120
3099
-830
14535
-11296
-75167
-5074
25536
-17704
-23600
-10769
6089
12541
-31272
588
11308
-48090
29606
39788
-35545
-9099
1376
36516
-506
-3198
17214
-1666
-146164
55556
-12812
-2790
-79144
-10774
64700
-51712
35730
-2010
-61117
-49141
-9369
-67551
284984
8600
16330
32288
-11956
14956
10554
42621
-22174
-86451
-14646
2852
3472
82843
-50492
29958
8256
-31716
21952
25835
19287
32036
78576
-38781
-25961
11916
-8970
63683
27147
280272
54544
8765
-34513
-26202
33687
-28410
-2956
2526
-15476
-12311
3262
4467
405
-45538
-1622
9043
-66376
12270
-4856
-11690
-3122
18597
-24175
10482
25373
-30030
-5103
43380
18982
15018
-7143
-16447
-40392
-9870
-8539
-4230
6441
-80763
6156
-54632
-43346
-53584
-3026
-55918
-24348
8080
-31232
-141920
-22124
32568
-8456
-2200
-199638
-5446
1010
-43901
-67952
-372
-7926
-556
-662
-53970
-35217
14547
-46583
59155
-106199
-74185
7060
30978
9924
18614
-29663
-34012
53124
-65906
264379
-8268
5544
-34400
33496
668
47188
35053
810
6700
-9820
15769
10960
23233
-7806
3068
73215
-9914
64226
-13758
1630
11480
-2269
10707
3294
-28890
-11531
-127048
534
-5180
-95220
54956
38310
-43780
1679
-1888
32080
278
-748
-43231
6126
48247
14332
-64240
4063
153529
-4169
28509
-29176
13517
88518
-14324
100234
-221520
-9896
-9902
-20570
-9312
-43486
-10252
-2078
-14982
-117276
-4520
1517
-6591
-9966
-20462
49830
-2772
1870
-89952
21466
19654
8998
256254
-12344
-4191
74922
-3654
-33420
94942
17460
-10168
-22153
-22486
-5187
22145
456
-660
-15252
-31094
14866
-115836
2001
-44064
71338
3913
11590
27275
-98988
1945
83216
-35184
46732
-47232
8782
21462
-171000
72604
5080
-35812
15355
-8932
106074
-28917
-51370
-11480
19432
-8303
-19669
11067
41078
1642
-13804
-20070
172936
29798
-58036
-17092
-22212
30597
-62527
28473
-13440
-99883
76176
25976
-5146
-17343
-5304
36994
-532
-94440
10066
-2176
20245
26984
63441
375
6866
-51866
2572
-33918
1068
-37050
-51436
3045
13089
3146
-3629
-31140
-16040
-22856
52769
-11267
-123486
-3234
3768
65316
80415
-7176
-3876
35848
-989
61450
1078
-12993
190276
-112356
101874
-8916
-12170
3088
-30384
9376
227336
51728
-29
-53317
-9060
48759
-49288
1002
64592
-68825
-59712
-15782
237302
1770
-15940
26044
11687
1804
16557
3603
7538
10557
6084
3272
35322
-65673
-1590
-12676
-1446
-15849
-26301
10160
198597
19857
-1803
200888
12878
-2661
-16726
18106
730
-8181
82936
332
-7704
-14212
-19922
1096
8832
37029
-61935
48524
41148
-159970
1252
-93277
-26447
-182518
-2604
12416
21688
5856
-43640
-4900
784
20593
9408
28998
-44381
19855
-8998
-44932
-8104
-56717
-99732
-7398
-21066
-16633
-14064
-62154
-11877
4068
-22971
-4734
25530
5668
-4201
-6804
14186
1892
31580
201484
16868
-19458
-2048
-23218
6762
-16009
-95084
8988
14582
190707
-339
1008
56321
33796
82968
132379
6588
61724
29210
143618
-18900
-1003
-38314
-13554
-66999
-11942
-22478
17432
-82184
104849
61470
-66051
-42496
323967
2412
-15282
5070
37857
50461
-22120
-397302
3854
10359
-288
12402
1118
4016
26638
146856
-12558
45719
-7020
-37748
-1679
28446
-156704
21879
-10096
-15821
-1842
-43930
9084
-9050
6952
24744
-3999
56526
-104234
15884
11388
81988
-47340
90378
-148930
-11520
-14304
3392
-7446
-49038
4926
25354
8034
15
-4633
3240
5712
10630
-38379
131639
121
-99591
8092
-13048
-3366
-59852
1038
26633
-11538
-15384
75603
231194
-6820
2920
-45380
-1215
-1672
-28896
-49124
68833
40296
-12909
21618
-2674
-30760
10609
-40521
-17700
-196
19497
-55644
23554
-712
1609
5821
28492
3224
60558
165635
-1556
-19398
996
19382
-42451
-27398
-13412
95983
-15741
-60562
-57423
-98579
3912
-10302
9412
-106520
1191
-3043
-23448
17180
156
-16960
-90420
29248
-77670
24525
460
58462
20423
4090
51238
38141
-18450
-7000
-2493
56436
-20638
3165
164375
-6092
1833
5187
-28123
3954
-41876
-53697
-23602
14664
190
236816
73432
20539
14630
-6695
-30939
-22000
-45534
63981
300863
-21036
169
93476
-2975
35520
772
-14988
4754
-4536
-140361
-58546
-7030
10932
4169
-26947
-2519
-1164
-12452
-11301
-7902
7426
899
19105
-22858
4527
18503
29915
-8826
-8868
3807
-1675
-49203
3540
-5342
-97266
29234
-15960
-570
-1308
14121
-114705
-41739
4700
52502
34785
5023
-14569
4198
48580
25946
-8740
-3741
-7881
-19617
-29742
13680
-70296
75112
3156
17438
-35655
56664
-102600
-8670
32840
-78201
-7281
273704
-5064
-5415
11426
24103
-40557
-18664
64438
5253
-22660
-18124
-88590
20372
-10008
246416
-21528
123234
-4111
26400
14584
-7452
-16903
-7366
-38744
-2208
155232
-594
-149648
10067
2642
232420
-28242
-17040
-12730
1372
-15654
94731
-50505
-46200
3516
-13485
-27119
18479
9752
12370
669
64861
-14000
-6457
1628
-43682
-6260
4241
638
5997
-3973
-27762
8148
-18432
-1745
-3160
156
3914
101794
14837
18667
47996
24032
-32826
9920
724
-5603
8319
27047
-20637
35489
-1065
140688
-42124
55232
-206040
7518
6394
52206
-1536
-13544
27360
-8183
-85004
-27587
-19539
-6776
-18729
-2028
49322
-5314
-17508
-19484
2573
-7106
560
-1365
13598
1150
-7563
23480
227000
-30204
-15205
-690
-11515
-1224
14589
20380
2579
59261
17517
-5760
6840
66056
-73898
-67524
28212
-26590
-9151
35884
-22824
-12238
-36051
-14791
106569
46653
-18063
-13053
-13050
27296
30401
-44288
-3708
70467
79542
5071
17572
-101643
-13232
-37556
-84296
-22323
7545
5802
19646
82971
-344080
431370
8349
-147588
1860
60833
-20880
4602
744
-1815
107975
-55920
-930
3222
15672
-11245
-4895
-55118
3564
41652
-23488
-51988
-8960
-20241
-55216
9586
-1948
17779
45976
98328
29374
-15886
-17064
29696
-13981
9975
-299
37882
-57693
-4124
150040
135713
-4407
-41748
-4968
55088
6864
-25042
-149292
42205
-7864
-76265
33804
107352
14409
-115735
-14994
-22416
3516
48754
-46584
44528
20744
11028
4694
-24
-32031
40329
20912
7275
0
2842
-32394
8466
-6592
-4082
-52510
22476
4942
-10842
-3595
17931
-38871
35308
70587
-5344
21977
-211360
3066
14025
1601
-12400
-5396
4380
-5736
74698
-2442
1927
64715
73441
-10117
1578
-14490
-27379
66192
130045
-24268
-64984
-46526
-16247
-1382
-105
-80264
13168
-7745
-29010
-3910
6645
-74755
23916
-12665
-11215
31776
-13104
8626
-58528
6156
93921
-24480
347
-60
-20164
4517
4584
-23230
-64435
-16547
2163
30300
20248
12573
4349
-10546
11034
-1586
12972
11092
-15582
5036
-11547
22286
12918
12771
5188
23280
12936
-20577
-12796
-31984
-78128
-41889
-9730
-10630
7908
-31368
-26729
23984
-200
-1905
-11546
-4930
12531
55212
10476
12005
13239
5054
197877
-15565
23506
91902
269352
-39196
-16054
-1736
5216
-52078
2973
-3607
2576
1667
-1866
-5656
-70320
11481
-148833
30547
-18284
34486
1482
5654
-35062
73016
13488
52134
7930
669
-16590
54047
-2274
-9842
-28736
9590
9979
12010
-768
6370
7377
62789
-25549
-12682
-42740
49412
-505
-39282
-13
-20537
3847
300351
-116164
24822
52794
-13333
-20268
-2276
17718
3120
7700
4824
14085
-14244
-71682
-63528
-4835
-21390
21960
-1204
36706
-19003
633
-22986
-25334
5680
2356
15729
170977
6013
30686
14835
-21412
-1882
-105092
-31724
-17564
-52180
-174
-288593
-156756
-2671
-4270
-45206
-5645
-11322
-1368
1996
-2080
-32715
-2883
18516
25235
13031
-42484
99315
50994
-15574
60352
-64280
27074
5705
510
11215
-27074
-48703
-2797
16102
12263
8950
6578
35981
-2943
-57966
-271
32746
-17762
116980
-62885
-1014
24878
-4170
-83601
-47637
16476
44575
10077
-46910
3318
6810
-110713
6018
17310
63940
-25508
-16892
-10074
-38540
-4868
-4555
50274
13320
18408
-57534
204865
23657
21798
11085
-12378
-87803
-24685
-45152
22260
-2640
-19135
13137
15392
-12390
17994
260128
-17643
9081
52700
2999
-6762
-10680
-5115
43892
-521
29912
1505
-5842
28844
175218
34014
69222
-12516
-63334
4536
-13041
5391
93914
-3112
28322
74738
-66368
-610788
3155
-3996
-60651
-74884
12053
-20468
-3554
11624
26952
38622
-46931
-51740
38283
-27657
-3328
-36256
2434
-22991
-4548
1708
1484
618
842
19248
117303
-13583
12552
24862
-18312
-280
-34156
16151
3184
-9592
-36140
-36311
3736
-58229
4560
-10344
21629
-38118
-23197
201177
55271
-75422
-279
27095
9192
14052
8504
-4730
-34970
-300
3788
11847
53065
-161268
-1602
30042
-4899
-60570
17875
-22773
-3722
-11348
14749
-20098
-1710
-9393
1728
10348
31405
34009
220140
-52191
54048
74439
-29998
-17833
69713
-7611
821
-173494
-94032
62948
-5614
-6903
-96725
2824
9246
1472
56116
16942
103564
14517
-10542
-14908
4785
4556
-9726
51800
-60009
-1960
-7264
-11155
-7650
6552
-80470
-6589
-13622
-173488
-60411
-2214
4290
-844
148
-38260
-18433
-11611
-12400
-8744
7383
-10790
2500
-153560
13006
-80002
14005
33918
97693
-16981
-165276
-230402
-65768
1631
-65733
2029
-34010
-10510
72912
-62607
-5884
-41820
-62934
-31559
15410
-62620
8096
-15716
24032
62493
13334
5648
-101
1060
133
-5717
-3112
-3838
257370
13907
5155
6420
-472
-5928
272336
131204
7530
14355
-8746
432
-4057
7343
-39825
-39342
6677
3414
-51340
39786
15406
34081
-39867
167874
-533
-7615
51978
-1941
13136
108434
4042
4490
-5088
22574
-48603
64393
25968
-7555
-21140
-48466
19771
-17392
36565
51352
-20765
-7563
-7656
-5242
130182
-8943
40296
70880
127828
40666
11040
29
-8470
-4502
4362
6316
-34326
-19071
10360
-130866
23460
18806
-8238
-12954
90902
-27531
14660
1729
-75481
-27459
31126
-6227
-43684
-1508
-25528
35854
165759
-62919
-6210
53558
4167
31356
12963
-20916
5016
11745
-43116
59520
35716
-26
-20532
18432
-111518
-73816
-3674
52052
25137
-15500
-1885
-5233
-64165
-42008
-14756
-10582
-8828
21174
-54798
52604
27510
54523
-32088
-71115
28198
-538
-18904
-504
45807
-3228
-635
-1083
-4272
-503
9128
-1516
4125
-962
6590
8698
74788
5897
-33066
62719
-22032
-7680
-32168
82710
-48612
-55606
13230
-23083
-5963
-58853
-7751
-10788
-88390
-13488
8226
37578
75128
-15394
-6210
-4683
11747
-37109
-28488
-15590
-32900
171
-468649
-37107
-7170
2708
-500
-2600
19618
120173
-5188
-3800
4388
-2450
-261
43420
3776
18606
41516
-119126
5239
1285
34882
-89930
53138
5790
-51770
-19629
-44280
-865
-410
140524
-9912
12582
28883
-26272
-38076
3704
-4192
-36344
-136077
-17505
19556
-2895
-104212
-70517
5463
-147320
32008
24717
94272
-13132
14654
-76215
189905
-7216
1370
8684
-24388
10119
63154
-10274
4792
22673
-3280
-8056
-6858
31917
-15579
-9899
38948
105540
-7134
-2616
-14279
35154
23449
8344
87552
11726
-66228
201188
272754
12220
102390
135212
-24592
-21585
-7398
247160
35511
-44550
-43050
24003
501
-12342
93652
5761
-53213
3492
-26839
-30212
-32932
-36963
-2128
107772
2361
-24435
-50574
-8891
-24259
-10986
36624
122967
-74748
25261
-41649
-82095
61119
-2019
24509
-49446
586
5381
-1008
2278
20134
-86935
-8522
-48794
7623
15539
-47311
2740
39070
-12728
-30240
-9314
-15510
-21024
-54955
251552
-25785
9455
-84450
86149
34500
76275
-108230
-15527
-50883
83688
-31953
-106574
-29836
-900
34977
138492
3848
-11214
19507
112686
12720
-36694
3921
27978
84816
76022
1659
1152
39674
-3957
3893
50226
-5176
16042
64883
23981
-15288
-10346
-892
6944
16309
25940
-4680
26117
19474
-15234
4524
-2046
-9014
35744
5932
-80170
3186
-161740
-55766
217978
59544
-35290
-29380
-16449
-24824
34336
-182582
6574
1172
10057
-53872
12956
-19979
-37224
29783
-7420
10330
23042
58440
22043
83650
37524
-52172
4106
35120
-74487
-7695
14076
-7800
-83529
20313
61493
1985
-700
-2422
8267
19684
47185
-37392
7554
-9356
-19590
-1239
11983
-17692
-20136
-2843
-15288
4708
-37046
-13038
-5400
-543
-20741
-12354
-23526
1926
27010
-258974
117015
-31817
-2575
-10368
12078
-35544
146195
65178
-26522
50563
2688
-39146
-67260
88011
-6107
-8271
-29519
-1330
3421
-2632
-9826
154479
35702
-63916
27046
843
-686
176562
-171559
71734
12015
70218
-40573
-747
-10665
-48993
10948
42830
29512
46355
149121
3882
-1560
64179
9340
2854
948
-38620
-6285
-20211
-23679
44437
61014
6544
-23515
-87204
27866
-6510
51870
-260992
4210
62940
66125
-3270
24385
-5076
13870
-2618
3278
17334
-11534
-4030
-23473
3078
13422
-1323
51960
20388
-103
24714
10236
122332
7910
-20986
-7883
36318
-97239
-16539
-17963
252550
30232
-26112
-659
-9726
-42007
-26814
-7574
9090
6238
-3526
-135007
-7045
3438
20370
24120
24976
-130616
5286
205614
43150
46645
-846
27242
18420
24550
90675
1543
20106
-16960
-93477
-12216
42763
-2602
-660
22574
129369
13836
-73031
-101272
152471
-59150
41799
-23409
-11953
-43279
18581
22533
25520
-17140
-36855
540
22256
-88536
-47556
-4535
-18016
18753
-30084
-4367
-49773
-70963
-20266
-7914
26329
2288
427
-62500
-13910
-23602
-2692
8515
-45643
35564
-6923
146702
-128988
-4346
-5841
80273
15303
-790
583
2257
7490
34785
4212
-38156
12018
25959
-1690
17393
-28424
16327
-23688
89309
3605
-29292
-23167
6055
-66904
-10827
38018
9087
12538
-244
-47988
-53016
-50108
-89944
-63016
1648
-76716
755
-17088
85382
-67264
-23768
-8330
11577
-13244
-3056
36479
726
-17778
-28860
-600
-5918
-134185
-7117
1318
46237
42485
15105
-11151
-29659
19252
-40340
2157
-24706
-45562
-110460
-42510
-19278
267
-41310
-18802
43803
80328
-20202
24923
21081
3282
82066
-35648
22645
7398
-31472
96607
28142
6016
45828
-5718
11091
42805
-7734
-9945
-34317
-16568
-24699
-27
57214
1977
140511
31050
145910
-12413
-1180
22028
25713
-24264
-3194
17642
10466
28094
-3400
-7392
74159
-393
46885
-17290
-125981
2485
33941
-16875
-18846
-5620
-3266
-69132
43456
-2392
-17839
-121382
-33015
7722
-38720
-29841
-3820
64446
-55664
28064
26289
154403
-381322
-50022
14554
16250
-29523
217306
-3448
274842
-92185
134256
12273
2985
-62430
14471
-9672
59185
24061
-16976
-63970
-17295
1616
-1485
1835
-21724
-939
-27274
2839
-2864
10192
13653
-16564
28237
-6192
8379
61456
-20176
7722
4028
31738
31553
12695
-5512
-119430
40288
-25164
15663
2212
-51089
820
76
480
11120
29762
-5902
3893
42377
-5826
8586
-10266
-3482
-2730
1227
90680
-25041
24249
-36122
-10530
-324
3323
7999
-6294
35116
3854
23414
32473
-10763
14818
6300
11770
-4011
33005
-17863
51871
-44084
3823
52756
10788
43786
-45003
100630
-1911
-54901
184365
-9744
14472
-2496
164645
-21015
-3314
-17263
-2972
22910
-7658
-13468
963
-17220
2478
5865
48043
21478
38478
-2238
119668
42228
-34090
27780
46313
5964
106691
-108972
-28922
-40869
4106
-22188
-220785
-66608
136
-200760
58698
-6644
2275
2595
85356
-8686
-89
-17976
-1704
10539
3554
-23127
28659
-57983
31640
339
-34495
71708
39217
-101558
-48629
-1456
4975
-4776
-126564
57135
4732
126923
-3595
1456
7019
-119160
-5884
-125
6177
-24994
-91137
2724
-1422
-8478
-34409
-606
6912
9484
-3109
-37700
-3706
11455
-55095
24069
-3516
147250
5024
9778
28265
-762
8230
-7575
-35271
99238
18120
4933
-306
-13460
-1528
-59139
22532
74364
90964
-27976
137695
-23106
12840
-266
-3528
5248
40816
-23542
50815
-28494
-144
213498
61360
-37504
-8834
-6704
-35538
-5985
76796
10702
-2964
4809
-17688
-68204
2130
79772
-1383
92962
-6573
-62922
-46032
-180356
-33124
123115
116925
14549
37064
18648
19077
-29525
57920
7340
59028
-3128
-193848
2896
-8928
-64926
39556
47777
13906
46449
-12808
-5474
13600
-54333
102384
1779
145900
45619
-69214
41558
23448
-74736
-26761
-609
3357
6569
971
2000
-30008
63058
46292
8736
-7318
-32292
3413
-45369
5390
-35460
-889
442
-4745
-29298
66171
-49026
-19053
-197074
-33744
101916
92787
-13987
37906
73277
-31799
-4196
-51488
4703
72936
3873
57423
-176376
509
17015
188846
16917
-7828
-31156
-62853
243114
12276
-50312
7889
3835
11532
252828
-45190
1180
-1809
128264
-555
-2633
-44464
28794
45824
-37824
47090
59988
4921
11132
-8914
-14100
9578
-6801
146498
-52966
-1928
4496
-13380
16094
9765
84928
148607
240
-45198
-150099
33570
-44891
-3332
-75364
-10596
-45136
-5151
-975
-91058
3203
-59722
-51085
9148
-25252
62025
-33335
-45224
396
8976
-11401
7091
-20826
46015
15550
-9288
38856
3057
-77961
5964
-33711
-48780
-42694
4970
48975
-23790
-51313
74522
18190
-6094
15438
-31104
20512
3628
-31563
-22175
-133205
3889
7381
21165
4063
-11820
420
3588
-680
-13836
15534
-3094
63038
40349
-1412
-21175
556
-6539
-9127
22982
-22483
2351
-13824
-19776
61322
-93954
-3954
31791
-77554
-9882
-19210
5620
-19558
-7339
-117976
797
20097
90619
11505
30996
478
-102476
17373
12094
-7775
1641
24934
-3770
-280184
-3469
-69396
-51806
27867
-4672
11106
580
32960
-17500
4670
19320
130402
-131426
-60202
4202
-3014
-35075
-39951
-30402
11487
622
3808
-6064
12971
-118040
-48306
2662
-6880
22358
-13804
-24717
302705
-30403
-24978
-7950
8810
35198
2134
-16551
-5556
23190
-13222
-59369
-78367
-67248
-5396
-31110
-23062
115956
-59448
-84868
23392
-17949
-57445
3528
-12992
26056
-52227
205
-93058
8586
183644
124341
569432
50626
-26322
17612
-26082
-55650
-57427
-20600
-27933
-68518
80962
54981
-2680
-3008
145053
-15508
-4504
583
20581
5460
-77712
7329
-15910
-2582
3288
4070
-16822
-1328
2917
10229
278856
7246
46280
-538
9804
-62
-132153
-3159
29305
-9788
8346
-16159
2743
17237
-73904
21466
-38310
-10137
-4050
-53650
-43000
-57691
3249
-3963
12462
-12867
-3792
-52955
2533
5964
-18623
-2928
-8106
-4068
68470
-22479
29234
380
-2041
-41898
9534
24959
-11230
7247
9524
6016
-46212
33859
-11022
-7518
-4459
34923
25252
-11842
-30704
-44058
-20588
-59472
-1093
22644
84460
-72492
-17250
30454
8392
18738
105358
-14768
-1695
-20024
-9144
-807
6110
-12855
-1924
1473
47519
-27552
-90250
25553
10667
162624
-11295
164688
-13544
-27348
-74512
-84735
3424
-11995
-7930
-6336
17164
18410
-61400
-3772
-5260
2348
-1043
107936
171147
-28906
-23319
26628
37179
-300456
7002
-21366
7923
12638
-2448
17441
-16459
8667
6771
-64000
-9078
-68142
12865
3987
-21321
27352
29544
147
-4043
47960
-28462
-17056
10038
10078
98433
10248
1615
-12668
131924
-103454
-75253
-10552
-7893
1416
-17292
25622
38634
132275
135458
-19699
-9846
11718
-329
2962
5681
9240
-6062
-41605
8802
-23672
-9891
-44520
25694
-32340
19394
14346
-179041
31372
1854
-10093
-1961
1790
-4020
31458
27168
2390
189288
-1487
12677
-522
-22530
-6144
-25071
3517
25414
34967
179048
2155
18656
2562
8927
-9760
70302
-128174
12760
685
2747
-14830
8632
-121569
7738
-25333
-23524
-29136
-16634
29889
24825
76726
54728
-19872
17406
95112
-4920
52794
-12160
8649
-26100
-26807
22686
-35938
-20082
-6614
54954
-79600
-20198
2460
-24434
-1542
-18416
3884
1819
-48564
35072
1528
3735
-14538
-51687
20174
71928
-14360
-60768
849
3616
-33998
-69338
119154
-1404
20592
-8518
-17476
-15956
-112400
-11140
61462
-10164
-7837
724
28604
-70
125832
74370
10716
35110
5819
-16482
-51539
92705
86187
-76674
-89485
-20211
95132
43040
-25042
-69224
-187969
-8588
-20482
91300
-35948
-51624
-6752
-213
-28643
-22032
-767
-35554
-7842
28183
28778
-247581
93597
-5956
-2100
1018
-5481
-31834
18145
-526
31932
14684
17585
23280
6046
-945
57120
-72652
-3040
24219
-36903
30666
-14319
-171
98309
13120
11939
-771
37059
6358
-105548
-61738
-5367
-26925
12138
5834
36400
16359
-82745
4104
4890
41840
-67543
-106712
91938
-8477
-45015
-2210
1026
18324
3103
-1161
-121824
160020
19492
-20539
2856
-8428
-55642
-40188
-18198
-1614
48312
77133
-42335
-3499
1555
-15830
25204
-3764
-6194
-16628
-4187
12325
-17461
-6828
-1078
40572
-55468
-342987
206608
-22998
62802
-27094
-23286
21496
161813
-12753
-67152
13990
39053
-15268
35994
-153940
-53694
44324
66061
-14124
10553
-10248
24571
1519
-23944
-5076
-24432
-22199
-12405
130509
7596
-17664
-749
53988
19103
3718
-6481
-17140
-30438
70932
-23825
-80665
-12290
-30279
47480
-158749
7747
5233
1346
-44583
34992
40090
4723
45216
5680
18864
-109932
26822
12726
321
480
-14283
-37699
25970
-42675
-62124
-39233
7231
2550
6872
46432
1410
8784
18221
-3277
40
-2226
-21676
122010
-11200
-106
-3637
57490
-7993
11399
-41030
7914
-2815
870
88913
-3315
-16032
-4368
-3067
-29242
-11894
-59862
-8094
50212
-6534
28816
171904
-30636
-10704
-51248
11438
-55528
-2238
-4966
17916
14130
7198
-21100
-1223
50119
171537
-3430
-75542
-11428
-18200
-14256
-10427
-18702
-16204
15904
-3088
9582
-168253
-19934
-3984
-53407
-4796
-34330
5560
179
-14250
-22808
34701
15871
11934
-180
10782
-8012
-10142
8095
8885
6436
14895
-34304
96058
-21180
-8052
297
-741
-68097
1237
-5766
131380
34564
-47212
7481
31006
-17683
-41320
-3760
3228
24626
9776
23792
-139602
3142
112261
-21353
55588
25264
-115182
-9969
26145
2562
17360
19820
2746
84050
19704
61903
-27841
99323
-10989
9483
7330
-73947
-7916
-38
27044
-21686
-46073
12252
-10574
-746
-121428
107177
66899
408
-6896
-44358
-34473
-6932
-39066
6294
-213980
-44020
49852
1522
-5214
98880
-19704
20362
-21450
-9232
-10552
-61020
11118
-35552
456
-61035
-90449
15160
-12327
17010
-24280
-71746
157
-9772
13936
-11388
-51586
-16614
13730
-11206
15685
3280
7003
-3916
-75197
6291
-19560
-22779
29640
3277
7179
-62
-7320
-8905
-19344
4632
-41426
-4503
-55
-80607
-46977
285308
-24164
32175
144444
24846
-15039
7280
29947
-5506
33821
109143
1910
68494
17634
-63633
79630
-21679
31385
40454
170
-67131
49171
45180
-6602
70662
4990
107875
-94456
-31788
-80778
-9312
-4486
-98
-60723
-29287
-32459
-10532
-80421
152200
-38796
6846
47765
27571
29100
-16275
2916
188826
8932
-42630
-2364
-5859
2313
3855
51611
40476
34314
32961
-10280
-76938
-160128
-1985
18052
300532
-19088
-17280
-87958
-10616
-1190
-6649
13191
-41664
11270
-3272
6462
5712
-414182
19478
2096
15020
-6914
-64970
4408
462
60891
-1496
183282
19503
3230
11062
-35765
76449
-41371
-2844
35483
-7979
-63836
-15444
3575
11676
-2043
198296
-5542
23399
-34188
-23984
-5821
-73546
-954
-23592
-11216
16712
-64386
-50878
-21147
-29019
-50123
-158333
-6031
-32104
7000
8010
3104
21308
-33696
-9934
45669
8784
5450
18953
-88932
-46444
36941
-2011
-14384
2850
54317
11052
21952
70510
3372
-17526
36822
-1042
-101592
15779
-106276
64972
8056
-39874
34488
-30108
970
2088
38271
19865
4260
-3726
-16102
-38427
-11430
-57305
145996
10410
31656
-63653
-94256
-1802
-1399
990
16440
124399
850
-26099
-38162
27459
77524
105865
9125
-91220
2127
7080
-4882
12661
9241
18290
23879
-58630
7716
56104
-42497
24232
-1123
-22304
-26007
-122291
23340
-21024
-7009
4398
176579
-9285
14779
-25472
-8826
-2084
77830
-5436
9081
11921
-24474
-9076
-12994
8627
6326
-256453
11536
-14036
25808
-112551
-5755
-4536
-3790
2628
12343
-966
34254
-70523
114378
29880
81379
17793
-26320
19836
8941
-1830
-29114
2751
29520
-7956
34810
15318
50448
934
-5029
21801
22746
-25430
39791
13452
91350
15412
-49771
-22879
2597
-45003
-498
-99410
49470
-2531
-29482
40622
-16308
110068
17732
-11144
28794
-41615
6070
360
-19890
-10482
-89444
-18742
36624
-5136
45945
3192
194972
-35460
-21758
341
-6038
-58658
-1904
5074
28374
-211642
13033
-51186
27429
-3388
-80676
-51648
-31018
29391
17756
16352
-22336
-53781
17927
8834
-7796
2421
1080
-9790
-17673
144302
-6843
844
61137
-37812
9513
-13328
71577
-544
57861
-56224
-9608
-41823
6924
32764
-58620
57446
-80454
-17380
2584
-6951
59788
-43264
-93376
70345
-11851
40985
13320
-90613
-4380
-2580
-13731
-10992
1388
14852
-77352
38468
-36589
-7181
-33890
-14457
-2746
2210
-3067
963
7984
-5280
-173698
-19931
67440
-9056
-149952
-18850
5123
13194
28313
11538
35598
11128
-23974
-39566
46132
3239
1359
-22933
26556
-114050
-6350
-546
78159
61315
-1321
-64057
-82300
2646
-13608
-16456
90059
-14723
43198
-7574
-6900
-184958
1515
-23848
5592
7518
35639
29010
11353
19823
-4180
-39441
-1280
-7994
-8456
1350
1276
-687
-129640
1825
13986
99863
-6426
72817
3392
73246
24014
-28647
6996
830
10600
17310
1372
54868
273
6724
-25422
-62590
-92561
-41350
-63024
-25185
4504
45050
26103
42917
-7606
18263
4266
-10488
12092
-32690
-53937
-10559
5642
-6079
8496
6686
-30378
10428
33932
25483
-11817
-30126
-12710
-444
35568
82606
-80521
-39064
-14204
-1500
-56807
-74740
-10510
49666
3079
4528
-119340
-11995
53812
6525
22128
-9840
-7605
-112642
1670
-17140
58139
7264
-40035
-114633
-5100
26303
-6850
38612
3457
96497
-3880
55334
-55006
-2378
-11828
-173676
-8225
2619
136355
90090
50030
-29112
9479
-30283
2947
-113452
49324
-18138
533
7624
36465
-702
-5964
-67845
12168
192088
141911
-1504
7080
-4017
49880
179123
2652
-158056
-5612
-3868
-60990
-22939
-20973
4201
54093
29439
336
-227000
-11907
-68562
28581
68211
-2507
40400
-73596
149264
35916
13294
-11458
9794
-9036
4453
16701
-28572
-36559
-126292
-15901
47850
29349
-33300
-17824
43414
-6909
87860
82250
-7122
119975
-29470
38725
-197629
91728
-62706
12307
-19564
100731
-34318
-4594
-7575
-5084
-120638
-40470
13320
-32810
-60520
35618
-11948
-13728
30
26358
11181
-10980
148603
5780
-12517
-486
8568
1272
-91933
-18773
-18252
18126
-2130
57496
25110
8535
48437
-9971
-57012
-57020
24786
-21262
-22124
-2884
-35247
73793
-79140
82115
-13840
-16908
7920
89636
-1714
-23596
-54829
-34497
9430
-52749
-6202
65376
-15786
-21414
-905
-23268
24087
28336
-70077
65268
-6869
43885
8240
1911
-42930
18117
38942
7195
-6594
-20745
-90645
32987
-23825
-42746
-55575
13004
65444
558
-19242
1024
111104
17676
10065
7256
14586
22696
-1612
5878
-107525
-51395
-30757
26508
-37343
11810
-112426
-1180
30651
-15708
11004
20276
-74940
-46742
9249
-7116
106621
-27320
-1744
55108
-38336
141
-26257
-268398
-348404
-65688
63992
3307
-56682
23657
-380
-1646
77379
-93156
-19640
14091
-2046
-34862
-38000
15792
16031
2414
-68838
3540
32852
14507
-1220
-76436
-11421
6711
-13881
32025
4896
-313079
-77784
8040
-1650
1115
42419
55462
6318
-54187
14768
699
125702
-75875
-16919
16884
-12125
-410
-84
55810
372
-1779
32088
69331
16212
46764
-197562
-34270
-2612
9903
13323
127
-43316
-4296
-16782
-10560
5627
-25240
-126786
-45494
20389
-8945
-12564
132435
-54090
-85400
-36486
1091
147679
19250
17642
-76871
37232
24946
14406
-252
71378
-28910
-24802
-23110
2616
-952
-20372
-12252
4028
222349
55118
-8078
-43986
-55520
-9305
20684
-11347
-24690
-11622
-12598
3406
5522
-35150
-26007
57652
-2040
3444
8890
-2263
6826
-5002
-3729
-75196
130746
1654
8124
-450
-6902
-46197
53646
-85470
0
-370
-5211
1935
-6687
-12065
11543
1762
426
-4788
-58770
137908
-10370
-36643
128360
-22510
-15720
8058
2266
-39932
6184
42548
-18609
22351
25355
40597
368
-39020
-36675
-40704
9500
20571
-77570
-86535
26375
-33330
-102420
-15487
-433
-49772
13724
3788
74306
-31969
78384
3694
-36000
-32998
135
1143
-179644
-83118
110826
74259
-11421
63487
28344
6612
26238
77616
42493
-10399
-9670
-11442
-28629
-53795
-30494
-3798
589268
-14632
42332
13542
-7535
4050
-240897
24950
-3948
-77270
5706
147008
17736
-139308
36070
252
-25152
-1466
10334
30663
44774
-24440
-21606
-31902
6089
-90556
-91406
-14352
1795
531
-19504
-24048
1907
9271
-28114
6722
-8700
21030
-4744
-15781
6690
58895
700
-132720
-21138
5878
-5704
-22479
-3650
-3088
78762
42685
-8074
-162236
5994
249184
10500
113450
-9065
59524
-29302
-11474
29849
30544
-30502
91528
3812
-2496
-10115
-11754
25123
-10827
-2627
-1712
176935
-309592
-31758
5338
135976
-70784
22416
82892
-35930
-185304
9787
20398
-31217
-4354
15292
-2167
-48885
4640
6057
-20037
24592
-24593
-11776
-10214
-1962
-7202
-11609
36502
-62156
-1078
-96232
83582
-46632
152040
67583
-85928
-61102
-18408
41052
86598
-26463
54679
-846
-5850
37620
-2246
-45667
-3004
-91942
9960
45200
-3555
43258
81348
32641
-3035
-6538
-42383
345759
-30880
30775
-28172
-43496
45708
-14037
11262
-9074
-20862
84966
-28496
79912
-24573
-42756
-9377
-14687
8382
-179454
-24999
22430
5952
-124025
-55616
9264
-7768
-342
-2991
8124
2206
-130120
8931
191
79350
-67354
6960
-44485
-5365
-12740
-30530
-21454
179688
75556
22123
-19143
-50352
59810
-54422
-3402
65676
-10340
16641
-3143
-17060
22825
-17850
-7098
-75151
-28035
-12966
-64
-4218
18707
-2248
28671
91212
-9634
-33197
-17088
-51182
33085
104299
-3723
1472
-139131
42094
81090
-4158
-26742
33880
8878
27656
-86272
-346
263870
47526
-17425
16406
-10649
1944
-23494
50917
-25066
-128659
-88854
-14348
188396
68042
28160
-30739
-5610
-165789
-14038
-30505
-86108
114588
-14388
12882
-10812
-55590
15720
5432
6325
-22811
27459
60457
71640
12791
37359
2934
5621
21088
-38492
7088
-22329
36396
-512
-20152
-27854
4374
16170
91145
-5402
13535
-2706
-50018
17172
-317808
1369
11616
29775
70378
65037
15874
-225920
7611
3396
6672
-808
-25542
21681
3924
-11686
13630
21123
673
-45343
9708
-66676
-10358
9720
-6618
-55816
44612
18538
-3112
99816
10332
-35676
-7279
5072
-12350
96353
-16784
6153
-99214
-51977
-8804
-18749
38220
10526
19005
328
28854
-2752
-37759
-10252
-17360
2321
-72721
-20491
5160
-17282
-71464
-14940
-6701
-12502
11300
-11688
-2293
-8625
10357
-34779
26946
-34677
1848
-48341
-17654
-113988
7290
-27518
44874
-19010
128640
66830
-6621
-65744
-151376
20892
-18142
-66300
2738
-2000
-93696
-4916
-44367
-7535
-7136
-28853
-7512
43752
7929
289640
-38927
7191
-22334
297864
77154
-25617
-63368
126336
7162
-14906
-51604
20370
-3640
6214
20882
-21588
16631
64950
-61595
-11480
130998
-9329
19188
-9051
-1810
5340
45732
-13580
24190
-1353
-12235
-16691
-54793
43790
64918
16190
-18128
22009
32310
-93397
2610
-23922
-233751
-2330
-16052
22796
-7221
-12201
-5628
-80090
1545
36636
39791
2931
27726
-23550
-10506
-11973
62542
-91245
-57754
-13832
-16871
-53177
2325
-8832
-26054
-26065
-54720
6626
545
-7216
-6272
-10520
-5233
493
-626
147822
5100
10171
15522
-15225
-253
3426
-11718
-119628
-16540
22970
7140
-4930
16483
-31404
-1622
-61130
-6020
-53014
18242
-39405
76932
44416
9633
-21363
-19574
40004
-3402
-87172
121
-1409
-26678
-24937
1053
-31062
-2034
8144
18736
-34646
88437
43710
13773
-45110
-73716
-22896
-30364
-1897
-30384
-107706
-28196
22912
-30713
37731
-930
44307
24951
9660
-11513
-138970
33867
-39906
35505
19127
-2257
-1026
4748
-213062
-18297
-9685
15708
21625
-20570
-12001
6951
17098
1355
-2650
176658
34226
28764
17568
18740
-30144
13666
122872
-36647
-65160
2406
548
52809
-9441
17659
-14912
111144
366
4860
36492
3975
34416
-6168
4226
-3088
16235
32346
128684
-7462
5306
-3680
5620
-26219
18461
-15930
-3787
5175
-48665
8438
27313
-14321
7788
-64551
-42420
-11706
-41520
53378
-8714
-10731
91512
-31489
-6594
-128564
47066
-2241
75620
-204297
-33799
3134
-87416
-200575
11475
994
-20847
9832
12603
-4788
3281
46538
84748
-87196
-39492
70382
140699
-88793
5035
11102
-38162
-125996
3400
47851
10456
-19138
5646
-77343
-31080
3539
3856
4385
-45092
11840
860
-2258
13415
-9153
11790
-14555
12681
8738
-2192
8220
-11920
-22763
-28510
-32140
188259
-16380
-342
21165
51929
13456
-11152
36303
-6646
-306
40072
-19608
-45225
-6183
1400
-13211
-1550
15931
4072
-14824
40038
-7728
-31193
-20590
-6741
13988
-6876
-3828
-77
7236
48482
-13422
-5118
-179784
-47574
17258
-19236
35253
-13546
97160
-130425
-26
1840
8863
-53274
-2551
-2740
46425
-201082
1044
-91200
-1596
20089
-5305
7095
44648
15631
19791
30402
36956
-19632
18635
-2036
-34171
22506
-2869
68804
4674
1756
20520
-71477
-33444
7161
65132
179153
6928
-7408
4308
16896
59296
-110343
59285
6564
103100
50389
23080
8514
71215
-67986
21600
8462
-43092
-68028
36909
16674
106208
3158
-20550
-34802
-62355
-110317
-34569
10568
-2592
-3842
44139
-23430
-9024
38142
-30304
866
660
-3607
155920
50519
-84992
7201
31025
-137514
7061
119680
-114144
-8539
-71400
1715
15816
28930
-8388
118239
-6279
-5455
-571
-44130
-30176
-9060
-2732
15099
141744
17881
-20352
-83860
27865
-19635
-88902
109609
59400
15923
-15176
-229502
86017
2732
598404
-68650
-52843
4454
3599
88832
-67190
26936
-15383
-33917
3145
1326
18991
-43179
1342
3201
59998
-38007
13631
93758
-84574
2610
4314
-388
23525
-2319
-127980
-37480
2564
-33854
-28780
-11716
-23404
-26344
114087
43601
15040
4725
-38880
-9077
19800
-1318
49016
41804
-21368
-15224
-6820
-19443
4744
6324
-3246
-22285
45852
-19401
14832
-6800
113729
-22335
40152
-84554
5018
132874
30520
-33880
164632
-11035
-34672
-3474
-21693
-16025
-12587
-345546
-6994
-5900
-9042
9915
-35994
25202
-3143
25802
-17072
-27440
1195
130079
-9875
10740
-30218
-670
2376
4572
13068
33816
125533
55350
47259
27666
8970
132086
180554
19421
-34331
46802
-21296
64324
13197
34710
3882
9045
-10399
-75
-6536
-13230
-1836
-81653
-1837
-42132
-14512
-38686
224362
6201
24930
-21936
-6256
80832
-36342
-9266
-71682
1334
-49130
12494
5487
-6437
-46164
-26892
-10924
9820
-3089
36945
220
-36397
42539
11784
-2063
-13452
119127
1406
756
27360
-46772
-22608
-16576
3370
1612
-30176
-20174
-32142
8050
-404889
-10640
-27366
-17780
6828
51280
-4294
-2142
26904
12312
-55199
-4891
-205
2226
40494
-127918
47180
-25985
-24222
-20262
10152
1064
-5560
59542
8270
8480
-2475
17125
103067
4004
-524
11640
-1665
-56708
25290
-7492
-115656
102572
-11968
1559
-11184
37934
-6067
42684
27254
1258
-12378
12404
-12548
23364
-53816
-39462
106393
136922
-74724
-85527
164114
-24100
-12794
50223
14446
14655
-11322
-64416
5363
-26799
-23456
56278
707
7424
49490
-17170
75857
-180620
-42192
-5980
-3786
-402
-32256
2160
-2154
-134402
37243
8092
-27222
-10309
26656
-30532
-80424
32166
19746
15264
-21140
39418
-86872
802
14081
-33341
6080
-1395
16012
-12958
74912
-113832
-58669
-18893
5724
38272
-87396
-54039
20203
-27344
-10264
89146
-39534
25260
-14136
-114472
236256
-109755
-29231
-31196
-1572
-139152
-141578
7378
18106
-23290
-4499
21006
-32664
-68292
-21162
-49194
5689
-57930
-1746
2556
-89
432
67690
2138
-10866
-27398
-16178
-9798
-47160
-56799
34976
8310
46953
-1004
26244
59616
-1682
-1592
-4435
5576
37414
17556
75301
20264
-13841
-25908
107642
43626
27002
32121
33393
-13833
20597
105764
-107291
-222
2619
22579
-5844
65901
37159
-19737
1075
99900
-71887
51916
3378
19906
-1492
-1735
-5960
-45168
-19330
-2857
-18416
-7589
-66265
-22047
7752
-23684
-13442
1888
-72200
1579
-7838
-2772
105454
-48330
-36058
105271
-20748
-30898
-45424
10342
-177
2926
-236183
1220
-10594
43152
8220
-10132
1588
-21462
118786
-4846
18480
-6659
68221
2280
3763
-1044
-6490
13204
9898
-13082
-79876
20976
21152
4756
34380
-73947
-13705
2244
-3816
2002
111886
-23924
-50599
-51520
-264103
-175194
-31762
-5115
-6753
2979
-32435
-29186
12726
19128
-19092
-37761
43637
-7877
5907
-81209
42320
-73344
-64146
48870
-255
-14360
-964
-72595
26662
20860
-3232
16720
174166
-140487
8854
-30225
-6562
26890
-34944
34228
-2494
26944
76116
11214
4668
3712
32928
87479
18408
-23556
23336
470314
-79828
-34810
-8088
41544
65115
26256
11878
-16234
20810
-123831
24554
38192
23582
13223
2909
-17754
28178
-57681
1736
-60570
7913
-35647
-11415
74729
-20490
13778
-26792
2150
-67438
-58389
2956
-27752
7768
-16639
-8604
-154526
18924
-11524
7513
140424
-70497
21059
1556
-13998
-22320
-13092
5784
38694
7472
310
-33948
6624
53660
5465
24916
363
-35244
-18790
-139839
-5403
-7020
-9305
-17328
3458
-1966
-21876
121473
8601
32655
-495
16152
-55718
-13964
-55236
21728
5842
-39605
28698
18235
22426
16908
-2883
-32439
176061
-34948
109038
-85427
54360
89476
-33136
5913
-34770
-8800
-23620
-45036
-1043
959
43816
-2631
45300
33031
-32444
8513
-31272
85853
-10196
-3855
-23667
-11002
-42318
330
-94608
-919
-9988
8256
14002
11984
-170246
5994
19056
20904
-25208
875
8862
204516
-11614
-1310
-14397
10788
-230012
-2776
2304
-3624
187768
34040
23839
18955
3638
-95445
207
13375
111198
-13260
-8276
34952
559
16685
-27958
-2043
-21417
-29251
31998
-18265
-58438
-784
-651
-14322
-6984
-3629
13929
8752
2916
-12318
8594
122336
-8568
-18821
12141
-67064
681
-14768
61674
13228
66717
-92410
2531
-52992
3162
-75933
-5914
-45888
9738
-98812
-5683
28400
1386
71814
20322
13949
25068
9432
-10824
54635
22364
-3504
27569
-27036
9142
-39058
-13600
-9633
4453
14860
-235536
2745
-6487
-5905
-31192
9035
-7732
6869
-34844
-1068
-29068
22990
-5680
20735
-8352
-817
7184
3558
19083
5069
28697
27962
16240
-1314
1017
-9601
9805
12747
-118710
-22287
3274
-10503
3524
7808
-161265
-7251
49374
12540
-14564
67563
-18246
-70661
-10311
7095
77544
-11332
-30473
-260
-11859
-25793
-6936
9273
-33164
18264
18399
-7894
-1056
12840
62841
-47680
-4852
18999
900
-1638
1809
-5280
-1100
-56289
21608
-33188
4920
18030
-560
-53352
-19966
6963
-30314
-38480
82392
-69889
-20245
30762
-31969
8277
-37364
6797
-9445
-68871
-17935
-19600
9279
-69454
-14656
43590
35262
-2079
-33159
-5683
678
-4100
-256020
58368
-3936
-56471
-6740
4614
-5280
-14544
-40806
-4796
15918
-25344
-14198
-7417
25836
113185
1134
6052
-1332
-12397
52536
-61383
23333
-9622
-17384
-1066
31966
13630
-4419
60495
-364
965
5838
-28818
17372
-11436
-48082
-5081
-3656
-67152
-27121
9975
26096
-176
-78820
-8029
109732
9456
-210548
4777
11671
-31332
13965
82
-1133
-1058
82033
-52794
-28332
26757
94859
66712
12614
19176
80168
-104044
-15066
-18920
-246525
-7209
28325
14566
-24224
96150
-1955
6738
-8344
56681
-3958
-4071
23974
-62824
104069
29942
-6562
-19470
-1785
25418
67370
-34776
-15278
-48784
-88137
5962
7744
160
60174
-3106
4744
13113
17682
-24180
-2012
13413
30424
-2076
-7758
-31576
21062
13536
-79862
99519
11004
16777
-15596
23531
-41500
-51980
68510
-25472
-175969
-162303
-119964
-2361
1215
-3096
10818
4098
-35114
-863
-15329
4636
-95852
54114
12226
-115215
25605
17108
41121
-7504
47569
2613
-2849
-7718
5422
1986
-7808
-12627
2520
-185994
5356
22258
4710
10835
-36762
164345
-46841
-23500
68952
-63982
21438
-13702
5144
16279
115611
85203
40516
192072
-15874
27536
-12044
44657
-340642
-156633
7498
-27540
68812
5846
-28869
3958
-22415
8550
-8712
14511
-56032
-37760
-12735
-10152
-28493
-28105
20748
4736
-5193
-211419
-151585
-19586
5795
15225
27627
-21350
114938
-14832
8600
-29223
27092
-6696
-103038
4620
7388
-4508
-3067
1970
63772
12517
25083
-162987
-73834
-21575
-43749
24266
22744
4669
-17948
-12078
-13596
9643
2295
-1448
26124
-6237
-16710
11592
47208
34899
-11441
-90
980
9555
-4147
4831
-23154
15216
79771
175728
52592
77780
-227
84576
-8030
8561
8160
-124182
44607
-12507
-16146
-48420
-22417
8711
60193
1324
-53504
22525
-14156
133540
-2224
20992
-4548
3950
81478
3053
-49314
12457
12220
-18132
61333
1320
14808
46533
9980
-905
17966
-9771
-16030
5955
-15536
51401
2812
10124
192149
-84079
22044
27441
19664
-338025
846
-3132
-30848
10517
42636
49100
-23436
5994
-8846
-30207
-49752
-44561
4608
21356
-16551
10609
-1078
-4932
16485
-173928
19460
5292
3305
31381
-555
-12162
-86089
-6039
-12632
-3000
12883
51555
-77954
24990
-5832
-3006
-17472
-26229
-8920
13788
-33540
-4336
155313
-81395
-13790
66306
11981
-66090
-1686
-56253
-16135
-192040
-10605
111854
4040
10917
-40828
247876
-55494
-35213
-89640
-22396
22484
-6692
-23732
-102
-11457
25557
-38526
-11705
50
29704
-4628
11187
141538
-1282
-5367
13676
-13712
-34866
11648
8932
-37766
8547
-112863
10941
-13520
10304
37711
-107022
-5526
15938
-953
-9548
-16940
16962
21545
-105084
-12794
-259092
-58100
-594
-77694
-14235
23122
-23036
36770
62709
-3124
4592
-4618
-62944
33540
3503
-61778
24414
-55032
-31925
67564
2592
2236
-537
-108294
-76127
64368
-1782
7020
25778
-5644
-9956
-18906
-2862
-144759
-27928
-34726
-23052
62550
67056
31291
29952
-14610
-35841
6494
-18432
-13595
-49940
-9467
-24240
-168390
10457
9804
-18241
-7854
-180794
2816
9032
21033
-44994
100323
5746
-20070
6120
-15150
30438
25215
88264
63214
-51093
-1276
124862
-6656
25388
-11914
-14531
-4724
10974
22289
5254
-5374
-348
3215
25880
-2990
430
282
-17018
12479
-63098
4316
164559
25690
38990
15280
37334
-3832
-21391
33900
-75084
380
4197
56126
107652
-22531
-36654
-29999
10893
-58326
22856
136870
-25137
-61513
-213256
-3332
12400
-10610
-67256
31456
21114
167
-38884
-36727
6875
14182
-9170
-15114
9134
64329
25592
19480
3785
72846
-34742
34728
-12334
21905
-85230
-44757
-16852
-34926
-1624
-18564
6393
-6440
-1073
-10429
-36970
19095
56684
4068
47912
21968
19285
-56336
4474
-8992
-8395
61674
108404
12179
-79866
9164
-11440
-29194
-12865
45424
36300
6972
11480
27072
31044
-8948
-19058
-81946
3214
9055
11693
-3714
10473
-7540
-55976
-8052
-107512
5772
-11353
-14620
34706
92472
33161
-6864
86002
105604
-435
-90616
-15370
44576
-18578
-206427
-122902
-37816
768
1616
-9892
-3312
2722
-52572
-10065
8419
3
39998
-28950
51692
34335
-23612
-34080
48344
-60013
-1625
-9791
3668
-10254
-29163
5789
16056
-1464
-4326
-14119
-7270
114555
-3272
3922
-9052
-3835
-3025
-5644
-2854
-8654
28462
17956
-10689
6760
3586
-16050
11466
-32806
-17300
72484
-5366
-29214
9454
11348
4888
-144660
-87579
3444
1694
135202
-7278
-17906
20360
-85383
82458
38558
-11253
-26734
-92009
-35115
26807
-32880
-155682
-2484
5989
-9238
48757
8327
-9564
-23264
-50120
-4284
52853
-97649
-1037
-23131
97844
-7183
-48128
-105118
-161156
-65959
-3753
-3109
148159
-22331
-2385
108384
3342
153690
-10613
19946
23590
52351
2544
-65382
68592
-68480
25080
14614
14273
-41760
28741
-55470
19411
3929
-14273
-490
18595
654
-150335
-80640
-12855
-7764
-26762
916
23498
-1980
11193
3434
-372
-6436
-4214
-11662
-7700
32430
-86952
26983
-9219
104445
-62125
7104
29924
101316
-27456
-6044
-2530
-48223
-3018
-9871
13382
22466
90792
12666
-66463
1535
21764
-90366
43823
-73806
1498
-38603
-18402
-34834
16144
-419220
12072
-2825
13995
-16358
14131
-42096
26203
4200
8941
17874
-76545
6033
15835
-39295
-6929
44555
5868
37374
4825
-30960
-33464
7131
-2528
-5402
73486
29334
1452
5942
11324
-23316
260
-5981
36109
-13338
21744
-37848
18498
-62077
-20045
19864
-32924
-29217
65774
-1616
-3138
-2672
-23023
6636
-83570
11039
41985
54840
10164
-34924
39389
35395
-4346
79569
-10584
-2205
-424
30682
21396
38949
58618
-116
-114606
8418
11924
-1508
-21615
19500
-22602
52230
151102
-8751
-34900
19282
7326
16658
-33184
-11646
158052
11844
3435
112964
6928
-117159
-1051
21712
-454
2520
-7478
-46982
-222773
-159
-69116
13126
-8840
-55021
3106
-6073
22652
-28220
-124169
3301
10833
-81054
-13822
-25064
-11602
104870
-29012
-71488
-13964
-2999
32438
47814
36642
24341
-3572
-4232
2944
-103186
10992
42590
33607
-5216
-20232
-55622
142502
-26232
43422
-2254
-46431
-11757
-160
-2371
27258
16412
-7950
4368
-9466
42423
-10614
-5512
4155
185156
1668
39860
54984
-69028
5158
7080
29799
-1417
38772
36356
-78484
-58552
49617
702
20034
-4998
19176
18672
-7154
10562
23942
-7620
22172
-20447
-6630
-107978
-3000
-23074
56837
1988
49840
-4743
33465
-27551
-629
-24528
33550
128315
-16138
93152
21601
74789
46326
15523
4991
14547
-97812
78782
-25626
29652
96734
49896
114075
503
34796
-4002
182475
24384
-104560
4435
-84294
226599
-1560
120181
-3699
20305
20994
-19638
59556
-37723
-133752
-5417
-24596
572
21846
-8318
29354
20988
-3134
-60210
2612
-366
4906
-12954
6057
21977
1119
-25415
13990
-62364
85549
-3980
-12619
-20120
-32406
-19702
35100
31693
64044
-33896
8416
-22382
-25494
-17654
61360
-6336
79065
-33982
15508
37410
91744
-203
4658
-38006
237
-10693
-31
-4343
5530
-282
-14989
-4671
-21438
-49890
-11351
-13632
3713
-179629
-59188
-46268
-16407
53892
-26574
-6676
-3054
-4160
94870
10021
10738
29394
-6665
-10016
362
-7007
7642
-67396
9712
28472
318164
-6429
-38016
7565
-3476
23008
-15223
-10607
-54479
49527
-1372
-60349
-36366
10833
26451
-8271
20855
48096
21140
-4280
14636
-27210
31488
-47774
-6906
-16292
14474
803
-5908
-41262
2160
2400
-55946
15899
11354
1710
-23048
86
63196
-760
-28647
3474
-313980
-598
15886
-2990
1748
-40086
-127
-30465
-378
53020
-2410
17147
37610
91636
108
-41646
-8218
-56868
-26760
-10846
-6840
-106876
44520
-19031
-72502
-30095
23696
-21772
2452
-16497
-9808
-63612
-101728
-38457
10458
-63932
-12844
-9305
17122
-8482
8484
-4053
-60560
-15807
91532
51400
8503
4192
29050
-15928
-1881
10686
-16929
-116620
-115108
2450
7500
36329
-89154
15658
3154
-4944
17143
-31518
12102
18084
73442
27668
1539
-66193
-5031
-176160
4819
-21848
104530
-47096
-8
1129
4253
24836
7324
-25564
-91839
-42054
-90886
9378
24378
1826
-10103
5812
980
-6682
-41802
1092
4674
-13191
17742
17868
-70109
-280531
-17394
97506
-23995
70671
-10597
-31852
25596
55512
12274
-40182
-7077
-2205
-22226
20970
-113388
11467
20490
53826
37747
-17157
-41798
11921
65024
-141974
10667
17790
10905
3149
9965
11515
1182
30594
8808
30828
5080
-17437
-66765
-25404
-12958
3064
-35412
90114
-8750
4775
-32547
-57853
14736
20820
106206
-26003
-959
-2751
-51718
-36192
864
475183
-6156
23076
-3417
77820
-13376
-53357
-11518
7866
-98244
23309
57415
28165
65174
-3154
-2610
9472
1592
-256601
-15461
9272
9240
3452
16342
-93984
-13718
-203759
6278
-7970
66720
-3264
-17466
6693
11664
-488
17848
-15441
-9978
11484
-4129
-174918
3804
-8291
-8702
-3675
-2348
18827
-2241
-7385
15337
99618
22477
3975
-65072
-15906
-52274
-14802
51410
-880
11234
37311
-17890
2912
-79950
18620
178794
78108
28970
8332
13032
-1299
-14268
50830
98596
-36971
-121968
79926
-2847
26650
-101588
15244
89407
-1270
-5244
-10462
8446
40458
-16780
-54667
4360
-11930
1370
8305
87237
-26088
-31452
-6618
-10977
-8824
-50334
-1793
27743
-245362
9585
-18240
6162
7620
37367
-1284
-21353
17276
-9249
7156
-24538
-21253
20490
-5747
8718
-19326
-23800
7059
-38406
1830
402
2868
-6052
-31350
15896
-3154
5368
-71744
71885
-62814
13771
9957
212532
-13060
13376
-33764
73640
-60320
63674
-26112
-7712
-5246
-15230
-6669
188772
8706
-6367
32062
-12686
-753
-65120
55278
13548
-4549
-46546
-29578
4083
-21823
58773
4395
92928
7031
7100
194
-43148
9756
-15183
-15043
29357
7445
30198
-171320
9849
-7883
-130
-23231
28788
-84324
-159135
158946
-7809
-41277
-15640
32008
-31030
27530
519669
34286
19844
-984
5140
-9791
-9501
-2498
-3300
-65824
-14382
5097
78608
-17936
35610
-10304
-6504
53340
-43620
-34996
-119544
160696
-11034
95786
-30184
125010
-12040
32017
-31121
133282
226407
34749
-1442
-8584
28309
-5280
-45962
-48
124808
-83444
-11649
-7784
-8685
1958
-68680
-35272
654
-50923
85954
-11086
170335
7302
3612
13575
6644
-63028
-27684
15318
-5290
85415
92509
25789
-20546
-12920
-15553
-37952
-25775
1050
28263
27366
8349
-8460
64168
-4072
6646
83770
-42321
4862
187774
-34959
26121
48132
-2181
-51634
-27739
-18132
-2310
35251
3981
-57084
33322
105800
-28024
124848
-7766
45198
16602
15574
559
7257
50832
-39481
251473
-44087
21532
-18506
-52031
-39384
29095
-949
11180
-26233
-83530
76497
-20160
-13722
11024
19421
-2495
-7882
-13834
-39672
7082
-6248
35
14345
9287
-47418
-9762
6203
32828
-271
9521
10478
40919
2184
6409
-60206
-4830
-80152
-18338
1560
-7124
12300
4602
-3954
-31227
-1346
28450
-28825
10900
-8390
-56561
-14988
-32994
10218
198
193409
10978
12036
3676
19068
11431
-20949
-115762
-23060
-5720
5744
-35442
-10058
73831
-20660
-8327
-2265
-3996
13710
-10332
32042
-139971
-162463
-37936
37836
3575
13208
-30255
8976
-28640
-26272
74393
3456
32790
-958
-19300
-2866
-44146
-81099
1611
-40767
50264
1239
-19362
3128
12739
-384
-22200
57756
114420
-18777
61168
11711
52324
-11756
7250
-7872
13247
28049
-20703
18126
3472
9534
6488
-17091
12112
1862
-13211
2420
-2896
-10611
20674
53130
25659
-666
688
8736
-5372
-8903
-7370
-524
-34059
-831
-24507
103649
-10660
9180
83765
-14385
-11943
-31512
-30903
47224
-11985
43092
90177
-18246
-9642
69414
20295
-12804
48829
5432
-59648
-2871
-6183
140283
-56042
-29718
5907
-13466
-35000
-15276
42554
24137
-16226
74323
28512
34842
53596
-23565
18040
-67667
10250
3422
93620
-53938
-4918
-9
-6698
-122140
169062
-99132
-108230
-38963
18384
-18774
76034
-14752
-8464
-1436
16104
7592
-152
-46680
15224
20574
-14344
-19828
4326
-68250
-23655
83258
107242
-13789
-10512
-5650
-17666
-19548
49404
-137172
8514
-23732
-10194
5356
-135601
24288
3744
-2160
-175876
14036
-156420
32126
-2094
1422
-13636
-33620
-37368
-3832
8924
-3514
-4392
-10578
-10413
-14850
14380
-16776
7644
2880
10674
94351
-15493
74307
-26182
-25620
-25602
2126
11853
4511
-14112
-288666
-29554
237
-3974
264
-17264
7390
46242
1203
668
-17842
341422
-653
59399
39288
123
2868
-52530
-80409
-22781
56432
-26120
-42204
-65005
3566
-504
-7665
3224
84666
-20640
-117
14736
-2673
-29191
-27804
-5049
3805
1080
-53859
22230
101075
142617
62047
-130429
18766
40206
1705
-1071
154974
68128
-20716
-56460
42920
18655
10040
-19686
-16215
-1270
7830
44140
2552
-28288
-1260
4153
-77194
-1611
71100
-8944
-7644
14167
-46823
-34005
-73539
78250
-7135
18030
204045
-29970
165968
-21765
-266086
8058
69544
-40491
-7374
-19768
-57175
49626
185822
-2202
1352
-2100
37159
33080
-7436
53
19532
-7388
40815
-476
94100
16977
3804
-288770
-82830
-53688
125253
34880
-217128
3022
-36168
14987
-2598
-260802
8740
-55504
25421
-8164
34378
-52310
-53091
31899
36293
37409
11149
508
-29959
-7795
-1539
44540
5950
37751
-7759
69786
-14513
-52390
113856
-9810
-13820
80412
14441
-18212
-4460
-20264
-2683
3726
138063
-5550
-21588
-40
-304
11750
-10502
260
-20394
-27288
-13731
4235
7114
7488
416
-48097
74436
-7936
-17040
17830
-9182
10694
-11874
1416
9000
14182
38628
-42694
1239
9402
-7491
24432
8544
-26686
38658
-19946
-136626
2224
51510
-102749
-11112
6232
-8634
5733
11422
-129946
-676
8082
-153242
-8809
-10316
118638
2191
-11736
-2316
1928
15860
-21151
-45676
34963
-960
-36433
6217
2127
19087
-70779
19791
25060
2424
-23986
15191
-194050
-18945
20265
136642
-22158
1156
-20380
-123150
-73175
90318
-57608
35399
21440
-2337
-6330
802
24480
49123
18450
34401
-77423
-4495
109890
7882
-50076
-6270
-1496
-12852
40056
-38189
60804
34067
95896
-8528
-54428
24604
103721
52708
7806
-6792
59236
-148940
-2445
2702
-51350
4240
-4901
27721
178843
-33884
550
29013
56284
2522
897
28551
-29388
-101118
14763
20752
-7662
20248
-24260
5208
14304
30105
13914
-13278
8308
-2372
-8427
-34204
-22087
-20277
-4872
191973
76242
524
334
-90
24801
3115
-52860
47497
-36175
-9720
14024
-3535
95488
-5087
20517
8760
15205
2981
22425
-165285
16922
10916
1783
-1847
16546
-47745
-10146
-51903
104826
-4713
4423
-18435
-11084
-8824
12590
56579
8156
32236
34728
3209
-27413
-5381
-10412
16498
-136598
17150
24625
36594
4337
-42278
33363
-5661
50648
13924
-12467
161720
30290
-6303
12934
10906
28876
-108465
-1622
-341
3570
-18951
-3838
86748
57410
2414
-76404
-5435
-5491
-7984
35664
4966
19255
11384
-14649
-840
-43425
-7695
-4848
2247
33168
-697
6527
-17227
-30924
-117231
3242
-4880
-10740
43285
67024
-482825
21867
-116360
-9132
-42318
45414
2989
-670
39558
-20360
-117456
6166
20601
2830
-42326
-11080
-118792
-18810
-15794
-25070
-28240
6763
-635
6120
612
244387
11858
12568
-9300
8008
-8292
13280
7593
-4822
45472
1006
-1873
87681
-753
-20540
-79540
26332
21546
-10320
4384
36566
-1179
-116528
-1200
12962
-20985
-20852
-23561
-77716
-8983
88832
89471
13454
-169616
-3162
-10200
8728
30963
76599
-1294
-30395
-32156
-66694
21496
-21644
10376
5954
3206
5000
-14541
-8985
-28177
31642
7455
32908
-57580
52096
33068
-23546
16069
37316
4552
-24648
22044
-275
136092
-4130
-7741
9168
-146199
-5129
-3115
18525
30982
2920
15974
3984
-37718
-7620
-39748
-28816
-12777
5406
9567
-5186
13493
7968
-29817
-8514
25733
-27803
26079
-11502
7404
-88065
-1743
-135192
-5443
12976
7239
-42817
172264
12369
-7684
20722
-21970
-20127
4156
-23160
-30623
5439
-12624
3198
12881
-122692
2273
-13165
54264
-8906
-20008
-19254
-4820
6370
4581
8526
44772
24926
-75560
15571
26978
18985
48922
32856
3092
2211
8803
7392
-311648
12180
-97614
-18290
-30704
-45664
8496
26888
-3780
130794
-208170
-51729
-1679
14790
4262
1598
15637
-119376
7662
10670
-68314
-3823
9264
12272
-5786
-4454
-3818
10296
-28718
171405
34784
4993
-10777
-1188
-45184
1368
3716
16421
-93108
-67434
-42491
37057
282
-83333
-9254
-11717
21064
45590
29370
65837
-10426
28154
-720
-5868
-11872
-24970
-185328
41030
-67903
762
-54102
-8540
-27790
-3812
-45068
-23078
1507
-3416
364
50684
25685
4879
-12105
33017
-1881
68561
-22424
-251136
-267828
68574
-9405
400904
24040
-37260
37153
-60605
-132329
-4736
3430
1848
-155904
248020
-20814
13172
40020
3664
-12086
-39405
27294
-27384
-27654
-1158
70789
-5327
1840
-64390
22606
-20454
-26817
26134
62223
20610
25070
-4342
-13320
11080
35000
15884
45991
-5144
8739
71082
40046
121392
-5907
-8805
-26948
-11506
-2725
-51480
-11563
83304
-14760
8045
7182
90567
32796
19341
7326
23247
-6574
40665
48496
-120178
-12181
-30816
8771
17328
-29952
-6655
12175
-112414
10039
29370
-12772
-19096
-9770
9938
14756
-80570
7767
-27456
-115969
19588
13368
13359
-14784
129069
-4053
-3973
-7652
-64140
34502
-13728
-36005
10968
1017
80280
-5890
-191072
45060
-16008
836
2687
14545
4263
598
-1046
7099
-6244
52275
-8725
-25135
140436
-19310
16245
-9458
14936
16704
35155
2709
-43398
-60146
-44744
79016
-117824
-156
-19909
-35482
44155
-29509
15104
15054
-71843
-11273
40020
5539
15616
-169716
-42632
-120604
-28054
-277356
-10776
4674
5133
15252
4845
28848
99944
-15372
23950
-36640
-12624
-53875
23982
-36847
13478
1360
4225
-71924
32802
45286
-2662
1330
134814
27550
-5677
-2880
22914
90661
87340
-5556
3075
-7629
-33774
18050
-23523
5814
73916
-8746
-110725
-1401
5456
3138
76665
-46886
-12838
6316
26517
57300
-45680
-8266
-113987
-9270
-85049
110142
-20712
1784
-11040
-131302
-21773
154552
34388
28466
14167
26284
-900
-59360
8184
-88314
36052
19498
-32510
6086
20002
-2264
-9817
4590
15244
-22236
-514
2385
25942
209794
32940
-32582
-70616
-62516
5634
16466
154956
-27023
91939
98423
-13200
17732
15512
13286
8738
23422
155639
-25861
43737
83192
-11520
40224
-4348
108053
-193098
3426
-4855
-27168
6120
90167
7381
-42844
24659
84177
21322
31228
-110592
-2283
5890
27685
3408
2828
1277
21029
-46599
17400
17531
-3105
-4250
4197
18178
-12373
-19904
2540
-103933
-12237
3815
-56500
-8795
69104
-70720
7734
-11175
-66939
-40971
-9292
6888
1668
410
154916
-2200
32388
-17256
-20508
18804
-9117
9664
3910
-2092
8632
-9985
-8636
57545
27058
37647
-10120
-53653
30400
-15886
-50580
21281
-1914
-1565
-67535
-63826
-29863
160042
-6516
37318
42618
-1484
-12579
-52492
-5650
-10376
-24072
-44176
-8312
42403
30788
31266
3366
-19032
10043
988
118300
-6074
-37794
-49021
94284
-5098
201536
20532
7418
-28108
1632
45652
6643
1290
-19500
-15386
-47181
452
-24396
-10764
-5400
28278
-104443
15198
1465
-15674
-10476
-18711
17865
-58006
-5984
-34278
145071
-27515
-20779
-53060
1751
-13611
21138
28280
-7775
21408
63568
-2892
112186
-9410
11995
2671
-39836
6367
22803
-2100
-23201
117058
1918
-19072
7684
-2108
16484
-3508
45734
-1397
-2162
-30502
-521
37338
832
-52807
5038
-48397
48277
46602
-62207
3594
-82350
11152
-12794
-6337
120013
-45186
-334916
-31348
96520
-25589
-3726
-39512
-75068
190360
5013
6152
31250
56968
-5511
-7397
17877
-42984
38734
34043
171619
-292602
25913
39592
23660
-42968
-95372
-16013
14944
1754
-36828
-69336
16480
-676
4090
17620
7270
-33611
-1992
50586
-5319
-55164
-9884
288
10527
12411
8815
7421
70298
-3072
89772
44137
-13532
45684
-19320
80356
-9722
-6290
-14492
-3291
2113
63252
-32608
4010
-44294
-56168
62521
58156
-34739
-522
45830
31483
-6427
18533
50120
-10127
-3614
21012
-5352
3240
-61554
11932
37413
10393
-32574
8432
-47912
4244
-21000
-24205
20618
-12720
33270
56035
1959
4716
-10252
151852
-4138
-191696
33750
15334
-40857
-102395
124006
-9317
-26505
42576
154324
53159
166524
2023
-8616
-94282
32760
-5372
-13352
-10536
29504
106197
-13558
45083
3304
-21873
24429
79558
-3452
4952
-96036
2312
9096
7993
1912
1312
25253
-26960
-13268
-14555
44558
-98
23671
10820
128100
2079
2856
42928
-13164
-11104
27390
22796
-40284
-19684
38236
-13222
31504
1494
-13084
-5150
-12296
-41193
38846
-112641
7074
4229
51411
-183442
-9690
-11276
7838
32480
-11920
-2085
-13998
1075
-18548
7670
75314
38183
52700
8637
-20242
-59157
-25634
-1903
9773
31054
2888
1482
65736
3772
2160
11140
10220
-4656
-24456
-6490
130826
1420
35068
-15500
5022
-14101
20454
-35635
9534
-10079
56280
-10267
-50680
-37449
-121984
21032
-2751
-211856
-6342
-38154
-27203
33990
8042
-22554
-7312
1229
43686
-67230
1594
684
101778
19500
-17703
-173742
21820
-1351
-13564
-12584
-7246
5172
-53361
-117569
-24280
56023
-44222
-28989
-84740
-29418
11672
134761
57846
163392
-28212
-29985
-2992
-4779
72988
-14790
21913
-110128
37554
25704
101200
1532
-57879
-12030
-10979
-31213
24392
14052
19110
97581
17318
7007
34518
3368
-251708
-39056
189194
-35610
-57853
6306
-20537
-4141
45730
41895
-1743
214
-245517
134744
93264
7794
599
11830
5312
-32981
-6758
15525
43253
31168
-53562
-169729
2845
22891
-90240
5116
-17726
65538
11208
-28967
85340
-13
-203092
-10750
-2070
-3844
-5271
-95586
-36462
-21110
-5885
-8316
-64998
9054
-1152
-28245
-77220
-18660
19704
116915
-9943
5974
94182
-9310
57462
-27822
-31374
26550
972
4313
-2250
77887
16134
46688
-118748
-15496
-44504
23940
7494
-70545
-26772
30714
15336
30228
91177
-12172
1302
14632
46347
12656
-117348
29287
-11485
-157575
-43282
-21204
39888
5669
-28140
728
30159
8987
-40132
-160006
-23193
81088
-34759
122
-101432
8809
79112
-10773
-99841
129843
3480
-57760
24106
-987
41435
3071
-25962
29887
2868
-5793
-103758
-967
42801
-5792
30180
-7211
178730
9179
-6166
-53646
-99640
5454
-4704
61893
-13930
11316
-33007
-13445
36468
-4566
-9990
-96558
-34832
-68310
6478
-2068
-38296
-16440
21954
22271
97278
33803
26802
-4397
-43744
32609
29820
-255
2990
-23430
2136
-4839
23682
77120
6166
229482
8678
16685
-26626
37302
4199
-40535
7500
53987
-19804
-101392
-30272
-10198
-113970
-2246
-104666
-7778
36948
-100828
28345
65525
19686
42993
-226691
95820
102912
31204
69508
-197168
22320
-151444
-50981
-45087
-41964
18184
13449
326940
50399
-25340
-6937
-19775
-3741
6390
-5184
32680
726
89522
-40187
4776
-11508
-2547
81524
16110
-114434
66810
60768
-19560
13474
-63942
36431
-14264
-8347
-1156
50616
-32772
11684
62715
9790
-2572
-26670
30234
22524
2120
-26392
-29484
-17715
-185381
59425
-12850
21488
81032
-190
39759
97
4188
108804
44036
48336
-80326
-23890
-1932
-4616
18444
3807
-30314
9120
-176162
-1428
-387
139073
-1800
-73632
-2583
-3909
-5959
18136
-16538
24713
-70091
16512
-8718
73056
-25040
29676
-12276
3843
2828
192665
28064
-26432
-2970
-11440
-124598
10929
80424
-6020
-28254
5027
-6809
21336
-69323
2846
38080
22932
54912
-122237
-1820
13060
-21981
8210
-89370
-53406
-37728
37890
-50320
-254844
-5471
-13510
7362
40032
17429
-6810
-7119
65587
6244
87212
-21346
-93225
-6527
73132
43845
-52605
127278
-9760
-110106
2946
-6751
-129113
-20645
8312
39072
6374
-2397
-24090
-18124
788
28604
-154757
10104
-4485
-21228
24734
-113994
12963
28724
8743
7488
-58429
83046
-4092
250417
-1776
29182
6564
-57303
-2091
26739
2103
30800
197665
-19159
-9814
11740
5397
-63264
-10145
67259
-12978
-5031
48291
14092
-7601
6916
-14740
8077
19947
150012
31702
-8972
65170
-161896
-54795
-45717
31151
8625
-8619
126648
-730
-5418
-10608
129784
-2058
17320
9516
150800
158535
-54591
-13107
-7372
-15288
-3342
7019
-27675
-2079
-14943
-80138
-6962
2962
-27698
9834
16191
8242
2865
-54700
30489
37164
82488
-18655
25770
-5527
7572
-30115
206253
-866
-24292
30736
43244
-16600
9374
13082
250
55103
-7416
-48683
39180
45043
120313
9380
-1440
-4172
-90033
4165
-26268
8368
-206142
13905
-5551
6138
-56792
-66218
-152893
9724
25542
3936
-6125
9968
-21444
10114
49792
5251
7960
3650
-48640
-3498
23107
-50105
9468
66296
-23774
10333
7020
-61230
-522
1178
-1397
22412
4938
-37407
-1253
17320
9763
-10035
-4103
-430
-14920
172344
-33066
572
-55243
31291
19869
696
-15108
4995
-6200
3537
-1588
-13418
7256
-6635
33362
-859
52125
2679
-49441
-5580
106080
-30106
6444
5744
-22182
108047
-90202
48260
15466
-826
12096
1610
19592
-152
-121556
7802
87216
11591
12676
-17071
16537
18111
-21637
63800
-19656
6726
861
91836
-21198
-29740
145435
-102674
9973
20541
11175
-9902
6834
87738
-23930
6496
-29864
-17128
69567
-32640
8592
-33168
-8055
-12444
716
-168
153532
4673
-28938
3060
25558
-12072
-1240
-34198
81724
-25659
-37837
7330
-126309
-11041
-14582
-4643
-20534
558
71974
18980
9648
91147
70608
19000
-28172
33130
-10188
65003
-24432
6165
11532
-49710
-4801
202
-39936
-2322
-4163
-21836
831
41116
-5161
7584
-9265
-63436
-58934
30817
11458
47322
-6635
118005
-63864
-36814
-5004
-1624
-909
-7524
-77235
32122
15037
5200
45274
1788
-60413
23879
96386
-17206
-1012
-32234
15883
-8460
51120
5439
-19480
470
-35727
-2635
1190
11016
9072
-56303
-106
-199691
128
72669
-19266
8182
-107756
-28935
-101463
-16604
-26312
62594
-67304
16236
4578
-16959
-8480
17884
23880
145836
85030
-209370
-30980
-7717
-800
-56449
-23546
8578
830
-1284
-6490
-7728
-42976
-23419
-5340
-2201
29787
19390
63758
-37165
-82574
7245
-15508
26015
-43816
-26174
-4792
35361
96076
-706
11602
-5016
-130388
9349
-27911
-8126
-11574
-167
26870
8136
23458
13714
7350
-60399
-3976
-13797
-51814
-81807
51990
-172354
-22706
-21407
-49685
1471
2789
-42008
-5620
77854
-4233
-1599
1534
11033
-10192
-198
12009
-23503
27234
-194532
12586
-672
-37600
-12613
134789
87453
1308
-21576
-12718
13656
2010
51759
4508
91922
-35094
-1587
-144342
4586
17275
-50888
-136
-79552
-38320
-18568
-6793
5289
229257
-21726
48189
17195
99670
3
-65334
-18572
89701
-4555
14480
16391
-101988
-1520
670
-19427
-2400
-2940
-4320
-6288
-49065
-34262
-33327
184177
1198
35571
-5498
-244842
-160160
50742
-9020
9640
-45712
-27390
-30327
-15446
-854
-111267
13404
490
-1891
55398
53844
44010
-27761
-6769
29002
35600
12094
3726
7982
777
38122
7936
33968
658
16896
359966
43068
3112
-3888
-3156
5222
-19870
-20496
53655
9723
1563
-5630
-474
65950
-10466
42816
9431
2692
-12168
8315
-56800
149286
16294
41226
-5244
-22462
212069
21236
-28221
373610
-26109
-20144
11785
-29916
36875
165247
-10308
146460
-13020
-14228
-32142
10114
-10084
-76075
12386
-94826
68572
-1804
1215
-14025
-73342
-16754
-38017
2895
29764
-34188
9320
13839
8444
-49806
-2160
-4698
34276
-82201
-4543
-5804
-18272
187648
-103700
-52812
-2132
51503
32216
-53867
3270
549
11255
11632
-6445
54412
-9636
18680
15320
-34744
3550
-5985
948
53476
-84278
9477
-4385
-1025
-783
2905
-31672
-3959
60675
22021
189968
-14471
-48832
402
39540
-17130
-54336
12596
9165
-160
-38553
33507
653
-411196
5146
62908
-6216
-8322
70308
-23169
31952
80914
-81103
39808
44550
-8354
-9492
-14508
4294
-26044
-7332
-55161
1028
-35104
-5499
43085
-1735
-867
104202
74124
-31458
51831
-5480
-13230
-7348
-15496
10743
-12483
-591
-68050
189760
12316
47670
11835
1716
51037
26137
-24948
148900
-8495
-13608
-73332
37232
576
14405
-1470
34564
12884
-17730
-100380
-9474
-3428
-2478
-9252
-24846
14376
3808
-3088
-234
60084
22584
-40785
11880
-1683
18210
-1685
334
41423
-31336
1226
-33282
-7402
-35234
4763
-12488
-42231
-15113
-14608
1149
17394
10408
-40816
-3516
83566
105627
23784
9896
21162
-39390
-17703
-35882
-7140
4685
-60852
-22224
23303
43837
-18004
3568
18652
-2892
18249
155976
28464
115592
3540
56288
-230809
38431
81962
4259
18458
16467
-3000
-24727
35001
-23496
-3289
8602
17764
-31462
504
2496
-43370
7644
11498
28038
2227
-19047
-45280
153081
-482
-98092
-330657
2563
-28302
4572
-127287
44217
-63820
-14430
-2443
2338
2235
-36165
-11808
34590
-8478
460
2132
-16644
2154
10031
-11247
35712
-3052
-1308
-32188
-22923
2184
115624
-14832
-5078
-51732
-29860
39702
-269032
-10912
28365
766
-38456
-7047
-56073
80483
28297
31365
-5779
-10788
-152684
-46248
20628
-64771
3225
4375
6595
-45606
-52240
630
-29070
-58553
6500
38664
30588
-68469
-7419
367468
3808
-11908
222072
19300
-109315
-17950
37819
10164
-23166
61648
-30547
53762
183922
40672
-27129
-9608
27305
35213
-21035
-57969
-9554
84825
-12081
-97346
-7200
-33242
-52892
86282
-143137
-6580
1320
432
89126
-3724
2223
16904
-12431
-28164
-11150
5687
-56756
-15185
-15180
-17210
4287
-13105
184250
-157570
-12780
1015
81924
32271
-16065
29109
8975
-113544
1812
-8231
10818
-8136
-50045
3872
14410
-212829
87024
1696
4842
-11894
3272
105512
10162
-57746
43419
96
1736
17635
-74215
-205800
38960
54712
10701
20733
20624
3336
21076
-113668
3070
-18184
-63769
-1858
47209
-26640
2040
-3512
-82476
4924
2676
31746
19495
-85284
-2302
17760
-19552
6848
11541
-87690
22084
-9300
1478
-32232
-18373
4464
-6974
5589
-5504
73316
6325
-2340
-24794
19592
298
-955
1852
7290
5878
-51285
-28864
82100
13389
23510
18442
108465
-3501
-6881
-191330
-69315
258
-107831
3352
6584
-26415
35727
20334
5170
45879
6755
-5324
-9067
-198
-31667
-14100
18402
-169443
9873
-65060
74610
-168136
-27871
-36615
41015
20328
138172
-31186
-23470
-252
108008
18441
-2261
125882
28079
-41247
32178
19128
-22641
77524
62655
-19935
45830
106123
2795
4248
2800
58024
-3560
-13698
3324
-41112
-16680
37744
7628
-90533
15696
8648
20416
1478
190850
-5793
-97156
-8653
1274
-18184
-4680
6492
-3657
1669
111104
289908
-51790
-13408
-19961
-16302
-117058
-18056
-197
31528
3578
-88854
-38510
145478
32086
8012
17421
15415
-14202
27072
-2722
207608
-60909
-785
30230
84666
132672
26460
-15036
-360
-51010
6840
19366
-12330
-61810
-217215
-42388
1672
23115
-5292
-62855
-22254
-133800
-8656
-37227
-39567
-51143
-19608
-88036
18261
131
-137502
-27996
8404
-26640
23401
-11544
176113
-60700
164
-14793
-56912
-8164
24989
7256
-10114
-291685
692
9111
1206
-962
4584
6150
112609
1438
-3458
32680
7351
-285301
30855
-46038
12720
57340
4239
1453
197157
16076
-65226
7435
-10432
15967
-126915
-13454
-7166
1943
15198
1415
22537
-1278
-2917
-66012
2892
304240
-11284
2607
36374
-44547
11158
68685
3996
-50838
-20252
16524
13216
-5098
605
-24992
2332
-53780
106662
-8772
54617
136120
16145
6912
197134
42576
57459
-26904
5823
-14328
-47440
-1755
16224
129981
-6795
-54010
-82331
-18527
101307
-13962
-98784
269320
11891
21187
-6477
-21919
12480
-1139
209
1577
4676
6302
-38067
102836
-2907
10163
-1940
14529
25259
9033
11736
-24187
-13218
43621
-75965
90961
-6131
37272
-29019
-76833
8680
-58571
-1078
9870
-2509
18720
-7584
12590
-15302
-9798
-183956
5642
-7680
9019
-2736
-4677
-58955
3628
-19025
2704
5400
-18230
-50521
16852
29115
5576
-44450
49658
31677
29334
-20710
-116428
35673
-108650
-260973
43071
208650
-34242
98960
1084
12243
-80810
6131
-7344
-80377
18312
30267
-640
-33590
-11097
82046
952
3260
77048
32994
16263
652
10390
-1460
-64382
14537
14364
16151
-6478
16984
31332
38014
27433
-63752
90231
23512
41256
6096
-15077
-8108
-7811
-2490
-6344
56959
5433
-14181
-28140
12710
-66760
-47548
-8736
-2920
-16536
-6020
116589
-41646
-5286
-43072
21737
39905
-94974
-768
-579
62194
42620
-2271
-94737
-109062
13296
8991
-5974
-68121
-11
7146
-45501
-15012
-8867
3438
63058
22664
40187
-60805
-33218
68900
14908
-17169
474
-1664
-20265
7984
-19358
2786
-4949
6955
20322
-88140
-18804
-376994
-71225
-13029
10062
9494
-252952
-9435
45302
30698
20790
-53358
3546
13256
2630
31975
31056
32662
-6450
24710
53410
-136
-65142
-33328
-21276
22344
-10298
-1606
-2879
4812
6046
31284
-16808
-142620
19186
-912
-78360
21956
-110736
2542
-52564
19917
3576
-2037
7566
7553
-672
-38632
27648
9864
8475
-98795
-40186
-9206
-3624
3450
-55243
-2078
27126
7936
-8199
14605
41654
-54380
-5871
1831
-3960
4212
1846
-100200
-17194
-18984
-37261
16778
3378
10265
-6455
5454
51776
-35670
24459
-7976
-1674
4159
-482
-86599
-4068
3560
-61526
24973
-97888
6770
-17005
77146
-81700
-1360
-54940
-38780
-265268
23778
4096
12108
8256
17794
81210
-1808
7379
-19640
-3047
26895
-5761
-71324
-4262
24689
12168
6896
-117680
-67264
2160
-53208
-8828
-1800
33087
-20664
-33691
17816
17064
3362
5890
-131544
-32025
-17468
45312
15616
-62818
21547
-24398
-38602
-23472
55755
-1424
-12160
29516
-116610
-37180
44730
62265
21545
-16050
-12084
-14444
-13016
6836
2045
1943
32100
22555
21906
-6650
-23844
36680
-97952
36008
-6591
8350
-1512
-1637
131282
-41826
5965
1956
-8940
4746
-55136
-52728
17790
-28100
109566
4174
57648
-2088
92506
480
-13615
7721
2462
-5086
-10108
-30888
81945
14534
-82912
-5814
-102064
-32470
29048
47654
61774
-15515
212247
34368
4596
-134019
4940
73189
3848
-30963
-20042
7704
-3587
45556
-11772
-44570
672
-6920
-86089
-2860
2752
1420
18302
-25758
27616
2420
30072
-21432
-22500
6769
-3701
-9001
-81527
3590
-9363
3392
-12422
-4610
-8175
207
1067
-40388
-8432
-8916
-45911
393
80283
10783
-10128
-10412
12446
-22347
9003
-47028
-67688
-379
-44289
4536
28614
-386
-24492
-9946
-1299
845
-31734
-3343
-8914
-13900
-13932
11476
-28313
33438
-3186
41571
55976
-1299
-3313
1688
85805
-3879
-27168
-8825
183750
5318
23269
-90630
40813
-1940
110872
16785
-118
-16806
5514
81966
2670
-25745
28320
39432
-18493
-52766
-23696
24970
-48269
-8052
-3948
-96196
63107
9824
19486
15424
5146
-25136
104050
-10622
26954
30984
-13160
9027
-29640
26249
3147
3134
-80
11838
-6627
21542
-201422
21264
24248
-2085
-1024
15899
78930
-24210
3492
5214
-4335
-9974
12054
-22604
-7315
7506
-36337
21960
122464
297
22494
-81962
99696
3176
60537
13250
-36478
33453
3021
-4701
-1698
28708
-4945
-30313
-3184
66780
22425
-5514
109092
1120
44740
-6422
30124
-1644
-8874
49
32056
-378
7528
-3834
21732
-46740
-70763
9829
54389
1008
11420
-4158
-31990
20208
-2202
-4030
-91098
-4578
105428
8478
10164
26082
3993
36647
-30606
3390
1848
9384
-294
31248
6230
-4380
-8986
6202
-21214
-40355
-41811
4590
209340
-120110
76519
-3920
11637
53660
7113
9497
142308
12610
13891
-474
-41202
-42978
19292
23519
65121
24464
-78653
22695
-14413
138240
92064
-15774
-723
-19345
-10406
69957
-30238
-2328
76845
35176
-13930
-28139
-56762
37
10882
-34431
-10686
-50695
-47623
-8548
-10562
2546
-12822
-12602
869
2487
186258
-58124
8082
8632
-73025
10880
-38612
-52400
40370
-7662
-6924
28855
-8574
-11253
-220240
9260
-23373
-3645
-213509
66384
-80952
-66870
48067
106974
-121422
-3605
-1431
3328
8324
73863
-6582
-1972
-3339
9066
5440
-81777
-239212
36998
139677
-5245
-48593
33052
-7447
-9398
-2112
30254
83453
-18134
24409
-16860
207016
-22990
20765
744
-7615
19854
90180
55416
-216510
-23401
-3571
10863
4430
-12566
14143
1856
15623
23688
-30004
14236
-15800
-50745
-104229
-9053
11184
-32356
-38263
35926
-3780
55398
-16578
94474
4497
22500
27376
-7572
19312
10040
45232
38521
-55212
9061
13768
50070
65645
38154
-1380
14308
-19113
18380
111342
-36819
98262
-6948
-87500
1331
-49961
2394
-164362
10139
1401
24064
78
-25292
13016
-42544
-55487
-114
-28912
2652
-19591
-321252
-19446
-5136
-26361
-33678
-50408
81206
-13526
36607
-79640
-9582
16743
-75960
39900
-303903
29628
-1116
4270
16714
12770
5275
-9777
-52696
10012
-9040
4844
-24
29613
17910
5190
203252
37638
-64562
-3624
89255
-19604
-696
11838
-43484
29264
6452
-11823
5580
18371
46308
-18195
-12891
-1503
1727
-767
83728
1992
-1044
-14064
-8648
-7882
-23210
-6548
-20372
115860
-12368
-6531
26838
-40500
25504
4545
-20660
-18238
2768
-21372
14740
-4953
154217
-19053
-21263
-30683
-13800
-64158
-34128
1751
10561
-1867
-14527
7397
-40456
-3360
-85040
1041
182462
27384
-8118
36526
452
3407
4134
49426
137443
-34065
1363
1305
28133
-23656
-25879
39350
306686
-9229
-211646
-97670
-6577
-1368
128
-154462
-42590
-61913
2767
20021
77160
-126588
-82229
-23185
13956
-24684
16717
28640
-11836
53340
-7020
63020
-8034
-4034
-6919
-27748
17188
-12687
34140
3971
12728
66741
-81304
-10638
-26605
23442
-86720
116660
-92293
-31218
24522
34127
3390
885
55818
-8182
84022
4739
-47101
7987
30324
-94848
5475
-5126
96423
345
1368
-58594
11238
13707
76356
-3978
16689
-14445
-34803
4132
85512
-1434
57758
-12060
-14129
78192
-16374
7468
-10443
-49200
-35478
-14754
5318
2074
-12639
-10491
-2720
-56976
-126933
20510
5941
15806
1306
6477
-20981
-42595
27888
-1458
56496
-13186
-1299
2890
8466
1156
269796
-21430
-18308
158408
-19490
-11494
160061
29071
92502
28736
-21127
107300
-33851
7052
44060
3108
-53664
5329
9463
4625
-93110
53181
-35468
-45178
15272
11384
17220
41016
-36076
7646
-3462
27282
-17155
73634
5046
8528
-8610
-11098
-16904
40258
12664
7922
3972
-18657
15366
374
126889
2487
20820
-190032
-200824
-32176
-22102
-24551
51204
-430320
7160
-14490
32562
29604
10035
20988
13840
-29340
46384
-23646
40542
3276
-67348
-40
-45731
-32099
-8725
72546
-67781
-44242
4764
-164595
-5316
7826
14774
1636
88361
-3684
8210
-52374
-8888
-8025
1640
-69584
11382
25821
14340
-37958
-69544
-107604
36613
58824
50276
102655
47210
-4680
41068
-2628
1700
540
53248
-95876
2460
-10965
-2029
53920
-11355
-3875
1920
2507
49553
-21302
-2862
48745
-34422
-4778
45164
-4924
14558
39699
-67907
-19228
-66048
-3144
-31302
-9968
43657
8785
-7725
5632
-1917
8200
-8976
168400
-3156
14222
20378
4956
-357212
7606
-23917
410
-65640
-77511
-8535
33650
895
36133
-978
-49515
21030
-29212
13245
33360
78132
44139
5775
7556
29640
0
-4620
52731
21213
-6837
-20088
54456
-62908
-273
16635
674
-46202
87234
53934
-90876
-4668
53709
248815
-14862
-149058
22764
-14210
-537
62442
-6250
-24312
-45825
6268
-5962
-45498
-31296
-2601
153704
80622
-2620
-33280
-22088
1908
19920
16682
-53427
73311
69915
167978
-414
-323013
-16119
-10615
53954
2192
3328
-9869
-9504
-189
10997
23059
-8997
25465
-2722
27395
-18828
-24828
4683
-23073
-71489
31744
55358
-4434
-101769
13043
30545
11262
3602
53127
18702
7304
-13202
56490
-5733
2488
26985
-18828
-8423
-11232
-17094
80516
-7410
-48956
-900
9018
43381
8372
49436
3436
10499
-744
-67860
-23576
116559
-96657
-4102
3622
33181
-41636
46478
75320
-10314
-5946
-160762
-7531
-10497
-2625
-6656
2647
7320
-80932
21878
87474
57855
212464
56622
13754
16504
100224
354
-59785
1832
62625
-6848
-39814
21972
-1037
-26016
-12333
-78414
15170
1932
36176
16548
-70141
3812
-29526
-8226
-47564
-61586
-50112
32637
-51333
-494
10374
19024
-8912
-800
4006
-4272
68520
-10075
28426
-9718
-3615
-48932
9578
10646
-262746
199554
-9716
-27713
-15986
2497
5197
59873
133956
-9884
11312
43709
100
-34323
-134702
124048
19065
114258
732
5032
-5150
3131
-3060
7522
1984
33894
96312
71540
16206
-16362
6491
-6298
95598
-115401
-3482
-9725
-10058
91606
-24095
-65348
2528
94728
-12280
203226
19923
35130
-29269
3716
-63820
75739
-147048
-22905
-1256
-13178
-48109
5425
12624
-4466
-4510
-17417
23660
-16232
-6384
50026
-123880
121501
27854
-49028
-29002
35250
119216
40725
-1022
-32924
56040
16424
31785
-6648
24003
7694
6141
-79604
-9740
8040
74833
-65879
-21418
94520
48073
-170360
-59640
-7756
-1308
6776
-2234
-5520
-7049
4026
-113523
214453
774
-293126
-105323
-11152
17582
23779
9268
-17988
9894
-37254
8708
-74880
480
90748
-3887
-59940
-24474
52928
-3537
6025
-57568
-73701
2975
-14990
58834
24501
-267
-51363
-5514
1861
-4338
65664
-148168
-29710
18564
-1514
8355
-1729
52710
-601
-14994
-5559
-88265
9292
43761
331
5805
-10322
-48584
-14009
-4602
-48063
-23858
-16978
74434
72400
-25284
-15950
-11224
137360
-8077
-143530
1358
-4250
-12487
5523
82002
-20805
4363
-19632
316952
-10698
-26806
26784
44506
-24054
6012
-52252
-12312
25506
41144
-6156
-17103
-8972
-11048
11541
-36558
1506
-60262
-550
16686
-8891
-58233
29012
76556
25823
44916
16996
-23303
-20767
17066
3474
-16830
52308
-28128
-6750
-12888
-40618
-1816
-1539
-119886
-24934
-8744
-29837
1706
-23760
-2754
23906
-31064
-1839
-7701
1763
16145
2050
224162
-8550
-14254
-33984
-85956
-62896
35275
-18020
-84068
-678
2242
9552
-21270
15450
-6171
-77639
-43800
-80500
-20531
4928
11610
-68260
-1336
2347
-12204
11400
14268
-188940
-56304
-11403
-41556
-24420
1554
54441
-120543
-13051
157804
524
-78882
58906
56966
-6737
13046
-45958
-5832
11670
-792
-30654
-24590
15854
2400
-75870
-18999
-36651
-2649
-15454
-45283
12028
-8113
-3864
7554
16730
17870
29502
-19336
3723
-34657
-20418
-43750
-21366
16024
661
-28214
30896
-17893
-15030
-109564
-24555
-4942
-122460
29894
-9468
-43158
-16240
35928
-34361
22352
-56112
348
-2447
55569
267978
-40848
-14650
-51661
-9117
15321
13871
-346
-19242
69594
69185
-10881
-17822
-5019
-3216
-39388
-5692
-14886
17619
1482
-164289
-132
9796
-64497
13866
-52296
-5259
-40410
533
-26152
9481
-58328
3321
-78416
-23820
-62379
-37399
-19651
-13312
-12000
53697
181487
-23813
-99972
-124678
1259
2470
-50560
2920
-1284
-68340
26844
-12676
15522
-11400
8453
-147778
-15382
7965
8130
-202098
-430486
2467
6952
-8646
222
270
35136
9590
-77070
-51950
-70
-21384
-3986
34415
19447
3516
-16380
120090
-61821
34236
113826
54276
-18620
11583
4720
-5632
-63620
300
232364
338
17305
-12
-80853
-9892
-3458
6901
-8224
22933
16522
-196802
-157467
6828
-8744
-918
12240
-39107
1716
8819
89799
-616
-21507
-129326
22316
5712
-16467
-21602
9536
-4268
87168
8239
1274
-5154
-16750
-11966
36114
64042
19844
120602
171286
6702
-5456
123330
-21825
-73471
-89755
-17874
-304938
9182
47578
35396
-3014
-12333
35816
-112320
-65922
55269
143410
35463
-21292
-189
-13678
634
42337
120966
44802
2324
-30072
144
8741
1372
-28548
82661
-57390
-81887
18127
-15738
5682
22718
-4276
-57735
-85526
-16434
-10394
-6703
-9918
-22681
46139
-24418
5817
-3280
-2682
55400
-41563
-140310
-889
-166
15524
10936
-58146
15465
-13756
16602
39397
1115
23334
-84542
34412
2572
169506
-71985
-13374
8010
417
77916
53983
3518
28313
-17376
73774
-22524
-179711
-18858
49714
-15580
7487
-2556
-46379
-15078
-15260
7263
-15
-5562
1912
4566
-57035
-1723
2091
3010
16084
-75855
103766
-3753
-15398
41762
24129
-19600
44832
-11970
22572
131674
1242
17350
42306
34339
20052
6100
23943
-73450
32252
17930
-7346
-17713
-21214
18316
-3072
19015
12925
-7120
-1817
27826
-59224
-28350
-6870
5000
8996
3471
11496
-1070
497208
-6314
-40620
-87688
-7836
50433
-29316
-16776
6175
-24235
-41508
-2852
30420
-929
-2268
6914
-3056
-89345
1400
-264
161538
-8688
-4896
-2964
12880
-27764
-35802
152532
-13155
24858
34771
-3900
5602
141448
-61064
29001
-2086
-87375
11118
-61860
-1596
-768
45331
-6488
-14439
-5635
9636
-1706
-16465
6990
-3645
1210
-31568
-45039
-119952
-22272
-57724
26559
17700
-5500
-10612
-39209
115330
3732
-59192
-4736
-27972
49449
-15579
22737
11473
215
-54489
4960
-26888
-13446
37468
3109
48681
58120
-6730
-46275
-28026
117229
11256
24170
-20072
-22809
49590
13556
6102
28163
-15396
-18590
-85848
72972
6748
-19680
90882
40158
-155
16935
-20501
-23702
26410
-47901
-14022
11134
7484
84365
633
-13142
-4176
1274
-6832
58644
17230
-20678
473992
-4153
-64521
-33196
-2800
-121485
-12555
-6600
2868
141479
-79495
9015
57188
-158574
-71848
-56620
49227
3197
-105246
-196932
-46434
82496
2008
35739
-25369
17766
-61548
-25850
2760
-7671
85718
-25311
-3018
-37155
-37100
91728
-2314
-35325
-35455
5587
-6778
-4542
50380
-16840
-84996
8424
-5637
-9422
-1729
24241
-96118
-8270
-126768
-55355
-623
1098
26142
-33990
-32024
39243
-5136
21423
16002
-23442
-12616
-12012
-9330
-54257
-142977
4105
50388
24643
477828
-46203
53636
5229
-305388
-36014
-16097
-99548
-44776
-4593
-920
-51124
-7608
17880
68733
19897
9027
-24958
7576
-226229
-10789
22616
-32738
33864
-47360
-39879
-332834
-7503
-12123
5584
-10922
-14047
-478
-13685
-8224
118772
-25142
-9817
-18524
-33460
33588
-1493
41760
-1536
-93130
-291
-28123
-4072
24801
-2100
-2730
8529
25718
-15250
15788
-21564
51920
-40408
20658
-74408
-16821
-50700
-73330
-92548
-52532
-19985
-118218
-9839
2850
54720
23158
97593
2748
23592
-7284
-63764
-54668
63186
-17787
25908
7512
-24859
10020
1536
21892
47124
258
-97689
2203
-6716
-29148
-45111
7103
4295
-4290
3588
28432
16308
2071
-15558
38442
26200
17100
-155950
16182
69372
69316
-1346
284
-15798
-114793
8290
-16410
7854
36941
43848
1649
-3261
-21118
-2878
13792
67175
-21898
-6216
282
11400
15386
-179056
-72228
-10985
10524
-7224
86718
149058
-1720
7629
-54098
-205146
21827
33825
23559
-23306
21815
33496
-6270
1584
2450
-30124
1898
-2441
25370
-31190
18313
8374
-8504
-83187
5204
96990
-253049
15402
-7360
4568
62349
31142
15323
7137
41008
20398
14290
8199
-5962
-2300
-3389
37111
8115
-8307
13902
13184
-90060
3706
15288
42110
-96372
-17568
6292
-67664
13272
243310
932
-26100
24020
6172
-950
-85188
40258
14081
7691
-14631
-3805
-113882
-12936
41660
-4572
20232
56320
-5474
-104408
-19362
18512
3883
-857
33091
16673
54366
-5220
-26953
3857
37815
252764
-19022
31359
-8793
1473
4263
5074
2796
-4743
-2346
-60519
90184
-33504
8532
-114646
-7908
61635
-54696
-50586
2074
-5010
-7292
-36406
91617
59318
-9698
-1025
-50904
-7710
11932
20827
-17304
-212214
23004
28842
8740
40090
-3100
-27556
-9774
8410
55811
912
-574
-1738
910
-6790
126146
-4782
-270860
75695
-9487
42368
13084
-24030
-2462
5293
-35964
29886
26408
20468
114764
8670
913
13418
-1927
15071
1989
-57476
4375
24572
21366
123144
-163251
8124
39380
-14308
-106274
10715
6960
69759
-4660
-7764
143496
-18247
-61278
23553
-3964
-984
-98512
-2843
-101174
1920
-10754
32848
12205
1452
-1947
6298
6616
-41681
18094
6694
16627
17430
32591
-3524
147822
7345
1507
-131510
3053
28110
11944
49202
-36208
-35247
23397
-3960
16418
53568
75396
-19377
10182
2188
-13114
22406
-25314
-6023
1365
2985
-13090
245
-5746
-6693
-22260
-166
-3431
-13186
12564
-39259
62438
-9065
29357
35245
6203
51547
-17560
-45624
27570
-2952
-3995
19392
-3617
-8360
106701
13188
13138
2919
15750
-140741
-7805
4308
-4937
-47378
-12515
-57746
-44814
27722
7920
8512
37777
600
8225
-28704
4250
-5859
13151
43756
21715
-53129
-32702
-21243
20831
24544
-24405
36398
5402
-2669
10900
151731
-59355
-21738
31704
9444
-24
-25477
-17901
-40756
8112
636
6084
-2190
44454
-3296
161506
-14442
-22040
-6785
-31790
157062
104745
-16518
-66904
-14070
8430
15164
34460
27376
6022
-18697
5466
-4880
120360
-7562
103999
-15758
11096
77313
-177384
-9005
-7263
-9284
-41846
4440
-7915
45791
7890
56540
2016
14899
-4289
-11040
6096
-33875
17778
35088
-70200
19320
-5516
-19882
5265
1643
-33298
9439
2320
119829
-366
40032
-77155
63154
-13756
-2817
-57142
134673
151130
-33722
-1888
89418
17212
59782
-15171
8850
-18828
18752
-25655
1772
-61387
59207
-13721
-18896
-2158
13259
32416
164
31465
5615
22623
-12515
89479
62480
-125810
1372
-49707
12508
-11573
21720
22482
-51011
154087
12526
63153
-25592
-2888
20004
-38866
-17784
-7897
-34390
86834
18493
-16020
3150
79584
71968
100164
-53097
-6168
4150
58271
-5184
-15630
22650
-17193
1048
-12648
2269
-21284
-9408
-292696
-6257
11298
-6531
17034
-34140
-17856
13559
-48274
-14844
-121473
10454
-3262
-1658
4939
4568
1552
575
16640
11372
-3239
-4718
102908
-6109
-546
-815
9052
3200
2052
37854
-26248
-17718
-152642
-140984
-49239
19266
-52176
87484
-24720
-17036
474
7102
-10840
20826
837
-64991
4784
-71645
-5508
-17559
112594
-6279
5881
87670
13915
-252128
62320
-16639
-27395
-214431
6657
-20889
-41539
40867
376357
-28496
-5333
-104340
15373
22105
87404
-22826
-1637
8106
7440
-1364
-28296
-75304
-35892
13212
-1744
-146354
39934
-63804
77421
29616
-130
-18829
9323
-75322
198996
2002
-18057
-95213
7862
17598
-716
-4577
-61280
-5908
-19608
-2005
-184484
-21602
33927
-46344
14921
3897
10682
-97748
-13020
23458
35028
89936
-9744
55206
-49753
-15622
-10330
-165528
3268
27194
78368
-4423
7914
-114930
-266222
-40939
-18651
62328
7980
-49764
-11628
4333
-3894
20848
-936
92850
4040
-6044
4704
22546
7502
-58898
34884
474128
20462
32907
8360
-57507
3458
-4057
-16404
-3184
52820
15835
2236
8607
-38728
-64656
7846
252
-2592
-11705
-92760
1254
-32928
-15176
-16904
-126
12468
-12398
-98352
-21256
24690
27447
24826
5572
-18041
4132
81655
-6599
-420
6020
-17642
78397
-11218
4492
-98
-189
28831
8766
22966
-43193
6662
-6738
-1086
14601
26838
-5560
36138
25935
24714
-10533
3500
10520
1726
-1233
83610
68744
150555
24408
-321
24926
21686
30366
1821
7438
-14690
14778
-1716
-1561
-86424
25371
10357
43100
-47328
-62526
15149
63769
-15543
7115
-3728
-1495
-1340
8428
-20932
25564
11704
-12780
-6252
-91188
4684
-155118
-2224
2845
-13093
-6192
13280
67852
44380
3718
10401
-41267
10347
-16644
-132688
-11834
-15519
9914
-105570
-49047
-97312
26359
-55535
-144698
-14048
-20000
-6384
-44978
-246973
96942
-10411
53480
-69966
29622
33302
-206871
5654
12720
-1387
-20922
-146959
-24744
-970
61776
-46958
78246
-6170
2682
-109292
-47028
36480
183618
34966
179235
55023
-13828
-4800
14556
-6707
-46940
-229949
26256
-17774
-7351
-2100
1175
39584
-12660
-753
-32163
37854
18208
-799
21138
136136
-24427
-9604
-23296
-7249
11946
-4410
-67320
-4114
6324
35496
-5247
-36420
-102248
-81214
12602
69534
-17487
7520
-29470
34791
19971
59875
28889
36870
-23970
25875
2988
17512
-24808
73155
-21145
51080
-6716
7896
-7250
-17944
2361
20021
58110
-14178
-8776
-71844
-2292
122600
46236
3118
-105420
13319
-6698
24498
-71358
-29271
23539
-11499
-27060
-2059
-86109
39087
142118
-1980
-6230
96886
9186
-47548
25300
145544
14900
-1426
-51872
-106203
33714
-1212
3878
-9420
76963
17574
119832
23312
-9264
16947
-16506
-80726
-7509
84312
23897
-164684
4420
-20724
-9900
-74001
37758
48162
26868
-2300
10166
-12834
5808
5325
-4126
-2196
-19715
-108982
102874
187084
-6613
130
52592
40544
6120
-984
179856
118372
-28330
52277
-9259
25766
-105701
-7818
-151
-25333
30353
-6808
7605
10137
-19689
1218
30377
-64252
7262
6379
-3541
-6860
-2378
-4536
189396
759
-22294
-26238
-18512
-2717
-30875
-6705
-528
-14514
45737
75470
-16242
4086
7204
42107
-37921
-157699
-45594
1600
61788
1256
153252
-36731
-2736
-131001
-100404
212910
14312
-22894
-58374
7875
-480884
4707
3754
-31956
-4698
20824
-4396
23496
1791
-17206
783
41312
6056
-18414
-9711
-13056
-37884
-39369
-50403
468
-22000
10678
54136
-182508
100800
-85486
42977
-236255
-15984
-61185
-93984
6081
9225
58743
558
30807
-5815
-5122
70849
24172
16137
-27786
-9580
141080
-23928
-69075
-6660
-58386
31338
5294
-4316
84638
-22188
18742
-59978
-1176
12163
-60306
24346
-3481
-20262
-20140
-70876
1658
-19266
-32863
-52090
-5070
-2956
-8632
-9690
-49190
3242
609
-3390
-5478
-74340
1643
25049
19459
2258
-18654
-21300
-284
3348
31072
19832
-374315
-24114
21500
244848
-9312
-30293
-20375
5092
10916
115598
-45330
-3728
-32536
-44331
-20937
-13780
7943
-14250
-23610
-18394
-35966
6140
-15721
-21174
4582
9286
-14412
4032
-12754
-2597
7700
-2212
8028
13715
29702
13591
-2302
17392
-17124
-40217
5226
-29759
36832
-125844
24406
7265
2297
-330
-4494
-21551
129486
-422
-26115
-7645
-214606
14780
7966
-38538
-123496
12782
58219
-72404
4417
200
-75574
-97754
-9715
6125
19182
-121
38076
26184
-2896
-45204
-11168
-7501
31899
121961
-46179
6154
-23816
-54998
-1892
7936
19378
16
78306
-6150
-21167
-10717
26058
30728
10430
-24838
39218
44686
-1010
-13903
-31740
-10892
-42522
-5676
14946
58310
42710
-398230
3153
19716
-84074
11240
6120
5023
17196
-15231
-69444
-27284
-150606
-12893
50192
-27412
-6970
2926
-3125
39290
41359
9534
-29259
-28111
2590
-20340
105780
53456
33175
2761
-98103
44700
54961
37986
75780
112093
48243
127980
32393
-4198
3375
76650
-18085
-560
2988
5561
133487
99706
-8096
-266
9957
55092
-7163
-542
-44300
5368
-1508
-111779
23392
-10602
83700
-2253
180491
-33064
-67576
-22431
72660
-15912
70294
324
-28392
18961
-1280
-10602
-15606
-23709
23620
-54026
-130740
-21914
-19123
2660
-57816
652
-15402
-5400
45136
-47182
1500
20136
-162866
-5964
-17115
137625
55050
-9324
-59512
-28270
-31862
58791
-82484
-20536
31696
88972
23762
-49008
-24880
22743
120334
189501
-6084
7845
-33645
15600
-14037
26241
-48048
-14560
-8424
-10185
-17574
25085
196926
18903
-116
6138
-50598
-10908
-1449
-11401
-61686
-946
8576
-182158
4963
1530
-10120
-17071
4241
-1065
13086
-29964
144507
1872
7785
90616
13262
653
-50158
-81763
-25069
-14282
80888
-58770
-131652
-309950
-2948
56808
33423
5755
2161
-5877
1442
-3657
-37476
-16072
6232
-36942
-17668
6761
-76090
15920
77968
-15347
490
-441
-5883
15968
-8976
83248
-22198
-58358
-83058
4491
33678
5460
2624
8096
-5477
22113
-52077
19908
18142
-56586
-4329
6349
9891
11911
57882
-28196
83606
39379
-45552
-11151
3394
59229
-6030
-6766
74293
96232
-23682
311
-478
1320
17217
-93920
-16614
-71486
-5128
-8531
175210
155882
151076
44300
-98373
3816
34199
15260
7159
8151
1584
14214
5620
50085
27356
-41404
2297
46442
13072
1134
-998
-19652
-8994
-7380
-4542
-997
-19694
12896
1345
-1600
-72893
-12664
2607
-33
1830
75794
1100
17136
-7613
-6739
-186
-9548
-1654
-44592
-12502
5108
6645
-43532
-20118
-3948
-91555
-9805
-667
-61748
-282506
10380
5524
-7887
19328
-4429
6706
3468
2932
168029
2288
43789
134242
38628
-16396
19326
32670
-23934
-30056
2924
8797
-49952
15680
45624
-3654
3009
-1224
-6267
-14092
-4823
98387
-18991
43936
41060
48270
-50710
280
28540
-14329
1010
-19149
-159284
-141404
-45070
6612
-104286
27742
97660
1694
-28405
-42184
97110
65244
-1384
-5432
6181
278564
-17043
16061
-34061
61493
-33314
119136
41102
32760
-21410
53948
-66281
14501
-24349
102206
-28668
-5088
-33793
-3578
172
4744
-5838
-5120
89290
16730
-412
-3581
-48520
51210
22320
10488
-2850
-17998
-53794
-111286
-8832
101079
1820
2068
-5954
-510
-2388
-38140
-95445
122578
456
5931
5221
-39604
-55412
-139
-16975
-14205
11169
101516
-23733
3418
-27252
4617
-14438
-9072
15807
-13020
237677
-17938
41034
18570
6840
53196
-19939
86517
-14280
48327
9842
-28304
101463
-60303
2244
6424
-870
10440
24636
50630
-48448
-63421
25735
65664
32676
2616
-52496
-27404
4688
18066
-19324
69234
-49317
10242
68915
-18308
-14092
-53192
-1218
24855
-40500
94617
16685
162162
-21886
-85090
77067
9708
-3589
-5081
146853
-3903
2432
-2511
-12300
-2466
18200
77060
-2324
-38336
11577
-19778
24912
2204
-4406
2382
-16802
7240
-4370
28414
46058
152732
-42441
28851
-95370
6975
-90015
-17885
71739
-18548
247737
52048
-50728
-163504
-2290
1166
39886
20486
18776
-95009
-21084
-29376
-2186
-2864
68864
-31050
-84831
34778
-35654
1463
28404
28171
45350
34532
-11984
-37694
-7066
6123
-34470
-50650
258524
-55222
-924
4236
18840
71721
36750
-44402
-15072
-56004
-14812
28078
102054
-1172
10044
-4286
-65504
-52149
12576
-8810
-9792
3625
-24056
-42330
-46389
498
-27415
13639
-119303
-32873
10756
438
11515
-1944
-104053
-1107
36370
-33414
-64389
13350
-80945
28308
130799
1420
42674
-4683
-36347
14948
-63660
226762
3914
-16494
-3936
-29250
803
1845
-24246
92369
-4332
-752
-8438
-71474
-46783
-4506
-47526
22866
-8848
1010
-11100
-10944
14378
7206
34472
-10632
13051
-2466
-9904
-16396
-19805
-1600
-434
3804
-22634
95700
-11148
-23964
67308
39078
-21075
-12255
92184
-31586
-924
2478
-14903
13172
-381936
4000
-26635
-12138
10114
-5734
-263107
91783
-1692
-56376
76930
-61168
-30418
-3289
-15228
-43610
-28283
33390
6238
-163624
134232
-4413
23368
-4542
-15730
438
-20466
13431
14326
10664
273470
21854
-62667
14839
-26473
14647
23339
-3220
-13736
7469
-32160
-38118
8940
1248
-113644
-82170
-21232
2520
-20727
-61138
14156
14408
-12736
-2608
-7206
-10928
-1579
36752
-3313
51136
24141
14567
26985
264
2642
-9410
-74504
966
-132267
91857
78100
11456
11130
815
20243
-25962
-35368
-25196
552
-1443
72514
12849
12021
4427
6417
-20691
38172
-29572
-13530
-3996
-11466
8632
15605
-7320
1652
-6897
39066
-130740
-204328
20100
-28790
17559
32055
17577
-5186
-540
-11764
-14444
14578
150380
22532
498
-18984
4534
-1644
151824
-11432
28512
-8248
-5799
23598
-40498
-920
924
11882
-51179
-74329
-7026
-82135
11085
-19288
6017
2873
2875
-386468
6967
-95059
-6176
17758
-36598
9315
-2261
9988
41645
-125800
14609
59734
-90994
35329
-56860
-20319
41100
-14947
-42294
-69000
-44136
13661
19263
46451
25822
-4204
11587
10162
-25770
1957
-7982
-24490
46770
-38012
80025
-37279
32036
-35940
14027
4666
-14215
21696
2544
10521
-3479
62901
42609
-12944
43560
-383446
7056
-6960
-49276
45990
-1427
-35984
9153
26912
5757
7376
61134
1296
-13384
3240
10796
-12384
-58720
125166
588
-97960
52348
-43596
2052
-2384
718
-100086
-8703
10032
-28224
-13152
1530
19221
103552
151341
-28370
-4530
-301
7590
-8238
-4260
49594
17422
-10624
-63056
8775
19705
223816
142088
-48656
2386
105238
-15765
-6188
-14549
29155
78999
-86096
-7910
-69340
35789
-25007
19554
-18180
-144760
-3762
-8878
61184
2663
-131970
372
907
-5693
-35748
5113
7677
-37402
22228
-36515
-22246
718
-22652
-14316
-17516
31040
2272
-281568
-263015
-40642
-37168
14124
9002
-17314
592
-17030
20511
-813
-8617
-13746
436
79297
-8514
-181174
-21754
-23944
7538
-26372
8715
-1984
90972
4179
77784
20340
56909
-1023
26388
-78028
-21676
-30097
441
-1872
7812
8356
-35828
693
-75543
29525
52481
5910
1187
-11072
-1000
-6148
19916
-8037
2354
194632
58160
-1409
-47673
11880
-6495
80614
5395
133456
7008
-2622
31395
39632
33051
-16734
-8516
20695
69024
20309
682
-4114
3703
20947
-32013
65562
226
7664
-57512
-17912
117728
-6757
-42575
-223896
6008
11550
440
-64519
-23197
11921
-4200
45377
1754
-25814
28370
-62736
171455
237122
152112
-5964
33553
-14848
28470
-3844
50082
-6640
34236
8350
1015
54947
-338886
-50064
3084
4215
23826
-15552
-1823
5790
-36329
-1388
-6537
-18829
-6342
6140
25832
-961
2688
408
95994
-13310
28985
5444
-40802
-433
14716
-2160
3438
-6168
24656
804
10910
23505
7992
-12720
6280
-8712
10824
-14072
11163
1169
-485160
-1224
-77022
-8124
-4614
-56814
-29869
52784
160514
-11856
320
10124
-22320
24972
22876
38402
-15756
4884
39078
-16226
1356
45730
2484
118404
-124598
-5604
-10560
-3813
-11886
31992
6612
-76569
-23022
47112
-148
425
-14896
-8326
22824
5441
-6962
114672
-55738
-105200
-37384
49142
-6112
-1490
-11622
-59963
877
13234
32377
-104910
88276
-88062
924
-10072
11667
2075
-33640
-42558
-4991
10527
-4713
-2821
-15928
15999
-13128
104073
24274
16702
77532
-28048
-24272
-17573
-2026
-70779
5665
-73004
-184692
-9452
-1465
-52968
-39257
11342
756
35028
-150601
-12969
6222
-3064
12385
-13101
45677
-123386
32421
-10878
872
38706
-31208
7069
-96
-35394
9500
-1376
-26319
-7346
-890
-14950
41618
-11931
11592
39492
20682
5940
-1257
5228
-7564
289092
-3162
22860
17598
-85110
29328
-69661
10374
131261
32538
-27870
12449
19422
74226
12338
4684
496
97772
4893
5378
-7882
2296
-13390
16756
-5684
18926
48784
2292
38992
-760
-4726
45176
5364
-57960
-1272
4976
357
12879
-12177
-93842
-91628
-15000
-1999
-194220
-48096
1834
-15428
-51797
-56841
142892
-3896
-81558
-422136
-150255
-9143
38712
477
8892
-29308
-20985
-6075
-5283
5078
1274
39536
-7233
-6856
9323
15085
-53746
13305
-10508
-106080
-4872
-6292
38446
-3549
-42183
3024
201381
59614
2441
38127
30436
-7591
-2651
4577
-18004
15212
-4966
-7303
66560
-14917
-91228
96695
-103506
-11042
-82429
-1265
120
-876
-50755
-120
3891
71305
2426
14124
66940
5568
-7917
-36390
-6866
-114046
-34454
34444
17585
-64606
4900
-16400
28258
-5238
-11000
5078
20927
945
-854
21317
17520
-10792
117634
-51072
17647
-11698
-4354
4989
-50924
5740
-17118
-5105
-30490
-57278
-280716
-87244
88381
-67206
20592
3067
-38424
-25144
-6433
20679
4338
-17546
3066
-6096
4981
-39394
232874
980
-32950
6592
54946
-61065
4053
-1618
-3848
1992
-119292
-4242
306
-80012
30170
-2126
24267
-78122
-3665
-22892
-5296
864
74643
-42750
-12593
4680
-30032
-1396
21904
174932
55848
-44908
8816
15630
-88524
15476
-33106
7744
-4494
-4537
3230
6092
-152464
54300
-7542
8454
-16944
7148
19296
-9329
-30365
20714
-815
-31479
15504
-48705
4770
20667
466
15870
-52557
-11264
10864
687
-16718
3660
253297
27708
5116
17384
141776
-4602
-37470
92576
2480
4215
-2476
144655
11782
-7436
-11868
13361
10005
58744
113640
25695
-30612
-79292
-2650
-68178
1750
-13253
-2738
2761
27698
7866
75033
-98761
104663
-57120
45722
-1328
-5389
23904
69611
3620
-191708
-4048
-1246
45143
-70287
-13618
-318
6120
-12424
-74958
19326
-277
27215
295280
-10915
979
-6488
51377
-9748
-54052
28050
12864
67214
-13525
25634
-20580
-67155
122576
-19508
-4501
-37842
-64136
-3974
53808
33933
-15580
107786
-2920
1776
4024
52908
-17801
1670
108
-15438
-74467
-542
45878
18708
11946
11954
33272
67634
45141
-15589
74242
-7776
-22635
16680
-73976
-95550
49143
-9861
54149
83033
-40275
-28159
9987
-11172
73849
-2582
7722
-5045
11153
26958
26248
-126108
41004
-9609
15645
25515
8352
1467
60465
12527
-22155
-28296
-84760
1203
-3348
-297440
-54470
-6714
7614
1020
2124
-35674
-1171
874
-33564
-104108
-33088
-5113
-12652
-101698
37727
-6799
-1951
24027
48
-346
-4812
-6285
-9684
2216
-15873
-11492
-6486
44115
-9649
-5906
-74212
4077
-53727
14000
1768
-146146
37420
-25074
-4624
48304
29124
-18564
52742
-168405
68325
-368
136518
64828
-11738
-3951
-19232
-24135
64395
128816
696
46632
26210
-88866
9390
51611
85128
15144
-20562
1927
48590
7137
10097
-15836
-13630
-61426
-11487
-3570
43904
50226
7155
-7328
-46234
133128
-129450
-23322
10164
15063
23632
23944
9832
-8875
-11012
-16110
-12012
-8414
3376
6806
3030
3610
59976
3768
-9772
19077
-2906
-11158
104250
4650
-25354
12497
194836
-191462
45093
-8390
105720
-12648
73186
30132
60828
-2460
24765
77366
18880
7854
-17296
-52603
-7898
-81212
26030
-5481
33994
4284
28728
-38
86230
17366
17172
10341
-139646
4356
-9553
-26376
-63343
44752
29496
762
52963
-1433
-49244
-73086
24111
2411
-8398
-41956
-21810
15173
112796
-38850
90709
14118
14083
35053
12728
50715
2529
-5737
-6129
27514
862
-25448
4597
36078
878
8634
5109
-20618
-138754
27840
-1372
-6789
-4386
58335
38419
-120
41174
1090
131
-8288
-1442
191660
12597
15670
-5412
-4556
-3825
-42160
-172130
-194931
28785
-6832
23868
-12115
-39177
-49744
-29420
4716
-4572
876
6171
-104943
1818
-42180
-20889
66032
69206
-11515
-2170
37011
-1575
37464
1515
-399214
52048
-187125
-34562
-6446
30736
43520
88811
-28066
-11381
-48082
-64590
-24764
-13856
3451
10099
-67755
-16288
-77460
921
35907
8492
-80758
-99366
10101
-26274
-36040
-30427
4716
7531
15478
45103
84513
-55263
48224
-42428
-3469
-62045
-2908
-18896
204980
-74103
-2152
49928
37398
-22965
-31404
-28761
-25588
-14232
13284
-5514
27087
-5532
4499
-12284
-77654
5560
72602
-559078
-2114
-107463
7338
-20192
2771
-150806
-13160
-16266
3032
3296
-9462
101208
99502
-73934
13188
-3082
45200
-10986
4427
-37461
-3501
-25136
-12146
-12777
-3432
102310
684
21736
-58668
9597
-48014
-32348
6318
-45641
-17939
998
-16422
-173065
-158992
134694
-1155
66710
-396728
-214304
87275
7513
-51906
-91186
-5880
23595
-6
8782
17964
-12000
-42063
-1962
-2620
-23592
4013
47614
-33861
648
-87559
8098
-29003
27688
-431
7904
-180672
-640
-5736
-41334
18726
-7966
820
-23076
156
2592
-122505
-6014
-6336
480
3167
3189
-57384
28706
-14179
-19100
-21858
77668
-12202
11442
10073
-14
-25392
1505
5480
-52500
-54832
-186164
-4662
-5831
-181446
-31916
-26546
21141
107226
-38360
-959
-3383
5620
-27772
-66320
25762
20387
13404
-438
48856
539
-36209
-39621
-59634
-7427
26862
83265
-55161
3423
-63344
5140
-12334
35676
-1893
-46896
-202
-624
-9600
-12577
4637
-89732
19172
1314
-14913
-23352
-21695
-2133
-41764
-40080
38621
-51449
9584
-24982
-45648
-11037
83524
-5906
18108
13110
2994
9424
-97620
-7928
-14848
-16626
-50715
-60660
74492
2560
-40292
-30258
225270
-29490
8058
79534
60693
40858
76020
-2176
-39404
16487
10670
42819
1639
23787
16540
17639
44684
-22836
70308
-142209
261000
5376
-15721
3830
20727
28410
-22503
146928
26938
-53322
2625
29130
-38172
1148
-1245
29856
1829
-5492
15429
24540
10754
6660
7175
15075
-210284
20
111089
52777
36635
154755
-4016
-992
1228
57814
-3330
27107
2244
3601
-1186
-46461
-33189
-740
-46862
-23952
-61487
-6582
11269
24972
328868
-6390
61074
137192
63616
-1059
13765
2620
2217
930
59154
179688
-3156
-3906
-32654
-25450
28138
27855
-9055
-66174
3342
25567
51423
10164
29153
59224
-86894
20872
-84857
-10048
13894
-8577
-3686
49799
20817
-2976
85851
106683
-72669
43365
9786
-28800
-3585
34753
-41141
824
60
-234
-17910
-4222
58136
-35345
15601
69473
-10076
4726
577
17292
-19421
-17900
11759
193914
-75906
-14016
26672
22602
-47385
-211140
26235
-18640
-24293
95496
54372
-21020
28538
-44944
-21706
6325
32232
-4690
-23616
-16260
61200
9081
30024
-3546
2105
48810
28085
-69450
2644
3744
6923
-53462
-17597
16792
-219219
16506
18831
5359
-9700
5500
61268
-4287
-1644
2013
8064
-86627
-11004
-1014
-10104
-4392
26262
16037
17957
834
5388
-23692
3279
-80817
-22092
-16978
-80136
13461
15586
-9020
119767
-5661
-12864
-4034
-69483
-8914
-87250
5645
16103
13314
-87360
2812
77774
35299
-130413
1671
-136885
-18539
24948
35199
2939
-1892
74977
2964
52866
-13204
-211885
-3562
-13399
-11102
-7790
-54184
-913
27521
18179
24308
-43420
10147
-4197
-1120
8461
17892
-52594
-2896
-32448
44721
-2254
-2082
46392
24960
-8349
21538
-22693
72848
6753
36586
1438
-9030
-245654
-53254
60842
3646
-12396
5161
28443
-55402
-69025
-102312
-68275
-20302
2142
116878
-43936
-62295
7337
-13846
-211220
105204
12593
-49223
2906
-39856
-13276
-15766
61997
169728
-7516
12098
12339
3344
61110
25644
89736
73486
25777
-1164
-9646
111036
548
-21853
-7982
-36832
-2595
-45018
-87141
-5506
-1911
-20135
-878
24840
-13378
-17709
-8498
-11608
77708
5746
-120275
-8247
22912
2926
38549
-18280
-124668
-7221
10042
4245
12338
25780
-80106
-47733
-13872
44712
49356
46887
-1475
22407
-217
-6699
51572
76860
-1620
-5440
-6378
-39236
108832
37844
71465
-1350
-15224
63794
20385
53576
64822
-9396
36456
14700
1419
-48471
-7110
-9417
20898
8584
63467
-22720
-10140
-38940
-65043
121860
-2177
-23650
-27783
-17038
45900
-35417
53032
59970
-40752
8797
59426
383266
-2964
100848
75984
49548
-15756
-2917
50008
-4568
61872
46525
1419
-21325
261
-61036
16518
-26337
-6426
17522
15642
10378
-12355
-3067
23997
181677
182472
50381
103703
-3021
85664
-17840
-2484
8505
-22129
19907
-46152
5709
8973
-1404
59625
-69324
118438
-35893
20976
-9330
-499
4805
-66268
-6172
3572
21458
31416
64860
104709
63009
-118878
23825
18498
3330
-23938
-29062
-48556
35751
17691
-6403
-1966
-58731
48213
432
37475
53726
-12673
-1168
-6991
23817
-76055
4760
3666
93888
43324
-21460
-273767
11570
59435
-4838
1950
-9825
-12072
-416
34268
-139814
2677
15165
35810
17564
17008
54379
6978
-4500
-20151
15384
2296
-40172
29476
38819
-2028
-71583
3816
57106
-5000
10945
50751
11046
-4926
-25300
-13042
-5792
54888
55668
-23743
9196
14788
-103286
26524
-6433
-50760
-44685
10815
-258
-23150
-13756
-19265
8856
-6522
13219
64893
13
5034
7530
-3165
-17656
-7533
4122
6436
-261
-30710
-18300
-106389
-17290
-3524
-183
-128854
46112
-538
9712
-33286
6173
-114409
-80988
-48160
-37042
-24409
-5628
20412
6919
30801
67884
45298
-5838
-24751
-53360
37012
1767
146757
60749
-10010
-29760
-53389
-10830
-15178
-10898
88
19152
18984
48
-21345
2206
5838
183614
3690
7718
-126585
-30204
-56627
-130580
109936
-85660
46900
44088
-11742
-9532
21477
77656
55630
-8958
-17044
112280
23646
5969
-40850
72891
-58278
17303
-12881
-7920
3152
2862
-90100
37544
-62271
-22378
-1534
-6214
-8315
-15042
-708
-1267
-21518
-51063
152982
-31761
-354816
-1825
-4919
13377
2646
-4827
100026
63687
3133
-9435
67182
15750
92829
84276
356
8844
-40780
-33188
-6800
-124650
-21823
-19158
-6192
-259145
27217
4424
6467
53226
1646
-56292
-2311
-20584
51000
-11177
8996
-16130
-27208
75290
-20676
12540
-3333
8428
-21934
22944
-43328
-12927
8957
8222
7491
206176
9746
5546
-27434
-43676
43428
5785
10686
-11547
-4740
-64290
-9918
276
-6436
-44161
19744
5655
59006
47674
-3470
-17568
729
-37960
3226
264399
-17039
-52958
-56578
-719
13252
32316
-124450
4794
-7989
100579
-6336
-6861
-37642
19534
54072
16150
70940
-3996
-26890
-8576
-1866
-54609
15466
-44633
-30387
-1612
25542
60512
-47352
-63173
26215
33906
-15536
-12359
-3064
12909
-45065
-2695
22660
-26762
2008
11572
40876
-11809
31881
-114430
-21236
-14848
-17067
-18119
-1995
7925
2096
-36652
-56905
-338
39305
-15255
-53779
-38496
-33469
46186
-4208
-8955
5842
159558
18059
36798
30690
-2006
-129156
-63980
-12352
-55232
1466
-22092
-9926
30375
-23962
1562
-12466
110038
10854
1266
-2299
-4291
-79808
25426
-2050
5942
-13014
42260
-1532
23562
-1303
4293
1650
-9353
39016
-22498
42858
29654
-29043
-35034
18042
6248
-9079
11665
-15764
27618
93608
-41101
43786
16256
-31452
111664
-33028
74037
41370
-986
2136
-53260
190539
1268
-124896
-3680
279016
-9450
-5744
-24088
-106704
-32098
6600
13690
-4069
510
56893
-9741
-126012
34514
-23782
6737
25212
783
6856
-43636
-39449
26862
-160970
18969
-4978
-15955
25224
-660
-325
174430
5246
83641
-24905
-16545
38087
3171
-31746
33079
57832
22800
24465
-8781
-22737
51
4536
14992
-11129
32903
-562
8284
174921
13374
3756
-75
48328
-26626
6060
34258
-294
23028
314
22738
440
-6699
46428
7756
48711
-1698
-69192
-61970
-77487
-1287
-537
15125
55988
3452
-28320
-18758
37777
53043
-7654
-68151
385
2323
-37552
-7659
172428
-21052
-16022
-106539
-7455
2663
171360
77
-6800
-98945
-85810
-40185
-2779
-19111
-31608
-4828
50
127767
-42534
33056
20946
-144896
-4320
-22035
2302
12047
23808
29176
-195984
-915
25786
-6396
3110
-69125
15284
-10248
105016
-63571
-26910
-3210
-8704
-25255
41152
39692
-12136
-307
27156
3578
-40589
3480
-52590
-12071
12434
-10151
-5546
57693
125625
-23400
6496
-27013
-13282
24692
-60007
-67935
-30417
27848
-19775
-5196
52836
-6002
5142
29452
46217
-78254
5096
-68478
4288
-24010
-17589
7842
44604
7539
-15984
-32271
8685
87841
-18408
19380
-1360
1516
3420
405
18234
16326
-4823
-136410
-17160
-14769
41248
4268
4188
-224630
15060
-28264
-7580
18715
81906
-23068
-148749
96423
-176755
25395
-22393
-41192
31735
-39897
-99836
-6426
2125
-1594
8302
-3206
-21156
5916
5838
-128818
1708
-11015
-1650
46209
42140
20947
-147356
-1270
-21461
-278
1827
-6975
3762
5442
-2383
-53755
63737
-88939
-35032
-1
-6908
8058
5092
12660
-15702
38868
-2118
4332
-7194
32923
67584
51199
-9082
-8111
119946
-16849
205421
19436
5508
2416
21000
-148096
153888
8325
5648
2996
393856
-394873
21863
100764
-19278
-9848
-4340
16900
-5669
-13726
4968
70506
-36932
184709
-19407
4741
-8913
-177
-56375
3001
-42840
-8003
-13366
17902
13164
-3836
48160
133464
-47710
4103
-67520
1414
44625
14632
31419
-1208
-140746
10080
-11712
22916
21160
-8692
19231
-13987
-57129
-31122
101998
30554
-25074
10814
34203
121741
-14602
33308
-855
-2562
-24404
-17880
-40171
38007
46997
-976
-4188
-11250
82033
9270
-33900
-2547
-8760
1208
-20435
19
112124
27022
2920
-22743
77197
-27198
218539
93174
16398
-304
5916
18770
10571
34977
-1200
21908
114131
6642
-36962
576
-232
-2759
-32292
-1008
-5098
-58362
-52506
12728
-96470
-1261
682
-18959
15385
-6915
5741
-435
-30361
12174
10537
7210
-30184
4530
12266
68901
11744
7137
16143
8235
-5767
-79890
15219
-17877
2903
21455
-152
-18100
38012
-2226
-11963
67413
560
-21988
-6859
1805
33216
69804
9705
-9174
4576
25936
-16357
24480
34365
7509
-27738
-4547
-70498
-63745
-61568
21289
271500
-54254
-50016
-43560
25160
-2202
5614
-27583
-30566
-34594
74339
1832
-3425
7388
-13136
7714
24642
176188
3553
9509
124
33016
184557
-90171
10152
11412
82372
-10960
1070
20314
17502
-91020
2454
-204276
-1867
-812
-31160
-67722
11173
1868
17385
-32827
-35235
4550
2628
30225
-5458
-38661
-52288
-620
-7667
-4359
-7402
-30042
26900
4058
-54976
268515
-2912
-41800
11045
14816
-2196
-62326
197316
-22619
-14310
-50220
-11466
-34764
39169
-71846
-12584
2939
-19176
4803
15614
10212
4128
-111154
-15279
-16438
-25784
-3416
-45844
2468
-4238
-4101
-120494
-5280
-16212
2338
31268
25697
12795
75548
-19236
-11342
-22644
-795
-5697
32628
16684
2951
-666
150228
-10410
-66389
32124
154296
-11601
8668
32359
-47758
-42728
41750
10966
7220
-9541
-32706
-69141
49170
-108189
7843
12454
-44720
-83496
-24808
-16660
2172
-1534
203601
17640
-15870
-14198
-4608
33362
-10704
-59836
5718
-21077
17312
-2837
1113
-11348
-4783
22806
98
9240
-44280
-22731
61287
51184
-378
-27806
5124
-17332
-252
19876
-13104
-49450
-310953
3322
-131146
20508
20908
-62957
-17848
898
6155
2376
3614
-9908
2728
-10044
-7800
10580
19870
13674
-3840
-24622
230654
2068
-18089
-9165
-97440
-10662
-68312
56782
-73237
165554
-1188
4454
-262672
3130
15200
-3614
-166860
10482
107838
-5952
-2044
-427
81392
2888
-8102
-40362
-53280
20022
-7298
-43502
6204
22440
19098
4303
-4387
-44022
-4830
-9468
-29378
-11276
44639
3200
-9975
-6432
21329
-26043
-128
15085
-33787
-9336
-6216
61800
-18059
1320
-47705
33706
23870
-31105
-20478
8472
11670
76907
46466
429
-57216
-234575
48204
52086
47816
-3109
-6020
4471
-4177
23427
-3878
-17362
20754
-24467
-15351
-9992
-37666
-5315
-15502
-25815
58188
12465
-18494
4910
5619
-46656
16380
36610
-3630
-61311
-30897
-8240
20840
54913
-1877
-13377
-114135
-3678
-15672
-24736
-23736
30209
-5728
16586
3364
7344
-8050
-45572
8587
76068
18655
-4467
8946
71082
-52200
40355
-16452
31043
59474
-5962
16074
491
-477
30300
8629
24738
34615
-3529
8883
8464
-343704
91056
79744
39128
-43246
-31134
66360
158208
-108480
46976
-16704
-178342
-55200
14019
-17172
-72934
15601
7685
-78366
-13575
-14175
105102
10360
-7143
1336
-64939
-1012
128803
-12550
-26180
32572
-16300
48141
11229
-35718
-9549
2519
-34461
-14806
106435
-79176
-4860
-16708
-45138
-123608
-60188
19828
-13071
45219
-16387
5122
-13318
22738
-24242
29234
7140
43216
-11808
4928
2106
-5640
6614
-9537
27561
85086
30916
-11911
-4915
-26168
-1829
-5379
-1648
-127563
240024
-20340
4792
-50536
4114
37192
3363
8438
23142
-1769
-23158
-34354
-48546
-5781
-47538
11751
9433
7307
-13988
-43410
47064
30371
-17830
-28167
42000
-122328
9054
43274
-26932
-182471
3026
28658
13056
-31635
16248
-71158
103248
-50357
72600
-7728
97616
6459
-195361
14808
20583
-145132
44479
-16344
46056
-4680
-114449
-11237
41130
71079
-5925
11170
-4023
3852
-46165
3889
62140
48034
-15427
-36660
11779
2312
59521
2996
336
-175391
-27240
-38416
18501
4512
-70651
-17823
-14000
-20622
-18414
-5280
23056
68735
22584
2741
-15024
-55097
-35880
67241
-7920
-616
-176772
804
21310
55216
-2894
-54351
-3498
14025
304902
-65712
18384
-3618
17102
-14538
-232
-66030
16491
1875
-6819
-3991
-20170
-17448
-11876
1230
9632
36
-23910
-906
6105
-4500
13602
-20928
29720
31130
211
17497
13844
24395
97824
8145
-86751
-22545
-311614
54857
-127775
2265
-38652
56836
-63433
-96420
-3537
56754
-4162
2972
6376
99520
-188169
-1104
29590
74220
78622
-8662
48096
1176
42803
7653
78398
-62172
62046
30721
49826
7293
1107
-175092
48247
13353
3667
-16730
2430
34168
-153494
-13932
-5292
14055
-3334
-3288
7760
-5728
4222
7126
-5070
-51873
-77039
6
-5298
78820
8944
2708
8760
-414
-3612
33850
-10665
288883
-22388
25396
5385
-143841
-16414
21390
116332
-47838
84060
-56270
103941
-90404
18007
-2414
1756
29613
-10168
-7572
-10340
7004
64306
-16018
-29984
-4569
16370
-8520
-7064
-11295
-60502
-144313
13995
-11962
45414
-150656
4587
-11898
-123383
32076
21081
123574
8932
6820
141652
85532
213512
-22390
3774
88130
16105
-89652
147860
24804
3402
110069
-17802
-10692
4780
-2176
-19734
-539
-32363
-16531
92220
-70604
-9966
-19610
35052
14300
456
-12553
-53958
-15100
-221696
-143988
-11323
-114332
-52098
-46305
-9765
15082
34492
-32786
-171038
83217
26980
11184
10875
-23295
39948
-11085
6354
-20874
19956
-2662
-3096
-2770
-58820
-4200
44274
-15723
-45594
-12258
62137
-5280
47035
18648
22608
-12819
-55523
-3384
-25483
-1127
14912
72180
4166
-2635
27316
-44105
-7799
-80662
22444
-23624
-23487
7296
-524
-14588
-3122
8200
-33382
11330
68808
5728
-1815
-42372
-28522
-1886
6591
2454
224146
-43136
372
-13809
15539
59394
130
-1268
-59448
14541
15018
-3242
49447
-75526
-75303
10584
6046
-15072
91858
-70773
6331
-27843
88908
68956
12614
11962
6960
-1194
-40820
2552
-36908
-2083
3038
-900
-22067
-38615
16244
7522
14300
-31833
-1338
23954
-26900
-61770
-6357
-117174
111528
38710
-4552
-106482
-23475
-7341
30507
-5430
1431
-54552
35169
6619
-13500
1844
61566
502
-9503
-34507
-13386
-23967
-155002
-17748
117687
-9329
14364
2320
42398
-50080
-48303
-64
29444
70833
-44922
-17417
-65952
11487
-10062
-858
75535
-16459
-6954
-10185
171648
-75772
105929
32493
134175
10225
-1945
35546
-1864
55283
11124
-8325
19238
-157437
-33833
6115
-1627
18278
1194
15926
85421
488
32616
54386
-125405
-13344
-8217
-22113
5922
277958
-25143
3039
-44628
287
59092
-50440
29208
8312
68768
10370
-10992
-8456
21850
-249322
45300
26018
96229
14352
20266
40118
-54398
53610
144422
-183332
-50702
-80371
-179976
44718
88428
6216
54309
-124655
-3970
-21526
9636
26992
-9072
365
14734
42162
-114182
-24129
-4543
-4402
-11040
-4672
838
-14846
100220
10948
-1028
72559
-300340
18480
14718
81212
-44880
40626
-73645
-73560
-2220
-87017
-2409
58246
51002
-146827
-409
-40464
101124
6956
12662
25136
-104219
119280
-18284
-16452
-16463
32326
-39532
40604
32620
17383
-20989
20560
-38776
-18761
-53127
12810
32924
8355
113885
36767
15978
-20619
-17306
-4054
16178
-627616
14044
-2833
21051
1267
-917
-70474
-9325
-32733
14144
18954
-16956
728
43464
-41606
46050
363570
-12762
-17399
19251
14134
-45377
-52542
19015
26908
-16438
41200
-19149
-101536
13731
-108090
43401
243
-3936
-38207
17415
-46287
-16644
-79816
-2513
27962
-21344
1392
28400
-15837
6974
-21909
-7852
-9609
-26960
41842
-3036
-39102
55658
10720
-1540
-177
-18649
154587
-29866
-24851
-15626
33550
-8384
-7499
13585
47343
5629
11624
-51364
4068
-4760
3899
3220
-41308
-2334
91302
20439
15040
-62695
-7796
22910
1257
117200
12872
-24
-42248
-1050
5676
-160119
-9424
3139
3493
16516
-26556
12029
-7196
52672
-3615
30380
-36960
38229
-4784
-26006
-60916
88410
-1524
-3221
-5379
36309
-4823
-11729
5744
-8577
-14824
-15854
44959
8016
-8406
9685
-92622
17118
955
1592
30151
4045
-22760
-37750
12063
-4783
11960
-40772
-9844
-9947
63266
-1188
47298
-23110
26412
-819
-26608
29673
-4009
5559
-23760
20517
-76783
6269
-20128
222384
11874
4988
47991
-13301
-6500
176683
36432
9235
12468
-3744
-4288
20853
2117
-1944
9143
-180606
-5388
-22066
14049
49463
-43110
118270
-29388
-15418
-22693
-1840
286
-18279
-20726
21600
-16056
11736
59855
4450
49125
61076
-10811
-726
-8925
-44151
12241
-207316
-23264
-52462
9920
-40684
2790
4732
-4347
34040
7948
-10836
-87963
79585
3384
-22790
3759
912
-14229
14402
15664
-13082
97264
-254211
-38840
51
19394
-21346
259514
-36761
-18912
-162181
246346
-20139
31212
-266376
-5188
-8508
50415
26260
49312
-26276
-28326
11826
-21516
53210
32464
-107066
-246202
-1636
-2619
-40641
-5468
-422655
-28088
15620
-109
-86161
55074
-58647
-2224
-86145
22989
50445
14570
-33439
-47912
-90108
29258
1840
14415
40530
-24563
20789
265868
6013
50181
-35419
8030
70838
-28450
-3071
-23763
-16620
13940
60299
-7574
5672
-5526
-61618
49462
576
-19422
7040
11872
-7227
10366
-13112
-16885
-17982
-80664
-7104
-50678
40786
6411
31119
13271
84454
-7238
2747
-1557
-6288
-2612
-15236
-6426
36900
-47124
14055
-104280
-37116
130
-4894
-2686
-395415
-47760
100506
-19430
14067
14100
16176
-28576
45388
-44903
-16584
11704
-39736
-83600
13846
-16456
-9243
-7166
-100992
-21472
-12272
-66489
37536
18942
-36292
-44249
-23259
-18881
-2616
-12414
-14904
-15090
3026
-52285
-26258
-29713
56482
29752
93
-169426
-384
-2131
-14670
-23244
1176
6677
79912
-23095
-49071
31773
-144
10274
-44726
-25282
17518
-192
-37115
-3367
8384
7768
-157704
6674
-281
-825
3720
19936
37678
1148
16022
19791
12972
4077
5290
236626
2091
5854
-19344
-65475
-120846
72408
2118
12240
-1247
-13759
5846
22138
6273
43811
6408
-17320
-2600
3570
-2677
15093
131817
-37618
-9075
-9758
37540
-30658
28498
-60436
-2935
47188
10034
3306
-79552
8030
-5331
-29100
-118456
-7527
220280
-1325
-14723
24146
508
-47620
43125
-570
7352
-34508
-3588
-4980
-1094
-78021
1888
-74008
-4425
-3902
2080
3362
-21856
136804
4102
-955
55820
58604
6058
87761
-11782
352069
-5951
-32620
62160
-12275
15498
28954
-104602
35732
13348
33990
-66377
-16650
49446
-2047
-152771
-7926
29331
-3810
-24475
140402
21050
-38212
6317
26876
70152
-64500
7648
53652
-33070
14162
17892
460
52876
-28992
-20106
12708
-22718
2891
1310
10113
-81728
18402
21604
727
5248
19278
-8288
-30294
530
4434
-13335
-84786
99201
-11115
1554
-29268
-6687
31720
-8054
41124
15994
2496
-17203
-47820
-28406
-45073
34576
-163583
-3789
-77
-4812
-19483
61543
-36460
11810
6711
1239
27460
-16692
-2352
11170
6946
38336
63047
1757
80248
-26936
31176
-12556
-13836
14406
-5724
4790
1746
6816
-10240
-1902
-2904
10497
-35208
2217
-28957
-106251
-7416
27326
21242
-18846
-72467
27350
2198
-1896
-139248
-1985
5663
-70858
-736
-19098
15052
-14666
14736
6120
82086
-40456
2390
65133
-17753
23298
-25613
39360
1224
113448
9772
72279
11690
-88832
2378
-8544
177686
-28560
-27390
52082
-18900
63509
-124588
-120309
6182
-85524
-14488
-927
-14888
52132
50699
-115242
4394
-1125
-21598
-323
4310
7192
-6192
-33642
-16512
517551
-72413
9722
13301
31720
-16054
-143298
-35288
-62603
-49098
1770
-46065
-30987
15553
25458
-13952
8089
2134
51914
9126
36994
-31251
29767
-36216
-49447
21352
15068
-3678
31309
10895
-21990
-5345
-2415
-12620
-4281
-13944
101844
-38680
-24198
2868
7502
-15484
8338
-26501
35274
2155
-114708
-193932
1120
-37492
4968
-63288
35096
-1440
-5451
33579
-22744
-32452
63588
67965
-75922
1104
-12538
11408
-7014
-41490
3437
30423
-3324
-31925
11350
-4722
-18259
8378
12801
38772
121872
80212
22918
-4014
-185671
26062
-17376
-4698
-16108
5352
-3094
-18499
-50161
-306975
-29936
48662
5470
-55812
-6085
60108
-53230
48444
29934
196572
-39170
-73447
42525
60732
-27696
-12384
-19366
-82837
-36146
144468
-24424
-5977
-15024
-10332
-74462
-26597
20758
-129840
81072
-31661
123878
-25750
-24342
-123636
17546
-30624
37801
-11591
-215862
-6191
-2950
-12532
-13284
-15228
2211
-24512
24432
24611
-59492
-52497
-16138
49199
-2502
39280
972
-58146
191078
93832
-24912
983
-14783
-29
-36710
-3192
-55015
8998
29650
-21624
16560
-9260
18789
20689
3909
10796
79
-16390
6487
6204
-34
72540
-94452
8403
-50700
268
-28130
158019
-12825
-3521
-35761
-24030
-12501
3582
-1444
117608
52040
40392
-41783
28653
12322
-299
15561
42599
-19038
-19653
6298
7495
19199
-36136
38358
64068
22260
-67065
57486
-21281
-29310
-121053
-123658
34609
-34644
32445
234912
21045
1232
-133014
-22431
7942
608
1472
3814
-26122
-9790
-16852
102351
12240
16136
10345
-7590
-12752
-3040
280
22981
72467
-3304
-9174
-35068
-5724
8564
1095
2356
-41232
-1099
23262
-86632
-79378
38890
-3708
-44744
-16820
-39838
-2210
2824
-7083
-69840
119600
77231
65826
-16249
6170
-69043
-4706
299
1147
5882
24594
-2256
2834
37354
2954
4024
-60937
-2419
-2592
-12909
-56946
52390
3254
-7049
36922
35944
-11268
4821
-39320
-81465
19755
-7728
11888
22461
-7975
-5340
31002
56690
4185
-42429
1138
-4654
-20075
-27260
8073
47544
7199
5772
-7799
11790
-11072
-7602
15444
-38010
-24876
-25646
-375588
30456
58077
-43082
-1715
64813
5484
-33103
-90485
54278
7642
186
16350
-20551
-147397
-33855
-42887
-619
-9968
2579
-31314
10355
131108
-85454
-3570
17020
112064
1470
-23940
87455
117736
12551
24888
-25284
392
98874
-8730
44040
12327
-32514
14709
9443
7175
69941
3537
1842
-32150
438
17806
-10300
-3214
149265
123316
-4402
10783
-7583
4200
-6168
-3056
-9422
8336
-6419
160620
-26
-31395
-36882
62244
49796
5812
59138
45978
38957
19952
-195344
-916
92751
-18563
-4028
101191
15688
-16214
-8905
31779
95509
-3245
-111571
-63079
37067
-56796
24476
-67774
44905
-96495
-24371
-5484
-46730
1583
23672
-40434
17724
-83472
15210
-12482
-42865
26872
-87704
-89740
70170
-32634
-104656
-2307
19134
-6024
-78057
21299
11238
-35725
32250
8431
-26182
-3126
13419
-10991
3642
5235
278203
2438
-2398
11978
21447
13719
52492
86954
-21007
35447
-25802
-67385
356
5985
2381
-95762
5214
-26268
11928
58077
44910
-6634
-19642
-58722
23912
-118904
-87203
122247
1364
29748
-1942
1260
-68435
-62582
324960
-37390
29476
18922
-10261
-45136
294
-133353
-18290
37624
-40660
-17546
6816
-38448
-86186
-27267
-2045
45516
14072
-103723
-30348
-23228
-3197
2211
-34974
-11732
158076
-35016
-15962
12504
2796
-5734
-10838
210879
-69244
21321
-3537
-9751
64059
-6186
87200
7227
-137321
-31210
-18123
-41240
-6424
233188
115138
11560
-52233
-54576
-9150
22146
-14558
-13974
15514
28811
29531
2979
18281
-4422
-1400
-10648
59116
26440
-7512
8406
-74112
-12037
79676
24188
-38721
-8122
-7581
6296
69962
18690
8884
8690
-32634
9056
-6206
-12404
-89244
22137
13770
3636
-42320
3024
-57604
45973
28600
-21762
-4326
18759
-64226
-58906
-15981
-8295
11376
504
944
-50748
27913
-11374
-5427
-59902
12713
-7962
112404
33651
18988
-236118
-9368
-18472
5548
-17364
-18506
-623
-29074
14190
-40032
5515
113267
-86977
14652
27376
2277
12149
-67250
-14184
-29103
7272
87742
5438
1812
-6712
-29224
26708
-75196
-22546
73127
27755
-6812
98479
4720
20184
-15880
31744
9360
-15217
-2832
-5060
24795
43437
-15521
-53765
19845
4004
-7584
-119071
56280
-2500
-2370
6765
2775
29021
-18984
-6415
-12357
33960
-22914
17718
-1154
-155569
68796
33746
-37400
16242
-34064
-4222
15368
15026
8585
1510
-2982
37082
-1625
-9584
105658
17193
-1484
79985
36843
15353
-6617
6198
-33764
-1775
-75599
-89702
46368
-23440
-18907
-7695
14746
59712
29115
85545
14818
-2573
-1716
1320
9388
-123833
-31272
-48573
-5271
-26360
3658
-19235
-36318
-36162
-14860
149032
32846
16150
15372
-77585
16704
-36328
-12726
-1242
-46505
19853
-9891
29631
1456
12192
-22630
32669
342
-19407
26798
-38760
-155637
-16506
50
-96909
-14740
-28902
3093
7209
-113724
15031
25589
-73635
4594
-2138
-39737
49318
35548
-42225
-3555
960
691
1801
20820
2692
7348
-27416
19356
1179
-71136
218
10314
4719
10467
-26368
-18873
53553
-21810
88360
-13149
46790
-2396
31557
-289
-23224
7705
100176
341584
1338
44520
-10328
-1368
-30686
5719
-6466
44823
-11556
-63694
61525
67215
40964
83252
2521
77550
-84709
32921
-8194
-14795
-3296
35860
24075
-23621
-31729
-67371
7070
-36818
19232
3148
10901
-9360
-3046
5225
-43665
-142743
14576
-3200
-14320
142583
-72410
-17854
618
-1182
-6408
-53237
49100
2868
27276
52136
91478
1017
-12130
-3690
-35594
143830
6303
-19879
15948
6358
-11493
46299
-1392
-85092
-6328
-542
-120843
-66560
-68423
-12756
13069
-3980
-2795
85910
-15747
10782
-14780
-90242
4438
-7449
-21860
290446
-113364
-112852
8052
24540
-134699
11680
21560
739
-20004
24039
58372
22011
20714
-109205
43682
9294
15045
-47726
-553
203148
24086
96900
30018
5196
-5368
-2197
29830
-1320
59244
-140
-3164
24978
-83
-13132
-27687
-14007
-3700
67778
33780
-4126
-3197
7188
-1164
16135
22524
-38292
-2265
2224
-92726
20340
-8284
21420
-14250
65760
71508
-13080
2794
108892
34731
83985
-23844
131326
46771
109151
47103
42771
65660
-13814
-23159
1572
7156
71184
-34717
-26896
-96441
-11216
-556
12803
7614
-15133
-153308
5460
17536
44560
816
3268
-3796
-7827
1269
-6160
31145
5040
-27475
9306
2752
29934
22680
-32194
2114
14197
-14455
-58092
-290
3283
62112
39801
6504
556
-28548
38079
55939
-2147
-3540
1877
37019
-31123
53238
8027
-7368
-25074
-22105
-18269
-11611
-4771
8442
20403
-2276
111707
-50923
-88114
-4026
-56282
-7018
16194
7692
-16777
18219
-37292
11658
808
-206587
10960
-27116
-4851
-9138
40481
-65224
8324
2600
-27031
21202
22545
11274
41482
1438
-24281
-10358
17628
2655
-22410
-29075
-3824
13594
5217
32894
-830
-22365
2658
1026
-340
-11966
-112632
-34746
1836
-2664
30644
39300
5491
-51060
-17402
96250
-178408
700
8882
-20170
15328
-104326
46633
-93936
-2891
-19904
-45983
-3805
-34536
-9356
9875
-168352
82324
56562
4266
9102
3798
-27716
-28007
-5428
-11826
17956
2748
26241
19725
-342
9786
5832
-8843
95580
13615
27526
2913
-615
-55143
-1312
13047
1586
-610
4690
12333
45225
65652
42292
-312
38793
3387
30450
-227304
-7960
-13828
-17800
40960
-3647
11250
25046
-15170
-110880
-16642
-257530
110789
-10488
69971
45338
43088
8678
2540
-17416
-9661
43704
-35146
6048
-7083
92264
-29556
-56090
-805
-11818
-49260
-4836
-2422
-400
102860
-4440
-5419
-17559
-34075
13232
207112
-7731
-8049
-62296
4027
-86154
-105479
10204
27232
-68658
-10850
22660
-23619
69550
4999
15432
11316
102388
11111
-35076
-66760
84081
-4257
-22812
239568
72808
-928
-3650
211552
48928
-53995
-469
54993
39145
-5004
-10388
-19290
608
339
24013
38573
35949
4817
15488
2749
-39129
37235
32754
14260
1002
-9222
59646
-15570
6280
1397
4249
-66958
-1352
38889
-41712
13042
-24690
-328643
-19328
-1960
12888
130493
3921
3764
-3402
9183
132539
2584
-3251
-15040
17628
4205
-44984
1260
-137541
3159
-2704
164676
-29584
4326
-59299
-27241
7110
26219
-63765
-91761
-5627
51218
-311646
-11338
-43920
-5796
4428
66773
-24262
12569
3844
3543
-9002
19680
-43247
2270
-10573
-6230
-64299
-13524
14828
220394
6989
65090
-9033
60515
-96
-3080
35490
-40744
-88312
-42488
5197
-207770
29539
-32256
-10306
-4036
11898
36531
16676
13070
154219
-9256
-41188
-1683
21171
18249
133068
22870
-8925
-174894
12900
-8346
-1244
45475
7350
4686
24508
-312
22075
24234
10148
71208
-48729
-5407
51242
-17920
-10410
-9745
10283
-19295
-10485
-7866
-20466
1355
-150
-72480
-1325
36152
75333
57
-17023
943
7588
70452
8940
4024
-4807
-22125
-18212
-4020
22896
-24274
-74
-20010
-93676
11469
6951
33844
-10038
3836
-12783
16938
-41772
-55930
-46724
-61952
-2700
-34445
23218
36019
-47353
-2960
-7029
-64424
-30865
-10614
8450
106689
3267
-59626
-69983
10205
-10501
38462
-26896
-23246
46005
13870
-98409
74838
-7639
13970
45475
27192
3943
17073
-184571
9424
332
-9164
25724
-24158
153823
-26910
-16311
-19683
3920
-11885
-1125
31950
105657
9492
682
149720
-14716
-141940
2057
10995
11022
666
28854
-10850
-6596
-53140
12468
-4258
-16223
-17452
-46721
-19680
11916
-29175
2248
-50433
3369
4816
6110
113728
-27788
13746
-43465
-27866
47288
33342
-1448
44060
11704
83181
4419
31502
-6244
37458
-144447
-2304
67322
13238
-4840
-37071
22542
54666
-20560
-8537
-18216
-82079
745
27918
2900
-82678
72720
39958
-140006
-15552
17696
-8176
-99531
4620
-9017
-3722
-9488
54894
-35859
45355
75132
-3888
6580
-105860
2845
-124971
2425
14982
20338
-5307
-14643
-125352
4656
-19532
-52305
-6010
-23035
85023
157096
-32660
61523
1716
27475
-51464
-5474
45500
-43180
42402
-14820
10030
80784
12688
4809
-870
49701
-238781
-10424
11362
65170
-22458
9622
5178
4996
-60053
-1630
-29385
7758
676
262032
-5514
6994
-17175
-66987
-6016
-6790
15628
6758
-9640
-4872
-139399
120448
3323
-4796
28468
-35589
-13148
-73397
1964
20934
17425
11476
2588
-13185
11284
29795
29890
-41331
-15576
11498
26121
-13434
-15540
4989
-21152
66822
4980
-384
-6304
27456
-60492
16164
7569
301812
8758
32303
-80755
123656
10512
4512
-154108
-17003
4302
104520
28988
144019
2892
-1841
-10295
85403
18648
-20240
-13556
279828
8672
-166728
5924
-1408
-20505
57934
22080
-51597
-43950
93486
-14895
4203
-8044
18389
-427
-57162
49932
21918
-88396
6917
-4336
-9109
28345
2168
-143072
-42980
-9958
-82820
-14505
3762
-14770
-774
19833
192004
25189
10800
12518
1216
1960
-113115
24326
-60480
19198
102728
-15030
62862
-47382
4419
9144
-121200
-9768
-24801
-32412
-33183
-8976
-18170
29922
-1176
-81504
51236
-1104
15057
-3401
40525
42932
-8600
21230
-185549
36151
-4433
21350
444824
-37490
13429
62034
-38124
-66620
-26613
-65186
70820
-3247
-9428
20508
22328
15834
44542
5898
-18491
418509
27190
6739
21502
10792
10363
50303
68610
-25196
4197
-71624
42644
-32541
-22305
-36898
-17392
2124
26312
-4436
26938
28719
94482
-5338
34118
-1105
-3744
3359
-19364
-21440
-9335
-81240
-8558
-39620
-8940
-17807
-3321
40448
-236601
-34177
-24070
-67452
94625
109886
422
-16810
-9768
-6624
1610
-2410
31119
7882
18510
3023
202668
-158
94620
18067
-2250
-22960
90768
47730
-63988
57596
-19182
15680
6948
-13119
-19248
2406
1056
-39614
90405
3991
-7570
1954
-26070
-145032
9879
25574
58827
90
-1776
-1211
20816
448
-26252
5970
9170
14519
-27312
-11673
-33800
7124
32646
14826
-56671
28445
54212
-30924
15712
-29471
-7451
-10998
-80621
-133832
82787
123830
-12163
6646
20796
15559
-15186
7912
-4110
58020
-21681
18786
4048
13512
-9005
-735
-1236
-84316
-9968
723
133938
-77826
16268
-38674
10551
-2820
108868
-3848
99840
2989
-132380
14275
26270
13725
-43092
10988
-1425
-25843
-23662
-45520
34465
44508
-10497
13613
-30702
11177
16635
39992
14958
10423
36765
54613
157962
-176313
19240
29897
-1584
-12962
-10254
94178
165983
74869
-40071
27252
140803
-50300
-53416
3628
13950
-21116
-26922
79539
19684
-137424
66914
-7752
5953
-18080
-27370
10418
-324
-140
17654
111952
24365
-41329
-1440
63919
-24060
3356
-3466
-14648
13316
-13020
2966
14521
-7812
-18554
7718
-15824
16754
32605
13862
-18853
-2194
-10252
106396
-102119
-37948
-8324
31365
-66739
-60260
-54240
2088
75900
1997
-54103
93270
6664
62254
152460
-4732
-64718
-11957
-179
-15589
3284
-71178
-12048
-22604
-13725
-7766
-10444
-1980
68710
35208
-15650
4551
14041
16709
12871
35946
-19424
-104135
-16803
-3851
-9377
62946
35004
12606
-44901
9591
612
-53793
7524
-1329
1369
20414
41458
19541
15736
2724
-156707
-14070
37961
-113894
-8918
56105
264
-51597
30547
-20440
2509
12051
-3510
-4434
-214047
-245
4984
-7438
3192
-32762
19178
14232
-20595
-52943
38955
17454
16666
-5814
-7824
4665
936
-2542
-25851
-17485
-21197
18530
7835
10029
8664
-32808
360
-6028
2800
-13996
5439
-208
39838
42526
2304
-185860
-19932
-74752
16335
4491
-50224
-31949
-29952
106354
-7308
-11398
7786
7034
-8007
-316043
-10260
-32862
-39084
-36682
-670
41055
-13361
-39880
-12488
112794
100222
217056
19210
38100
-115536
11066
4684
6239
-28460
158766
-1908
-66525
2467
20201
-1499
53637
-9574
-439858
14182
-95793
2991
-15938
-11990
-5580
-13046
16155
-5929
-15589
34682
16081
8974
2984
-42295
35370
13481
15914
1500
59990
17140
17204
-9157
-9516
-43959
50
-16424
11578
-11760
-13567
20660
1751
34674
77166
-63699
-24608
10210
-12252
5632
-212
44374
41925
8396
-18372
48492
3250
-344
18414
58292
-51612
51824
87276
32036
18244
6532
-20889
-8974
-2062
23515
79965
-7205
-3906
-62416
59518
8216
-4182
9972
2148
196
125325
-44442
29999
1997
-30983
-22444
-1965
-33915
-7117
49348
-61087
-3432
58881
-27042
-37464
42157
108974
1225
9666
-34029
-148347
-67977
37088
-49734
-69993
-71443
-93665
-12795
19426
-30630
18188
-9532
34587
6033
96507
-26033
-117609
-20600
18290
-20464
-20643
-22813
-73010
-7498
-15638
-28160
4209
-850
-48468
-23938
-25924
-34320
7659
176403
-153507
-12496
-72343
1847
-49820
-14004
-4710
-26378
-19729
31504
5481
-28803
7210
74025
10150
86414
-630
50388
-25153
-108
-387
-198864
55033
27748
-13656
2568
30877
-194696
73100
80992
8261
2937
-26170
-154632
-2019
11960
70000
-128014
232419
-9210
8404
-68126
131960
44144
61813
-3756
-5115
47092
-149316
16573
14986
-49680
-7590
14403
-21702
-101388
-2439
2308
22062
-7589
-2267
38904
7873
-64776
-22100
-7002
-10364
1031
1829
6104
15204
31310
39872
27704
17846
-118533
171921
3663
82540
-7808
-803
-3564
-126
-3396
-25881
109296
-20169
6474
3370
-39941
-438
88570
-23218
140980
25116
-58086
-34248
-9576
-8943
-1572
3030
-1536
-204940
-14108
-87032
-132837
47898
30417
15753
611
-34136
9586
-44412
-24072
-28000
21474
-5818
-50321
11738
81928
44474
-6800
-10320
-3509
-6385
7866
-35159
56258
26277
70372
5380
12946
-18767
-1823
10612
2514
19479
-7157
7784
109476
63420
13990
26262
-4488
-3412
-149559
-29551
-6623
-60519
-21819
-2458
43128
-93517
1387
-179460
-8184
-611
52570
13948
82851
11422
89372
-3718
74202
-15756
48171
27500
-26267
63564
75310
74942
3760
-23470
-11475
-26412
-28991
-738
31895
73758
5426
20520
4398
-2206
-6174
14847
-21942
1608
35718
-3555
4058
-8685
-142308
-12569
10000
94968
-26617
-13753
-79524
37306
38344
-5923
5652
181
-120752
-23163
-39732
-157334
10438
70770
90966
10138
1386
-12447
15306
17842
-1751
11744
11224
-6331
18166
5758
17086
36670
13789
22332
-56564
-84931
-62678
71345
-46059
-128120
39057
-38744
-2577
54865
-24534
-138294
-11890
-146891
-17532
-12140
6120
51569
-47175
15323
-14664
44060
-863
-5386
-22702
-90160
3676
14812
-853
25659
-2150
-34768
-71806
-92259
1617
103898
-30768
-33999
-25670
-13976
-36690
-3591
-2400
-1720
-77054
-307767
40720
17892
-24244
-224376
-32546
-3408
16737
2629
-29251
-84444
9686
49800
13408
9392
-93708
-8854
-28806
-40702
-20
-7356
-16376
-27733
-53271
-33768
-15911
3946
65780
-38456
-2962
4840
-73460
18411
841
-30002
72830
25056
-92542
4614
5208
3192
268683
-26290
-134156
4326
-5947
-1208
1584
-17264
-96152
-77081
-37499
6476
-15184
-74780
36998
-5414
4046
1730
-10348
4209
9449
8512
-54734
9782
-164512
-16381
42612
-68704
-9603
59136
14112
-5750
-7716
58956
10983
-50468
46819
18860
-36592
11842
-7168
-50823
-263
-21492
7540
229416
-38332
5856
6677
720118
-42798
29852
-7667
-133520
2612
3776
-21760
-9724
30865
8100
-9624
73866
16712
-25755
-75788
54114
44878
-150
1290
-12618
88306
-72192
46566
11784
-12893
5657
-39662
168684
-3888
51894
-83512
-11460
-2302
-22620
9984
-54052
-21027
-50587
28440
4760
5510
-3791
5664
30973
-14439
-106344
-23880
10692
1730
-14698
-14274
56817
-52103
6884
9622
-7332
-59289
-20245
-9628
-35249
649
-46844
10594
-16578
90714
42960
333758
-9214
952
20854
-55009
-44193
14424
15792
-26904
-184063
-134733
-62499
-4053
-56907
6066
2260
-4166
45660
22316
-10136
9098
-39563
-3746
7352
-52726
-6652
62378
606
-75888
7042
-8915
177066
34308
3510
-276790
5493
291
29378
-5770
5330
30322
14699
-160030
51906
-171328
5893
-44895
-3112
130852
-107744
-2661
50218
49448
4252
-19814
-5183
18972
-41340
-8233
-15045
48930
18470
-10041
-138
-88041
18026
-12202
1057
52565
-8558
-26833
-125288
6768
-55861
-2171
-64000
-5951
63130
4911
28206
-1542
-88792
-14487
-8804
522
179718
-3951
7788
20712
35697
-42116
-5356
10200
-7170
131898
9678
-19056
-110
-13863
-19276
37056
-5879
28050
-45360
23740
14352
-6670
-26551
-54465
11101
2119
-22031
136188
-2400
21762
-4209
71604
30902
43568
7060
13732
27622
-26001
-103421
19162
-1306
-19788
23868
86668
-96336
22537
-90390
8317
-37086
-5234
143748
294230
23981
50376
46302
-13528
-21202
45604
11473
31310
-44506
5475
92650
-5812
155355
24050
31590
-26888
44693
43048
23289
28252
19954
-483264
-13729
350742
55237
-163622
-22056
10486
23552
-57150
5036
-20412
-6977
-30339
32915
-25506
9956
-17085
-60190
10191
14814
-33542
18222
745
43986
-1896
3186
3836
6021
22695
55059
-5044
-72317
564
-3926
2920
852
2063
-12428
9996
20818
-2265
-6954
-30180
39219
140271
86694
20101
15108
71985
18050
-175434
-10484
41614
-2197
58462
-10388
-7437
9870
15830
-37174
-3366
-91118
-37991
7498
-4860
106743
-11322
-9101
-8166
10038
55190
-4758
-14324
-2894
-85889
6560
-2616
15656
-16210
2530
9590
8593
-148200
-8172
51473
577
-20795
1200
6724
32896
-32269
-67807
-31284
-5031
44464
48992
-10678
38012
-115371
-1122
6205
136418
78564
266
-46561
313662
25088
-8232
55235
7665
-20132
-76304
-6154
-4376
47847
-47846
74754
-22760
-2530
59013
2432
40964
-17223
-1730
-909
3377
22929
12704
25808
-133356
27515
-2280
15221
-10898
46999
941
-133661
163667
-5217
-465956
18312
-8529
3447
129248
-16744
5671
1002
-5215
26652
-21246
45200
-27747
4869
-13118
-3145
14032
-8440
-74574
7030
50811
48851
15740
123354
14685
-4810
20150
-2918
78852
5437
-40860
8174
43772
1562
35427
-41523
-4328
2178
-5595
-21440
42612
-773
206686
5541
-1206
225476
2622
13088
-72924
12161
-32235
-15819
17526
32193
-26587
69872
-20210
-14945
14184
-84914
-6600
6439
-18613
460
32793
90688
2553
-30760
-10248
60432
10892
-17513
-5415
81985
1865
-18087
-38380
77094
-35346
-1844
-32385
-56610
-198986
12912
-46262
-4589
-98485
12010
-40496
25156
28278
29925
6192
-60455
2355
72313
10249
-75906
195938
5048
54150
-2176
-20016
-8075
-40434
-292
-2076
-21333
11262
-25858
-63707
72992
13941
-7235
15200
-1505
-16432
-76030
-40720
-540
1586
546
46551
13293
14532
-55512
42049
1008
-5124
3410
-6888
-8232
-6812
-3884
6828
-76344
-45496
-24418
1992
844
-62776
-32413
42440
40020
-305224
-65388
48630
28180
-21342
-11842
-17887
-63984
14761
3444
-20154
-12399
42446
-216
3446
-27398
11792
7985
-215
1725
-24900
78855
26794
-49004
154
-219
-19661
-1343
-23334
23857
77328
-14956
72648
32118
-185405
115216
-4948
4787
-22988
2634
-15916
45163
-133247
-29672
-6784
54666
13926
-721
3268
32822
-840
2233
30432
18240
-5473
-129637
1608
37014
12262
-7736
-14328
4313
69744
46913
-29115
102159
8776
32938
37176
-214145
31920
98334
-3893
-13415
-118112
1505
-11496
-35091
-17204
86140
-1348
20113
3926
14228
18929
51274
-25872
42252
20745
91670
17367
79341
2476
-14478
-36344
20518
-14747
-12693
-4965
2925
174756
-59049
-75009
-18108
-59836
12570
-166
13904
1102
-222356
11948
-14796
35088
-21428
6675
8158
6363
-2415
25326
6486
372
-12166
10124
4816
-30305
-13985
2310
883
-32877
12013
36143
12427
-32032
-118734
-12078
33442
50838
51292
-2706
91260
-10716
5830
3750
-42860
-10894
7936
28376
-20208
24212
-24548
4036
-30979
-123612
5304
-34772
101150
-130628
44068
-73060
-30487
-14818
11196
-235912
-17388
31530
20471
-40828
2776
29966
-46712
67358
101808
34104
-477
10500
-9779
-42522
15452
10856
75298
-24675
17071
-504
-39447
44765
14325
7102
147459
14184
-67826
-128302
18610
12762
-8941
-15730
-106260
-4242
13821
29180
28332
-4823
-66857
14829
31424
118908
12014
50325
-15477
-13026
-7780
2960
6523
-11021
155236
-67846
-74546
1668
-12358
11110
17360
1735
-20862
1858
-11751
-3652
-3638
-34383
-10599
-46784
123308
-22495
-5334
14056
4712
-119740
4058
266693
-52506
8045
-3896
-55132
10118
-32330
-37734
-886
7468
34060
2889
-23902
15898
2305
-33691
26414
408
-7410
-39129
3516
7134
-15505
19482
33224
93182
15462
-45474
-10584
-5168
-44030
41163
-3850
32120
22050
-53193
-27188
94652
16692
7885
7212
9884
-14434
-23553
39342
-3930
-5224
76320
4652
12
-75434
-1417
1399
-21033
-3414
61634
-72855
-58396
-73246
-67612
14642
6687
110871
-17166
-24696
-1377
-55187
-9608
63115
-156147
-38340
38232
-60329
566
40862
-15654
-37359
-102492
-41017
13101
-18805
37776
-15950
-24632
-2385
-5885
-5900
30312
6027
-153029
-1885
-4221
-63306
-4475
-31818
-24514
-9972
6531
6175
10986
9587
32725
-6705
-28322
18906
-5655
80713
34923
21823
7268
87741
-29883
37788
-326
14055
-25793
29293
212
19965
454552
-5180
60500
43628
-39399
16441
4386
-66249
8435
20939
18169
27665
52465
-113083
-34226
12234
-37820
88281
-3624
-30605
76404
-63410
35817
70750
40460
-6146
-863
5140
46632
-5252
-351
-15312
42956
28308
486
13595
17776
-42910
-175499
-12452
18082
-555
-8010
-63321
-74241
-90
7460
-4914
21992
-10120
137920
-17516
-5306
4688
11832
-189277
-19420
34747
22183
-53388
-12466
39316
17941
13139
-357
12415
-18560
-15572
-2542
-57304
-13890
44620
30640
1914
48211
-3074
-2654
-159580
-6308
12120
57284
-72300
-7939
-26427
2028
4371
-2468
-24408
3054
-8460
6662
162
-2970
-2245
-1153
-41865
-19909
-15477
30618
-24928
-34843
-2322
-600
103057
-86176
-4922
-83477
15102
-977
-25452
31257
15152
-15580
-37319
-11778
-34101
-5992
38832
-130168
818
-3612
-1217
34922
24772
-21100
16016
-7227
17076
-54305
-5632
825
37647
8706
1373
37124
-14228
10117
-220224
-25936
8148
3487
-79304
-32153
-64492
12090
-13616
-22522
31061
355994
15075
21771
1173
-71708
24975
85461
140586
-184736
47698
-51960
5656
-9881
6048
-140196
-8764
-18624
21009
14632
-6548
17178
10665
-1438
-5432
-460906
35289
4774
4410
20669
20906
3347
24032
9840
-41998
7297
41318
-29912
-237912
-53882
152950
-6640
-3923
-2664
6918
-22092
-99324
8094
7830
303095
-25713
272
1072
2356
75480
-388
-11031
-38740
4920
-137825
10992
-7068
75727
219465
108504
-4924
-65416
-89757
88309
18100
21627
-30000
28508
-9408
-340069
-9227
3765
-349608
13971
-4398
120628
-40308
575
-14674
-4731
-22800
2550
15655
13787
112015
-18054
-18117
-45738
-744
-18148
-290
-39730
-9588
99620
69788
1118
13322
-33300
-33824
-25184
-46746
11620
6927
3924
-8134
-11019
-24300
23396
-4472
7084
1817
22297
10634
-2588
-29032
85928
-693996
-92553
-30954
-44458
81284
-18365
-35014
6581
9699
118638
25179
41696
-142284
4419
5628
71148
49320
-22670
1745
19360
96794
41658
-19805
5927
-4221
-318
-22400
-30636
6365
-28413
5494
-10889
14868
60972
3272
28193
1620
5257
12103
-6216
8277
-4316
938
-49031
-9111
-6850
-56316
62186
2226
4542
173763
13450
-5660
-9492
35658
20364
-65180
-70486
1320
9724
66896
-1550
6866
50948
-3101
-67429
-6070
-3091
-5205
13606
-3915
50022
81419
-3014
-10410
11379
-5551
10618
57360
1015
25463
-6016
-25304
-57821
15255
3510
-51478
-22052
3384
8500
-42715
-32506
-134559
15446
-4443
-3433
-7784
-4978
72618
6200
-10534
53360
25190
4248
-27442
-32985
4008
4042
1892
-456
-27475
39206
854
102518
-32002
117136
-9615
-37100
69770
-50720
1829
10494
11670
-16555
95612
1246
22516
-28161
-11599
-33700
-395
-38306
-978
-240
-2438
-14522
-137379
33155
21541
-9063
20785
9906
74604
62544
20848
470
-23082
20328
-23280
9835
12933
37972
11631
1491
-20593
172087
-2385
71866
-30464
-3135
-20228
-17771
-9632
28348
5742
125478
15204
3832
27894
18830
-2254
-86878
-4567
-188671
-22595
-89110
10882
-8920
45486
-42828
1566
15568
35564
-190836
8098
-3224
4041
11875
3579
44874
-267521
-1408
-18214
-18685
-206
-98580
-54707
14560
-2186
-25718
7360
61767
-1157
606
109992
-52359
-30796
-64771
-24580
-6408
4868
-73414
-135042
-56440
354
9483
17480
220625
-9376
-64725
2457
-121939
-7092
-36509
55584
-13250
-16284
-2945
5612
-3274
31152
7668
3597
-99408
-2615
-284
-9414
-12105
-224046
-33082
-16976
920
-182852
-6222
85434
1100
-67374
4032
11300
-64053
134797
6934
7587
5394
27879
24654
-11296
-27372
-18255
837
13094
-168806
-3846
-156616
32824
4600
-54666
-4322
-40574
-21160
490
67266
-31186
27766
9570
6345
-25698
1230
58134
202280
-32455
35141
-14906
27688
24380
-288
-31093
-17952
-7139
-40583
-4984
17476
-66772
-8061
33250
-13158
37804
12664
-21758
-8136
24769
-4595
-133368
89893
5750
-91590
-7224
-6253
17420
61319
-792
-120780
19082
1029
-3776
57304
-976
-15076
131475
584
3132
53598
20795
-177
20179
46656
6582
90476
7552
3717
-13539
-19894
399
-172
66058
51830
-11088
131
138018
-115907
-24800
101196
-14553
4490
454527
16078
-11820
4636
198846
-6068
-10470
-12101
54951
49635
-3105
-52633
-13704
16184
-21509
-6681
-1011
43614
26592
-98422
4072
-36213
84182
1648
-44
-104808
-41435
13610
20079
-71033
-10226
-1648
55420
45144
-59231
8734
6220
3040
-18312
141220
59186
-62736
30728
43502
22379
-850
14447
32877
8037
-14619
41268
-76252
16372
-13437
-8127
-2955
4872
-4188
-10585
4118
12350
-8811
-10551
-25480
-70206
24625
140497
33036
-7488
-33625
-8564
397
66619
4232
-15209
-2802
148
25850
8847
-234320
-26679
27791
10110
-101164
-7803
-30373
17284
-16090
-3576
27611
-18765
-10222
66742
37228
46995
-29160
7947
2252
-35936
-106952
31321
-6257
-14560
6184
-7280
8223
54572
-12216
33835
-907
-2798
11552
-7854
113460
-9724
-18940
28791
-1494
-34133
25122
18041
25144
-24499
19686
34934
-115833
-14886
-61176
135000
13321
26406
36159
45362
64052
-21805
-6071
-8975
3492
-124586
50084
2733
107
8729
16485
20520
-12651
20880
-35651
13747
20694
-73533
-4429
111653
10100
-11212
-8924
42280
1568
-2640
-5940
-678
3058
-685
94864
-30698
-8333
-210
-125025
-7861
-188820
-2575
80505
-1402
4284
22816
31820
-14753
-30390
50613
190857
-5936
-126
-50025
13096
-812
142676
-19645
-3384
-7516
-2088
-32876
-18932
-21044
-3585
-43848
-11528
15274
-20496
-29320
-40687
36795
-15294
-96284
-12277
124344
-11441
-2533
427
-546
-20058
-4960
13182
27054
-3006
188
-516
16464
31356
-5319
-2290
34893
-44697
-35652
6472
7504
-63658
31899
-4013
35730
77154
14376
42590
-110550
19098
1363
12328
-3570
-14254
-27195
2751
9519
-6878
-16056
49988
19917
-6768
37377
22756
15558
2382
-109499
-13360
-17031
40172
8253
7956
-26576
-21985
10787
-79908
25094
-33240
11181
-17530
19862
13299
63865
-3351
-13650
1049
8933
-891
-2257
7260
9263
-110309
79609
-17499
22968
-1456
9448
7970
-109087
-28518
-2660
23828
13301
9387
28114
-67964
31926
-11580
-37784
3692
19705
7872
-12243
-3285
5586
-2432
3830
-34480
-16350
5640
-1505
10812
2241
47668
1926
-61336
-39930
-16682
219690
105450
-56988
-2002
-9568
37120
11800
17966
76630
-37412
19248
-56676
10222
-15365
784
-32552
37557
-22650
-7065
-31735
31338
41528
28158
-39494
6818
1888
-111432
-57951
-9175
-2368
-12994
3072
13380
-59612
13450
1648
72404
91772
-19806
155402
-17616
8275
-1580
-1008
-14894
-7905
-28409
39960
-230102
14148
-9003
21222
-4193
77442
-12298
-5790
-3929
-60412
-5531
5792
109134
19374
-6391
50076
28806
-6996
-6141
24282
-51803
-50052
9567
10602
-10545
-159931
-4780
-82766
17592
3380
39693
-16716
-93407
-7270
99356
-108682
-39248
-10179
4097
41898
-118356
6920
-7098
99698
31310
42889
3244
-192826
14319
5116
-6039
8984
-14750
18443
31632
56637
59881
2823
-130098
-4581
-9020
24104
-47250
-117538
-60815
-18909
-3565
-41824
-1621
-34622
99728
138832
45265
235009
44426
8270
124146
109949
-64753
-23363
50366
10660
87993
-39
66260
-55986
-159
2310
-4808
15840
-101337
2750
-6174
-147290
29490
-67632
-10450
56188
-11592
419
102506
96968
-4886
37586
16069
-5278
-88445
-34468
10597
959
-15269
-13491
92171
26669
53232
-16124
-2326
30376
99418
-59394
37034
1584
16220
4280
53095
35578
-6208
-13392
17696
42374
62036
-32168
145432
12707
-5632
14643
121850
6885
52806
5176
-13710
-17324
-41107
-5550
-76702
15339
-56896
54717
-35228
-19510
-4440
12293
2344
16104
-31377
-41450
24792
-25249
53228
12796
290
-7638
65205
-6608
-42978
-21312
-15255
-12731
78910
4550
-2900
9596
32098
-5730
48832
-250
8245
-63592
13765
-9588
-13032
114025
-3363
-70284
62439
-17110
10752
23578
138604
70189
-6772
13130
55636
1412
-19514
-39186
-560
310624
274365
4291
-2671
-36462
-22521
3357
3609
10114
800
-31671
57390
13045
-11792
39571
15581
98530
-17182
10039
-19529
54453
-6800
-107772
-6888
6269
-8400
-49355
4022
34350
-22082
-496986
-2452
-931
-70914
159570
22419
-47777
-1100
-13204
12297
-7288
30
-9180
-39999
-290876
17028
19606
643
307746
-232898
-19650
23912
43137
49675
2392
72470
47549
-2741
20016
87864
69430
-26233
17116
166304
48814
12062
1512
-21800
4524
4918
-34563
22912
-7620
7890
-7166
-3196
82164
53104
-26199
104544
876
-15272
15943
-67401
7344
30785
-194456
60949
32858
21344
-7514
11447
-22572
158568
-15962
42542
2289
16688
19752
-46410
-5288
-5970
39982
27118
-19748
13851
1351
-21877
29992
-18221
-60861
16204
37446
7757
1652
25029
-30293
9387
-42336
-59851
17016
29008
7937
94093
11869
69345
-58518
11900
-9766
9030
-7134
7751
-44827
-8096
3924
22896
3113
-3896
-10447
-232876
1449
22679
-27832
-5166
5884
4194
-55690
66836
-23412
-71470
-55677
17008
15126
-16208
-16839
13584
-6612
163851
121533
-11951
35753
48839
-5810
33691
1310
-1946
-5200
-59037
-54528
14041
14628
12650
-23537
-2586
-61893
-4573
-25218
-13475
45441
14037
25514
-9060
-198219
-197
-151488
-810
1952
-8844
30552
10564
275238
29734
-2445
18996
-2519
-25269
-936
-8665
27876
1974
-18597
110920
-8826
7206
-23642
28
912
-8614
48364
172628
-10712
-19632
-80476
-5101
6186
5100
-61678
-4029
20117
66396
-6748
-31197
10212
-32421
143297
-21353
-38
67866
-13224
-8389
18885
-10529
-47665
5988
-43588
79342
21545
23760
-62010
124526
-97482
12726
696
-25338
-876
19358
-737
-829
23037
-19616
35821
-33
2762
29967
-48654
7833
-23536
-14644
15303
88101
359670
83266
123536
-8557
25375
2481
-55773
32693
-100426
-4170
-738
2853
54531
-20487
-51308
-133677
-14068
-172716
-8226
-12030
504
-6567
-1077
-1854
1758
16488
-18806
44310
-41294
-22752
102903
34010
-2877
158633
75960
24352
-28203
-100230
-12534
39901
-18762
-22789
-7324
20933
-8162
-23626
9060
297456
21716
-17595
-75919
-13616
13460
-4101
7657
-2912
12008
20415
-177699
-110629
1118
-17448
109618
25920
-18456
95225
2473
-121143
1950
-6695
-51780
5004
2826
43810
-10466
1890
23268
44656
-19780
-117550
-72
-4982
21308
37093
-18625
-10710
29150
47048
2096
125702
-83304
77015
21952
11928
-2979
240057
-62248
18414
-20226
-300
39727
-49550
37710
12902
5644
34722
-4506
4794
-6360
7164
202962
-32410
26230
-8502
-32104
77192
16456
291
23049
-13571
-87336
-1756
27614
-30735
3154
-65239
23808
-29688
-48424
4011
-72483
13752
4726
-10777
48224
-109338
-24097
-8688
-174152
-2606
93220
-22504
65934
-58985
4260
-203730
5298
-357
-13600
-145526
13473
-120714
21544
35492
7620
39990
65389
-60692
26238
12177
12512
-12481
5928
-101249
-54578
3607
-19159
-16998
-61840
17319
-42348
21774
-16752
21496
-2205
13226
-16431
14280
-79726
-4202
10088
8304
-6480
13152
-9546
-60384
-26935
7560
32074
-11401
-73292
24790
-24715
42352
-39256
21948
-72460
24152
-1543
7916
47600
-2474
85800
-38503
66
-7702
11837
15760
1980
2210
-15861
-11787
-780
24244
-56015
-789
-11325
-27414
-5900
4802
13100
-314
43392
9169
16396
20865
-146328
11714
-15885
-4901
2210
3898
-12450
25265
69
-1270
16689
-2205
-72452
15116
19536
22428
-63326
-2592
65702
-22600
23760
119000
-16913
90080
15834
29625
2816
184
13370
-1804
-6909
32152
-76104
-11614
26098
-218597
4361
-35804
5610
7850
-16456
-187280
-6864
1240
17493
-9850
80410
24518
-106373
-145392
14171
44406
132682
7224
-83412
34538
-5742
60312
-9740
-51515
27491
-895
87773
-86175
77890
-19415
-159304
10449
7160
-18165
41516
67698
-12812
-17809
-53450
22400
-5939
-15942
-99
433184
-16905
-9082
-1404
-867
1746
58875
-3984
1844
20732
-15029
-56305
-69966
-1086
-36526
117572
-33296
-31683
5558
998
-41318
-4872
-930
-147672
-23950
-62124
16316
23890
-47556
48872
75975
-3671
57660
1527
25582
8311
-41253
-6293
5628
46386
-36360
-30668
-4392
-19506
12945
1636
13792
9249
-2432
4792
13355
76619
-9669
88188
-10980
195
-13412
-16905
21175
18086
-15585
2464
9579
-18914
60492
49293
-47567
-61494
-3788
-73304
31083
8964
110223
-38882
-172681
-33976
-21678
-13924
-69881
50201
591
-63522
3547
-65235
31437
-5037
-83543
23996
-81155
-46261
2312
9141
263646
-8728
41728
-3656
83176
49660
510
13275
17172
1318
29152
-1062
29943
6699
-9132
-9152
-16448
82804
50132
45078
-880
5814
78647
9198
2308
-13571
14098
-3675
35192
-14052
39018
7516
-4417
-8166
59658
10453
-91620
-3654
-16211
-6446
-75780
55070
42861
-7377
40056
409560
-1041
-20984
-2508
61288
-42236
1045
36004
-42250
-4655
30200
158
-23264
41970
-55870
-126
-15500
28491
9614
-62402
-31249
462
30338
-4839
-49704
-8006
18558
58392
438523
-5682
135134
25608
186
-4104
33312
4928
53788
-10865
-3940
-34477
-34640
27383
-92
2430
-36232
18510
-32277
20406
5589
10346
-2290
53157
9300
-140449
46534
152655
-951
-374026
-105944
-38283
-42296
41602
-28475
-13832
-3105
-200638
-61698
-9822
16990
-59496
9032
5283
-13400
11801
7356
-132
-27704
5156
3670
-11126
-4347
-201
-5076
-179854
-12667
-86541
-156560
-15725
-39840
-15500
14230
-17859
55780
-26950
-929
1658
58121
-1503
5910
41828
-3300
1047
-11238
-19809
93
35187
-45176
17214
210571
-147960
4881
-5086
-33334
48586
-14975
18
26416
15933
-36278
-117956
2375
-13419
-40392
-5591
-390
10255
-1460
56832
9600
-25524
-163445
3324
-2080
33077
-37064
-37248
5162
9900
-110007
1005
-24840
12975
8337
-2691
57428
2823
9270
-1497
10438
-4762
-59547
19997
-38805
-152459
-19206
164268
-26376
25921
-17645
-62530
-2562
55416
10956
30782
56232
-1159
-42600
-4824
14057
4930
7101
-1110
-2598
879
6915
-111180
23508
142
-15090
-26202
13300
48672
-520
-2735
62804
15117
-60291
4925
1631
9303
-756
34901
1709
18301
33296
-26340
10754
-2820
-132360
-77259
11679
7738
-7214
-29376
16140
996
12664
-5176
180818
-15956
-117574
2792
106218
-316
-25409
26492
52475
275
31436
3418
10482
-6824
-148986
-49585
59836
1110
657
-2028
-15578
21611
10681
9296
-5235
14181
-30695
12105
-3218
8772
-8142
-34444
11766
11187
42612
-9853
45547
25701
-1888
6348
58104
50399
14910
73590
2591
6052
231878
52734
-5560
705
-58862
-35883
3492
39819
-41632
6544
7627
27732
14356
-1785
1104
-61068
-86986
-9147
-116515
18064
-23010
-42888
-25650
11756
8716
116267
-40894
-27504
-2475
-2284
74244
-27875
7960
-6218
42848
-5449
-96277
7948
-128304
-5330
-22037
3109
-12544
40364
-33808
37179
1789
-11484
-33716
-21274
-97394
-33746
-21411
106471
105305
-2112
8013
-33311
-11634
-70405
-115
1012
11832
-911
-11226
37296
-89341
-142292
11512
-28201
-216288
2501
64806
-8304
76358
5001
-33514
23728
3136
20430
-83082
5562
2304
3476
-9743
-6661
-6064
-16695
-1169
44
41032
878
27
-12691
131623
-4334
41206
-61831
-83068
41783
-217358
4682
5781
-8408
-35713
-458
16338
-24712
372
52520
110632
-944
76336
-21766
-50330
-56589
-26219
-19970
-29514
4998
19550
-1014
21423
-52197
328882
-123608
-57882
3060
6099
-12338
-4600
35418
-15633
-161444
25122
8582
-26981
-10278
-25401
138341
-8559
-10908
-13048
274506
-20736
-3522
18055
27516
-120400
-8133
-175552
3636
-17152
-459480
25264
27951
18905
9498
-125695
-38442
34320
3944
7954
-35967
-70452
16896
-1038
60954
-11640
7413
17049
5556
99198
-62421
13242
-14490
-19524
2100
150126
2102
-120549
4818
9662
53184
75466
17456
26
-4842
75825
-75077
-108012
23117
-186177
113975
27478
-3150
-72227
27198
72900
2578
-23520
80496
-1764
32691
4080
-87400
37059
-99236
-3217
65230
5497
37050
24751
105380
-34230
7424
13608
-26668
34187
-79456
-21682
-253
113576
-82122
9117
45076
5193
-8975
11090
-1260
60300
39317
15578
-33678
-23676
-69048
1772
-111831
41652
33660
-83546
-76846
31276
-12296
94658
-2716
4322
-69016
-14175
-57024
13455
-201126
-32571
-30650
32036
-175277
4070
-11872
-74704
-8244
-3312
253766
-93366
31786
-12656
-36822
-11844
69744
-57644
8750
-10620
-5112
77788
24228
-1262
-9400
31371
4320
-16554
-3123
16236
-10518
4728
41723
15982
-90880
-6111
-55760
21844
-5630
-43856
-3069
-24100
6148
34709
90340
-17597
57092
51408
3944
-18492
55694
-25412
-11522
-139909
13865
3944
-6798
-7105
43008
-5988
25422
14625
-9434
-12069
20030
-39772
-86446
38151
-9162
5770
1513
-56420
-48531
-7142
27243
-54273
110890
-10446
11223
-48930
-22368
-109119
23739
-25995
-39154
-1352
-10246
-121936
-41623
-14128
-11589
-27570
-32197
-1600
41804
22986
11268
109424
-5556
39638
43338
-6845
-47488
-250
-78199
-8053
30418
-18375
49080
58893
120237
-28060
-4528
-6381
-31302
9315
-6549
-18276
-21204
22010
-63378
26033
-46216
-173046
-36300
-12570
-9070
18149
187256
35851
-132060
3253
3420
53155
5220
105660
-35622
3054
15918
2154
-40072
-2568
-12682
-9984
-9544
-247540
10988
-11798
155148
-5972
-4162
-177236
-45651
-2130
37052
625065
-117218
24066
4197
-14726
26056
-9058
-6665
25050
34920
7343
-26600
-22848
23865
-17396
17955
20868
-8074
5710
18237
-41475
27252
-244
5580
-39060
-26854
-2968
-73008
26613
-18283
-135470
-88488
-24694
13844
6492
-44399
-3182
-13368
-8799
-35741
19974
36405
18240
1356
8752
64797
18156
-3528
-16275
-46051
-2739
-15432
20957
-20595
96360
-36619
84095
2202
-13987
-14002
-21060
1760
8013
54285
-11067
31584
16356
-20262
-31852
109269
12604
942
107128
-6164
40122
632
-49866
-4612
-1876
6984
-1087
30456
4620
3400
4480
3954
30045
33073
-1216
-40242
-30597
60898
-21538
18936
-18853
-25340
10624
45167
33285
-38047
5482
-344
4972
43776
-21602
2765
53984
-70296
24323
94032
-43500
-13336
-48674
-3768
12579
-8059
6450
-20814
-6542
-9184
-262922
296
-14769
-38411
8828
-50388
80438
6136
65859
-7357
18685
-48160
-8080
-3354
-92988
-2630
10558
-4222
-4184
-16894
-513
838
36993
86663
64161
-53650
-820
-54645
34005
-80865
-8904
-28068
-40658
-24414
19354
-59215
16160
-23371
-80665
-130
1428
29364
-17916
-45876
13488
2772
-20455
-724
5790
-23472
-7281
57530
31694
-14628
6193
54642
-186333
1898
100284
65760
4581
-99700
15067
44714
456
1185
32940
-4664
-12101
2167
-4480
-462
1642
-5977
25581
-71248
18515
6225
-855
-17340
-862
-2649
19125
15426
42682
-2594
-23040
-9860
23516
-12105
7730
11064
-20064
98169
10202
420
13280
-85138
-10934
7785
27010
-5575
-52704
7652
-3246
54480
-9358
-8488
-21231
63471
-254942
31578
-23706
208243
40055
-13151
-3236
36550
57117
-2110
-6004
-17520
-1666
53384
8095
-34931
29136
-2904
15282
-19829
12340
-6246
-13281
13723
-85888
36246
69136
460
-464
275900
72831
-2880
20832
16094
3677
-16036
9179
-12362
-57705
71280
61843
-19188
39950
7029
-54928
28143
8315
-19213
7608
7533
-2006
5928
18228
124620
27003
144680
-3952
-23708
36159
4050
66148
42115
7067
3715
3097
-86460
-12144
44946
-56900
1057
48613
-11459
-18956
16661
-41768
-4132
-8410
-63474
-2825
9042
-16562
158329
154880
276684
-32852
3490
-46830
73861
-46453
22899
74096
10980
35887
13400
-160956
-28431
43473
44811
19873
-42650
-3267
3150
4808
-17768
59688
5656
-48986
304
-31930
42392
6498
-7736
40329
-7514
4908
-183536
-76446
4021
6410
5000
-60010
5329
-28656
-15288
-2538
-11567
23774
-10371
16564
616
-31815
-4490
32688
295
-1628
29752
-8731
40356
12418
1656
-1458
-14640
-3318
-8494
30688
-2420
6720
5674
-14368
-20402
-24894
-89951
1756
83510
-11108
8603
-27120
17450
9734
8646
7653
-12314
84328
35914
77220
136458
7191
-3360
5725
-40221
288265
14729
28362
9296
-10146
568
-25812
33280
39544
-27538
-13402
-37614
-46067
-14481
20008
26016
13971
53032
-11880
36856
-171938
7444
7290
631
2
-9808
-52998
-10213
11190
-30674
-6166
-584
-8976
-13043
108376
-614779
42795
-678
1684
-348
37001
14722
30375
-59920
-12876
116242
-52744
24512
1478
17820
3585
-23682
-11958
37284
66623
4920
14664
-1811
-78
-12689
-22908
-134718
12703
-7241
45680
-17704
-12801
32028
756
-13339
-17282
28047
50437
-2774
-1275
-40320
7593
23394
441
47802
-4806
7885
19425
48416
-260
58667
-19792
23032
53202
52
-15380
8940
15643
-27930
-628
-5584
6908
-12093
-24406
65433
2925
14168
20006
17466
-18297
-2582
-23407
40140
-4990
-57303
-10359
40023
8700
18363
2187
26889
44740
1618
-23550
23150
24498
-28348
15065
-15390
-12170
810
-3082
-35592
30066
-28983
-12940
-17804
7646
-22818
-17112
9603
-14402
-29837
-3828
117781
20539
-2197
78508
14181
-64808
3789
-10573
24032
-4549
42366
25564
-91933
-44668
-82237
-1548
-11734
2751
18632
5518
109567
-3844
-1448
2397
10113
5359
9069
86044
-33802
-7447
9641
33590
61898
-28548
21505
18763
-79792
-36822
76937
-8876
188084
5550
-3553
54515
2658
28428
-54898
-69711
-62915
-6380
-8058
-5508
-209580
-82288
-89796
488
4368
-8268
25757
-21090
16818
30840
-6228
-23280
17076
-45774
-3477
11040
-49923
17016
220800
15577
52944
-13920
34593
49647
-4461
690
-32178
1416
2788
4568
23918
-78664
168
13320
17608
-50904
-22435
33302
-11214
-4708
-132146
3848
62201
26479
-118110
-22560
116444
-14396
128186
-34049
2703
37845
-3582
-562
-22749
-5850
18711
23224
1947
-2440
-74785
-30433
-76506
-24332
-95472
-31200
13761
-50850
47412
-5170
-3042
71184
-38826
12452
-1673
11584
-18688
-4047
-98148
-66143
241550
-8101
41014
-6684
10126
-9407
36330
23698
-1917
34662
-92524
2552
-117691
34984
-243232
80595
40112
24243
83436
8529
-173300
4756
345
-31029
-128305
6784
-1816
4853
-32722
125553
-13012
-47982
-34644
-4520
8748
18140
14999
-20645
88490
-37104
-1280
-81023
-21723
-2586
36336
64298
-26136
-1120
-19766
163326
-81128
-6780
-46710
-4665
116900
37368
5017
66528
-12516
8346
16490
-15200
5914
5277
-38888
67459
-112720
-60448
-161027
-43557
-22377
-10487
1254
-40480
-6143
1968
34312
-605
106297
2752
-6039
62056
-2550
2073
-34695
4703
14768
-5742
3006
-6048
-9022
18780
-277977
2821
115321
-302812
-1235
-171
165668
-6239
8187
94528
-2559
-485335
-104326
377712
-44220
12739
-26472
17553
-10879
30132
16877
829
-28275
785
22264
-20600
6881
-48615
30636
1026
-9007
96940
54942
-9090
36947
13651
13244
36980
-240336
-57910
-48664
-109063
13198
5928
8972
-18200
-9037
-23386
1393
49316
6266
-5630
276
-4296
11100
-36800
-10944
114197
9812
4870
245421
17586
-21430
3186
-2723
650
8260
33394
14328
-7492
1746
15368
40506
2060
105630
-36266
-68934
-1744
96430
-23964
-3658
-38390
-2146
-5708
24084
5406
585
64856
1924
-32247
36863
-39717
13240
56630
3960
124
6346
-5312
-79646
-14399
20412
32322
24587
-5431
780
-16041
22246
-2856
-22100
9674
-111112
-312
-63759
-12263
8283
-25934
-10579
4424
18218
11286
16597
-43481
29448
-9382
-23273
-16382
44352
-19861
-25216
2626
-31194
1942
25076
9856
7976
25884
-5892
-3388
-8166
37408
-120704
-1380
-3072
-10352
-14220
-12067
1243
19283
-27792
-200368
-4942
7368
33613
-4172
6105
-9789
256
17628
-5288
-11250
70035
21886
19863
4574
30297
51502
-35508
221076
16961
-3190
203828
17236
-32563
796
-13052
-42472
-26235
47445
3869
-25633
228745
-38263
-11758
40056
-6736
84486
44770
5357
130278
-3801
62850
2793
59477
1849
4977
-11945
-2942
-10842
-20372
97996
5160
-8679
76768
10242
-13846
59867
-28050
-51576
-3720
117974
83860
112206
17666
3745
11035
-12164
6918
-106056
306732
-231177
-5824
-35472
-23781
189448
-14208
-23420
32172
-15360
-60248
27824
20386
-6920
-32224
3372
160684
7468
59812
-19884
7020
6699
-894
5385
-6956
-66486
4236
-22860
7313
109828
116565
23205
-28589
-73033
4703
-114884
-13337
-57141
-4599
-14843
-87070
-82732
-12262
188845
-11444
62352
-21966
51315
-7796
27156
38104
2769
21994
-26674
-2089
308820
-2421
-5904
91958
-62677
5425
1282
-17930
21502
-8870
-52422
4590
-26155
-57747
498
-15827
85987
-904
18011
-13942
31928
1947
-27101
20418
147739
27114
29543
73212
649015
2772
759
57232
5568
-13749
-46742
97932
127050
9189
-8212
108
-22447
13609
70929
-36287
56611
84699
-9496
14025
-37370
-47732
-46900
3216
-184314
-2705
-6604
-3276
368932
55700
17666
-120660
-16999
100300
38306
24154
107321
15169
3288
-13358
380300
29558
-28224
12615
-6520
79135
8377
-6828
-13527
8812
-11722
4192
4374
4411
15823
-11942
-7014
2655
-49608
-378
8794
32947
-2371
-160056
67722
3171
20879
-58926
29190
-19647
-66288
-105553
-221304
-44163
18134
-64752
-41315
127672
32697
32610
-2655
-4985
-4661
-4195
-65732
-54020
12768
-7752
379
17548
32128
-76583
-7569
-1645
-42506
-47240
-113
10131
-23429
2034
31650
-14278
16091
-30801
-57930
-4694
-9198
-80910
96591
-75090
5121
9166
5304
5121
-11267
3184
64160
6315
-30755
-61324
-1034
37173
112185
7937
72590
28185
68752
11868
-113259
-1333
840
-35910
10953
-2569
-25604
3535
71070
39372
-1830
-31846
3632
-6239
8535
4311
6380
-48700
995
-26814
16662
35019
-9653
1751
-3800
11920
-8000
-302640
-84894
37402
-135446
6342
-9220
7960
1885
1944
1375
1930
-21703
97462
4865
-82
18364
-15527
-6034
-17140
11695
51148
105280
13500
-34151
-18622
19663
-23739
-70337
320725
-2437
6579
2808
-17192
-11227
68470
-3618
-4240
-30310
-3625
-16796
68202
-1129
330
-793
-7338
2790
-22658
11308
-40250
7498
-154895
28202
29412
-76278
-26104
-68061
16770
-11389
-35421
-7701
-8786
-24376
8512
49008
-15060
-24990
65114
43813
12366
105
-14390
-64012
-43459
-56770
-20225
-260294
27108
-6846
35958
-12568
-109419
5365
-32453
-13998
-5412
-9588
22088
-5416
-150864
-12173
-21830
-37934
-45752
-71500
-5063
7908
63290
64124
-50082
9007
544
5578
-267701
-54744
-6420
-4250
57023
39732
40252
-4054
4886
53528
-16338
-30948
18486
-8504
64394
6600
10539
32028
-847
-6615
-4727
10596
21253
-10046
31050
-918
10759
-29018
406
492
-57759
-17591
112576
215431
45774
-86152
36953
45872
20180
-9126
-4430
53896
-136158
-179126
-767
58022
26930
151872
-15957
-5652
8478
-5653
-81976
-61050
-27578
-2058
-44858
3120
-39341
-22201
26385
-63761
638
-7304
-168
7282
-33827
-21633
-10769
-2920
21427
-27252
10690
36450
616
1339
-50716
53408
15969
-11542
1735
-8060
51210
27160
18052
-9163
-128555
67350
30293
-139228
-15070
20905
13753
-31302
372
19270
18598
32973
4270
78555
24668
-177
1865
31824
-3558
15229
31302
52600
-5721
51083
-4805
-22729
-46285
-13785
-6324
-17824
-61298
-3346
-2633
4460
201496
11484
-2091
-30078
47545
15981
-1007
-4984
11896
15512
-3299
-6644
-45359
-9220
190326
-2653
61292
9776
4716
81965
-73720
12718
-3445
28932
-27723
4858
-22513
-31629
-27951
144808
19620
1996
129720
229671
-19236
11381
-4982
-7866
-35831
10350
-57006
31286
31861
-28751
-596
-30499
-20550
4408
-8307
-3132
26476
-5706
-3010
2677
-38896
-6186
-2272
-109282
-62152
14674
17568
-1709
42658
37265
22680
-12051
-523712
102375
-1173
12656
3873
-4665
5301
-11706
9423
18546
47347
-60752
-11773
-48813
42272
-1678
20062
333213
-21678
-5286
-72195
-3237
-25869
14344
5374
-6049
-1964
220757
5619
20916
-52890
-2734
-885
-172053
-3614
5570
-125320
5882
53841
-13655
2503
-39904
-7447
-248351
1608
29818
-27587
-10755
-70988
1088
28300
-14646
10085
-66926
28952
-39912
30770
16344
17667
49795
3960
36372
30215
33931
-3980
-66515
-33640
2956
24143
-13527
28527
-338
361594
-7689
-195263
144424
-23454
212278
-74142
5338
89550
-14947
-20560
-73870
-34111
-12138
-101308
-30030
-15058
5624
-37362
257752
-20109
-5814
-44304
-40640
-13858
9879
-74612
10539
-24676
20730
17400
-68578
199044
-28318
-40733
10350
-46563
-11724
-6720
-26614
-53834
-5407
-20228
-4380
27042
-103584
-4540
13062
4554
537
58238
-896
3819
97145
-440
-73738
997
35588
1764
-32392
-66762
1185
9266
-189
-22020
-15859
-259128
47439
112
4620
-74144
-12217
9084
49253
19814
7310
36704
4290
-4902
-93
5039
-1002
-8386
122309
-8241
13779
32825
-3335
11794
12847
-51736
-650
-96726
-208
-22932
-107584
62532
21710
3317
69405
-85660
20285
15544
3810
37478
6398
-77376
-18771
-2190
36592
23862
23783
-21136
352
-28864
11382
9288
7851
-16286
-127651
55801
-7730
735
23964
-67821
282
40581
9639
-1446
-14500
7263
-27466
-29407
-39150
3346
-60356
2394
-31372
98694
-29901
-14601
63680
18417
-56387
3050
-18810
18336
-34917
-7891
6087
-17176
-78142
-29522
-47587
-4896
6342
20119
13418
13295
7359
21543
17136
14868
11118
-8712
64959
192798
-31422
-680
129726
-3999
-49945
-52938
-468
-6925
14543
9003
32706
-53680
-18212
136
480
-12528
-9608
23327
-22961
-101808
-4914
-56197
-11132
29056
-173664
-6996
-7655
5871
7230
8176
10898
-14771
-5831
-26343
3938
-96586
-40390
-35035
1821
22192
-8306
-7512
-169317
-88
20876
25092
-9120
14613
20890
-30140
-1548
27581
2824
164934
15392
-11928
-1939
11754
-17578
103110
15570
72390
-336
20728
4798
32988
-5120
-37032
-12566
13764
-15016
-203676
44470
40427
32253
65571
92118
-68430
66467
12554
-1788
-89821
52118
-16100
3280
-1458
24914
-9015
-23667
25350
22153
-16568
-78175
1022
20861
-20666
-28525
46112
15450
18486
-5358
75470
-2292
-8704
14831
-46014
-328752
-28050
-7624
-7943
-530
1744
138125
21508
7844
210
-17280
-12751
755
-12332
2582
-1891
1177
13985
-48361
4887
6171
-34084
24635
20809
10746
-6328
-46014
-52676
-13470
23529
42990
29181
-4848
1466
-3061
-10612
34476
1552
-28880
28616
1058
-4155
-3460
34263
-720
1643
15520
-19010
-326246
3134
30348
19236
9780
-31960
-126626
-15506
7428
16928
39666
-12528
1000
99346
5804
-1943
72987
-24935
-68796
-21860
-13726
37238
-144
42441
-10524
-67355
21222
-1556
-4014
27986
-9684
15253
-406
68124
17796
-35630
11897
3272
28942
-33850
-46340
-8466
-1050
-2535
-4960
-23083
25605
-48066
-33670
396732
-38206
-10446
-2912
182
-22667
-23989
8070
19253
11886
-280063
50419
-23604
17050
-11674
4612
-8824
8293
11784
-235186
-119064
-19186
92475
62161
-14220
-81789
6132
-5833
-26578
18579
-24804
-804
5860
11841
-92790
52404
16424
43998
18769
-77584
-14113
-636
139028
-80664
9997
50748
-70956
4089
-3943
5526
4989
22652
83210
8026
28935
-22750
-142338
43002
-221325
-7497
-233
-8926
-96946
59636
-26730
22674
12993
-71089
-46764
-30038
-147312
2328
17955
15366
-8374
178
29888
-16278
-15818
9828
27580
8076
42292
-12708
-115238
70311
-118814
36015
-143892
-18018
-46062
203996
-23025
-181157
44614
-4523
23888
-34365
18085
-96992
27944
-12048
3281
24511
-51840
74333
-31818
33016
-115094
-38700
-1716
54336
-225
-35421
23870
-23823
-69956
36528
-2392
26720
-10128
69255
34764
-29607
-152486
-42920
11200
-16140
28891
-5091
-110221
-20730
9764
-406820
308222
-1281
-4588
-27366
-255669
-2020
45521
-157878
4476
29986
23365
24250
11569
5226
-15897
-4385
-21082
-2396
52812
-34286
24687
12641
-21516
-273732
67460
2624
-31851
-7964
88962
25208
-7086
-308
-35367
-13232
7646
2502
-45325
129560
104436
-19238
-5979
-40790
-26750
-7292
-4760
-14364
-70
-2993
1876
-3666
2949
22338
29803
121485
-21171
-220003
24216
-200
9634
24958
2832
9398
20371
-17436
2873
-9924
31886
-82764
8124
-243
-7749
133842
4449
-24250
3099
-34182
1993
2210
17789
-1244
-92438
-12224
-12063
994
-52882
-109548
3804
18245
106550
258290
-2256
29628
-16515
51319
-2300
-23055
134568
-19332
964
-68754
40056
-3896
5024
9154
17528
-54359
34296
68145
-35752
128724
-10938
-19702
29692
31599
-57864
58228
-48768
6279
564
1560
935
16929
-3836
-175155
8480
-15471
13902
46960
-11243
-6498
36662
233220
16611
-28666
-4684
8216
70716
14203
-38280
-36326
-11646
-217964
-389358
60436
-21260
17641
3266
-908
-71600
-6090
-11855
-17177
-45108
-615
118596
2040
-38518
-16198
5324
-197
-1491
249517
-5766
38000
-138446
1746
-7046
185552
11128
-8158
-6012
-85440
36179
1476
-50863
25558
-22638
-11499
-27187
-16654
539
34551
22023
30455
-44584
-38536
-21819
-47650
-75905
8172
83382
17862
1337
-41341
-736
-370713
-21826
11110
15113
-6932
-43485
7728
-5673
71307
-1732
-13340
-17672
-11650
52224
22682
1001
8556
-11828
-4238
-9103
6976
-12048
-61539
20871
5470
17167
2638
19596
24255
12282
-3442
47958
9280
-63994
12522
-14004
70190
-588
46450
5571
21810
-26342
46827
-31042
-17328
-2499
-192567
-5325
651
33769
3342
54188
-546
-2701
23160
109532
48425
12882
-3222
-1916
7706
2142
-625
-6764
8685
99829
21930
-3302
31130
2133
-82934
92320
79230
3801
-29900
4487
-28476
186324
-3914
-45491
28608
35517
31008
3906
-4725
12718
3030
1725
-24599
-5502
-40436
33558
47045
-10704
-1112
-25711
-3584
65870
-6003
-26292
-344
40873
2208
-6106
11864
-31703
-20701
-1126
-5522
63240
-1910
-21845
-3772
-8050
-7608
12032
10956
-151996
-3090
12510
27407
62071
-1269
-15744
-10647
-33790
5587
-385632
33330
-3888
-25146
57288
36288
58556
1035
-3952
41588
14769
5742
-1386
13574
47828
-8012
7151
-31754
4223
-24715
-34456
31922
550
-4899
3408
-2038
188
1600
13390
-17582
6743
147546
10376
-37212
29460
-12691
-6810
4762
52512
38307
5353
1778
9520
15676
4146
-3886
-1018
21689
2444
-3569
-8511
66208
5505
23260
924
-7098
24514
-18639
-8200
7350
71838
-28621
-32338
-5750
-32792
26198
-2732
-15636
82512
6596
20092
-34460
46109
1374
6055
7806
-54208
59111
-13534
14970
5880
19533
381
5840
-36952
234589
151107
-8714
1782
12707
18288
-18000
-10
-10180
14850
1432
-10879
-2413
29145
-15811
18210
-8885
-5508
16191
2578
-12152
-42316
8757
-121590
-45618
-51604
1788
11040
-2781
-1359
-37772
-3393
-110430
11360
4710
-115936
31510
11901
22566
68904
81208
-84460
3592
4101
11537
-80001
-3213
-62177
-1549
87759
-117942
-18474
88080
30024
25836
7920
24888
-8062
14008
45792
21411
-245
32826
-4848
-3928
-98382
-45902
95682
-8006
-8870
19332
52712
-4690
442
42714
55176
2842
-1726
-30604
-1720
4695
1029
-23811
5497
-17500
57004
722
18160
15010
71014
4403
18091
-9725
49192
41792
101480
-8490
-2392
-14368
-21046
19114
16580
-1070
-113997
-44982
-7141
7020
-418
-18120
-369
18966
-71583
11317
-37112
-118304
14206
-1917
11646
31603
-3176
-34516
-40560
-47736
21647
56034
-11500
123585
-24213
37745
-16064
21978
69530
4672
3180
14958
-10815
94339
-90517
31893
-11110
-85652
-194989
12180
49834
15152
-4680
208
13070
-48215
-3429
5116
-33070
-48768
12518
46823
-121488
-376380
-164766
9741
11043
207099
-41488
2930
-71776
-36028
-57951
-17398
-10572
12646
4740
4900
-66686
-141985
-33865
-114168
6496
10183
3434
-21327
56430
-40278
-8350
-1050
-7886
319902
-61046
105839
17991
36238
808
86245
10034
21357
-6728
-12555
-22500
-14620
51596
-35154
42214
73858
-14252
-38618
37356
-24388
6230
-11660
-27904
7236
-66563
-2293
18481
19215
-22224
-40215
62718
-4583
-24585
138496
-78042
56296
3760
3034
-7710
-104536
61694
-28326
-4758
8616
-31694
75873
11826
34745
12240
27846
47840
-92996
53872
8618
77272
-72768
7436
-4105
33972
19220
-12394
19185
20137
-8899
-3319
76696
112440
-106666
129862
3878
1553
106059
10332
-254476
-9503
1926
-241513
-31668
43848
673
-81752
-9205
39521
-20592
-7172
42039
-3532
7800
1665
-5355
-19170
20948
-8340
15225
-6584
-223618
-10670
17869
310
115602
-156700
1205
21055
-65848
22145
-13523
1920
614
88976
-8993
-7784
-19784
-5305
7848
4145
61232
-2527
-122641
-19080
1085
3135
-41916
13784
-10250
79784
-20994
595
-19893
14710
-55926
-2388
-4100
-4724
-42112
11740
9708
30726
24419
6146
6146
-20616
24126
300
-6107
-12569
-36660
-1460
32127
9554
15063
-5039
-70752
-729
6044
-28868
73766
-56944
2396
-1404
-66961
8481
33810
25452
261648
-20105
15406
-31880
141075
83286
31136
35232
15174
949
-3638
-358
-17732
-22406
76062
129529
-25003
-51540
-38565
-32774
11676
-86590
-38278
-13793
-23165
-16704
13830
-9226
5892
-719
-65454
-12826
1542
-10640
4449
90280
-1306
8893
-61512
-169754
-87864
14070
2616
44277
-57621
-51817
73136
22050
-45816
-25660
-8930
-3608
35846
22469
-22966
-20736
19825
18728
-7422
96355
39960
-49936
-5558
-82366
5988
-30854
2025
-9363
54271
-19908
-10387
-67904
-7952
-253721
-4576
-4864
-9997
98372
14520
6014
75014
-29060
-57323
-152831
-27687
-84287
29904
-19077
-45699
73077
-12866
-25350
3324
-20754
93150
-38160
368
-28729
-3321
44651
115082
-1488
-40335
55620
3950
-5891
-23270
576
43614
-16828
405142
37620
-5838
-15180
-6529
2527
5044
-7890
-1584
91626
-10235
27245
32408
-8000
194
-11820
8476
-20028
26728
-117090
59270
-1830
-2198
-47256
13074
-52071
-8802
-13584
4051
5136
14500
133638
12800
9392
1280
13572
-15915
3562
3472
-9391
-45510
2254
-14211
-48237
4129
33434
-17780
15096
-24888
2122
-219
-22467
-14522
75810
13056
59670
-4187
-145831
-25260
26610
-32178
45930
-2234
16708
24406
23990
7990
4510
-37710
-1147
-5046
37693
30888
29645
-20196
5636
-35780
67311
-8892
-18273
41148
-80729
8343
-32670
-47124
12725
-441
794
32914
-52346
12199
86838
-110467
19282
44664
28206
8776
-115926
-33571
-58226
2236
48190
-32946
50988
576
-9581
-37900
2672
87504
23376
-42217
115855
-51817
34548
1471
-13763
18987
-228368
9759
-24140
65907
48420
14060
10206
-5552
489
-96472
73899
-3785
6241
7509
36385
11520
4005
8450
22185
-13308
11240
22995
-4620
-197715
14926
6897
143303
-7295
-11924
249876
-55644
-3900
-21513
1854
-2054
-176793
7267
-122660
-17453
-6494
1062
36227
-2286
-66325
-9576
-9644
12036
-63596
300
28244
-23148
13952
-6106
-94350
27981
178258
17551
-8130
34623
-76742
2170
108396
28800
-2898
16708
5895
33929
-13326
-7116
15424
311806
6708
-58350
13540
2062
968
2934
11478
136310
53530
12536
-78832
32936
-12258
1555
-114654
-8608
-13338
-24778
5238
34038
5009
-62104
-41261
-1639
-16802
-3249
984
7944
127888
5688
-10390
1132
93221
56006
-164400
54628
-12191
12864
-436
5580
27881
-19244
-1520
-49638
6988
26692
-41700
50056
10950
48738
2945
-13486
13388
-69318
16869
-65980
12251
-10122
-95236
10055
-36365
-133609
-49744
7823
-20238
26366
10178
-34606
-2282
21753
-437
18028
-9854
19492
-3600
21750
6570
-113300
-69692
-7902
-32405
77975
3543
-47596
38793
44556
1774
3684
3938
92252
-116143
43252
-109239
31252
-2454
14306
-5374
13968
63286
248043
-2376
-19998
2149
16390
-62696
51258
133896
-16078
-40614
-4345
-189377
-33584
-19193
-7255
-51716
-7759
-4296
-1704
79684
11288
2592
440
-2082
2630
-6256
451055
14014
8036
-19932
-29970
-14999
-4662
-36147
2168
52948
-5288
-77502
88797
-8944
-1293
40146
75162
53388
-8402
52960
-19143
-87272
-6639
-1975
-5100
-3123
14564
10810
-6680
62006
6131
-83376
-46254
35248
17142
-8844
34519
-14280
11107
-123144
-5138
13602
53069
13325
-7315
63636
-32544
-35405
-77692
-157952
3332
-113387
28876
94530
-88856
117528
-13950
-456728
-86328
-2884
19215
-2283
118902
137585
-36482
401820
84074
-3325
29694
-32
90811
40328
-18738
24640
5615
184
11859
-28392
-188984
-3141
88715
35704
40421
-13545
12621
-9180
13080
198986
96286
6090
-7600
18334
-28435
-11986
135600
21317
239729
-17474
-62688
-77298
34320
5238
-25798
138572
53418
-5478
-23676
-36440
-9628
12835
-82170
48354
-181385
-51013
12553
20818
14995
-6148
105746
-3096
17818
112917
-11022
-34638
-33358
-29688
-84555
-168129
3781
-1407
-10089
46444
55421
-29832
67794
-28837
8526
-108077
-2420
43927
7869
-5586
89388
-71915
42246
-60633
-42746
-5272
-10452
14528
-3472
-104
-57562
18776
1568
-49762
-7678
11693
-7914
1161
76661
-28623
-5552
-15162
-234
20510
-47626
-8090
-4840
-192
83144
1914
1702
5450
-36854
-6876
5426
-5747
-5448
10718
-22012
-9321
-35090
40307
-61752
16556
1016
-18048
2198
-1126
48812
238
-50808
-58494
11012
-48016
62292
-5485
5050
-9234
6430
143090
35774
-21984
2820
10693
-8666
20603
11778
4722
-71075
-1390
24574
-55064
13148
-15920
-5144
22180
44658
51231
31137
-114344
-4178
-16781
25765
38383
2349
-15968
-3724
3929
-66864
-153931
-46386
7741
19348
-26326
4568
10000
-10114
-45216
-23913
16037
25202
6110
-9029
-26416
20126
-17252
48700
1196
-272
-31478
-43880
-992
5867
48854
75924
15030
21076
45590
4869
-28376
7278
-10724
-8937
-3406
39344
41256
43521
-18640
-860
-24308
19318
92312
-10970
19834
78224
-1792
29092
11016
-7398
-8758
-20112
5952
-4948
4046
15418
1300
36060
2514
-222909
-32611
5246
28928
-6702
-96874
6668
-126490
13692
15460
11799
22974
-1720
45216
10423
10704
-14677
33334
-66078
-78808
-20840
52135
7334
76460
26945
-34385
-8770
79619
-21603
-4125
19626
-59340
-12894
-17220
39226
-53564
-11808
-8344
-9012
-37188
4095
2840
12186
119861
-356
-2838
-60239
3437
-26354
-3480
33500
9208
30923
10216
-2406
-4046
-84156
-37953
-7028
-40357
-126942
89456
-57490
4936
10276
266
-14972
-105597
12134
12197
-9075
7478
13714
27230
13761
38
23507
-3502
7624
-125828
17402
-33477
-6733
-9204
-20140
-4328
-6464
-31020
28791
1970
-1968
-89214
-98641
6538
-18564
8412
-18232
62870
95268
21075
-12344
-34272
-1715
-19323
21370
710
-4330
5248
-27552
2177
-64983
47755
-2142
-43242
14179
-32358
1359
17628
139854
-6328
11772
-10960
21452
-1118
-38796
3378
116946
-25406
-154715
-1278
10112
-45282
-53094
27239
-2328
-10749
-4671
28064
30624
2520
2192
22440
-43320
-1085
39276
-21153
4960
6515
16758
-68440
2420
172000
-47374
-4626
-58880
6837
-39267
124284
11166
-31889
25344
7560
109774
64547
-35021
-111159
54974
206999
-72081
-68926
-7369
-15975
-112080
-1596
-89184
6207
-6715
9213
-4388
-372366
-14735
-43984
15674
4536
51516
-2216
-51360
-107372
-13581
-39898
16456
20573
-28279
22496
-71416
15859
-8806
-21513
12480
87535
1036
25140
3649
-2284
34167
-8086
42231
85364
39826
69740
-123008
-18418
4133
-14930
-47198
130750
-46402
-55248
6282
113480
41240
23656
172648
6450
-25316
75595
179295
-6351
45944
-6892
53961
17661
7374
16891
-147
-13751
73162
-44255
510725
-31398
-77
-110
133927
1204
-27910
-44249
-20999
-44106
47439
-60093
6974
13896
-109043
29900
-5155
30119
-2792
-4960
-18106
-4533
18665
10384
20915
5174
-61825
208
-56633
-47868
10031
-29729
-55969
6388
-30596
-1519
9381
2793
705
-1572
-82467
9504
-27258
4807
3873
29391
46872
22063
-3816
-9861
-2763
7604
-136865
-84354
-13840
86016
43612
-38370
27909
-15984
-153974
-15200
21658
-6608
-89807
-15678
40790
26432
-13374
-25032
-11156
-8008
2385
-15036
24648
-42618
12810
-17439
7579
77672
-178222
34094
17549
5231
-24766
-41271
54684
-5286
1742
52602
-2940
-45443
-50889
75852
1132
-6722
-95976
-2163
-40336
27352
-6884
-6760
-967
-5388
-2822
87733
-4458
24160
193535
614609
-22058
7688
-46130
-16446
26021
13522
34123
8771
48326
-24145
25733
-7496
-8462
-24812
11236
15303
-11512
-1795
139158
-8301
-11825
143776
-741
49654
-6892
-4889
5156
-4782
9528
-51896
-176164
-88190
-49818
-131533
43746
-46728
13402
85347
-17302
-68977
1782
-520
-2830
-159669
24639
13065
39281
129246
298890
-21885
81652
20290
15672
-31454
-38100
699
-81632
22808
-4742
-278056
-57700
2068
10256
-127881
-954
10767
6667
-2940
-2076
-29758
-59601
-23720
2994
21322
-20763
-16248
35344
15830
-5198
44478
-132444
-20458
20691
-26512
-31920
95433
38386
51608
17625
3460
281706
-11991
21260
-6120
3429
2487
-21588
-80076
-19372
-21958
-13758
-67904
-53654
21628
-39480
27526
31256
-10940
24172
1048
-58470
-14121
-6393
-1147
-30078
-42132
-3602
-6158
-12745
8250
18437
53255
10711
-8159
-5286
-3397
-56076
-45561
-6750
50895
-4056
3867
112
-6200
-46661
-9994
-3926
20882
25080
-24388
43650
1029
287075
-57028
-14972
48414
-73212
-20499
3782
13330
-116784
5382
-8158
4224
-1746
13881
-175696
-28599
-2932
9782
-4649
-66572
-9499
8449
-1021855
-39318
21932
-87990
-109797
298640
-12288
-17242
108220
69455
8203
-8181
9670
942
-76544
43044
6575
39941
46728
64924
-22450
-10230
-44739
24655
-1200
22273
-79376
-2096
5246
-33784
18030
-25773
81828
-377
-79938
10868
23409
-24655
1492
-17396
-13300
2067
-5798
-18789
-19624
2826
-2053
8544
-18318
24012
10270
7125
-1393
14366
-60766
27272
-2586
28252
6006
16280
6776
-4168
-27866
-1739
39964
-56906
8556
-15459
18773
50346
43257
7897
87641
146612
31845
-4800
-8743
-12141
-38352
7494
-4344
-64
22402
-48184
1374
-7225
-3242
25292
34110
-180096
-30671
47550
115410
-16940
-2976
27426
39300
-2748
16029
-47928
-6578
38849
125874
-18144
-91425
-20275
6140
553
-41154
48084
434
-59979
7596
4688
32574
36006
-12909
-6462
-5099
26532
0
68389
-8544
-35520
3936
27147
5892
-19475
34120
21948
-22546
-8480
9798
-84064
118636
11756
-207976
-4679
-29228
-11137
5560
17917
2450
-66144
44047
188058
-99900
-7020
-66476
15816
-318
-6594
-32104
11580
-7311
-3704
-32262
17676
-6497
-41022
-96699
62536
-41835
1325
-50069
13405
13754
87408
63181
510
24357
-52576
-127694
5940
-13791
-112557
177
-5868
26238
-10662
10762
-1592
32454
-17332
11355
756
22592
107292
46620
-14741
9314
568
166022
-9778
-22949
20882
-34026
4844
16617
-19323
-935
8470
38898
-54758
12324
-65898
22717
15584
22213
-11365
26294
50332
-23508
-71258
80736
-11312
-46096
22214
-11276
-4020
-9430
-121168
3206
-12864
-9658
-216030
7470
-23672
-256
-48104
-5666
-103147
527062
4790
-654
4059
-35504
203763
4946
-32
180
4096
-60408
-53310
-35880
26527
-9775
68047
-144376
-11219
-5315
-52185
-3765
8876
-7565
-38233
12278
35036
-1987
6242
-97570
-10485
28160
-27025
7330
-13490
-56779
-15308
-8272
248720
10882
-6716
-4110
-11906
-14626
-5430
-25392
-2828
-98436
-4022
20924
-3390
13594
45312
-240
-37884
1498
-9843
-20968
-39270
-11949
-16797
42364
-12954
-3016
98396
-72204
-12001
12627
-912
10375
-4776
-14240
690
-146184
311018
17200
21243
-42050
-10752
-170474
543
-7683
31422
102268
71987
26031
215161
32105
-20748
44529
-13041
-168138
4532
-13886
42192
-138167
22284
15974
48397
49252
-6718
234485
-276
-2463
15657
89194
117978
-91896
2499
-2504
6731
-15371
-25383
9336
77511
86216
-2578
353177
-17114
34860
49502
-3461
-9390
3416
-1863
4535
76313
23192
-56367
-2120
-20004
-13528
3503
-558
-14979
13882
7940
193773
73153
12228
-28986
53946
-18728
205800
-134664
-12658
-1620
-16055
-146844
57712
20465
78270
-15764
-11792
-7793
38532
-372
4065
3626
222300
-24952
-98015
1465
4894
-8700
20910
-223610
-2597
10588
-7969
-50442
7013
22904
-9120
-978
-4852
-7858
23340
198912
16720
5782
-3252
9200
94930
-21299
-19956
2094
-6972
-6183
13367
-17768
-5202
42424
-41957
17028
12474
-46554
-16800
232305
-5673
486416
-43078
-30529
33646
12144
-46448
9149
9650
-234536
-30540
51132
-25846
55771
42150
-762
-4079
-14314
236866
-23894
-17977
56307
17847
-33381
2192
17716
-51996
-11643
1174
14937
-596148
-2928
-57861
28124
10795
30218
-10405
-26986
-25636
-13290
4520
-195867
24800
-25956
3684
112670
-40764
10115
2601
72067
-66504
5604
81
16856
-5109
-18956
84
-3064
16638
-1110
1304
-49294
7763
4560
-604
-30948
3291
40109
21989
20874
6408
20742
-21320
106592
-45615
43968
17320
-1860
-12008
-55412
-12780
4909
-40416
26260
-4064
77090
-4534
16049
-22942
28345
6066
-4225
16669
-5157
873
-6022
-990
-14019
6744
-41347
-67488
14822
-19530
-2782
-12936
5340
109255
9134
25780
4530
11059
-5503
9557
-294
16098
8593
5495
89836
-116439
-10988
30718
10926
16664
-3420
4095
-2408
3059
-29290
6287
-10758
147965
24973
1048
2641
-58716
-4714
-140692
3728
10963
-17538
-18302
2634
36960
41906
-21485
1834
-36839
266235
3084
-18102
7734
70646
66621
15717
-4802
-3258
79593
-49728
7190
-24241
-8542
-17542
10002
10010
-22609
40044
61430
-16358
4312
-5900
-19790
5472
11770
66720
975
119019
-5122
-23170
48856
-29975
27415
-23538
-17913
-41534
-31072
7351
19704
8568
-251375
-40628
18037
8800
10231
16540
8852
134994
67584
-32724
-25532
-7180
131859
-760
9186
18245
79244
14101
47150
34244
57023
-45204
-20822
24052
12564
-16980
-16240
736
-1833
-111620
-25380
-2308
-108797
70886
14124
63
-7400
-10758
36998
7780
-63864
-717103
27464
14217
-9420
-12014
-90531
38683
-23694
67030
21600
10852
1850
21607
54708
395
-127206
40893
19656
46810
-17703
33990
-4169
-57996
-103428
2701
-292328
-11800
-27901
-8210
6495
-524
5640
-8209
-21316
16744
41375
8341
-53106
-2541
332
-18693
-12884
-8292
2079
8066
-6600
1014
-6724
-85556
13808
10579
-19980
36336
-131441
5850
4520
24404
-26832
-892
12910
-28000
132934
14106
-4031
-10100
-25484
-158208
5120
-45017
-8381
-92317
-2341
36660
6266
15821
-17912
37881
13720
11542
-23261
16928
6249
-1862
19528
47078
12450
-62749
-54891
-14452
-81170
-11466
4698
-6387
-85691
91977
-13060
-3318
-3546
14082
12460
-13300
-66859
54246
-2458
1743
-1133
-4872
5544
716
1350
20528
-221852
451
-27489
52774
-51597
-19528
-6000
-14319
-3120
3312
-56172
16177
-13618
36536
-22605
-30568
4094
-25318
94942
2379
-3954
12248
19812
12555
974
414
-62657
6567
-13044
-9505
8939
-394
13177
-22768
8340
-60137
-2532
-96556
97029
5644
-4435
4126
-15264
25995
-15067
-1686
-410
55538
25024
45330
-6296
25152
-23342
-4086
11174
-15358
14816
139530
-10708
-9354
-23506
-2836
235
30551
15175
13952
-16773
-88609
50991
108312
-38595
45433
-2106
-3293
-1244
1594
-2025
20028
66428
46585
5248
6182
-6816
2184
-33524
-11478
-5560
250272
-106383
111169
10763
75510
-13797
-130301
-18779
-12213
10354
75816
52941
-4873
-10650
-45338
-6696
115326
-3852
9272
9328
-169594
-11852
4172
-51217
-19888
-232835
-13626
-240771
36208
16801
-21672
161166
-1884
-66328
-43808
-11411
-5357
-16391
33940
-59776
-4526
-10729
1068
65133
-26984
-11052
-700
-95660
-13951
45851
-3853
14989
-2554
876
-10886
55237
-5528
-5388
-46286
-3024
-2144
-421
10176
-43180
57036
-9410
75723
-27888
32690
-11014
-29234
-4392
45072
-5058
-8301
-2289
6094
-46860
-12904
21874
1868
-16926
13473
-3916
-6776
-18429
-5700
1114
-964
97272
-57142
-5413
19506
-15323
35434
-404
-3996
8234
-660
-30104
500
14216
73571
-1476
-8331
85023
13930
-29570
-37632
-873
12180
-5220
70266
-3740
15400
1027
19817
5480
12889
2595
4140
4895
13252
59834
53303
-73346
31438
-61801
-7965
29070
-580
-4902
19250
896
373248
-21949
20181
-19831
40922
-18889
-7044
45624
15912
17542
9914
17781
-17762
-367488
5660
7727
17395
27252
-65179
43811
15476
29670
-19948
-27945
-41292
-96773
-239364
-96
110335
-4829
60297
14400
-14706
-4214
4080
12741
1116
11602
3935
17831
98014
716
66600
-1050
3112
50694
31530
-65689
-3342
-13918
-4304
88228
-81848
11161
30753
-1816
-166521
-13405
11298
3081
-90708
-3297
-17490
-11100
-7485
5858
-18149
16224
-8655
-22614
-129334
28335
-12144
17663
87047
56994
-57177
9494
-142274
2684
-135754
62305
-70052
-8706
-164
-104841
-13694
-7314
-106620
-212597
-1312
-173952
-77247
-17379
-91154
22123
26257
-85509
100235
-10321
52015
7540
-9756
90014
-13630
-7881
9445
-145950
-14423
116911
-70240
-43321
67007
-51909
-9388
15348
-214
-14651
-1668
-13414
-4584
35146
7987
41501
-58096
-3264
3767
-3869
-6486
47696
275820
-103374
13378
40992
-18408
-5589
-14154
-22
-6450
-10868
-26793
-9309
-13442
-77333
59921
70813
37965
23483
35151
2993
4117
-25382
13051
31680
-69446
-7072
29446
4080
-103268
54704
40293
-103554
72318
16184
-15725
35116
-7266
-109022
64845
-11328
79
-26782
-46808
-2805
-34091
512
-8802
-1662
236
-68002
9484
-7530
5808
15048
-5165
156323
190
-43838
13066
-6207
17046
5636
-12439
-64074
-206344
-4501
62232
-3997
-254260
13569
1762
-2256
7992
-2076
18151
-24688
-34620
3692
-2838
-12646
14592
-11174
-32854
28104
2615
285
-144947
-65131
74151
103804
-8886
-48615
2478
4110
-199836
-14144
11844
18729
21498
13410
-4084
18250
-31702
8502
-17917
21325
1178
1332
-124016
116817
23928
143994
16776
-104310
-34652
2849
-5384
-36248
-37606
45234
31265
75902
-40395
-9366
30883
55418
-8134
3604
151600
-12650
10901
-34573
-6793
-2348
32788
24329
-12310
4190
-112712
24624
45574
-784
-244114
-822
-36799
-3396
-20895
-25952
-9904
7345
-59697
49350
26689
-60976
1406
-31254
-113195
324
957
-94240
48433
10080
6502
28920
11893
-10020
-11274
-2639
14947
-10923
25825
17940
33399
-2964
-16428
14541
53452
-13823
4633
28558
-4035
34122
-165396
47684
-53494
-4967
35066
73927
267
-57523
-60640
-3562
-103950
10780
-7560
-165295
25955
38649
76037
-7550
4994
21614
-20572
-12534
-71923
-82130
51334
7864
37058
-9460
-29549
194046
33882
-20456
32331
-6840
-6676
4609
-4656
-9843
42454
-14357
17474
-3443
-18458
100470
-134109
-51270
-72367
-5208
12453
310376
-190234
89748
-90099
70145
110180
4515
2598
-3632
10615
-54956
40089
-6744
208212
-11273
3872
-4250
-40079
48776
20325
-20567
-13401
27678
-52036
993
-17416
25689
-11490
64859
4104
60704
-11976
-24947
38540
-120925
6705
153335
4557
-53224
3315
33987
-143492
27742
-624
-12682
132090
-24939
71011
-62690
27274
-972
-78114
11958
-121692
18038
2369
-17448
11349
41068
-25320
5450
49845
6963
2857
6197
-11536
8966
10945
-4194
8112
-168
44518
2476
828
9333
6982
-1979
-109600
-11786
22129
-1246
7440
-26784
63155
-8540
-52314
7060
6405
6174
-126642
-2675
180476
306
-12096
136405
-9612
-18725
11411
-77023
-49767
-21564
-93548
1504
2897
39918
-67643
5802
33916
1425
5755
-13741
-11710
-20398
-21734
-7314
-10859
-15669
-94994
27774
10445
-357
9491
-81138
23314
-12208
-154092
-5324
-75280
-5290
26748
-12044
5436
-18513
33960
-5493
20916
-45723
31402
-46776
62819
-22018
98154
-8350
29452
-3022
43010
-10104
-9405
12787
7426
-30932
74261
-38697
-1572
-74462
31368
-26430
-190739
1520
-19309
-101646
-19355
8289
-8944
-17919
30548
22473
-50962
-57537
45501
5952
34857
-17228
55918
-2364
-169528
113534
92084
-7757
-73552
34558
17020
67811
228
-6307
47098
48815
-69625
35702
38592
-2025
-15360
-22468
-39946
-46503
-21882
-55849
7396
-4380
-82824
81500
5202
140
44944
-76932
51909
6486
-10074
10030
56499
6560
54607
-11086
77776
57363
-21393
-134852
-4656
37032
59620
-3307
-25224
-628
13557
-21940
-8395
-12456
5432
-4378
104480
-9562
25110
53398
-30300
-16814
11208
-49252
-23085
-4254
-15524
-10870
3976
-50346
-9840
-59722
-42032
14202
-52068
390866
-18672
-133703
31301
30467
-73799
10777
-19245
-21696
10079
10934
46048
-41551
8466
15384
90720
-61996
10502
-1957
8823
-43455
39632
-173784
1084
-247238
-20214
-5984
16914
162740
76782
-11988
4954
4764
-12594
-70149
-9028
-66598
-38705
-1338
-616
16184
47125
8422
-4760
-3044
-110814
-10232
5222
-46871
2965
-74718
8196
31033
-1595
-6753
9240
-4004
-2835
109488
15128
-28107
15847
-24036
24744
31243
48474
79001
-309
-34902
7051
-57990
-16770
27224
-17701
-48366
-24006
-17817
-3452
4741
-9159
-28244
-76970
20991
90066
8160
11427
-44512
-15810
-63408
-216
31121
-44500
5334
81168
-2364
6188
0
-3028
34329
7656
43704
-12166
70088
7684
-34424
90802
-12072
53253
-31746
-168
14833
-11604
4493
11004
17430
9082
-3747
23120
4160
30384
-35229
-4257
-199214
13780
85706
5804
29520
-89004
-73958
55
9523
-1197
-50334
-20346
-8810
337470
-22634
-1398
-15762
-7800
-6462
65860
34603
5636
3843
-13272
-22588
-17555
25638
-14735
-18519
-57696
43497
-6522
-391
-50291
-9436
5292
-18294
-9654
27727
-46930
34653
-68497
4284
-28834
-16486
263814
-4709
2889
-14495
18312
8606
-136248
-52600
74874
47521
9880
-8877
-148768
-14685
7172
8889
-19512
-22895
12418
27787
67229
-30560
-2820
1173
24258
8330
848
-15480
4752
-211823
-1698
4976
3715
-45342
8250
45790
-330
-3996
-13384
3023
1209
-17417
24100
-8708
-97105
14895
-8040
-261
28266
15097
13969
-9423
1232
33320
68508
-8775
74835
-3115
148540
-15310
-12321
-39072
-65606
46768
1688
-5728
-38112
6082
4501
30332
-68826
31620
10048
-20358
-174713
-23754
-948
-42830
60738
-34473
46796
0
-67736
-12842
-45024
-10176
-20092
19983
371
92736
9754
-164230
-2914
35030
-21900
38535
104090
-18510
37165
85582
12408
46359
-23236
-5910
-5280
21111
-7812
44422
-30394
-10181
65446
6172
345150
10132
-31067
11724
44016
25278
-6262
19032
-12530
-14748
-7147
25726
200203
-39682
21992
99808
-174
4297
77326
5742
-18429
-4388
5784
40392
-44442
-14300
-1915
390
31652
-40190
-18768
-19241
-46534
50568
-2805
-524
-48016
9419
-42044
20560
-84643
20196
107529
95316
-18814
79753
-156364
251766
43101
-42952
-144522
-2976
230
29280
22177
2409
-22158
2287
250520
-40355
83022
-7626
107302
-45378
-4344
256
-623
-674
-3481
30852
31753
-6507
9600
-5148
26888
-6299
-12867
-29095
-19276
47556
-40610
240074
11763
56402
-22617
-17717
25090
35412
-46726
45566
35177
235380
117726
-22950
9792
-13594
-12884
-15377
-41289
820
3825
-6957
-329148
13995
-81516
-24575
-28352
-32704
-35297
653
-15862
22117
-57112
-3056
-1878
111387
-34783
-9102
16478
-32862
7497
-38998
29414
757
-60016
19044
-14700
54579
-56434
72958
5126
839
2061
-479
198993
-131570
-6656
9978
-17610
38845
-18768
30580
114597
-2500
-208994
10743
-11080
-21396
-69943
13083
19787
-27431
-6417
-213596
-35838
37084
40725
182004
3468
-2409
-17220
-42948
44064
-1129
38656
-1218
-30206
-2980
8236
7542
-85326
-9264
16759
15873
-81197
71390
3636
13248
-1848
-30016
-1074
-4906
26440
-8556
-1117
36885
447
-7645
14548
-13757
30435
-12322
1320
-1188
6348
-77580
3985
17400
10271
-2757
37034
955
51242
-18534
3916
13290
14328
9106
-5624
-93091
9545
34110
125950
-22824
-1013
-7724
90916
23872
-5143
65420
655095
1139
2131
21767
-20277
22549
-43968
22566
72145
-2477
-38599
36780
-32574
35200
57340
110481
-18914
-16426
17160
31424
-44515
-80856
10550
-5996
-61692
6188
-4285
-200392
70941
30896
-73266
88556
31409
69483
-15036
34647
4776
-142069
-9000
-8653
-3956
-33346
38404
71998
43799
21826
29140
-36008
14058
-72207
-86436
16080
4900
-894
1588
-199320
-1182
-1135
38192
12780
11678
-28322
-33536
162718
103822
-10332
-29820
192988
348
46479
-28996
13112
-9315
21772
-1705
1587
13912
107
2427
-5713
13551
60644
-18808
8670
49398
-30514
12306
-2580
69078
-5206
40004
24452
32021
4784
-19630
-179216
-368322
19764
2808
-4100
-15499
-4732
224
30556
1149
10189
550
-13237
-114152
903
33610
10706
-6956
-371
-72244
-6534
19146
6088
2652
65587
40430
8072
26693
-87804
10098
-2997
74424
-17730
20209
-625
128647
-396
173242
-1679
-3921
-17591
-3620
81686
47076
2437
26382
2610
-5130
-115250
-13837
34917
-81302
-40335
12608
22593
-86216
5922
-70385
55746
1356
-3931
9786
-2450
-30712
-48520
37166
-31215
-6942
-39239
21895
9092
9308
50200
-75255
-43464
-14190
-22744
-33130
40478
-6976
-249
4275
61130
8152
-42240
4800
-14903
-8377
-7245
-34048
26005
59295
15526
86080
-3296
1619
35818
1510
-2162
-1137
-15450
15840
-7790
-10842
4785
-80592
-93904
10032
-9522
22066
-38934
66075
-37488
-10913
-12394
-1950
19992
-35655
-2305
-61456
-17232
8208
-24298
5220
9918
37991
-84884
-39509
-27379
-1324
-4849
10386
-24863
24492
5445
24688
14929
-11910
16285
45526
22874
3180
-21080
-57486
-84161
34304
3923
20126
-15287
46546
1458
80958
687
-25593
-47086
42597
32967
-35460
-13827
-95319
-4636
-44949
-5862
26056
79792
17376
-41931
-37836
87906
-90782
-4224
6600
91536
-185079
-29016
-14869
16050
614
43416
-44519
-60856
-5219
-28734
-64153
82245
444824
14076
11714
7960
132117
19173
12298
-29925
13900
-21060
5648
-4374
-54080
64
73380
56943
6060
-5791
6690
31585
1704
10968
-863
8027
5469
3916
52078
75880
-3961
24104
9829
-15036
65896
-42821
-5600
14462
-88908
107761
-10810
-14002
43455
-8683
-23193
-12408
6927
-132509
1898
2113
-128478
-71736
-3165
45183
-151150
-4884
40770
19919
-4068
22542
12921
-33366
-7041
43022
25784
-3233
-7637
33780
-10561
49366
44568
9948
-9042
-11565
-2015
-75351
-132443
55782
-100802
-30163
15424
-6018
-6015
35601
2781
30668
-28365
7773
-22306
-166888
-24372
-9472
4599
-82350
32936
-6281
-66162
-83900
-1472
14396
72769
14926
24641
60178
237693
-72610
23219
11940
-236
-1654
15342
1262
-64700
496
-19667
138686
22276
-15382
6716
-25870
170083
9749
-9299
-15470
-38487
61294
-10443
39149
15723
42098
16278
2624
-10308
59904
-23988
9706
-43158
8148
2248
9266
-45332
1575
-11459
-14676
4835
17033
25608
-83750
45283
-8781
-11688
30120
-37998
51710
-24292
-8256
-20560
6180
41420
-34295
-640
-6315
-13608
19072
36912
3934
85696
129703
-44350
20402
-61639
65365
103525
-4809
7008
-37710
-17856
-24150
20612
8052
13806
-35702
92307
-199020
1238
-4926
72
-13954
61728
-5310
92502
57120
49661
8127
-12468
-4266
-39307
-27972
-11340
-102991
12586
23762
85799
-15712
22020
-101696
-14904
55298
-3009
-9038
16236
6972
-16836
-17899
45621
59787
-6363
-4112
39416
-18423
29978
5328
4106
-80820
-3172
-28120
-23845
5860
34629
16572
1251
399
-20128
744
-98420
80712
-6038
96492
-74910
-10064
-43525
213394
-162701
-18209
1392
11302
-20220
155748
-807
90058
4194
60528
-9934
1680
63648
-12762
-8969
-46130
5170
-12276
-41090
34904
12060
-14394
-27870
-73288
-3930
-83440
9788
-8559
41010
26586
-197186
-787
-25245
74625
-17016
17866
47386
-101496
4161
11360
7786
-24680
17310
15484
13023
3968
169590
11046
-4311
433
38852
357663
-98376
-15314
6294
89617
8916
5621
-2428
12836
4488
10124
4680
-11315
-41962
-1770
11194
63076
-15582
-89353
-45199
110481
-32328
-47253
-7272
96282
9157
-31016
8730
-7551
19296
47901
-17824
-158925
-42155
21828
-43221
31291
-2016
-18135
-23460
-147324
7550
340
-82028
-74873
2117
-962
1741
37638
-31969
-24066
87367
-1888
-119464
13440
-14282
10814
-23854
18464
-118143
20643
12426
17649
-41580
26390
74607
-85981
-22466
-300
-366
13504
-126771
15230
-14759
-21528
-11745
-21788
-15525
-6922
726
4685
5748
6100
147761
-20800
-4192
-44130
-7919
-61194
-65049
139895
-16620
-42124
71056
-120538
-6579
1378
72068
-7314
23712
-92218
-17476
-17962
2097
30752
-4522
-7300
10134
-41642
-2568
-372
-28902
-14762
-9303
-11276
84296
35513
-11836
-3026
-231766
8962
-120
35160
-46503
128058
-19120
-31958
-23354
20048
6815
29020
165362
45507
-34892
89
732
-13662
-88276
11144
67367
-38219
-257927
16262
-8768
20804
1375
268862
6684
-2338
31834
-1293
-96534
-103619
2174
2414
6688
-9243
46239
-83309
-14959
2096
85531
4400
-65970
24096
6489
73880
-4892
114843
-18024
3404
-58816
12738
15741
3332
1789
-98505
4731
-10502
57805
-488
-11360
72979
175383
-75078
-42272
-33665
3494
10818
17658
-38099
19625
-4178
-48960
-1002
25321
-3245
-1372
-2920
-40410
-54516
-103222
8188
-16258
-66786
-32942
65253
9354
4218
-50018
-75319
-21617
3224
-18889
166549
8531
443
-796
-11700
25785
68832
168200
-7249
-70784
-1650
-32698
-20555
-1073
15680
-3263
304630
-28866
13439
24151
2145
4225
6626
-2809
-16752
110401
61740
-58399
-7890
13067
-146382
-26878
-22913
-1698
-10263
24071
122315
-34173
109044
4914
47180
30294
-10347
-7862
3512
265
67646
-2144
29432
34089
-14193
2886
-11241
-2124
22220
264518
42102
42097
-68046
16276
-23810
-14367
13968
-29649
262
-149122
-13020
2509
-77961
-397500
39230
-544
-37584
16530
-12707
1730
130335
103074
-40404
42453
-2769
42750
-34350
-9573
1386
-26248
22374
10605
9036
10884
-10352
39019
53970
-372
-23048
24340
-43069
-12892
2220
5616
-102865
5587
35587
1448
-2205
-23614
-1010
-7030
47121
9675
-35079
38061
12806
-67410
5180
-34252
-67882
-40352
-14350
56644
52734
19645
4572
-14456
7270
-73952
-11644
-7209
78399
-883
-26399
16164
-32490
8766
-18844
1189
98145
53954
36189
-40500
41322
-383
60569
-140771
11691
54696
-11000
3054
29052
-10861
22648
-1326
150694
18744
17140
-99224
-13967
247315
13328
49476
26550
-7821
-44442
-13374
47173
36504
18021
-2998
2882
77334
125919
22462
-46568
17156
71745
-45236
58600
25871
27376
-24222
7987
-26154
48166
-32708
-2060
18950
-25800
60008
1559
8328
-581
-15246
-4488
-45828
28657
26906
-10296
23372
-97892
-30710
8558
-90330
35216
25566
3168
-12554
1086
8260
35864
25574
21982
-19965
-9699
-10211
31467
85060
16545
-61750
-18480
-21790
133315
2521
23061
-6216
2328
-64785
-34427
-49858
64376
85040
131040
6357
58262
90145
-10712
-7532
-88176
3258
-45384
24875
-42308
148498
24084
-49964
-33
-46598
15077
4418
-1734
-14069
15352
13309
21644
18753
109524
-30639
-4675
-8661
2693
62057
-9323
-3288
251635
-85135
147431
-34296
-12234
-12373
41262
-19290
9888
27454
12978
-186986
36132
29342
953
20050
10572
-155224
19832
-6230
-25414
30345
3015
-7993
16515
4622
-1586
54366
15844
-6062
5844
13482
18808
-39612
24056
95200
-13528
-20534
-17728
33265
5164
44240
45940
-9892
32333
5602
5103
-3463
49202
-30835
5160
-16408
-20753
88772
4950
-6693
121117
70477
6135
-33
-1610
-17785
-40208
-13374
-3553
110656
13540
-35930
-25078
26768
-68479
-532
10931
-1482
-2324
10880
34176
-60744
-58333
-8233
4057
-300006
25189
-9863
-14004
-1212
31605
6726
37140
-204534
-105311
-21586
20485
86942
-81947
7802
-17978
-685
-12447
-83257
6650
16685
4380
-3606
-14911
68378
40580
-41189
20548
19599
25966
50052
516
-158424
1904
77899
-29281
9154
-164478
-48780
-2014
-7360
3286
-61695
52528
-4049
-15723
-15437
-5880
18090
9890
-928
11097
-22396
16114
-54
19944
697
100708
-1434
24
8504
54973
-210202
-10632
14729
-84096
14925
22866
5614
-3520
21141
-1045
16147
-18435
-57282
1796
50476
-6685
-863
215067
7969
94030
1416
-12908
-26324
33852
-7707
-97402
-43098
-29204
-157120
-6964
58038
14568
5242
186828
-6116
29550
-17440
-9889
-22548
-15260
-5459
33197
-24918
187720
-39990
5720
-2400
-13920
-2782
-26442
42
39872
-3422
-42226
20054
11256
-22498
93704
49902
-6378
-34387
-92494
-9815
24138
230
1881
7948
-8885
1892
111344
8213
66840
118614
-1944
5950
-37276
53810
-4779
-16340
44731
22556
7970
-18651
-53124
945
-61034
133949
6176
-32766
-55520
3547
-60900
49479
-14205
68945
39453
145458
-11101
-5741
-14334
-12545
16219
-254
-8358
1438
8984
-2824
17430
14405
72486
-9606
-85515
33460
-11248
47625
-625
6422
1435
-57159
2806
-8170
129664
-5864
-1630
-1843
-4932
31748
13032
-5184
-34187
10358
-56748
146066
3506
4627
29703
8915
-8416
-13746
-27188
-53639
10056
33988
36239
23790
-2375
139459
61127
-8392
16034
24997
-12525
-49429
-4719
-30980
-27936
-10820
12111
34531
-35514
-44748
-95845
11004
-14875
-16691
-6949
43389
4392
21447
8449
320250
79646
88431
-24924
-17745
33880
15185
-31728
195070
31718
6650
-2356
75855
-2168
-8750
158454
-7256
-680
-38259
-142248
-158487
-9087
6336
8548
-36532
3159
636
-19686
9558
-15600
-61355
-14428
-2829
87496
229380
-49717
61743
6177
148096
-975
83635
43
49335
-52033
-10212
-12786
31380
35634
7591
-791
11009
-2531
-112930
-39926
-10873
-12336
-22638
-80274
-27062
24396
-646
-25116
-14371
17388
-61858
2952
3434
73313
159442
1634
22808
-143372
62624
-1146
-4325
-5599
3125
20708
-4700
204321
28158
10193
-4808
145968
-4604
-14357
-5556
58018
3032
-27784
-21634
-27280
-138
5297
104032
17457
-5509
-22842
-733
-13204
-27422
-163163
4374
-9368
-14
-255
-23388
-2188
34886
21561
41169
35764
-49243
6820
-8395
13968
-35960
-56394
-6567
26686
61415
2068
-58769
-69769
-3948
-3924
-64493
33358
-45419
-7092
-10364
-27144
7878
26620
-8092
16056
-17368
3102
9207
13342
198
-858
39694
-12688
4320
23596
-13174
47976
47795
6126
-5946
105523
3175
4739
-20
9750
-54612
-13149
-89080
5536
-43986
-4823
-6696
29563
64964
16491
7467
18588
-7035
-17079
82084
-5712
-9563
75308
-19808
31443
-42744
11701
98047
-8152
-1811
-49684
5243
-74185
-7000
29852
-5062
-15097
9360
-29026
-13724
-18134
-89648
-15274
5564
4256
-68472
23532
-108300
-1108
8630
-136568
78744
-3376
-53635
35920
-2763
52478
634
-3210
-25922
12894
2067
18363
54317
-40806
-474
36654
622
26646
-29791
-32228
8748
-6830
-123735
-17824
6069
-13392
4497
-114706
107277
-17422
-13627
94348
8713
74520
-20298
17452
-34800
26465
17204
8310
13990
-196
-3716
-14728
70966
-2532
41164
3148
48304
-26800
867
3610
71396
26616
9462
796
33062
4146
-26842
9962
8769
-27866
16848
-6336
14265
19737
1644
10875
3280
-29144
212126
-7241
-19474
19960
-3183
-69272
-32248
12780
-120316
-7611
644
-59650
-998
-8835
33918
-23760
-17796
-20228
142386
546
17490
-8459
11492
1530
-9210
-32279
-181762
45
71868
-115638
-2748
276210
-3008
-15867
-72312
1629
-27690
119001
-6453
113778
52128
1012
-13803
12100
-26224
27195
-26825
-35223
-26992
-15162
-92949
11692
-30797
9630
-10178
-1813
-11025
-46501
-34669
3492
5313
21540
168039
-120835
-22476
18315
-21962
-32702
90966
931
-5717
-45872
74761
4261
-108798
-16542
-37884
-10084
2076
-3521
-3459
1027
-83034
7206
11410
-13751
-26364
-13442
3723
19234
-75604
-67371
-154302
10100
26831
-32809
19748
-34536
18650
17715
-1731
-4067
-74673
6962
-711
-24785
688
5100
3365
-86025
7010
-3695
82499
305
-41254
-68641
-22536
-22421
40552
-89470
90592
-152006
27552
3989
-6899
6930
516
-5168
-41238
15495
-935
-13257
129126
29755
-45796
-1797
-6436
3682
1894
30402
8051
32340
6685
-1317
-49870
13704
-16716
-48963
18292
-1890
51652
15114
-31009
-48216
-11593
17816
-20501
70457
1838
21726
111488
6332
-2580
-19047
-9786
-44664
-80913
54171
3823
-30233
-42639
-283876
-4880
-6961
9060
-10975
30117
-261
-138840
-2139
-11348
73368
15864
-9855
49241
-70412
-51145
-9289
5020
242
1120
-5884
-97724
5411
25098
-594
-21488
34981
7529
13550
28052
50491
-2971
20056
-16719
-1370
-12948
23578
5781
1872
123714
-92148
111550
79299
-31476
279692
-3282
-42990
32182
-295
18894
82721
2574
14934
-24019
20184
-35179
404
5544
3035
-1954
-18056
-29670
-24066
-86204
-38126
-159434
2408
167751
1672
68592
2875
-31056
-7204
48784
20148
20205
10782
37536
-34806
46569
21840
-53523
-5756
-17832
-51992
19550
-2440
-5640
-152640
-6342
-35420
-25780
-12128
-55348
269994
-43225
-1263
-2918
-117150
-121228
14472
-65835
-75684
-5738
144361
-67458
-8453
82572
21046
220029
7455
5935
-190128
-7117
-37267
58203
15280
12670
-62697
-3586
-17328
-56823
-34688
16454
-35872
101748
-12572
33000
-1442
33919
-12226
-23437
-28234
46653
6744
10653
-19098
-8123
-32155
74388
40479
-116424
918
-1370
15992
-45480
-30246
3351
12261
-13046
30476
51495
11504
84710
8463
-50092
7679
-58573
16036
38321
-18354
48554
116043
16400
61914
-10800
-6218
33011
78560
6033
-3780
-16410
23856
-43477
-6064
30480
57290
-85267
21730
14936
22810
-18768
68636
68566
33273
138012
-74129
11184
-14156
297074
86966
9536
53100
-115644
-820
2248
-15243
9497
9489
4152
-46296
-150055
4584
-16450
-34633
41827
-55363
-62944
7246
9442
-92804
7011
21303
2641
16644
-459472
-6514
-7408
-15149
-43920
-4201
-1464
8028
-65348
8109
-46328
4186
-8946
23400
-1224
-2088
4542
12005
-242028
-6182
-27940
-56277
-4746
-83192
-7853
-8447
6964
-204214
-95111
126766
14147
-2004
177784
-15333
23660
108198
608
-18828
-5192
31889
332
6694
23126
1380
16088
11110
-1756
-121316
12732
14575
92422
21606
16184
38689
-4081
-528
-37910
14785
39364
-46739
-5846
1566
-18418
-13223
-2222
58829
4488
62128
-23667
-57993
108650
15883
-11048
41684
-9170
286903
1890
-127124
-117136
7101
21261
-3625
26296
494
-1840
-78092
-19027
7917
9156
-18016
-1840
-57131
22221
19260
-121823
-22630
6273
-5420
219118
3172
-140504
-12288
-41712
-11703
-17769
9510
-58828
-29696
104954
36965
51487
-17350
6072
-55030
5917
30876
106546
11416
6066
-47955
-19486
-17260
5935
1620
244524
-10610
68241
4830
1535
-4660
-125713
27908
-29420
12548
120589
-45745
-20446
132471
23870
42843
33504
63738
-60714
-79799
25137
17737
-40144
-36164
-266964
7435
-1923
-16282
46836
18343
-11604
91943
39463
-61515
192753
-21797
3913
480
6357
15812
-825
6028
-30554
-162778
48431
1710
-4620
-28366
-4849
5653
-9619
25674
-12920
23732
-32342
17325
-7652
-276816
-137325
50194
141522
1164
10240
-17786
10095
-18466
9867
18098
-94871
13086
30780
-4402
2020
992
160455
451
45199
26712
-5514
173447
-30912
-15792
-40982
3204
106160
-28967
3212
-14898
-18222
-76194
7569
-33989
-38306
17378
7080
-24753
33362
13000
67768
7048
4493
-49248
-52743
16216
126288
-3930
35514
44010
-69751
-177245
-246
-90954
44337
22663
-32697
1893
41975
-22716
-7560
-28126
-18439
-4623
34456
-20960
2859
2858
-15440
5532
-10497
38208
-33951
68688
-35300
-6850
-22340
6312
129939
-13023
-5058
-3650
-171291
34458
87609
118828
-15349
22604
47391
-9598
26472
-34122
19524
-45960
-9985
4061
4147
4219
-58098
-16540
-2587
9216
-15089
-22424
-9354
-14410
830
-8791
3272
-28040
-10206
43398
59060
-38718
37432
-19176
-1533
31408
-14030
-18448
7862
2923
17456
-128085
-38822
-32910
-13678
-31176
59181
145832
6590
-21912
8775
-13700
-13960
-86439
-72795
6365
2738
12940
-197742
-98288
-4124
-20841
70788
-3711
-18561
-42566
13296
-20894
-19144
-34128
16608
127818
-19210
-20490
54751
-417538
-9877
2050
-23150
-31611
-3531
-12484
4307
-5924
33233
-8145
159768
-22366
4168
-9384
-22906
50997
38648
-38187
26675
2216
-274
-93689
-22882
64282
-2357
-7140
-111498
-39796
-18474
21520
-9222
-24443
44260
-7214
8892
-22364
8056
-8724
8349
945
-59958
-28088
32986
-32052
8313
-18140
4376
15917
11858
252
-12060
-84000
24308
-1197
19769
-51794
18103
24628
23448
5998
66053
147392
12868
-38304
173631
-37544
8024
-130452
41962
69903
-42095
40500
567900
-27860
-2146
-42041
18148
876
-61074
-66592
49914
-59705
-16360
-21044
-10800
-14655
-22788
-801
-50872
30462
16190
-2599
-6036
-3783
-7832
42174
64998
-15124
-93457
-10124
-868
-174
-120680
153759
-147525
-29478
1244
-22466
-6264
-63324
-12912
9092
-61452
-26010
18044
-42657
34710
-42798
13980
-1216
3372
-1440
26916
1817
1508
81903
-7605
-14856
4877
14076
-7296
1288
-2335
83837
-22912
11599
17870
-77463
-11859
-1769
-26459
1140
-1916
-209201
25768
-226401
60189
61080
3776
-50110
-30247
9496
-12074
5612
38848
-12537
69180
-13512
-13413
5924
-17296
-948
34670
-9292
-64
-15836
3374
598
9668
-84807
21776
-30229
-110124
3552
-53274
220
-14609
20800
-4502
-61476
14128
27894
-6828
912
-24678
-42271
-6224
36824
-350554
106
15474
46290
-9306
-34701
95312
-406244
-48021
1282
17692
-106024
-11642
42890
-27464
6752
-53132
94308
-27517
92788
13158
28845
24747
209949
-18609
60814
-12077
-106180
16080
6030
-2739
-23091
96765
23753
1480
-66180
11117
10715
95402
-17328
-53973
-11231
238636
30378
27609
804
30528
-36786
6360
47308
40020
-8264
33980
3408
-82677
231824
-2054
-36792
-3554
-152555
2479
3332
12225
-24742
-5557
-14266
-3681
29251
6251
66330
2294
-21467
10694
40047
-57609
-175368
50660
28564
8859
-68
10052
12248
478
6062
-101175
-30918
12914
2092
-5496
-10152
12189
8003
-12316
12592
-86768
-1408
-48440
22427
20647
16074
-5166
5279
-99590
-84369
28992
4668
37679
-7003
-55760
-12730
-44729
6028
11903
-130834
15176
-17488
38090
16915
-5880
-20528
-57986
42972
120246
69903
18385
2560
47393
34980
-7012
220257
35583
30652
36768
-40397
-6813
7306
-50876
2448
31310
-12382
-10411
67352
-22059
16407
15070
260
-15772
-4493
48554
-49731
-4994
17106
-8064
2356
-32970
11796
-17780
15080
-8909
167190
7199
788
36828
14711
1892
-49420
-51932
-22014
16852
30357
-20174
1579
50292
3745
-3720
52639
65061
-11604
10653
-18396
-18546
92177
-4852
-19511
16998
766
74756
-35824
-41544
11864
-6984
-606
-114396
-37344
-504005
46110
-55876
-1019
77853
99808
12958
-10849
-3055
-3804
5391
-87594
-30123
210258
-11264
-102474
-15983
-37976
3805
266093
-39429
-13268
-6593
6720
-186967
16596
-18504
-158414
-97568
2182
26040
28587
36132
-201060
-181477
-41392
48147
-10750
46420
93291
2870
68841
19
13382
22464
14962
103271
-8774
-9607
102368
-6459
54555
28720
19448
41876
9537
71251
-82920
11264
-46451
43176
-117384
-92565
25321
10546
55176
-42521
-3520
113778
20946
-12100
-273
-442
3676
-55770
62108
-3858
-3410
33690
-12846
-10316
-58428
82391
-28108
15037
1657
17071
-5884
4530
-27948
15761
-9594
62814
-102618
43122
-4899
-6622
-729
-25795
8700
-37736
-76699
196
-50317
9230
-22254
-14706
126335
-77584
500336
5175
60652
16425
1786
6408
68466
-3623
-82818
179903
70755
81880
-21242
28134
1558
59666
48782
15800
-6340
-6160
430
26195
29406
25821
-7932
-4471
15834
-6513
69482
-49362
959
9692
8038
-1204
111050
32920
-202779
-10647
9368
-978
-26242
-16461
-124372
-183
8780
-11830
47401
-17412
34040
1379
-11955
-46866
-7440
-39596
22654
76387
3808
-186337
-24463
17930
8910
97104
146666
-1319
-21588
12014
-6870
-25203
-168838
2520
43018
-3536
-71934
-38855
31872
6070
-14087
12854
19617
-4562
-19824
-91407
27721
20643
-6849
-430
-11002
-35089
4454
-14165
-32095
10275
-99840
9733
81935
-99093
58220
25148
-7326
16288
21744
-21168
-8355
8255
-321716
7818
-5748
-1953
124042
-47560
-1066
-40576
-12120
110977
84510
-85622
-4602
10164
7932
84566
118144
21834
64596
-38520
-21222
9015
210170
21952
3498
83449
81521
-6753
74708
65924
-4220
2816
-67828
-82104
128518
8591
14125
-638
7708
18333
8894
-6399
-3692
52960
4005
7981
-228
-82729
-10921
-63009
-37436
-18546
-3260
-24446
61764
-61752
-10546
-7476
133175
3816
-27369
-5444
-8295
9684
55030
-5702
22456
-1480
-15210
10687
152402
13095
-64308
11602
-15324
5108
19300
-148958
-2308
-6227
971
-93074
19594
-8661
7548
68948
8870
168324
-28996
-29453
45380
161786
4545
-14950
12312
15058
-287916
19326
-56194
-88810
6368
-6539
-49359
-20540
-7510
-59168
8544
15763
9195
-50168
20787
32859
-4062
30506
-4512
-12108
31298
-404
1884
-70066
4590
-179351
-39764
22876
-49692
-1526
13008
21476
10010
46304
39205
-1132
5194
15942
-36450
21636
-4596
17776
-5878
-43444
-7390
8511
86856
2636
-3792
-171714
65000
-8208
-20167
-16642
-39421
-59889
3662
4343
2960
-233166
8964
50161
-21744
-50891
149280
3434
-246165
-191196
-144
-1915
9301
1234
-13180
93257
-96437
159280
15654
-34090
-972
-72026
19780
7960
80502
131127
-40884
13740
29
4850
-11458
-7208
-1444
996
49156
7076
-22691
-9552
64680
31165
20065
-38782
35045
2325
-51497
10124
-140608
-10045
7337
51822
-102120
-22065
3851
12204
-41023
-15049
-44937
-62320
6098
-69626
-336773
23436
9048
-19112
-20556
43800
30415
1692
-8518
104893
29465
34382
795
-9740
84146
-132339
-29225
-36504
-14566
-9780
88388
-2296
-45188
-11636
3728
11966
24570
7267
-15496
-21756
-46384
-97990
1178
8443
205
-12168
33279
4888
-8844
51119
14362
-22514
-41716
8874
2325
7523
-1442
5000
22302
-18756
-2886
34022
5867
1587
1440
208369
-24434
-70725
195874
-5273
8810
-100770
17192
411
110937
-8526
28142
2783
11538
14992
-43341
-24008
-22751
3945
-9168
-3405
-15390
-21090
6924
3198
7217
29550
4092
-51884
5468
-2477
9412
143662
-42496
83884
16862
32382
51104
34680
-10804
54000
3149
-7912
-807
-103984
-10442
23946
-9358
776
-3526
-53247
25278
-31317
1600
-130429
-20874
-35431
100256
5267
-32169
416188
15008
-21973
101546
14659
-134703
8758
321836
-17932
-6036
54741
-26483
-2573
-22854
20578
26772
-57561
-2744
-25460
-7650
56198
-41348
167774
73332
-24507
1157
-77854
-59481
16565
-8118
139854
3002
15360
-19848
-3984
27978
82979
-14504
75190
13724
-4448
69984
-80115
-285
840
-22348
10699
-4282
-90417
-226
4254
73500
37772
29747
-14894
32982
102456
-10213
1072
15510
45156
-11540
-39676
37256
-2816
4362
17144
3983
-162
-6380
-16712
-96376
-37531
-92533
-179248
7379
-105732
-14038
-9456
-15624
24350
-41505
197590
17828
2620
-17210
-4254
-6370
10706
105619
5712
59612
-4288
223076
19388
-1230
34200
-220258
-1061
-57829
5506
-124
6311
-3147
5676
7965
-16852
22701
-22248
-12836
11836
29688
-27314
-15744
-64040
130770
-5470
1636
-13134
-60356
10336
-9162
-40752
-76839
2550
9399
-27810
13189
10282
36904
-79160
-16120
-3658
-69020
7244
69730
1841
1634
49518
71299
9418
24080
132638
-218318
-124615
108580
23156
-13113
18512
10695
-10917
51696
-84865
6193
-1000
-7050
-38258
1370
8961
-5190
-24099
7299
-8420
-3177
13626
-17554
14409
6036
-29048
30404
-4
2025
2716
-30024
-780
41526
102650
-224129
-140356
16148
-1922
1100
-406
76
-11472
-4811
-11830
12222
43332
-14760
18208
-65550
114782
-11441
-63336
-6069
-7370
-2925
-6796
-21648
96
-27141
36014
5475
19995
13595
-5226
-95356
41182
-22032
-91046
-18621
114576
-275
-127680
-11142
6456
9698
2549
-8084
89265
-31222
1749
-106784
12798
39773
-35330
-317918
-47089
-8660
5976
-924
3088
-33835
3606
-8951
5887
-2473
-132663
100033
16624
-2568
76624
-6611
96737
-15579
-499
6181
-33368
1944
-108012
-140463
18322
106032
30738
-6120
128500
-9148
107210
-114227
-139878
64840
-20964
-6904
9938
-11446
-4995
-69222
42712
-18536
20312
95928
6160
-17540
8484
-7173
-19573
46449
-859
79190
3660
-27480
-26920
-19506
29409
55688
11808
-3090
2880
13600
19458
23948
34672
-16901
36354
9527
-16384
6753
-836
17280
-15336
54595
-67500
-2455
-38526
-1660
-12944
80533
-60859
-79952
17028
11720
24055
-4921
-4128
-26004
-3801
4944
47450
-33068
-5771
5437
11712
-4868
-66976
-47082
10742
19552
-8708
19410
-5010
-26314
1738
18990
-25498
-75303
-384
-36196
-95158
-11030
-55090
64172
-24624
-4634
31905
146376
-2301
1211
3905
16844
-7848
61920
-1200
-54885
3388
-21750
1055
35808
-186362
847
-46702
11542
-40572
7806
-65456
-238400
13158
26136
12660
3077
-9477
-275
46978
-17718
-10125
824
74746
-168920
12905
3098
21088
21128
-4344
13287
129800
3113
33510
230
-23358
2678
-47333
1425
-76283
-50075
39528
18998
-51545
-18116
-4355
25915
-83179
15057
-53905
-73051
-53353
12803
-113736
-26484
12526
26800
-35844
95238
21584
-9829
11899
82020
-5901
37943
22425
17618
-3003
3306
2864
-25650
-4172
5118
7204
-119283
-2568
10152
-80981
-32931
-12968
87356
31675
-14804
7529
-4520
15108
-127240
21927
-2667
4840
16852
2582
-32635
-18776
38480
26354
10137
80426
53
-6732
8956
-37572
107165
-3602
-10107
-15208
-21554
-197723
7164
72662
-7946
1224
-68292
1914
14928
-5776
16191
-81142
-7984
-17784
18150
-4332
-161324
6446
1228
6072
510
-15808
-80496
9429
80728
-78757
-27576
-18724
128928
2790
-22131
3972
-909
-26490
71272
-114348
-208480
49356
-5272
9320
1636
-16810
73658
-232756
-7933
2809
3715
7058
-58777
-3154
22492
1286
102316
9448
-4101
14490
-5474
-45007
-1276
-8700
-17160
-29377
14196
124230
-9744
43946
-16881
3014
-34131
18254
-16096
23778
-399
-24277
-101502
-27868
-8764
-75952
-10962
-168
-113634
-2424
-6574
55300
-166539
-6228
53564
263685
69310
-140452
17646
-5088
13971
-39418
-8268
-181937
14079
63709
4722
8771
-64678
-13366
-18174
-146382
-19488
-66722
27374
42440
12834
-908
14914
79652
103436
1390
-1924
28950
33604
21706
44612
34719
-56326
-10687
40908
18133
29133
-266
121392
-51228
-111136
4298
-46163
46715
13083
-24219
52776
-11104
-19772
120030
100705
127324
165778
-36123
28671
-6706
-11203
6804
-2180
-17431
10467
30522
9054
-12858
26474
19738
58135
-23143
-4930
-140848
3494
-7170
-187542
-324749
-139698
-67430
52950
-14013
1244
19164
86556
230
11
-35694
853097
-26925
-17940
-49072
4670
-10838
17926
-6248
-6250
-18939
-13569
-272052
139776
-40764
3259
-5143
17145
8161
8190
-32765
-2332
35336
14331
79939
135828
14013
9200
8348
-64046
-21038
3255
-111376
-78942
-15841
72678
11063
62255
3578
-22158
5676
-3664
21939
-4590
-34485
-111696
4742
-46044
-17340
-1596
-3971
22182
3728
1892
9111
84631
-32656
4920
-28989
-17733
-6858
87025
-2445
-9672
58100
1056
-260
28056
26768
-870
-25946
10536
-6378
21611
-8756
-5241
10286
-70620
14600
-75107
-21936
64580
-22990
-65570
-313422
4868
26488
-33258
49725
2782
-644
-23960
9031
1815
-59440
-20722
-26942
6614
48764
95716
12860
-106012
7667
-31315
-19269
-14894
-1673
46020
685
11624
37476
-8610
-32363
48157
16680
12564
-61398
15184
-4969
-47384
207141
149967
5421
-2926
-21066
36032
-111407
40176
33056
1205
-12110
-50742
-26886
-19930
16025
-356438
29862
141440
1092
-47864
-9492
-80065
2248
155219
-27378
-34356
-11984
11141
4986
60226
-22686
125167
-9216
-66780
4107
-6288
10395
-47385
-21310
-19983
-12550
1350
48530
16556
-61169
-6342
69606
-8694
-14215
151647
46255
-3792
94738
23179
-8879
140469
6783
-5176
65874
13469
1950
-40855
-1160
19766
1892
-2473
-143231
-128384
-44764
2637
84878
76706
-12255
-414
528
-7998
204689
4328
-120655
13116
-138030
69482
21531
-15834
-56679
8796
-114642
-21155
3153
-4508
-8176
-309
-18162
19638
-9470
-48451
-10448
20403
5173
-66810
13692
102549
-8828
1297
37641
-2761
2449
-5638
-33183
-9017
57072
-33660
-1530
13811
16123
-2456
-3321
-30334
231523
14098
29890
-53362
-6780
-31306
-5520
20360
-53267
14031
47390
-26
-772
-26377
-5528
-2670
-27526
46286
-2883
17088
-1377
-2274
10104
36098
-7672
-4588
-74550
-57339
-12096
8656
88702
-75637
5390
-71100
-59008
35340
-54765
-3339
3681
26896
686
-14384
-5375
173725
-3418
73106
-46260
176549
13376
-149064
64646
-78980
2599
-21002
41148
-5317
-513
-12400
-9542
-395540
-20027
13257
-93609
14902
4960
19318
97185
48602
55447
4889
33586
25516
-2102
97696
-22290
526105
-9635
12442
1800
-53
-24303
-2771
-42668
75480
21816
89838
-9684
-23686
-7546
10306
-8754
16363
62348
-3439
20919
-238
37583
-20084
-37247
-7911
48952
1
9988
3625
-20232
-50617
16389
9908
2297
10872
108186
12089
-9106
4403
67668
-22266
1495
143399
1362
-6027
18498
-4485
-136848
-1360
20348
4300
720
-4020
31968
17269
-38406
59144
-4172
-14190
5824
-18578
18848
124108
-6310
-44958
3148
9605
-7950
31140
-16823
2400
-22380
-7505
-35498
37004
-152973
33703
-6323
-10086
432
1449
4958
-5172
-8054
-685
5264
14170
14016
25872
271970
-87359
25646
27253
41569
-43209
-52260
54254
13290
-9862
-16921
39914
30296
-141298
-3003
-5158
-14200
44694
-6482
849
-63008
59708
-52678
-21274
6222
-101842
-11695
44010
95850
-13538
-26389
614
8985
-2788
49230
-96963
-8774
2059
-1536
-91782
9604
-35860
8386
-21858
108575
10788
-11709
18224
6560
213684
-65757
101498
-2932
-6561
23004
-102305
16012
-12948
4250
-60859
1516
2728
-582
-65927
-2478
49981
-36201
278364
6672
19616
-12144
9882
-57811
95352
32647
-63267
19558
-900
92742
54078
-38840
-8190
-67578
12033
162891
50472
-51879
-30826
-26200
17232
15200
8206
-957
-27199
30609
6345
41762
-5922
80375
71781
24190
-15236
-102230
-44809
1282
20298
-4608
3435
-18981
72873
78611
-15516
1574
-114671
-17303
-13659
-24880
62769
-80680
172912
118
1107
-60758
5565
55241
73988
10266
-2260
-4374
1304
-51456
-96861
686204
19999
-18772
-30308
-35768
-22230
33186
5506
16254
70674
-47040
-51705
-30025
-11457
-22970
-25394
-61628
41252
3813
-17984
37284
-16460
1274
357
-968
-212325
-244
-7164
-10608
32563
-7051
1786
8250
4195
-24466
-14673
972
-18319
-26610
-30444
-10208
-5898
-21558
-22638
-9456
10374
6302
-5330
35143
130998
-14577
-116344
180324
-3402
10515
18810
1546
20481
-3030
-9127
-47266
318
-87398
28116
40262
-3330
-27086
-5670
36421
4932
14823
-31580
28194
51384
61462
-34420
-3028
-22452
14454
-14626
-2396
99166
97573
-860
84918
-59758
-7931
-14824
6810
8251
15028
91930
-4275
159913
13774
-13425
-54576
6983
-39286
-20640
41481
36436
-3044
-546
17690
68247
-17092
20540
59277
8832
10102
-34482
-12996
331
-3025
-31437
6139
1087
6936
11007
5535
-12257
-68898
41972
-10256
-2596
-12672
12396
10288
-151157
116190
56729
-11556
25918
-36759
2658
3160
-19151
-33282
-22432
198
-965
-1010
3800
-20686
-24232
-10373
13315
-2340
25572
-10376
20313
97177
-35348
58091
17420
-64758
-41512
4741
791
39046
59272
7013
7017
-12762
-19128
6782
-31028
-53242
-3408
-73400
-2904
30588
43362
-5763
15103
13349
-3206
59140
-2832
-28292
68004
-18442
-9416
-98967
-104468
43968
201330
-7521
46750
-19950
-8054
36782
-74832
-196878
-52033
-6312
-21882
-52659
16874
-4260
-2871
-13335
19548
11219
121225
110562
46630
-3144
-30321
13320
-37795
-25256
74003
-1296
-143972
-23952
6255
-1864
2223
-308456
22176
-1610
-4098
-18679
-31685
-19152
76595
-4558
18630
63042
-426
8484
-2981
-287429
-35571
-600
89440
11224
-110504
-1050
47093
-63213
-18426
-12967
-9978
-516
3896
1077
12209
1610
180865
-12648
-1239
8227
45860
538
-21879
7140
-8640
1854
-2328
7542
-78648
8496
-9497
-36542
-3675
65343
-4072
9587
-21033
-9582
30407
-56803
102037
48240
-21332
86661
-17694
19890
4338
10752
-26788
48710
-2034
-429878
20241
64089
-18352
76853
-8442
5046
16672
-20298
-27570
4740
-64955
-9840
-522
-38787
34885
81
-3050
-124918
79725
40020
-6582
-264266
-5190
80028
-5847
27848
-156
-26140
-232
64537
-139832
-82595
-9288
117145
-205328
-5966
-18324
7433
44299
1384
16722
30450
-21706
53073
1470
-38178
-18496
94410
12276
9009
-2985
32336
-113731
-54396
4560
3522
3228
13284
-12227
55713
-54361
66929
-7815
-43227
566
59762
-25008
-27680
-2390
32832
-6462
-142580
10262
9378
25710
-74212
-20869
-108
13773
12465
5922
8865
9300
1094
-24137
41358
-24238
3144
-30539
-271204
-21098
81153
-15613
24963
1105
7645
-77491
-4722
-6944
2287
32022
-1584
194475
11898
5020
-33160
36844
66766
-23832
13972
13655
-29068
5423
34889
10524
-4110
-94398
-65318
-10936
-35615
29184
-3668
-11448
-8943
8589
-24825
3682
62271
2935
70081
30323
-9792
1214
-3963
3584
51688
-88392
-8419
-29903
-21180
15544
21176
-9652
-110887
-6511
-86151
-11886
-106803
-16170
87529
-2706
194818
-19778
17096
-38098
2482
-18526
31232
-3484
55064
-68982
-4497
-45493
-15835
-4128
-161092
-60485
7090
44482
18908
80664
-37295
19577
125286
-13892
4188
82474
70746
102633
115813
-56032
8547
10149
-2200
-11890
-7614
18448
1055
-16794
4220
-34075
49192
74257
39468
9946
12199
-106714
97761
-29703
48440
40158
-70096
-63099
24250
-22742
144272
-32131
-5079
-13605
53986
44296
-124780
-11692
155152
4220
-49319
-114
12972
908
-28663
66898
-68538
-36464
7360
25318
-44692
19634
24220
209
4374
-1852
-657
89
12100
27011
-9539
-34382
26250
92
-23620
-11520
-120762
105066
11564
-354
74572
129634
21557
16716
-174492
3863
-54491
-12328
7016
-17389
-23722
24500
12868
9549
89266
9805
103406
-167888
-9396
7139
36910
-12256
46460
2489
-262272
-4105
26298
4704
37656
-2704
-15206
31326
-30015
6908
-101840
-5119
57513
9215
-12510
399188
-1961
90408
-15814
13645
205991
33170
-26279
-17502
-13323
3441
4228
-105871
7448
48606
-905
6506
20692
4182
3376
-266
1032
-9940
10962
7905
-14552
1920
67964
5705
-4468
-17476
3399
35223
-58395
22471
18436
-36321
3886
53898
-19435
19405
206790
-380159
-3001
-35706
-3681
-17090
-14288
-33590
-9388
20050
24750
4458
16570
696
6012
-5052
21984
-8626
-47084
37746
-272132
29576
-13034
6251
-27037
5722
-52238
-15102
-20
13287
14358
-16609
-2460
-22295
52218
99665
-35418
43128
-4413
-51365
41072
-109353
-157055
-17870
30980
6422
46978
-22812
-9944
8455
71688
-9459
-108748
22400
-13797
-82118
-12862
-23715
-13892
-4218
-12848
33778
-18782
-35487
4958
-8431
180960
2680
31127
17496
-4351
-24550
-2656
-18930
-34326
-14776
244751
2955
-15254
1082
-664
-167590
-28887
-192634
-7242
572
-386
-38353
151560
-62252
-82265
96300
54666
-11713
44318
19646
28116
-4856
40162
-5182
-9796
-268502
-1364
-50416
-22722
-19891
2827
252
-351
7710
69685
31998
-12248
42085
46412
-27760
244614
-83014
11355
8440
-22667
11742
-20339
-92
-32980
-2545
10997
34370
-3681
-17079
-18104
-2397
-1296
-12845
44764
-21038
7572
2036
-5246
15360
-4463
26424
-15678
-299635
-8952
2974
-18099
-682
12692
724
-111778
77532
-1158
7026
18150
-38074
-73976
-9676
-64018
-1169
13422
-4300
1308
-11877
-458282
6514
24255
-69158
-2160
-30520
13647
4304
-7822
2366
37246
304254
32863
16963
606
-3174
5475
-4209
9372
1344
92524
-8402
-27055
-77916
-744
6815
-9982
171323
103371
7066
-15391
3728
-85776
70741
-43984
3958
95302
9516
13734
47648
210293
29382
30410
-6520
-6694
194038
-51616
-32544
-6716
-6089
17580
3850
-7764
-12466
7324
28871
-7932
205509
-78972
-141045
12701
-51223
35394
-13759
-18528
328
-3864
-4280
30900
11586
11622
2691
-101038
-9680
16693
-6472
-7790
29587
6867
-128404
7143
-598
1580
-1253
150
-27583
-37555
27968
-32826
-896
-33780
-183966
568
6586
7554
537696
13842
30510
-11368
1600
-24310
105900
25799
-12621
-13011
13404
-19221
3441
10738
9812
-95196
-14796
29916
15733
14691
-3176
32573
-10732
-4888
-7356
-3556
-242688
-51184
10236
-83627
-20106
11516
-37680
66115
-6243
98268
-2755
10346
-82878
131677
-137096
15901
6782
1770
-13857
10794
-104314
-74604
4711
3435
-44265
-2
234995
-67832
-337
-48927
-196
78134
31248
-23420
56912
-1648
-16110
49068
-35544
6020
-39960
2736
30516
-20900
-57129
28452
-106192
7383
-22960
14638
-9528
49176
-19200
-8296
940
-26955
16322
8310
-5455
20520
-25489
26734
-60222
-95168
-48996
-65740
-31168
22437
11231
-14689
1580
148084
51511
13999
-2907
10014
22550
18932
20852
507
-1310
-26220
216339
8056
9197
44754
11642
-9891
17952
-35490
15904
6189
12897
16018
-3762
53408
-5408
47198
29824
18926
29614
17102
-101508
38133
-11522
142
31884
-27998
-49908
-2835
-1951
7530
-24680
327
-10272
-106389
50385
51204
1122
47185
-9111
4148
6816
33606
93840
76929
16923
130026
14971
15144
-82305
1431
-3981
-3672
35904
3248
-29881
-164587
9218
32880
5056
1304
145093
8883
1895
-15760
1128
-24373
-13660
61067
13312
-22442
6715
-2400
134355
-18488
-6072
30590
-37446
-86771
-59440
-1896
6992
-1878
-28167
369
1272
-72650
85547
9080
9349
2414
15580
19424
60407
-9062
329959
17299
141278
-268
6913
106198
17247
-72956
-3402
2187
-17306
-99087
10354
9177
6484
12002
2905
-14540
25164
-282
133626
75031
4240
7479
-57660
-125592
7438
4212
-12879
-3749
20176
74658
28056
-13591
3804
2800
-41398
-15078
-1976
-12269
343756
-3488
-57649
17066
3156
-57486
17492
-24551
-57439
-70140
23024
5696
6196
41686
-6218
-7125
32629
-102644
25672
-246416
-143528
23523
2318
14040
76728
12232
7800
-1498
36875
-1686
-103376
-27066
-25326
-57326
24000
5717
-74290
15312
-206888
40026
-42280
-15642
-39708
-1920
2040
70134
-4285
43920
16600
-175
-52745
9688
-168906
-44942
15640
20278
21224
13354
-55718
-599
-43092
-7460
6511
9828
24306
3716
9812
-320
-27136
9696
-508
-173586
-94894
-8542
6466
100591
4334
-3977
19820
6245
10485
-4271
5108
-30396
-8056
57893
7358
-3114
-39351
48788
-8120
15784
-14133
17420
-1030
-10046
18594
31435
23285
-23799
5156
153160
95931
12574
-1533
5703
-53128
-24093
-34488
-7433
-11904
-2671
-13551
-111885
10495
-96332
95008
-8724
-400
6082
2834
9782
2074
-26195
21023
-48496
-5010
4843
16393
26825
73554
17942
11608
33916
76800
-43983
56316
3414
-44930
-250325
28531
-13792
14993
-10062
5946
-3382
-1447
-3975
38132
-10336
972
30222
547
1178
205656
-11886
-42440
4680
22528
27816
162
-30624
41132
-48370
-32145
-6042
8951
6918
-22948
-13544
79623
-21990
-828
-89244
-61774
-29554
34538
34694
-38472
14874
33795
65448
11638
-30511
51338
13121
8000
1038
7284
-747
-10146
34426
1972
-270
105343
1695
14232
-17667
-16224
19978
9300
31870
4120
1100
-408
213786
-3129
-6894
17256
65769
-1968
-45910
41184
-11914
246638
-33259
-3632
-13298
-67184
4334
-9914
1384
19824
13028
4722
-7308
4036
5775
-12795
-39148
-21111
-4530
1660
9726
16053
-9356
-14814
177053
10832
81382
3336
-46882
77355
16726
-49393
-30024
-101320
54384
-24279
45414
33074
-73555
20567
8078
-16339
-52855
1325
-17181
-141210
-4577
6136
8236
18654
554
-22866
-4664
-31270
32606
-1135
-316260
136574
-10094
-22692
13685
-7650
23832
-32276
1662
44022
3729
5551
20828
5862
-17653
151814
-85094
-60500
36207
8366
-46309
17130
2110
1182
-24325
-39868
-12510
-61119
44290
61300
10232
9075
24618
-69824
-4745
-82047
42420
-16738
17164
34080
-244
-70294
86
26775
-60822
-2148
-300
22032
19068
-21060
2856
62899
11686
-22164
-5555
1273
-11786
3359
9404
4256
-440
-36746
-1485
-14370
21810
16238
-8102
-5652
96248
-2852
10556
71827
2411
-21677
160559
31255
-1762
9938
-81511
-159377
3338
11490
46174
16036
-46312
29471
-996
8976
67821
-82190
90136
-51594
195014
31680
30769
-12690
-22710
-328
354
27782
11316
-27348
-14983
-175
-186408
-43703
6528
-1531
14842
-4073
19360
58245
12196
37577
22584
1394
-125234
-65763
-1300
-3210
188686
-23114
5794
-17738
-7791
-6675
-13035
48150
-20188
-124340
188740
2611
-2447
-17380
-30666
75275
18333
-25402
9576
-32236
10206
-15254
1716
8065
195308
17010
13994
29403
21516
-218148
10681
15340
-9682
-2683
-13325
5782
-42908
-52178
21752
-18392
-109417
6538
-6580
171242
-29369
-1039
26970
-3676
13628
-123016
-31408
-210983
-54448
30295
698
-729
8538
9803
126216
1101
9610
-87006
-37764
3852
-7206
153866
139059
-45422
2950
15602
-26087
16836
55188
-33100
-5236
3346
108660
-104156
21708
-9542
1750
240395
-40644
-43513
-335
-4612
49100
-75766
56940
125097
13776
-1195
-13004
2718
-117013
42086
-4520
-8232
82798
-2093
-1091
-13377
3770
-49002
10416
-7401
6744
63155
-9180
-11839
2868
-6401
-35151
-7362
-32
-44304
-22299
-14412
4682
-3403
-69
-87157
29412
8337
60108
47142
85080
20726
17983
3938
3997
9328
-1634
-108766
6017
-38529
31569
3502
32000
-1982
-51489
-118032
28777
-7810
21503
-6831
-1364
-16652
-17502
5095
-23269
19832
98745
-28054
-34904
25113
-6595
121208
39265
-27595
-32962
22828
-184520
-31712
2718
6622
-132080
11519
44151
-18998
-8913
-5663
-26384
-9318
21381
17710
-11789
30481
-1368
15556
-10934
3888
-6545
29347
9123
-2706
-394
91320
-7828
6498
28816
-12103
18459
85854
-21120
-16368
-730
-15518
-21265
-6136
-111230
31924
1825
-7192
-16061
-20370
50484
-4946
10142
21292
9167
122464
8531
-86715
-112168
-9046
-16569
73344
6477
18644
11972
-1328
-30067
-25786
-80636
3829
-43116
-1862
-18786
-8783
-6747
125010
5289
15025
23551
48332
-12955
33853
-52339
2967
55305
33345
54728
-155438
7070
-17749
-27432
18804
91436
-44810
456
-9844
5715
-19768
-22194
42700
111531
-4852
82306
76202
273448
-29364
-23774
121485
-42394
-16110
-10928
-58274
-283178
-2961
-31668
-15916
-26304
50168
-40704
11327
-1405
253736
24831
3472
-28338
-23533
-11999
540
-126754
22382
-2232
44422
6555
296166
-5616
140484
-808
57462
-117410
19603
36892
149615
1255
11468
5588
11250
-126556
-11490
-7566
33450
5069
20672
-4788
-150238
-52559
-55953
79153
1809
51812
59925
-143310
-46133
20820
55070
-7884
12060
13417
24760
3893
-4188
11430
504
42149
-68676
-39724
14574
-5109
3384
2211
-124668
8783
20982
-12507
-54974
-44928
-160600
-2607
7118
-48434
-34872
2224
61508
43333
-102048
-1388
50131
672
-4060
58628
198630
-10687
48137
18125
57924
4216
74743
-12584
146158
-209102
11634
54549
-6166
-13661
-238884
39402
1122
19550
6653
59184
2954
1701
2023
-43230
-710
66341
5176
10117
12042
47220
-13552
254840
-996
-18220
314905
20090
-97945
31978
13623
-53837
1488
-26162
14053
-7997
-85995
14240
-120426
-32
15876
13271
-21532
-33160
5110
-108618
816
-14092
-26930
-27535
3966
-4023
3548
-7159
-140
53085
-4403
-32569
-13104
14244
-2519
9924
-149238
-1604
6125
-57057
11514
31044
11184
48748
-18418
-7486
21790
10266
-1458
59043
76056
-186558
10941
23513
12471
61048
1183
24705
-14924
-49524
-6366
2385
89241
-13958
-3633
42418
-69490
18540
-127519
11158
-55949
45660
127794
-16373
5494
-42359
-96831
55667
14196
-7466
9486
35280
28668
60930
3660
-10517
7794
4822
-26856
4446
-17680
-2238
9598
15341
-19841
-33267
-13606
2622
7092
12528
3421
-76608
1136
-90048
4300
-271718
-126185
8025
16437
133041
-24683
-26944
70911
46352
-65160
-19685
-9645
-18082
-335609
-30051
88066
14209
-12762
109914
-2432
33333
-1136
43862
33942
7560
180397
-11368
-2900
-9675
12684
16962
63175
-1225
-1010
-15504
-30346
-67678
-5407
-2399
7612
-23376
96353
-3018
45879
-52532
48321
-7752
-2905
36521
-49830
2953
14182
6996
46680
15828
-13559
1548
5802
-137859
-34112
892
-23060
11271
27429
-38268
-17906
-142340
10318
2982
-5880
3256
-24897
-82815
-10197
219600
-23660
-1614
1288
-367138
418
171
-50313
178
-11517
-7630
-252
-34090
47702
-33282
-5199
-5288
-3299
66856
-183
-4559
3076
166476
94966
-9516
-41845
7685
-37460
-48810
-19124
-95862
-21568
15373
-1120
3856
-15705
-3518
10478
-52518
-16670
-35084
-38414
-39025
-29499
14962
-1080
-10437
16749
16384
11878
69288
-62060
16860
4650
8403
-15306
37888
84693
-10903
-15908
-34407
6575
-176537
-4213
2372
-39724
-67144
18218
-7122
-156204
-25095
48444
81831
-2534
16957
107060
6644
-264369
-11322
-57434
-36687
-39246
2435
736
7026
32497
1518
63208
-33823
12144
53802
91158
2652
-2601
33928
10605
-10891
12797
-15344
18087
-32182
508
14524
-18738
-3266
-16610
32768
-28620
8600
8912
-371895
-2012
-6346
-18498
-21933
-28867
5044
79537
33868
7276
6209
-19495
-15427
-10556
381946
-11050
-30028
-45856
-19863
6364
2277
11688
-6050
-99234
736
8337
1939
12810
-1525
30950
-10153
-56807
-147938
43855
9520
-26181
-699
24619
-29028
-42464
-1556
-867
54666
70089
4280
4176
-20830
792
-100516
-3266
72144
116093
10402
8820
21864
-8406
13126
25382
26128
-93
17206
-81084
178686
-18534
42772
-59982
-44630
12766
24179
-498
-4585
107380
-12432
4490
-22607
5738
-105486
-351736
-10765
59796
58608
71686
-33912
-7874
-10353
4574
-108834
2020
9123
-40266
-34726
-2884
-4587
-49038
2203
-27170
87416
-48264
-73090
2415
-8485
-8916
15792
-157464
-11217
-90824
-77456
-9300
130220
3757
12311
-8064
22847
-11624
-88066
58205
-3072
-234476
34628
-77380
-20032
5928
22230
13478
71918
-294
180
-45033
49800
13283
-26586
-3241
1191
6866
918
23520
3285
-12949
60742
6760
3962
-23596
161589
23408
56338
60288
1
8508
-83943
7369
-37054
38994
13771
-88269
45966
-490594
-722
8632
59688
7043
116440
-1698
117360
-88662
57606
-22344
-5286
1766
-23808
-126895
-4612
-25831
9768
30280
59814
-100782
-24292
-43439
-70322
5625
-8261
144143
196497
17074
-13261
-7332
38876
-43240
-11669
-12638
-21453
9342
36358
32906
38160
-32250
-78292
-36249
608
-8488
-2876
19658
-1057
778
-94911
-49914
-6899
-166836
93055
22194
-26784
16190
7190
11086
360
-32364
11456
-9828
131938
12015
-26919
40422
-83980
-6580
-28602
-74455
-1821
-19681
-3618
12777
-71770
44830
-26736
-9673
-424257
87124
7192
-5795
133
-28996
-20934
6142
-30320
-257992
33540
-80544
5144
5980
3735
-10829
-24469
-885
-62364
13515
-6024
-102126
-114162
51579
-16327
14089
63030
6431
15136
24864
-23189
-3472
11434
-43257
7544
54360
-3685
76579
-194712
2449
3158
27880
5086
-84711
57948
132510
217534
-54325
-20740
-48420
6814
-23395
-6798
-18998
-1216
60014
32874
-12205
-105768
587
4070
6966
5197
-27668
15645
-16746
-34510
1030
-12061
-66057
2227
-47174
59946
16000
-8801
-2884
-1137
22049
-33318
-5720
-6594
-57270
-19272
-23940
-1036
1342
30130
32154
-122792
19167
124589
-17818
-113122
52970
-9948
17074
179
-12062
26701
-41177
23600
34075
33228
3024
6583
-76559
-42080
-5925
8004
56440
-7346
-46702
-48247
5657
-153001
29424
-73936
-100709
-39344
-7470
-19290
-140026
-6532
19326
56130
101541
24095
-40922
20
70800
-1472
28610
16803
-38835
6463
-2507
-58020
-7110
-47470
3516
29584
7109
175728
-3704
13053
40818
-23075
3208
-951
47180
43632
-9152
-21450
-35853
-61588
129808
3674
6377
61472
-6105
9310
58683
40482
-15008
25314
51277
207512
51922
-23574
-103971
14196
20482
62138
3024
-20270
-19654
125
8744
1680
2114
-10568
-62210
-11111
-11769
-50673
43754
-14946
11235
29734
10595
61439
-215718
10432
26847
-126660
3202
1990
-211336
-22494
12344
2797
-187
2880
56122
14940
-18270
74340
27050
61012
-2610
-12461
-2320
-6258
849
30707
390
38925
-51748
142900
60017
-30506
9066
-9932
4664
-35994
-7411
20756
-75846
26679
1215
40891
17748
-28218
1174
1301
-117
-67000
1564
-65455
8088
210
-27996
-31599
-9331
-46276
69908
3918
69986
-4120
10171
5082
33360
6624
-2430
-15180
-9897
-20112
-13947
2608
-49764
-782
-49343
-55410
-3486
-3084
31732
11444
-143400
-20391
-37374
-123138
-13392
34544
164511
147803
180972
34850
63532
91047
-11324
21708
-15085
1670
64163
-22138
-316
2491
-5827
19804
-20
-57275
27807
-83826
15871
27456
-3199
-12136
2876
-185459
204
29826
1236
13005
-13341
23444
22788
-67722
44244
10602
19936
14569
-11543
32144
3736
-8072
-18200
61118
105888
53959
-15363
39265
2444
860
27327
-6960
51808
-33786
-22225
25809
-263
8447
-9750
16719
-5421
22012
-17808
2536
-51645
147357
-1215
-44939
16000
-37564
-4594
42347
-2070
-18134
-154533
63462
36300
-38877
11614
81202
-36500
215042
30685
2585
-3342
9057
-8266
15524
-1744
-7880
-42255
14349
57815
34393
-14098
-2934
633
-6258
-54984
54120
133521
-178286
-8043
12712
77738
28596
20876
-83149
11844
-14556
16938
-15785
-24462
-11847
-24719
-27382
-79081
20222
-272148
4352
-19239
92110
56975
8220
-78880
-18465
-2751
-74968
127808
53152
-78346
65414
-113728
37126
-26544
3938
120098
-13742
-11664
2415
-17103
-1464
-4973
-96
-3367
1202
64997
-10122
32802
47349
26129
58945
31999
-2760
-43715
-56458
-20258
-633
66493
-39841
536
229490
74788
20916
-24976
-27180
-61757
-28855
-2028
-3166
-70559
9498
22886
-25252
39237
25703
28125
-11565
38330
4719
68799
93163
4384
-58062
144556
-8760
21060
-15160
5518
-30800
-80658
2904
-173
45710
-75552
135540
19910
-43996
450
-43450
47901
-29164
-12248
-17980
-23073
-668
5115
13108
29675
107922
-13248
-38651
23017
-14667
75576
18816
163988
-17502
-69174
-57403
-5530
521010
-33615
-34072
-12931
-1167
-62044
6288
70936
-6794
15745
-116925
2058
2482
23209
950
-36492
66783
17589
-2222
42215
2742
47808
285
-8734
-82033
-15650
-1564
134676
-13029
-3550
-48454
-8842
504
11276
134057
-556
134202
-984
-48940
-18174
-20641
1274
24528
11792
-12265
-14972
-12300
-15842
-61074
14721
3715
-58344
1212
-18126
32024
-5243
1584
-30380
-12774
-8380
1683
21916
181119
-77550
-11692
298
7495
-20418
6481
4316
5592
-16516
-10121
-9410
18722
-54021
21878
-6970
11805
-52292
-43824
19677
-105
30948
2949
-7155
-5928
-18101
31440
2347
-3294
28839
-14661
392
-1958
-12288
-97614
1012
-4455
4472
-234870
18501
-2485
3360
-27919
-113970
236704
-110183
1166
18839
1203
28832
18200
159228
5194
48198
-20631
11592
-16342
-6600
-28752
3755
10530
11565
43653
-1428
-55578
-82860
-73482
9127
18876
-3184
-29536
14494
234
-4285
-88436
-34114
-31264
-28719
22815
-27990
-12139
-11380
-54460
-3988
34440
-28327
30976
65299
-803
-1929
-26264
54261
-39130
128132
-41307
42941
-14160
63698
-32637
41312
18370
2994
114109
9964
31459
-66862
12351
-43077
-14120
24069
2508
7626
-43909
-39068
17890
-12923
-188
24929
-175995
7425
-1666
10230
35778
19824
-410
-1113
36850
-15269
15894
-11877
-49569
-12311
90417
310
21316
25257
-27359
-6480
44232
9646
-337
17776
16276
8448
24368
4262
-33741
-25632
-40770
49919
-69231
773
18375
8556
676
36720
-3102
2824
14148
981
-4698
179887
-15088
14322
8190
-6220
8901
4298
2249
-61629
-171
-36381
5946
-70368
21962
10626
-22938
-33360
-4826
17856
9821
-14490
-51518
10497
13314
-3670
-14070
10640
-62376
-32
82588
-1320
-62706
-14243
6534
38432
-14521
-20247
-320
-9324
-49016
-77283
2082
-13420
3624
-54134
4996
-6120
14616
52286
-1383
26434
13808
-64122
1942
-60560
-178806
-27120
-115064
14220
-52812
29748
7962
-24484
4244
10618
-57858
2909
108203
131242
64119
10493
35045
-27867
3196
-7108
45636
58542
1170
-97343
-13274
-12367
-54761
-14223
-36717
11999
-7880
-18100
-97535
-19992
-10656
73660
16698
20490
-56388
322
35744
-4060
-20576
257180
19956
-8336
10405
40290
-38486
36576
6619
-2296
0
-121604
25248
12688
196910
2218
-58244
12806
9278
-4352
-2001
9291
28624
23862
-31248
-1756
-94114
-53868
-4648
48000
-6302
-16058
-2293
4491
-17834
6968
-1376
147060
668
-23930
-835
-4594
19420
-38188
-7234
-67866
70310
344
47925
45403
23619
-37161
40380
7162
-8078
8880
-11504
123476
14652
-81999
24754
-7010
-37271
51774
-1632
-21195
29040
-26988
7581
-29733
25287
-18993
-15334
-25700
-31232
172692
10144
-19939
72376
45285
-7650
-231702
-6962
15196
-6200
1407
54971
8347
49830
-2530
-1920
11242
31746
-52323
68504
-11432
7272
-91824
140556
99597
-44520
28313
33280
-8097
-17362
10654
-26888
46111
-6072
3513
-45076
-6890
17230
7712
178838
47364
296194
57689
54088
-123187
13824
-69338
4236
22191
20598
-39048
14043
-10044
11960
-18090
3755
6856
24372
-6815
17226
63966
2865
-31742
-213300
-3641
71800
9668
-804
3414
-4487
40
30774
71911
4532
4375
21060
-3540
3448
110338
29704
24588
-522
35597
-30731
-56904
15902
-61738
-125260
9040
-17658
543
-40992
58944
-60048
5487
4372
9410
39760
-616
1454
160757
-47699
-8
36789
14652
88776
-29851
19018
9962
3295
-72500
-1108
13548
-26123
47352
-472
26520
-81006
73433
-22995
-7189
-11260
75109
22486
5280
-48539
-22396
103917
-21243
-2667
-16084
710
46984
33603
-48018
-57363
8544
-1242
-7637
-13358
7632
-19041
115293
-34172
-10884
-7686
-524
4548
-4976
4180
-4458
-1550
9873
-7566
23074
-16143
-5696
83784
8587
-28708
15405
70183
-152847
-10584
84750
19740
34750
-42255
8690
-6000
30407
-243
37218
-65586
6392
23446
-33633
5240
-24
42930
43030
-200
52305
-16246
4747
-14740
-3983
14711
-58832
6598
43710
-49675
275
-15424
86877
37705
-8448
55816
7960
75790
9668
30544
-256
197080
27669
41616
15259
53942
-31690
86336
-20063
11441
6586
-3028
-53622
-66640
22458
53086
30855
31962
14330
24528
187560
4998
107040
-6439
-109874
34463
-2530
23950
-11290
50106
-1984
-8030
69138
-48143
2271
84520
-147071
22075
53986
-81024
4187
7850
18572
-4492
134190
-34060
17953
12343
-57162
-5896
-142812
-1102
23814
-114278
-16116
-21724
-66
35764
72513
-65655
-3528
-2992
25747
23540
-67699
29153
6826
7500
-34832
9706
40388
27576
31056
13846
16368
10379
50128
-1000
-138663
53068
41280
-8917
-2475
22277
-139
-45078
-19713
3864
4606
16308
55798
-62769
76286
3400
942
-14695
9314
-33129
12818
-21735
-411
-1489
40150
-44397
-6570
19168
-240
112035
8118
168936
5922
-4650
-91960
742
-27003
19356
-279728
3903
-12671
63472
-455
65612
370
-24052
5855
26389
18156
34050
-145
5530
32153
1810
22655
5820
-23628
40108
53252
3623
-18530
-33480
5082
23274
-1420
17044
-8256
-38544
4016
358
-358
-1392
5583
47628
7888
19438
104138
-22656
111453
-42800
-28212
2020
-15648
2985
-146254
4331
-8534
9087
59873
-47180
-64418
50205
-2239
36236
18570
6421
-19302
108694
15751
-20692
46255
-22716
3891
26010
6129
2792
-33226
-458
-536
99748
40628
18797
12267
-46095
13342
9508
-73127
2960
3144
48748
20826
-8120
58810
-192016
-46386
-2167
16296
49957
15083
-7759
26943
42816
-2705
-2131
39993
20424
35888
23885
4172
8192
3912
-116025
679
12847
-5106
-9034
78706
87
40854
-37016
-41771
-12444
-13826
99252
-25244
19118
-150848
-7329
4
34987
52395
10270
36524
-4731
53346
19711
-105204
-8276
145948
2142
13064
276900
-12738
-5050
-119988
-83202
-55197
-200445
12999
68187
51652
83423
59120
-52304
2319
-337811
8034
2242
9378
-3966
-21117
16424
3767
-9468
-29498
-12648
-83851
58839
-3188
-1564
30735
-4675
-6102
-16314
-23560
-28
8518
11130
-36150
65295
21576
16407
26592
-5319
-43701
32104
-45740
-3672
15893
34434
13468
-66930
-16062
729
37313
25017
50268
-62240
-138130
-33636
98724
-78753
-10826
-18107
14586
-31492
106958
-1962
22368
79974
22706
35778
-13096
-61998
32863
-110228
15430
22568
2839
39134
-61878
-220006
38079
14376
-44898
-7909
32681
-43334
1245
-46181
42250
-52944
109656
-20643
-6232
-643
5510
-36565
-1653
11017
-4843
-124058
14703
20822
245909
-61029
-3363
-17004
21315
7375
9128
166473
13826
30258
3279
-108571
-9625
1497
92008
-1343
22160
25875
-5326
34392
-13584
-9140
-267
78113
10326
186314
14017
-40420
-2594
-22032
55021
-41280
-32951
24423
-11090
-8449
-88801
-876
-24795
6168
49672
-883
-7420
11842
-4550
-2532
-14864
1671
24972
-8113
143264
-42691
3483
14280
-19252
324
95252
-36066
-50018
-29270
13272
71479
84135
-64914
21539
1377
38670
331408
4114
90026
100338
-27930
-3384
4456
54444
3384
3176
10273
-44189
-35770
-19298
27098
-16406
82037
-210310
-53845
25394
-21915
119
-168
-17215
-3792
-14330
-12208
6731
-2415
-330900
-11120
-63000
14313
82107
-6443
-19942
26978
3052
-6714
17317
62378
328
-41321
79663
156004
-20158
-27400
1470
3515
-5238
32642
7279
-6822
-32724
34658
-44110
-19690
-866
-22367
13647
2565
-32076
-46584
-17000
39388
36460
-31788
50008
-30727
-21341
6736
46890
21120
-94354
84279
-64724
24700
75317
44922
-47568
-528
65990
40531
19380
1585
13195
17056
53682
-70820
40915
-4620
3993
34938
4452
-802
-1181
-5804
626
-43994
-208130
-27206
2945
63414
-88255
-34801
6772
1040
76322
-130416
-7349
66595
7916
25012
-29099
-15470
-30138
-15773
-8646
72634
-91239
32730
-2600
5928
-11871
-120
-23014
-10706
-42676
-107925
9404
42156
1865
44385
-41714
70320
121537
-9628
21698
24625
13879
-9043
166657
85041
-148710
-130836
-2597
23061
-16448
24072
-13791
-32178
155650
-33822
-13186
23854
-19182
378
-7207
8085
-228775
1136
18770
2292
-38358
15886
-28449
-38692
16870
18408
-11838
-9808
-77177
-24686
37531
48470
-39165
3660
3396
-7654
61056
65125
-157308
-16554
-27511
22968
45870
-25590
-482
108981
7634
-43520
43193
11340
55918
-15696
25676
5600
-15648
13545
5251
-30547
6994
264630
180
-52452
23120
87688
21625
-8020
-12798
20093
-35146
42924
610
-13664
-57704
33929
99400
-3696
24834
-234
20870
-74750
43251
-1826
-811
10668
-99333
-125435
6539
55373
8280
-57491
-9056
-1299
-20564
-40619
-16237
-15902
-41044
-10078
-13731
18549
22576
2140
3582
-101040
-28694
-26745
-1420
-84700
-15372
12846
-10232
-27657
24962
22238
8847
11151
-31883
-17096
49383
-13527
6768
-11028
32690
11795
12948
-15385
1357
71015
5632
-23933
6276
-78435
-8128
59618
-32402
-726
-2778
28720
58680
49890
-2982
52042
65796
53901
-15036
-37136
6171
30244
-46100
-47586
1832
8427
13082
-32970
-5776
110808
-30770
-10762
-9584
6128
41825
128420
-24408
56389
2340
18700
5250
12609
7276
27560
35434
-196598
1282
-20646
19778
17902
-16532
-6440
-81808
6456
31058
1971
7425
47120
44703
-128384
112383
28620
-41988
7899
2611
36526
-9291
16196
-45095
6036
20754
58512
5640
-5100
24123
-20683
8411
-62776
14734
-6369
-310
-38546
30480
-37560
-6152
-22313
-17994
25808
-1739
-25852
-16630
-9743
-14158
-63
-4514
-109402
60087
69547
-70375
-56016
-54176
8878
-9552
-2874
9267
1149
-23331
19180
-41264
-8921
-49662
452238
78379
6515
4964
-32046
3318
-130225
-169340
-21974
-85271
-12410
6466
-62551
6760
46173
14360
22512
-16312
17276
-16624
17048
38390
1824
-66735
-792
8983
-108956
3295
3598
29113
7602
77472
-28296
-11175
-60858
30214
-165
-17132
80606
8880
20372
-19624
-85510
-10948
83095
2080
-43236
77564
37360
36099
83680
109002
8655
9904
-3773
7972
-29262
-13056
10038
-28296
-39154
-53190
8260
-45189
7475
-2488
-2904
-22476
40168
16010
-10908
12562
10082
1643
-13018
-11550
420
45334
33328
-15887
-37310
-13917
46774
45262
-170434
8530
-45930
-8553
-7758
-6522
-20808
-38384
-127048
24089
-1424
10958
-50288
12927
4266
-73034
30360
18266
-8000
15384
51152
8316
-7110
18019
4208
-19589
1605
11697
-10840
-21928
11237
9975
2170
9193
75377
-14809
-5908
28051
-23552
-9440
18622
-703
-27100
41430
-165168
-6863
-5208
70204
37366
525
4280
254068
-14646
-49770
4146
-32976
35555
1958
-5169
-8776
-34816
133008
-5624
21697
19600
13464
5932
-281
72745
1775
-5936
12078
-19250
-379840
79224
66263
-97920
-6509
15125
-1716
360
153527
-83659
-15532
-7738
222668
25345
-1419
6374
-18822
-36872
-20284
14194
21750
45783
-482
31188
9628
27825
195763
-4692
-19606
-28821
-5130
-27022
39816
-39696
8188
16552
63980
35940
3254
-41051
-63479
85190
129948
-60092
-18790
-21336
27009
19648
-1478
-10470
50658
12817
-58122
-48483
84342
10252
-89580
-15217
-41530
-44002
8277
26971
2490
-7449
-12582
8977
23734
15914
-14320
-65184
20887
3264
-43593
9592
125876
-10480
-35663
-44345
-6801
-35116
5414
-56390
15276
7581
9081
-14212
-12785
-34554
-21796
28910
11843
127896
1027
-13312
3200
-14262
12040
53130
74340
199180
5460
15474
-43218
-20061
-29563
-30987
-196743
-27324
-81
56749
-37080
-3612
42696
-5670
14823
-64874
-22774
-7182
435
-3808
21130
-30144
11740
23731
-7440
20174
-6103
20610
-33980
-20380
6506
-7915
-9203
-1317
25968
3964
2900
23342
2476
-22442
17892
-1402
-83396
113680
66136
-25994
-14538
1070
-161196
-138
-2469
234
-1228
194888
-48002
47434
-17708
816
-24703
-20092
23223
14920
-14583
-1781
-63000
-8368
-17816
-3674
-706
-63312
6208
-68551
448
22590
4611
9584
-75590
-907
-174
-49726
111380
-2199
8864
31854
7910
-24022
-6724
-64355
69857
188210
-7420
159183
-16320
389
-171267
206402
76412
-34188
-108015
-3800
48170
-21675
-91022
373
-87724
-56786
11396
119888
42090
49414
83080
5419
-1472
-11394
8463
-28159
54965
-18354
-37596
81473
-8298
800
5824
-6216
-58776
-4642
29030
-15320
-62991
-18138
10652
-15104
49788
-21400
16274
10258
1066
-8183
2232
2558
36679
1943
41773
-37361
-5794
-284
3044
-32721
10858
9304
-62457
-36028
-19005
-37088
503
25902
9009
-151847
21706
-15500
-10974
88562
-25455
-82932
-61518
-68890
37941
-2654
-7559
-46029
-56439
-35984
3674
95043
287
38826
9329
4979
-64254
6470
-79984
3798
5632
-55998
7282
-13917
-1305
-6638
-4060
118353
-5294
8170
-40341
12070
-40808
24585
-104790
226821
-15802
15860
18354
-3663
-90989
-3605
88920
10809
-3878
78400
-22850
204652
109998
97222
64294
1567
2487
-2247
78864
-102700
-32172
37218
-4311
-11721
-20742
-202609
10372
-112278
17350
4837
-384
-41187
-29300
-811
33078
-23474
-25211
100
-50849
4566
-36
-1345
-7134
15712
-1274
244506
32185
26626
16782
52381
-17532
-9575
157842
-1083
-64224
21930
7368
-20262
17872
17789
-16441
52425
-37924
21644
-14136
-1104
69182
-7012
346010
-3242
16481
-2947
-14124
194896
1850
90569
31974
4922
-20754
9760
-28340
-93678
120240
23026
113137
-4106
14054
-135897
-103100
9318
-26196
-5650
6816
-2786
607
39081
37982
-21284
40875
4384
-54245
-70433
300
-515
8308
-3120
-270977
-29147
-45382
45243
6988
-93247
-6822
5684
-17300
12378
52178
5756
-12464
14207
32406
4148
-71037
18502
-575
-3334
5280
-18188
-139381
534
5022
2757
15509
57680
-81176
-12749
-175
105632
-300
-37350
21745
-6606
30458
-24820
-38570
27968
8948
-25
3253
30313
-46352
-40236
42418
58582
-59921
95656
2496
4498
17532
-3337
18587
-12582
318892
-19725
-16368
21738
16704
-152209
9294
-55354
-13380
5364
960
-29579
827
-50954
4546
6831
-26523
-23900
-6165
19130
-65014
-21349
1424
767
-7967
-3216
-1818
8346
-7640
-22572
28215
-29205
18690
-26792
-244847
-72075
-10876
208
10677
65479
-29790
-18936
188058
-53386
21660
-3613
10910
-1934
-8796
258108
-10192
-13977
-47644
-117268
-71613
-58962
-3058
24093
9028
124418
11000
16008
-16462
-19980
-9292
-9236
96613
-1446
122673
-35057
7170
-7834
656
34390
565
-43640
5017
-104553
-21774
37977
99036
-5940
50317
-11496
37165
-20814
157358
379194
-22519
-5687
-18711
-21948
-40236
3626
428306
24036
-13302
3552
690
-40208
5128
-29508
-121781
-106242
-20292
25425
42187
-14036
-36118
-33507
-31248
-10420
74946
15009
-2153
14548
-72714
708
-19284
-53739
-105541
92829
-28443
3504
-996
2874
32445
-188560
59277
-11732
2187
17952
27926
-16620
-15127
-5948
62346
-53620
53151
-16933
22140
52005
-13121
9072
4324
63216
116
2825
-2310
105317
560
-60720
1317
192
12516
-70381
720
2074
144473
3587
-22276
28580
10827
133926
84990
1042
-672
24216
10253
62712
4920
16675
35418
11308
-13375
2058
1766
17934
-7467
19056
27748
-76296
-3380
564
1623
-27844
-18489
-141465
-113824
113960
-14763
26996
-25244
7523
29657
-112760
7895
-4412
-14416
1464
-7147
-11739
23722
-27768
30336
-219
-38601
3146
-66740
26136
5148
11050
66447
53840
-19286
26162
-15931
-8354
18224
-14174
-70289
27510
123645
-139482
-5563
127471
-10518
11424
-40404
162932
-3966
21538
1590
-11064
12744
-10097
-14272
91872
1979
22752
4584
-17485
-115671
-13252
-51570
5931
-44206
2064
-7308
109051
-198792
-83736
2016
-17964
66
-5067
12136
-3621
-4186
5496
79383
-139
0
15570
100860
-20904
53816
15677
100110
-55985
-23458
7016
16100
-30110
17284
-227430
-11367
2669
-28059
-102330
10218
-11063
30054
-6480
-2880
-261208
24209
-69517
91531
-10303
-54441
-240
59840
-16560
-15300
-14136
-5060
-18392
72893
-76257
141847
-136023
-32207
40739
7254
13056
28604
-7368
12688
945
-90684
13048
-81638
17880
-17573
-1493
5275
21424
-54803
-43894
-78452
-107200
-7536
82222
20018
-69020
-8501
-4085
5640
-7624
-278
-46954
9843
-10522
-11294
6414
-40176
43236
39685
-9348
-491
127904
6563
-3789
-6456
-115694
-62314
37160
2586
-37724
-19796
3726
31486
-6128
-1454
716
-800
-15814
31355
37955
-9614
-89876
5004
3949
1742
23408
-16475
32732
122264
-98274
8825
-38776
-19140
8284
-53763
5046
14594
50502
-5679
-5964
-97001
-79178
-10182
-82115
-111426
42222
44867
-58969
9679
3022
13192
9156
-52216
-11399
-3870
2372
-136
-110565
-5090
147736
-12045
16896
-25592
24672
-52944
13360
-24134
19626
86150
8930
-124198
92124
28890
7072
-36896
18300
-14784
-23187
-48802
-162435
37380
-32868
12720
-40961
-10620
17589
-9014
13320
-3879
113165
-21904
20791
-6099
-37564
18479
3453
-4854
278
155210
55972
14649
-9915
-13540
-11201
15153
-41307
2201
-10032
10002
-27156
486
269815
55191
2220
-445
-8226
-71603
-3460
16372
-12775
-28678
0
-21096
5998
30815
1605
-5679
-44005
1440
-23150
-66183
7971
-13738
11160
-32430
61744
-45615
-10840
-78230
-30642
41286
-16168
96
-1969
8975
14465
-3079
9552
19152
-134972
-12888
-13236
-66263
17091
42468
-52836
-5940
-15048
24903
3082
-345
-7404
1516
-20383
2555
120126
38107
195887
23876
-145
-33380
10476
-6336
-3410
-100606
-8048
7725
-52727
-20789
27424
25047
-5989
1150
42410
-5389
-33035
-23812
57531
67440
-23312
-7492
9550
3344
-12300
4843
4350
3707
-122027
-19561
11392
-36606
-118116
-25540
-26628
-53737
-8288
-24306
-32057
-57690
47260
92052
7381
4772
14704
201376
-26053
-19748
-61440
-23861
-14583
-4380
-15125
101884
366
75614
-12802
23390
14760
-22046
6762
-21518
-22972
-59790
-4057
-3948
2940
6008
-12016
12474
-8920
4818
25641
53968
-23424
239
62035
-10815
9269
4040
-25911
-49918
31576
2396
-234
63564
3827
33303
-329133
-33160
-18248
-13152
14592
14960
9130
-123972
7932
13988
56128
-10452
-18992
16047
-85884
63904
6772
1063
-11084
-122985
-38092
-14263
1312
11091
12166
-5695
20132
-20072
11706
20019
-75593
-11568
3830
1734
-5190
-4158
-54348
-33086
3103
2996
-3132
4465
-7587
6804
-23056
-39256
63588
-530
55277
2960
-31194
-2415
4719
-86730
-20903
-980
-3758
12980
65664
5352
16366
45797
1132
1367
41126
22194
-29268
-49174
3608
38361
11003
-14212
-64040
-108094
26172
59195
102996
6609
17151
8604
-14882
50428
4179
-312
-29904
-163049
4587
3438
-52702
-7649
-44770
-6322
171624
-98489
37587
11592
9900
57548
-23204
4774
-40401
8812
16291
-114350
-40184
31220
240
40452
83424
-5309
-74857
-11415
54374
-244
-248100
4863
-110374
-40027
-19340
15333
15120
8554
87018
30864
-18506
34536
140996
-20340
1835
234714
5550
-16884
-363
-7564
-9072
41732
-11895
-25347
-38026
-2326
-15904
63980
-22932
23832
36502
-12141
56820
25286
15168
142782
27490
-38529
-115024
47664
2088
-22331
-18588
-28455
-57035
-51296
-11992
67314
10494
-35464
-4212
29888
1384
-8817
-27993
-137154
-427787
-24231
-3507
-6864
-4948
-970
-88735
21573
4696
1578
-2868
-5739
-61425
-11286
810
-14742
-20984
64560
78752
-38036
-226176
-35599
38700
50561
11000
83330
-3093
4797
80752
-24924
18602
-59920
-30924
-75273
106666
46046
-16011
18914
-708
-29697
44406
-6314
8669
-15861
26962
101162
-73830
-7695
-8241
3036
-5117
10408
6979
-7155
11110
3105
53896
-51992
-18931
-12816
-78954
4827
-12756
-19263
64197
47916
-92570
40500
-104545
-8050
-140553
213484
22288
-168615
22638
-4655
233
-58395
-13498
-5964
62370
39685
3114
8787
10840
22833
-3027
28464
-423
23488
37582
1188
55116
-6192
-88612
-2020
-26160
-18504
46824
-28803
-80222
2607
-20070
-221
614
-134044
-1008
-8601
3024
-61732
-33011
32198
3934
10992
7095
-12426
-240152
70336
43556
31004
55366
7228
-3312
-41264
32230
25666
7206
-148065
20898
3432
-5402
3081
-21482
-46286
-82206
10551
31857
25050
-33381
-35392
12464
-40365
38007
-6764
-4324
2428
7704
-19694
3068
1257
-132729
52657
25379
4014
8928
2430
20144
-81911
-45031
-36062
-116279
-13226
-7908
-4650
-295746
25759
6551
-7488
3894
-1286
19396
3700
-7416
-19446
-128424
-3406
43435
-33844
-8760
49071
6043
-6019
-97101
1631
19216
-4234
-10180
-425
-447675
-3680
-18020
44074
-156726
862
5320
15138
2052
-36680
-5072
22560
7569
1920
-76208
71049
-28308
6755
1933
-14024
12673
-44562
-22819
3468
-2994
-4300
31107
-139196
4460
-649
6036
2340
30720
17156
-202616
-27397
-6449
-13464
16404
15780
-53094
-18454
-52956
-61214
22583
20502
10360
-17762
116838
5091
-143509
-69194
-3393
-2146
-14802
-13956
5356
-53782
-382
-13981
487
9000
-33474
-16576
6852
42172
157200
-13252
190556
17128
13821
-10977
39010
23144
27972
1539
45539
4173
-36595
-17636
-81582
29648
-45879
-37403
-3280
15204
8415
7460
-40384
-6650
7269
-20190
-19256
1411
11574
86825
-144
-33017
1058
-3420
42797
-284
-30501
-8757
-11013
-12376
149918
119202
84167
62312
-18938
-16628
2794
-66616
-395654
-4605
167040
-32111
167319
19147
1430
-11464
-9916
-80688
-1774
-27267
53313
-25454
3136
-39207
11616
17026
41160
-12512
-4590
61740
-51545
43486
117316
-66452
53940
-25128
-143000
-106985
-64350
-464
-26518
-40816
5994
2012
561
-4877
-32002
-8723
-3932
-20396
30144
-50306
-3208
-220168
82834
24424
-13078
-24449
-36958
2594
181545
9078
18385
27672
-2748
-193521
56296
266620
-6224
-43896
-17532
4725
11272
19235
34559
10020
-10199
8436
-5096
-15628
82289
1230
5859
-20292
-5016
-17908
-61469
9104
16068
-3588
-29826
-22456
2117
-13460
-18132
-6390
55743
-30633
-2946
4426
-148128
-98198
-230205
-26460
-10551
2395
-50970
-26986
-988
-1984
2856
5607
80804
25778
5988
60914
-59334
82516
-31269
9702
-13036
726
6244
-21435
8622
18023
-8304
-41394
47395
-10344
-6390
-9720
-7234
-177173
-1563
-37946
-17696
18943
153129
-37685
-77704
7922
-105906
-27060
-8993
-40707
-7905
-25877
-51819
-113
-25704
4240
3754
-12682
-106133
22349
-137530
102074
-3048
-51696
-39140
-202023
18206
82769
11461
10272
-31724
1883
-67202
7280
-61484
-8434
29619
-1892
-17809
-5088
-6048
5749
10426
445956
52346
-102270
38475
-45603
92398
21091
-59008
-27488
-63096
10917
-12078
8577
-5454
89804
180338
16606
-6780
-125891
-1404
-6616
-8188
-939
138654
-11398
18802
9118
-38852
1200
-3631
6346
25386
-70584
1072
-44715
29159
-3930
52560
-4249
18534
7709
-24737
6720
-24365
3586
10126
16996
-33813
-12703
1945
26782
25819
39557
-22520
-22845
76395
37492
674
83892
86472
23072
91872
4128
10626
-13939
3156
-19070
24230
28285
-17242
51740
13715
838
-11068
35448
4080
-5005
-97669
-11330
-9276
71840
1896
48850
65025
-37296
5448
-16887
-2018
79962
-39030
-1638
-37834
-2655
-58014
12016
-56325
-33344
-33588
-8448
-13719
-15752
19916
-70829
26814
17342
1506
-16350
-61488
-11311
-36584
30312
5510
20439
1152
-26886
5757
25368
78279
-30136
-61406
288
10307
-11548
7881
-24890
-2016
5570
29066
-9680
20185
-6730
-101160
219093
8000
-8792
71034
4519
-9744
108675
10724
132750
23536
-30286
-33764
3966
45266
5380
-8823
-3834
4055
51300
183190
37654
5675
-30578
-4947
-2928
93912
59669
-84669
-8484
830
-15578
151039
-6178
-29416
8064
68447
8202
5261
402008
591
45871
-266
-113232
-36394
79680
1584
-697
89096
10483
-1246
-83453
38450
-47125
-5544
-12142
62634
83364
32352
-1797
7188
-5859
-21908
-19600
-62928
13752
-136272
-157762
-52769
9296
69206
-20392
143199
66121
-7092
48123
20529
3749
-21468
-12096
27671
111548
-3294
-65838
8544
-44092
30396
171737
44284
-23644
-8956
38810
-40856
16725
2249
287712
205421
-4146
-51585
-19663
4224
-100181
40066
13168
60374
4246
115308
7170
-17106
8601
-27601
-17303
-34904
-20511
-997
5880
-71605
56824
44817
16506
-11448
-3028
32636
-61944
-350
27101
-13004
-170884
74064
19293
1418
-15732
-55710
8320
-39540
-50852
-2238
15581
-2235
-22057
-11256
-3165
4416
-172960
-13347
-9966
43080
10751
-23440
-33644
11686
97889
-23816
7932
24217
10318
-5858
-22976
51940
-7476
-10798
17584
1070
-370
-3680
-6690
-3012
10635
-9334
6104
-31533
-13488
31500
-74737
1458
47586
-21273
-7644
-10939
-100379
-103830
-23004
23973
26520
30879
-1425
-10180
136282
87671
72617
-44082
33166
11625
-30968
-10462
5854
-102915
109241
48689
-4232
12179
-204706
588786
-64950
-7674
19767
-4360
32179
92963
-23384
17361
-66660
-50946
2003
1023
-24647
-29484
-14462
-1946
21880
1457
8768
78584
38459
-21769
-35658
23268
-152137
255
-13511
15904
31522
-15096
-5768
-7381
13620
-8471
-22384
118389
1971
25280
-19570
-15726
-10565
17136
-24598
-36623
-59174
-31716
-15505
24984
-1537
10876
67821
22361
28423
-4061
-3099
-2330
10530
10200
1637
21752
8160
5389
7870
5769
21213
28213
191950
12965
-26571
-57158
17439
-10668
-17265
-5138
-5473
10930
15211
71322
-20372
70032
-18500
-15408
-152687
-8789
21987
-17182
-119580
160
-25614
-101768
-64625
66932
518
202324
156
-1792
15236
-21318
-11171
-24082
-15541
96908
34044
16310
43724
18595
-87626
-21054
70
35621
78986
-16655
-8863
12880
-42
-7832
-54714
6303
-45430
-15108
-48019
-72240
9675
-35106
37498
17998
39492
16164
-25944
-163212
-29696
8568
-10203
13968
52260
6587
10602
28620
-13856
4442
-22772
-11292
-55235
-66858
53448
-1454
28341
2296
-13407
66457
-177556
612
32820
-128556
9035
-29684
107242
13308
1032
-33168
-10951
-168862
40920
104874
32928
3438
23300
-20160
-99406
-3894
6121
-979
-7004
129146
42510
-31856
17602
9078
342
-73638
42228
24101
-7294
24025
27426
11883
-1164
174615
-3667
1966
11590
-8232
-51873
-2988
50049
20373
4381
3038
-8545
-3348
-767
15827
-19796
-11359
-39420
210812
17934
-10755
16122
-27
1740
-77760
-48689
-143052
44544
11552
-5506
2797
68105
1640
13743
-21357
-279624
-58275
1595
-33783
-165072
-47400
-6576
13200
-87084
14228
-35462
7709
16378
23340
-29007
-64923
-7348
-19148
-49373
29292
1971
-63787
-73392
-2822
160814
-18130
1731
-103461
-46192
1260
-11816
-31852
-16464
-23477
13943
19647
-147488
-15996
1628
15696
-10182
3301
-4602
-122760
-21392
29013
-75151
9428
4720
-58356
-13618
232106
-40504
370337
-821
30606
15372
-173015
4125
-5094
-71364
146355
66354
-19538
-5958
-400
-42814
131844
-13028
10193
-70065
-106616
5023
-142242
-43570
-6464
258004
149285
20469
173337
85832
15950
10010
6821
46535
-55629
6783
-52006
-555
34980
-10492
-147712
2435
-545
-4016
121808
18876
-20584
8120
37976
-14420
-411
-78165
-82934
27339
30370
34455
8081
-50982
52452
-3789
-505
38198
-61975
47556
-158120
-3800
-134228
-35814
-10641
20571
-4484
-20378
-54516
-10167
-62274
-14076
22018
15852
62048
8532
-19782
-12540
10944
3407
-13195
37665
56580
-12602
315888
820
-25921
147050
32236
-612
18272
-41815
1066
23272
7435
-14645
185176
-59314
-65004
-172851
3796
-64284
-12846
-799
15120
72790
-899
29792
9152
-13660
-5554
75797
-248127
7350
3322
171
-93221
34496
33640
3247
-113874
-75818
-25340
-354
14480
38180
-8263
5241
-16262
14336
-59024
-93477
-3969
26811
466707
-105516
34910
-118132
-144036
16272
-63629
-5772
62405
47886
-3770
-6048
-175986
24378
9651
-60220
-11373
55832
-9393
5171
-287183
140223
-2977
30018
5955
46410
201
-35562
-16196
-4276
-202430
10606
-40574
-664
12814
-8920
-40527
340
-8821
-247422
-20088
656
-107909
-30792
1479
-45975
-12388
-39030
-36828
27787
-476
-15191
1824
11982
1545
-4812
-24175
-144
77863
48163
-10068
-17127
-53781
-3396
-92625
8755
-6436
465
41375
-8143
-18485
57568
87205
5165
123039
-208656
16380
-21380
-78860
17102
3932
41016
62106
31647
-15636
2998
-712
-33773
19878
13344
33811
22940
179995
-589
60105
60564
7175
27340
-107319
-16705
5492
72526
6530
-17803
-7802
-4223
983
-8671
36491
-10815
-3472
-52674
15075
35500
12471
-37192
-5064
-38390
112692
35128
7293
-25602
65310
-4836
-17836
-50038
31155
6405
14977
14227
18900
-13654
1372
-10296
17086
13706
15686
-7992
13686
-115434
-236193
-70840
-75205
-18027
-7269
-40880
39762
102680
450228
-5512
247170
-34428
-1900
-3688
-28090
5961
1576
-33366
-8545
-7392
37869
159807
87580
66
14210
31712
-3874
23895
20218
-61887
-4491
-69850
-17512
-39316
-6921
21928
-10224
-4624
3114
-18780
64279
21591
37896
-70929
14678
-222908
78045
18939
-11092
-6764
15934
-8442
5460
-24369
-8347
-28560
384
13100
-34260
2325
8912
26190
-1497
-26664
-22792
27531
-121599
21952
49332
23760
47052
-352067
11010
-10657
-5716
-126
-49205
-5304
-374492
-2310
-15824
-66898
22827
4241
-13482
23972
9732
26268
3720
-85
29256
-12363
-11240
4887
35862
3616
55868
-81418
-4509
-3316
8702
-8670
-1683
-32247
36771
15717
33291
-15310
-5633
-528
-41028
-22254
1110
103977
42966
7200
49896
-10038
-13502
1059
-4549
13527
-30144
-7564
3579
-9095
-137214
50230
5688
81429
-1275
67560
-21805
-147
19114
-50987
-9320
-9711
7688
-67474
2920
65152
-21724
-2288
6649
86184
340
59568
59316
8084
-12648
-26576
6137
-3792
-78891
-101450
-57924
-74627
-5072
-6768
29210
7398
-5044
-19504
-96
-852
-222978
158356
-68222
-70968
-18891
1768
-24765
5830
98550
3398
232534
4593
-29837
-6545
-3165
-43476
-8698
-240514
14582
15714
-12197
31940
-11012
-101249
-27284
-13609
36378
-121176
-24252
35791
1542
-11312
-56122
-25504
-11446
5426
-9102
-24196
-127680
-88673
-14470
-4370
-219318
7420
8420
34977
6312
-34137
-48931
32181
4638
-48402
-35336
-63417
6075
26288
-21668
12298
-8517
14602
42110
20460
47883
-1686
11020
9593
3245
-10271
85418
-11088
139115
-23904
-83
42
-2825
1012
-6256
-45096
530
-9122
-5662
-8110
23380
-45973
-18568
-5912
31241
42282
-41539
4282
-9976
2290
-912
-54626
-22677
-11982
-68121
21489
-49588
-80385
-12968
-41937
34461
36364
61030
5712
-44484
16299
-50173
-107450
-15820
19080
-79621
12608
21480
-2494
15450
192140
-22853
-58398
-79694
18056
15400
83115
39604
-724
-3273
5108
21180
-13828
192
-64950
-17578
12820
10192
12204
729
-4056
25362
490
-7454
54854
-26106
28775
-892
97352
-1036
-81084
84088
45561
-8072
175
10062
-60098
8068
-9934
2565
-6345
18479
51142
149150
6233
-53128
-9562
-56736
75813
34810
-75
1194
7930
147627
3820
-48750
36071
-49492
14752
-18674
-15320
-14975
4016
-41052
5561
45558
55846
-94370
-3781
-87842
13021
-13636
-877
-26130
876
86
51348
-70092
16462
5915
42286
24291
4432
3358
-133836
-33024
102096
86001
-80849
18319
11302
-15517
-40274
18281
-18721
-42094
-29197
-154996
-29996
30044
-130548
-128095
30086
-5252
10388
27580
-7512
74455
1408
221180
6996
-89616
29942
-193350
-7848
7860
-109752
19905
30528
5346
6032
64194
33032
-35609
-3004
-4219
-422
-28374
-44258
-14530
-17529
-1429
-23932
5316
-23679
-23117
568
-42615
-44264
-65891
-43562
-6592
-86304
4642
340
-56439
-13448
96834
133578
-58431
2560
-12122
61197
-37032
-25715
-5962
8719
205452
18198
-348855
-5820
39520
-16740
-11085
7006
79205
-31130
35982
-1752
78641
83150
-20541
37153
2286
67426
112844
30885
-2277
137144
-69338
-2520
-29154
-4080
6672
29445
108602
44378
-6435
-56593
-105393
-5872
-105936
3124
8042
-6155
-4071
-47498
-235822
7628
38655
2554
13984
-46088
32275
18517
48754
25290
-92433
-18315
-10024
-2214
-20487
-6882
50126
5548
74036
12248
12306
-2745
-742
-46308
-37029
-70317
58978
5072
-570
28458
12333
5459
-16128
39277
-13468
38560
-40004
-13818
5017
-6126
-12673
-19519
3816
10830
15810
20430
2219
75786
22901
-25708
41276
26894
145413
-9996
10725
-104836
-78588
14128
-4589
3346
-40174
14286
67271
569
-3369
15107
-16144
26521
-6090
26524
15483
21027
14770
-66794
9765
-40341
-56709
-83302
-31892
-142106
-20655
-7154
-18865
-7440
-54335
-514
-15491
8400
11439
-144744
-6486
-39992
-37833
31356
7541
-20025
24916
-22490
-16119
-18386
-77130
-17852
-11658
-23360
12396
84217
25857
2484
-17826
-94294
15267
58275
-16188
-15515
-31824
974
-4965
16244
17175
36391
12160
-52972
3794
17162
140894
-47645
760
5344
36639
-64257
-268
-36055
10347
-8940
-5475
25352
3796
22736
14442
-119513
7403
80978
50011
19540
-19642
55998
636
71992
-89194
-7634
-491508
-8906
13419
20665
6400
-40840
-4061
37994
16466
-688
5396
106456
36714
2532
-28128
275880
49182
-12618
-21684
-3740
55189
-2312
72717
67739
84179
-37356
-2060
-5774
10680
-15108
35996
-14721
-19247
177595
-66483
-10196
-2225
-94290
16230
-7287
-6452
-39814
-11240
74225
4167
-10502
-12285
-61760
-7162
14246
-14532
29884
17846
-9454
-88326
24594
-83574
6045
-36183
10467
2702
34651
-270232
21199
-97824
1176
-7435
-24944
-9072
-15669
21337
-2079
3942
10244
-3426
49688
-44522
42827
480
97870
17121
1819
9320
-41292
-756
-5632
-9048
-77279
-2844
17283
3113
10222
14784
-5697
106250
58720
-395946
24521
-2205
-20731
26687
-28956
-5686
52128
-33368
2632
-23566
7864
10879
-26014
183890
24888
17404
84940
43987
-6556
68192
-2291
-12360
-8660
-161
14020
18236
-5581
-4539
-52660
-48672
-135820
52343
12538
-3568
-37256
-4974
-11468
-2834
36828
-22522
80976
-10236
-2586
-979
-5230
-34192
-31766
-11240
-4343
-5466
124982
-21334
32438
215180
-122774
-22255
-9678
12930
83028
-9432
-36800
-68170
54516
-47144
28533
-32842
-22573
241986
31754
37771
-37880
15408
36396
-67921
28120
-4932
-1039
10920
30174
-9642
63475
-1329
7436
-30276
-34132
16221
-11300
-88671
45936
-141241
-16664
-60644
10396
-18694
17165
-17479
-16877
-57462
-19246
7460
-17070
8111
-1957
-4976
6488
-113899
10301
93969
32035
35366
-1921
-2884
-3528
24114
-2592
-27021
19822
4968
-10016
14302
-1575
-4011
22869
17712
-180394
-74550
3096
33872
-3675
-94
65988
145422
-10950
-12114
-9825
-18294
133535
-135167
2066
48738
5572
584
-3948
14880
550
826
-337
-12375
-2445
-8838
14328
112709
-43419
-81037
18686
23677
1438
-15132
2021
-5332
140714
-9170
-14201
2331
24928
6765
1685
7338
38497
43714
-41000
29405
3413
-3780
-42574
-16805
29504
-258279
21865
99537
51803
-110124
18210
-11482
-16840
22824
-5575
14633
13035
-4254
-193448
-3072
-2920
-70700
-4148
-47480
-13560
16760
-2898
15471
-3534
-36582
-3
37134
5075
564
42061
-15836
-6251
-70590
-49585
7045
43242
5430
13224
213175
-28673
143194
-21116
-29280
-1382
32560
-13957
-12208
-75206
11805
-39343
2508
12742
-7840
17109
-45780
-15561
63600
-11870
-3178
-7149
-66012
64032
20774
2568
-4624
-4084
-28275
1193
-15950
4363
-11026
-21564
-7074
-91413
-21154
1171
13287
12062
63985
60196
-12038
-84314
9605
29508
-12126
367822
2280
-5784
24072
5299
3076
-9811
-15899
4491
6429
-20072
74068
285414
57096
-12652
-27348
22897
8862
11136
7548
2973
3343
109616
14732
3861
5610
-2992
-39840
-41661
10154
3377
2335
-4305
26508
103994
6485
112464
19134
-7464
-855
83755
29328
71533
5950
38226
89260
-1238
-20112
-21339
18269
-198936
21832
-14957
8548
2090
-32580
41734
-37190
-52974
-34727
-1008
19225
632
-17982
-28580
-89831
94269
4592
-483
21860
33849
3948
6906
16443
-47507
9960
-16777
15876
-2844
62108
48591
-9292
8796
-14973
-89604
-2623
-4235
-3794
-265
-52726
-20076
6696
23971
-8862
-24032
29925
-3456
3578
-35646
77280
4482
10146
-11266
-16101
-110446
16632
-11799
-23005
14560
-26974
-105216
-1569
14765
4452
-55838
4551
-143789
-20628
-19289
-17734
-18000
-7503
40424
-27339
9776
11721
-10040
-5035
39624
-22506
-44582
-106541
158455
-18180
-39788
4879
-109694
-7396
3206
-90256
2061
238906
-14477
239344
29632
-66210
3978
16848
-8257
42814
97690
76574
-38082
8348
49648
9730
5131
-9932
18406
-22010
-5704
27846
5024
-35614
76198
-42169
107088
-488
9645
-30368
-58272
-106
30866
14162
11684
-117354
-40670
-77598
-49952
4336
-8374
60193
326106
-8332
-20635
13098
1592
-90380
3083
3536
17900
-9376
-7338
-16320
-4705
-71365
-3226
-25941
-2042
52364
13265
-1764
-20160
-65604
-77781
1560
-10596
14822
21749
5390
58780
22099
3733
269
25887
-13480
-34793
29969
-33718
-13442
-4115
-13660
-17647
2145
8790
28668
343784
-78166
27429
1875
12211
2436
-172683
7665
-10548
2855
-27822
512
18444
-40992
-24867
-13924
19867
8638
14498
-32256
-15354
-15525
1072
84751
-10874
-622609
-38906
-375155
18374
-4344
-2814
-58807
6214
-52052
3193
-37680
192571
-89088
-32360
-24128
57790
-88925
-12008
-7678
-67774
-9441
299279
-2862
72218
64372
119744
-30602
63840
37408
113204
-16641
-175924
-5352
-27654
576
-2518
-12863
-1060
4443
-1492
-138583
61088
-63018
6832
-20302
132996
-34793
-770
14544
38451
-684
-45830
-20076
19299
-11014
-183628
-25469
26148
-40026
43609
-4452
-8636
-53478
-40726
-108027
-14419
-2946
-22555
12852
-11973
-31902
-65304
167865
-26450
-38478
197442
4680
-1264
-55476
22410
79639
7616
32266
-6400
46740
29172
-3140
9036
-38296
5460
41244
35412
-6168
2906
14381
-10140
25275
98421
-16704
-1158
1554
-61655
9476
2484
3320
7404
10587
-79246
83630
-73136
29992
-196632
-9120
-226
39
10318
-139140
13112
215150
29174
-14006
12660
-169524
114366
-7961
-20888
-44031
-28448
61576
-24004
127147
-62598
2901
4172
-20106
3332
3810
916
5730
76584
506
-20651
6040
-203
18960
66793
-80469
-49054
-6353
-629
4350
8754
-16
24096
3758
-15223
34135
-11992
31588
-11296
1194
104380
135400
52790
71610
52384
2866
-15088
47673
-17696
16832
17828
55924
-14867
20160
6426
66324
29486
9546
-28246
66106
-18285
-91755
106000
67390
-17880
-37548
7189
2124
23004
20012
42584
-10539
42264
-3072
-44907
14835
-281684
-35268
-40344
31736
-42800
571
31328
39723
35841
36092
-15618
6452
-2740
32484
-10608
-15627
-89253
3753
-4283
39728
7429
-11867
12919
-13898
-31680
-60421
17776
7090
-47160
31802
-14270
3307
-6149
-1052
-45694
-13164
27200
-31568
-6130
-25096
17198
95398
-30623
27234
6930
-3944
-32160
-13714
-70855
-27473
6615
86618
-6894
6134
-74404
137328
-12470
79973
48533
4814
-14008
-31844
-5702
13324
-48557
13444
5600
135276
-60598
-237592
-13109
49914
-131288
17545
-8020
-5670
1615
-26446
-6096
85947
-47421
153728
-12863
-7071
11244
-42668
28296
2765
15911
30607
55247
65476
4076
-31602
-43373
-30892
46498
-115300
-6479
15435
30342
-73376
-32568
-23655
14938
11135
16364
-2096
-8381
-2970
-76874
1049
-44192
14415
6418
-79194
-12036
-75147
2007
973
-42290
-3511
-3439
52960
-92067
15247
34155
1968
-44453
-132116
12555
-29312
-70284
54117
48425
-17206
-7841
28867
-208458
-53619
-65534
5981
17880
-25629
2446
-60720
-27497
5680
-67508
-7285
21632
2048
-7386
-27490
-58536
2554
-38093
-55194
-3672
7607
23156
96235
-24474
891
-13181
65232
-173233
10055
136272
-14252
7790
300
-15270
-79693
39178
-4109
2908
21150
28158
2521
1073
-8817
-852
-80417
9294
-3411
107509
6425
-268
-32772
-13946
4296
3262
24177
2294
32137
13530
-4563
-55004
67578
21866
-54220
17728
-9712
43728
6821
-792
29262
12848
-33184
-321175
36720
-4300
-26192
72959
-30354
-69126
82032
72484
-19968
113815
-336
-46727
11982
-23840
6919
-15642
184323
-70755
103598
35295
2175
-17634
-73344
26480
-83180
23214
-12565
48735
54528
-20811
-63648
-30092
159091
-129435
-149728
-121057
21290
-2913
-16446
814
-9120
30126
-87483
20024
35890
12380
-1541
-6286
34353
9250
248
-3898
24006
5494
-19019
-16766
-6228
-17539
235
23913
12070
-786
16454
-44142
102409
6921
-14327
32452
-1750
-279
11695
-2541
-5585
-3636
-118958
-48830
-15553
-12428
-19048
108894
12600
50838
-40765
2013
-20560
-214415
13811
60363
996
12385
-3914
485
-12172
-11102
1341
-7360
-17960
-25988
18712
119536
-27730
4104
816
8228
69629
-53661
-9174
23181
-9222
2692
-2507
-6780
-23082
-16272
13791
41640
-54535
-11319
-93678
81148
-18195
-1344
111596
1146
-7412
2247
-37880
-41505
-50822
18386
-12080
15019
-155
66111
229770
-30354
-19632
71241
-13392
105882
-38088
-17385
-39160
-37620
-16484
-1772
11982
19089
28226
-1872
146400
10812
80910
-18994
6316
20999
17348
-52188
7782
-40608
-3963
10114
-1466
6432
-2262
-77555
7860
25438
91956
-65309
34237
7800
-14575
1258
167696
39063
9950
41873
1815
-6833
81166
95640
-4341
-83907
33093
-56160
63215
-13508
29434
-8559
12544
11956
4770
30295
-13789
990
101276
-28848
18257
-27346
-35493
26766
-18688
-22171
-12385
-17624
-6302
65915
-117196
-19608
-47527
1350
-8172
151546
-30122
-11520
-6708
93364
3154
-3382
-76122
-1836
-26917
12708
28737
-13445
9272
35362
18229
22827
7138
-3340
-8928
53752
-10100
-52914
-3144
4004
98532
178660
-15230
-49080
35993
160364
-38506
39303
5751
2714
10806
2177
22503
10514
5877
-123665
7054
-1164
133929
-34108
41045
21140
-13759
-692
-8249
-27824
-43986
9500
-330
-12976
-44058
12369
-6420
-1100
28314
11808
-11384
-88210
1900
-131877
32578
29069
18884
5250
45510
-5741
-151203
30516
-16650
1395
-17208
-830
-2937
21120
-20544
97458
14593
-20734
-10620
24635
-6412
-4656
-19694
71012
8361
-50585
34134
1318
21175
-10526
-2486
39024
-11996
34750
15322
7632
4400
-91194
-46900
65003
4295
35296
-4032
-71423
-325
63135
44706
-3917
-69993
24508
26500
-22667
-59536
5820
-97939
-2892
40797
-5268
5859
-24576
37258
-5472
-633
-13092
907
4142
-53448
27432
-167572
-52902
-3516
39875
58954
1261
-242736
954
4836
-10875
-27630
-8488
50724
-2034
11452
-3198
-6624
-63834
-13632
-91256
-71592
-19347
9311
28930
288366
71194
-11200
187875
11802
-4534
-37050
-10060
-42796
-2397
-52150
2435
24439
-32904
-10016
-20256
-8186
-48804
-14180
39956
-35909
28154
17285
-1647
-17824
-18075
-17571
-19984
-305496
46573
-14188
-962
13194
5088
156162
56772
37700
-301
11046
10714
-13108
28552
-40712
120023
2168
-15102
25440
4980
-5443
4585
87108
26385
-38957
-1568
2322
61760
-7109
-1743
17809
-43148
-9483
5902
13076
20722
70477
-33986
-12816
31681
169
72092
9339
-605255
2876
27724
-8175
31088
33107
100025
39088
8760
-10733
16492
9014
7920
4142
4838
607
39891
5200
-2720
-117
10223
8144
-38211
6978
188
-94492
30930
-120834
78174
1062
21817
40157
3132
-160
-20746
24260
1523
6848
-25632
-2650
-1460
-17994
73440
-3210
83182
22480
-336
9327
-1588
26018
25169
5184
-36765
6980
69660
105276
-6612
352
-2244
-46034
30493
12788
1368
-12143
1159
-14055
-25137
-11124
-4761
1456
10178
-6272
-17716
-893
-286506
-480
23120
-6936
-37570
123318
36128
1302
11206
21790
264032
4980
-27088
-1018
-5661
-760
45900
-4566
86106
7806
-208494
23852
-11502
23135
-22435
35153
1610
8400
13470
58886
63987
-1225
-20444
31194
4634
-13788
-41860
-6068
28506
315476
18594
159871
2354
10860
109953
-6343
-8614
-2091
6012
32694
22540
-2960
-12154
-40717
3276
64653
2580
35322
-34360
138892
4513
-14643
-54650
-10791
-15039
-76581
-2192
27355
-17182
-128527
5019
36072
23037
49472
-5547
-95430
20037
23592
-46076
-59714
24
14696
-171890
49266
24666
-42933
20710
20032
199445
1973
-43572
-13160
-4602
-15393
4788
7875
3220
-9346
20295
-14601
-42282
-28698
-33088
-35868
-90290
24962
7840
20125
-142193
48580
-33810
12631
2902
101697
-5933
-17140
34541
11113
-7992
36748
-6017
-124400
3790
-717
91416
-20804
54724
35176
-16193
-5470
-22208
-30390
5749
-11608
14210
-8392
-720
-47357
2985
2926
-30666
15111
-27285
-31195
-33088
25340
41205
23462
828
1777
-20
-15408
38778
-138513
5818
-4841
-42958
-1273
14963
-7484
101709
-14516
-7100
119131
490
7280
6284
2177
-47794
3752
-27024
-304385
-3786
81648
-62750
114040
4441
37040
-14472
25863
1934
1099
-27600
13656
7440
-1170
-8118
4929
2908
48740
255
-4755
-2706
-1645
-4884
-10884
91604
7038
3495
11124
25989
119949
71539
25618
7700
-114014
-70980
26588
747
54560
6554
11368
21180
6002
-6386
-108828
-7812
-6448
30045
322
4191
-1323
8743
66710
14432
-53399
7675
-605
-8820
4995
-46288
51968
-12838
-12171
-357
-50863
-3144
-62204
-10716
21789
25262
111605
-20955
20388
14184
-1603
2318
-9331
12549
16538
4888
13821
188920
-73356
-41283
-30541
-37121
-82228
-192
-5927
-57665
-5302
-11700
-26610
-2274
28976
19348
-51670
9546
-46278
-12188
-75984
1719
-19198
-644
-44519
7930
99128
-18586
26182
59150
-58738
4800
5536
-4218
16418
10354
-10577
-106013
-820
-5284
-6748
37870
139186
-46200
-11488
-86530
25114
-79804
15266
-19129
-45372
-141260
-26988
-88119
41455
57091
84
1155
-55205
6517
21906
-25353
12572
-16515
-2378
-26640
32710
13652
-3487
56619
19769
-14085
-1155
-19424
-41094
93645
16981
1726
-9244
-53919
64404
-19312
2178
-10585
-17634
-80121
44532
-38092
29672
-15775
-13848
22916
-72318
-141218
2056
-14549
10232
-33188
-3753
11345
-28491
28887
-11704
61266
-348
30450
48927
-36960
-2024
14358
-32986
-19962
27995
10276
23288
-8241
-960
-63572
-8318
34422
3529
-95486
-205866
-2588
-8028
-24720
-11831
-12786
3534
-145431
1629
-45199
18325
-120023
5160
-4835
-9596
-20955
791668
32565
4128
55356
-7886
-50710
20376
-11510
46462
-83286
3394
-27904
28943
54507
2756
170914
57133
4636
-2776
-5035
33224
85527
-55134
42894
-14520
51318
-1634
-33034
4675
-29108
4871
-10648
-19562
-124027
-109592
-28656
-35757
377408
12337
-16620
-53384
-659
-642
-28669
-24254
2157
-47847
-15550
21446
14063
-14381
-108000
-635
-709
3686
-10931
-22396
6538
-83427
201938
354094
2511
6800
-22730
-4281
-226226
-4494
-4930
-10888
-7012
10931
14206
62177
3600
42704
-8580
90464
-68483
14391
-3296
103672
14952
-6036
14
38924
-59610
9294
-33062
3447
13596
-124737
17965
-9993
-25984
-14455
36736
104044
-12936
-9570
229400
160862
30847
-24274
-22548
11110
-67979
-182315
-2256
5752
-20061
-220
2405
-1804
14680
-3825
-2385
18484
59582
37206
7978
49144
5188
-49863
10130
11050
-563
-87326
37301
812
80982
22713
6727
7208
-52064
-8662
-42998
-10551
3494
5110
438
-7530
26343
34780
-211
-3957
-7122
119632
-2671
-35568
-19261
52000
9654
57602
-5918
61652
11151
14211
-14697
-100002
13098
45720
3508
14386
-2278
-30296
-21050
177241
137439
-6576
117
-4779
6297
31221
74106
-97090
125962
-13565
-22268
3184
-59488
-4962
-101684
-6156
-13633
17992
-44603
-64951
8897
2345
-92252
49560
-7452
76309
-11104
-10488
-8648
-51316
54758
6092
11715
-25280
-100064
-3825
4520
6178
10132
-34814
65774
7738
-10536
-75152
-24744
6102
-934
-44983
-31836
2202
3228
10230
-10826
-44349
-54458
-74311
473913
-87290
-19856
48
-2248
11345
978
13294
-11411
-45157
41434
109632
7104
43676
-13859
10525
-872
-11880
2664
43052
64324
-31956
1476
1000
38507
27430
9720
18435
5604
-43164
3771
14244
-24425
-37556
-304
-35536
-12656
-18
49346
89756
14416
-15675
-58492
52380
63960
-5369
15706
-15619
37621
92952
3032
-22576
3342
-70590
-3061
-17690
-31144
11340
-33782
18900
36469
12884
-13920
-53717
13128
-51496
14877
-359
1046
7500
9779
-19548
-56352
-27840
45941
10458
17392
-405760
7633
2468
9394
78359
329232
-21190
-2395
44547
46361
-215135
7140
41910
-18240
41824
-3614
25640
4589
24202
-132202
3025
25296
-109884
-16196
4003
-3219
9570
24663
-205532
3296
13842
22782
20973
43022
64753
-870
-1622
30595
-36237
1920
-56280
10692
-31651
93364
-2932
-4148
259246
6971
28364
13834
-155766
-3165
-2724
26050
38323
-2739
-7828
9672
-9094
111307
17696
38813
4600
45825
20676
-12922
14413
-79041
-13176
-48148
416
-60752
39010
-34496
-49932
-8944
-58164
13992
15828
52860
-46930
-1514
67198
0
2247
-4164
-19977
68870
-23622
88053
-6279
-15815
-78326
31632
12121
60339
18129
15900
-7781
-30060
-13601
5716
-6757
1290
14518
-72704
111900
-67034
10788
28907
-166884
51423
12105
-36320
7831
3641
-9442
-68512
-13188
25571
70450
-7161
3066
-25754
219
29151
34742
-2460
-67904
-67548
-15914
-895
117523
117096
9460
-4131
-23784
-88227
-6232
-2298
64632
-3118
-592
-29994
5078
68395
-63044
422
-22169
-43694
-14344
-53826
-11209
-341450
-25562
-8304
16232
-1776
-4895
-38610
15931
-6231
2204
-244
24384
7295
-18407
-16716
-7323
-148256
16126
19020
-37632
-21666
82068
12508
-1302
14518
-6269
-175612
49440
28870
-43694
-1056
-4287
38931
9687
1548
-14424
-1508
-24024
26886
-63406
180834
103763
-56712
13112
-3528
-10858
-3472
-6088
-5214
-150522
5166
-12347
-32442
5492
19335
26883
1310
4298
-124452
151702
7176
5004
15000
-42104
-2250
-129245
51856
-32736
60317
-7406
11708
252780
8695
-1312
-60472
-19084
-2304
-14708
-20119
-162142
59
-8828
828
-161134
35916
2274
-15186
18922
-10116
2674
-1978
3517
77817
-235290
-478
1165
-255429
-189778
-36726
3670
-74317
749
1684
73440
-193557
76678
-15616
27012
-56796
-152124
-32094
-41988
-373575
-33291
13600
19764
-4288
-23998
-27216
-26867
-34927
-46248
-5674
6278
-128210
-25539
-30805
23860
-16030
80525
2010
685
-21504
-29496
-51416
-62164
12040
-240098
-6705
3148
-27036
-10842
6715
8466
-2265
3329
3435
-3848
-139501
825
-10718
29688
-107200
-30187
32031
28908
-18625
-387
-2312
-46007
-23083
93120
-1984
-1019
2870
-20208
-43466
8622
-56085
16638
8816
2834
5088
-20262
13726
8001
-1825
-26266
-1890
87941
13367
-103665
-113020
-16471
-391
-5376
-3930
-91439
3662
-32232
-70249
-186696
219832
3618
-30638
-4501
-3616
139445
5007
31790
45294
28820
2277
16254
-2404
-3236
10320
136721
-1790
5820
12768
-51396
-29132
5630
21083
20547
8389
11716
5462
-18067
24694
13329
11302
-14685
-980
10988
-26879
-13460
-31533
2928
24256
-2978
-6390
765
2302
-211034
-11808
87599
-85486
-34725
3843
3160
34623
28594
-26728
214552
246376
-48924
-18186
-71192
-7884
19529
41300
31160
32360
4500
-5330
-7540
-7748
25668
-54579
16
-5037
-33356
-10456
65964
-655
3375
-7011
-14853
-15118
2239
-71766
15905
-2670
-304
421
22594
42588
2842
-1318
8107
19578
-1585
11128
-10336
26999
-35350
112551
1088
-13894
-27405
-16338
19088
-13820
-3999
15819
28596
-41693
74486
7917
-74792
-8458
28767
-31370
-6930
9857
-34540
-13410
-16754
-7017
1014
-17628
35106
-61174
12932
-3056
173715
99686
-4166
-12516
167
22674
146685
-29000
41682
-4080
-29954
1548
182671
-4138
-2790
-7305
-7902
1254
6400
-11130
-22656
16948
14203
-23138
-27230
-19650
15697
-12157
58140
862
26541
142900
37381
15304
-2160
-26871
9456
-219828
29636
28159
-4414
-71295
-90320
-6600
103939
33717
33633
74052
16296
-38483
-16385
80481
802
942000
230729
156926
-15570
-31809
8412
11325
67684
-14234
155920
-334858
-12771
5938
-12290
-28638
-24816
155492
56373
-3
-54040
4234
-39764
113664
-9562
-14512
31391
16590
3918
16655
22240
-58488
-2286
-29628
17239
8532
-10332
10892
4038
-34507
296310
-9473
45954
-3424
11931
-18976
135867
-58077
7776
28415
16859
2754
6509
42131
-33574
-2656
-21000
-4946
80784
-48864
30300
107826
-141356
17076
6005
-87863
534
-20645
-9886
-23550
-1551
-16767
193
-62641
-3078
57175
-11556
-95078
1645
6431
137121
15764
27492
74747
-8274
16740
-22809
10200
-12975
6932
-47446
12990
-13653
-10696
-165528
-19460
1868
12317
2640
-435
-66998
521
-7493
5642
-1029
-6725
-60272
-3834
-34862
-51396
16041
24306
-41977
-9676
6258
-13184
-35347
128434
-75
-9780
-70638
41924
-133076
31912
-6686
11036
7501
-5540
2814
-165527
48268
-50323
5370
8902
13606
81864
-22716
-130274
8281
-63240
12919
-1579
101875
-23538
-221724
-17150
-44364
-13616
-4946
3149
44612
-16184
-101740
69012
-34037
-15890
117696
149957
287001
22440
-3807
57589
-43810
-1295
-980
126630
-22276
-9384
-11349
12780
7346
11679
27158
-7630
-35797
-23242
-17709
-27222
48748
36746
43214
-639
4044
-14925
-49225
13566
-12937
8712
-2080
58619
-9539
33368
-10178
36624
2695
750
-1734
35646
-106318
908
9502
-1792
-41415
6948
208
31164
24985
-7640
14963
-18780
48444
28040
-54458
-27748
-122312
4502
10344
-13819
-39860
25104
-25145
426
-57292
-198454
30247
33926
48138
33677
7764
16346
-11500
-10341
-69750
80
-374
22092
-1266
-12651
20659
7197
-30916
53080
-172894
-4085
23083
7642
9094
-349
33582
-12112
-25809
16414
19004
15594
-120002
-230
23958
13777
2264
-26098
16360
5031
12584
21996
-165044
3366
4180
8113
23373
-4772
-1386
31798
6763
125308
72774
-30549
21424
45146
-2635
-27152
49367
-16178
12118
-2016
-44374
-2409
-402
85226
-166317
8720
-114308
27209
-55986
17334
22464
13734
14585
-4565
-3286
-5064
104272
-594066
2323
11253
22643
-1692
-44620
-6880
9148
-57889
20103
-58111
24604
-17654
-93865
-52291
-20172
412
-75747
131790
20006
18184
-71085
17801
-37844
-2918
-5590
14308
1745
-44547
55679
-30172
1308
21270
6849
-28454
57728
-7178
1552
19103
43722
-6216
4932
-41816
3318
-18370
-6838
-20276
44100
10789
-3040
169
-67872
4652
5452
19460
34632
3540
-8298
5593
51826
17256
66504
-16708
-37720
2754
-34401
4002
-57152
20235
42170
69342
32323
68530
-24090
-9803
-18789
24510
-73815
-164
-3390
35482
-1995
-4645
134901
-5454
12204
-211494
6393
-2541
-11452
20176
-267070
4156
16310
52261
76548
3471
-5744
19530
2836
-3248
31400
15271
-1952
79619
-8022
-34827
-14070
992
-60507
-2891
14966
4506
12435
197691
-43758
-60732
947
-77912
6836
209934
-6106
885
2490
484
16015
-10808
-22696
-29711
-25213
-481
-36594
-21335
-240
-51336
-9688
-6001
-254170
15450
-13770
6111
-38082
7532
-21519
100692
-49204
279180
2070
310
-3184
39016
-5988
-8316
291
-69080
59267
-834
-94544
-935
-17031
-1038
-15370
-5680
30870
-30510
-154584
1858
35860
9367
-112000
-5520
82599
5745
3434
-349837
-12744
20258
8802
-5514
532
3108
-261492
52137
23030
30300
28847
-6155
-15157
-65576
-63308
-12740
132164
12172
57720
23456
24437
1915
-6568
24706
32326
22890
5145
7430
-28074
4953
-32946
56350
7436
-1663
28122
-29448
-7491
257716
27552
2206
-5508
-12614
4781
50306
-7567
-2337
-3213
-133828
-48093
43952
17316
360
-2795
52089
-27848
-14905
-33122
3018
124175
-5560
-11888
19570
-6130
33142
-554
6106
960
-7659
-104889
-19064
-128832
-756
10670
-14710
-28272
-1726
11580
50940
-6054
-24621
20024
-3414
23164
-10010
40865
-66326
17144
-31974
-9942
276453
-2500
-3658
-60908
7572
-19050
-39074
42156
-19993
27264
7435
-39330
12520
6468
8628
-37843
-13072
-19632
-30693
-72668
27228
-24436
4760
-34440
-39930
16465
2556
39501
-66598
25384
17648
24544
46548
66997
4424
-14254
9238
18383
-64776
-89805
-95659
-53344
-1555
18493
-42571
-7896
-51197
-29472
-9496
-23040
4153
-158308
-5626
9740
-4859
-1548
57169
6138
-34490
-16116
1334
20219
-232805
8920
1944
7106
-45124
-12969
6804
2449
21708
79503
148
-4582
-70839
44108
-19010
-93850
15086
40136
-25572
-54192
-25774
-486
-136834
-36588
-48102
40722
64184
-3298
12946
-9716
-66434
-42600
-28540
-7866
-1730
-60983
-47556
-14624
4376
-1428
128136
-4468
-22648
6140
-6870
18177
-17394
-8968
-42358
60866
-24228
5973
28510
214506
3168
-9055
-32841
40950
-3255
5179
-11972
-49944
-64056
-5200
11904
88375
9447
698
-42546
-301056
-7347
-25452
3864
2382
8602
-34782
-66697
-55324
25848
168666
-4394
1108
53548
44514
-32561
77235
108024
32278
-1452
-72948
-16090
2315
-8756
14102
-51363
-15310
92518
2212
27988
621
1166
-11456
-2460
-75712
-8566
-17470
1376
13663
2352
114638
712
333810
-6248
30381
-61302
-19235
-130932
-1586
-87364
-7335
253054
11493
-110428
4284
-64641
212188
-1777
37419
-5888
25677
-113872
-6880
-5330
141411
31884
67948
325313
16024
41630
-25524
-7236
41115
-693
24534
-21963
27615
-147498
1734
-8961
7522
3334
-26393
-15396
-6857
16304
-26056
30304
220862
-13147
18020
-1780
94221
-44224
-6475
84549
88320
-78674
-35992
36936
11961
25472
11367
-17312
72468
-74836
7850
23651
65603
44101
-27690
20420
-313184
-22510
21424
25104
36690
174524
68541
-7854
-28637
90313
16266
3216
17137
-29492
-3960
134042
43226
8736
29940
1848
-14936
16360
-145401
-874
12446
1695
-735
1470
-31635
-4004
76536
125106
30510
4422
167754
-17197
-3060
-152240
28623
20157
29532
109480
14316
-34572
-40663
-29315
21158
4896
3135
-17248
-1080
61560
2044
25910
-24323
141575
22982
10125
-27480
15330
-48856
-14803
-40259
13310
8295
13089
-3185
1520
-29880
-19185
-1971
125
149856
68159
49371
-133097
-20442
124452
43998
38618
-5338
-46005
-2727
965
14556
-5065
-5980
-162406
-27116
145747
14865
-2376
-23073
-28436
-13004
-10449
10510
31297
-41300
20650
-1623
10230
6177
-1992
-35592
-58056
-5769
42120
23887
-1802
19334
3111
34651
208
-3052
78962
11425
-3471
32078
232
-14770
48300
-5546
-303376
11152
12456
-36822
-3972
-15850
-37381
60024
-12246
-89
20120
-7984
-4320
-113120
-16622
-9717
-26065
30100
23176
-34436
6795
-33009
-95318
-34232
14719
59772
11347
47729
33648
8106
-14882
45118
-81290
2056
32389
-2484
-20723
-24610
10251
4804
5436
36117
82200
10016
-62218
51482
-103630
95799
-21696
37656
-39566
-29036
17544
-15925
20240
-4653
-41424
16126
-27810
-4310
-13548
12290
9536
30436
18590
112747
-4188
-18228
55266
-59370
17088
-33870
-18603
27076
-68484
9669
9948
-23248
9230
-98932
35157
12864
109168
-21164
17764
-105812
73965
194175
-75544
-2532
-12520
19847
3813
-20013
-12963
-3412
21096
-16160
111761
-29968
-41490
82620
3163
-9428
-9004
-12441
85167
-37216
-139664
45618
6950
-4490
-50268
41962
86547
12208
27254
3027
-6251
-2957
-798
35399
16106
-94306
44771
-6228
-168072
3584
12388
-1733
-83728
8049
-41066
100090
27102
-13647
12630
-10953
12001
-102820
14352
43382
42628
-48181
28301
-404818
-19035
6074
-11764
-29513
-9912
1082
10822
79867
22764
-36834
-7199
-911
-34525
-1936
37614
-12462
6116
-1552
3777
-3214
10004
11111
19266
10182
32466
1370
-1582
8525
-2816
40329
-12754
-62850
100325
58176
-4736
-67035
-41571
-60094
-5556
4976
-85008
27360
-7956
-9788
-11216
-44890
-31233
135920
-38435
33192
-1172
-113985
-5616
16425
-53709
-46845
-9302
-10874
2230
14766
22181
-111287
-17830
-60528
972
245544
5196
-333693
-5808
49756
-3333
-53076
3164
88536
5247
-312005
13054
-1390
-600
-734
14672
-3386
8700
-3546
43110
12894
-4872
-343
22612
-7808
8508
284278
-4090
3356
3560
-11757
10362
-1746
-9157
11306
-12244
-44474
-6150
-12522
-56091
-8403
-204
-67608
68814
-17595
56382
-23231
-84
35708
-18991
12501
-3680
5192
-9360
5382
-42528
-15504
-17520
-55419
-89626
24982
18010
-6727
-22752
-7204
-30
1273
19820
79676
-423
4963
2437
19713
81802
12768
5145
8840
16946
12228
7174
-99864
-2838
23875
31106
-3396
48758
-40032
-15008
-96574
93912
7173
6732
-52635
-3481
31782
-221180
-1308
5456
-29140
35200
30272
-178485
9780
-25664
-8526
-19295
26478
92390
28983
3526
-8585
-5025
92196
19640
1925
31110
-27396
-6068
-97079
-170167
16772
28120
-71826
-17391
27344
8148
-73293
-4672
14704
-24186
1800
64845
15275
-15132
21480
-2402
85140
3962
2187
-62811
62294
16197
-9711
4214
1793
13608
754
-3553
49159
-16902
-23835
1425
-55826
9345
29058
-5126
-6432
-31724
-6378
-24210
-21146
-50840
12869
6747
12674
-349
1078
53154
-1597
-2882
145771
21980
-23160
-78140
5106
-45528
-20108
-6269
92007
-51075
-70279
-24886
3933
34
2037
5466
93837
12624
-14314
-5707
-40378
-18925
-344268
-262
7656
14920
-1733
5436
34330
2041
-4684
-72694
56742
-61464
-17871
-6825
-48840
14291
-23198
44768
-87960
61593
-9996
-47303
-44056
4732
27979
-9360
141072
5392
-9933
33064
-35917
62030
49542
147178
-15589
561
-33215
-172
-32204
-3532
-27510
45693
89862
-37952
7110
2106
37395
-28611
9215
12285
-1166
-20750
58814
2435
29867
-11205
41875
11460
-14857
21532
36072
-41408
-4152
-790
-22218
358407
13020
7357
-9031
-9677
-52645
-676
-5980
-10480
58488
64208
20222
-13316
-3738
460
-13376
-38316
-33480
3946
15972
36140
-414708
-82923
61123
13590
7110
2779
-6247
34768
-3689
21480
-50150
-8045
17620
-944
4064
-9258
9853
13054
2240
-7647
-21656
-330
-12940
43500
-11200
3082
-7768
-4068
-31528
48347
-2146
-3384
-14034
-37079
4648
2798
-1026
-2621
17343
-43340
-64767
409264
-47304
6878
-7386
35884
1324
-17332
-2496
26400
-3331
-35262
-68800
55762
-1145
3378
5712
8975
16695
-3323
33832
-21054
21298
7817
-24297
4529
9026
-1431
45681
-17097
87812
268
-50628
-1424
-22848
27878
-17300
18924
129452
2210
774
-37869
18272
-39240
540
43170
-26245
223550
-262640
-2044
-39306
-2685
3331
-21822
-8666
-33648
17944
-3052
-526
6408
-70324
-26606
-32242
4202
-18837
-15275
-72180
-40331
-18098
18152
86567
-10481
6102
15103
-17996
29608
19975
-7439
1224
58240
26846
20932
-2952
-14930
51971
-12858
118211
10230
35098
-55008
36855
200004
2334
238195
-29208
4468
17238
-5950
-117648
35752
3096
11994
665
59545
-4403
-2124
-3132
-7658
9663
-3136
-18159
-49502
111376
-480
-48980
4410
-21153
75720
-14906
5590
1173
52552
-3289
-75964
47338
-69232
-42382
10452
-6257
35736
1230
122022
-100414
43107
-18230
-11884
144831
-85590
-21236
13871
147794
-50694
-16561
-6741
19032
-29840
-11972
-155933
-4902
1944
-60947
12153
10072
-2614
2367
-29190
-31326
-21556
-20656
-39500
-15674
3298
3152
10072
34698
-7496
24014
-116162
16530
-71072
700
-32874
-1464
-20271
4936
-183608
-72
136826
32022
5642
-14201
-1847
-789
14716
2084
-78
-7863
-22250
14775
-43605
13208
39902
51774
39498
32428
-7534
35750
564
56211
-6567
49630
-24314
40648
-131602
-33688
27150
9331
-42930
-6219
6767
3326
-8770
-5174
92792
17246
39879
4754
-36
47516
-105593
20358
25620
207
-100518
35744
53480
35350
-34794
7498
-134290
2668
-36223
-22248
-18883
43328
61749
7660
-3504
-4191
46690
-58059
11492
-68267
11500
3225
-8454
6710
-4799
407640
20690
8802
-912
165368
628432
-7252
296
19428
42012
-37913
-22594
-824
2667
122100
67710
20638
7911
29246
-61270
-22695
123435
23114
-35220
36652
2778
-1490
-308609
2294
-9872
-92429
-171302
407
-11597
12132
-25356
-2252
-22032
-12277
-3557
-146
-6235
41023
192254
-38978
4265
-1660
-7597
-83226
10751
2678
-15162
8106
58152
1530
49177
-7520
-15141
-22686
23404
9702
20392
360
147430
134
14261
15960
-78619
-16671
-1348
18054
10406
15251
3018
-9855
-3489
14721
-10986
-49240
-518
68258
38471
-9453
55286
1834
-36973
113157
36688
-1453
-32034
-2988
8280
-5088
33804
47004
-39278
-31344
199149
5154
-6866
-3070
8028
-15354
-23541
-6
1336
29297
3050
-386
9943
-21878
-15025
-30165
-21656
2685
-11328
13683
51688
6888
-7024
45158
-20136
-10206
23371
196540
28310
8690
-116044
-4156
-701
-28512
-49872
11242
1706
7250
-1419
-2116
71973
34563
110290
-64960
-7228
-28072
25979
62940
5814
17847
10064
6236
3776
4158
-15182
61863
23735
-29236
-13603
8363
189206
-167
-152911
6172
70368
12914
40856
28798
33203
-31870
-8169
-11370
-53150
-31725
73184
42616
-1448
-36246
-157959
5501
11314
-20449
-68746
-42527
7294
1076
-84374
-2688
-63525
14784
-8943
37044
22400
-1875
-9318
38325
5829
-57017
-5537
-2225
-2014
-12756
51290
50057
-11480
-9305
28
20563
-13893
3572
1064
-36615
3031
-76319
73784
15339
36171
14568
84881
18155
-8763
2600
-6026
-256
20467
-35973
33068
52900
-24762
-28254
-49755
28144
-79593
-13915
-28406
-80808
-2573
-5253
-41685
52920
-4591
-17495
26946
-16612
6363
4466
41484
1636
-79849
3366
-5579
-31524
13530
-50580
7269
-214747
-87258
2826
70190
17284
18984
-12000
-2970
3696
-15792
-146178
1764
-4036
58697
22923
-79738
-1668
1220
2472
-14484
1667
17314
7300
-60302
-24900
86165
41000
-6659
-394
-12793
-8400
9542
-6231
-58269
-51644
-170
69355
-8994
-8933
-34564
18663
-23098
4616
-1188
-77754
-130608
25250
-83345
-2298
-5963
-9808
-8377
6908
35445
-59235
35105
-25374
156876
5306
3652
37832
-203503
-4706
93525
10411
-162000
2608
12542
2606
28308
22256
-2405
-3755
-11243
44376
-94475
12316
362625
12256
175008
-76496
5776
7452
110944
-21520
33436
59340
6944
-235370
-815
-36066
127947
-17226
-129870
-96632
-586
-112230
-111247
-105554
63078
45180
112073
-43243
-3982
-85026
10265
1420
-6075
-2760
28798
-54536
-12092
-29892
-5564
221018
16535
-8117
22190
6312
16049
300387
-9744
26299
37742
16674
40638
23029
20121
26052
14528
-256401
-6699
12166
-5408
-10665
-15586
-3575
508
11886
-2319
-3878
-15938
10731
-11680
27414
-91310
35284
8358
-52140
-6533
30404
40686
66141
33633
-373254
-9561
-7684
43500
15664
100565
1292
-605738
-41784
17857
-28718
-23681
-12500
-5225
-10928
514
19912
-1935
44140
-16680
-13558
-13950
-36096
9958
-16530
-69510
2622
45324
96432
-9451
-45576
-296
-10403
36252
7124
-25759
27914
-7966
-4039
-17666
30062
18105
13020
-88253
-63120
8536
502
-24577
-56086
14715
25832
7810
-11293
-8136
-41219
-12367
-41412
32542
23939
88200
-2730
-2004
-93669
28864
-12901
-55474
-30711
-167551
2758
-16865
-32404
209424
23222
56512
20038
7580
-22848
191627
-30251
-63032
-5378
12996
9036
-40810
-8284
-4020
12012
-16482
4864
21599
7792
-5596
-172962
31668
-37715
72049
-16016
-48671
-17481
201848
46000
-15437
18504
-19348
784
-1209
-81447
128826
16331
27984
19620
-3566
6018
73020
1701
46044
10800
-4885
-79489
16292
28994
15486
21600
41034
32681
6936
26578
-2286
-106764
99774
5548
3084
30189
-21272
-23916
-3566
5930
6036
-14110
10430
23062
36156
2022
12191
66144
41168
4135
-12618
9011
-24928
20459
21808
-17652
20688
4864
36168
36730
8965
-8736
-9600
4374
-31891
195177
-6160
62407
8200
2590
-21678
-4748
80369
51935
-15230
20504
-9728
-38422
-4269
-41413
44825
-142902
53434
32039
25509
12864
-41873
183364
27996
26103
-7533
6226
-519
-17437
23816
86431
58861
-879
-21649
14208
-40103
-57070
28548
-2601
-28662
-27120
-5961
23327
-83294
-55173
-4079
-70600
-9818
51746
-59912
23172
-3374
56068
-8902
25263
20882
59151
14172
-52740
44907
-10115
36304
-7430
-777
8900
-1974
-51348
-15958
-119938
2436
-11328
-8938
-5292
-32792
178759
-28287
-10357
29424
-11705
-9414
-71104
-135949
-277764
-40085
51627
-35314
34471
16670
74
1668
-66820
91393
-206112
-234648
60826
62976
-9777
-13112
-7005
13866
10314
-5381
-24685
79194
-7646
19990
2648
-11092
16
2126
-3180
92532
-18712
1251
-7344
22512
-69019
59618
-52036
4223
-3926
114603
20463
7784
4918
4067
17792
73712
93018
48972
-15345
-21047
105267
-50351
-91273
23748
-25388
-97648
1414
-37356
-2961
-16791
-93888
14596
16232
-96
60127
-92
76380
-86859
40950
-2161
-2174
-276060
-71329
-6966
-110261
7806
10900
-8568
-16068
31698
10520
39981
-48680
6432
25575
-508
-12404
-117953
256128
17216
-23468
-11616
-32990
-25827
5841
10510
-85188
63822
-7625
13249
33944
2790
55340
-79345
-17934
-25248
108706
137504
25069
9060
-188352
-56651
-31069
-390723
229
2584
56657
-4471
20850
57983
111480
5300
26418
12458
-57922
-73354
-74094
905
282
9706
26941
-44920
22949
-26584
18507
46072
10881
6134
3480
-11097
-2097
-57130
62562
-630
4000
4484
-18912
51108
10188
-11680
-25874
-48639
-5676
16785
-16127
-130746
-19539
-98200
9716
39418
-41266
-10689
19659
-43815
-16513
5335
15045
-58196
-4298
-20790
-10580
5528
-92562
95376
-38226
-2760
166432
25989
-44245
-15658
30468
63720
-82237
176220
-43224
-52340
7139
47964
-39906
-29410
80212
48013
-30093
-23112
10319
-2844
8776
6625
-14772
7228
11352
-322
46526
17565
-24885
8603
54349
50351
3185
14686
-15588
13717
-17662
16609
8057
-81616
-7384
-62780
-10925
-27785
9085
12906
-41961
100756
-1906
-62715
-7339
40771
73380
35335
-110163
760
-78232
19176
34470
-12974
-51896
-1096
-11540
61752
143418
-265759
7824
85870
-19443
-11506
16880
-5108
-12103
-6308
-86004
-2811
14292
-6640
-6455
16373
-5675
13824
-4902
2694
7038
21530
10600
61711
-14126
27684
38885
-1521
-337
488
8892
2574
106928
74358
77160
36529
-33208
30267
-2133
13976
20168
-107144
-102624
-78076
13227
-115255
2859
-133456
8704
-4680
60966
66774
-51640
-42600
43440
-74581
91257
-137754
29808
3670
126330
-14900
-39501
24966
99316
-11646
-30557
-32096
-11272
84393
23758
532
10858
17270
7662
-2895
11888
-7771
-99472
-32328
28197
-2704
7265
-32108
39489
128519
8192
-29501
-7612
-49275
58345
-3702
19032
-73070
-63064
-57352
-43093
1183
-108909
-23970
-116508
18828
2039
1008
-1104
18790
-51836
-4794
25730
-18133
12525
4770
2559
53980
-15697
7342
14320
-1919
-12430
11658
-21503
-26747
6480
-1882
4545
4868
4435
2950
-9624
786
-3126
-1264
-4785
-22425
-11624
16460
-22804
-23337
4092
-38420
-73173
26
594
8222
51922
16280
-26510
103708
29795
-3479
-26392
-10745
-4131
163770
746
-46255
-37761
-75401
16722
2798
-10332
-5954
-32429
8562
-2181
4524
223328
24103
64342
42350
-38523
1050
85584
101597
-10395
9686
-19052
-3230
7784
-69404
-11550
139045
-47658
3210
9217
3536
-143545
3744
227203
26452
194616
5300
66240
3667
-69793
26604
4880
-42806
222989
66256
4462
3513
-2360
-1728
-6889
3186
22330
10951
-68188
-33519
43480
-129169
-7844
-117100
-4587
-20450
-86850
-900
30150
11585
2412
-15834
-1116
-20920
-141404
-23286
19082
28302
7098
-28435
33942
-2484
-24792
3234
-5602
8936
-7312
28126
-44490
496
5770
7495
-33378
-60046
21500
-1674
5964
31984
28028
104633
-84075
-105413
68088
-3114
-13349
9414
-8080
2676
-38070
-2216
30836
-2656
12387
51292
-23260
-23244
10770
3257
69586
3522
9882
-5490
585
-10492
480
-7116
-170140
-27764
71671
-10864
50610
53139
-36655
-88043
-50227
-13961
-1430
52084
-103300
96756
1636
-94652
61902
-1819
-23797
-31990
-17456
-186858
-4806
71019
10644
-2560
553
55399
87369
39738
-36981
-54560
43301
-10805
3533
-169710
22383
-64060
-14655
-55132
-4143
-181408
-20868
42444
-26233
-71118
-13273
-10072
-1686
-61738
14378
49980
14481
18213
18788
26142
-17494
-37396
7102
2867
-23991
47603
12140
-26477
48217
-22597
2556
-88532
1266
-30869
4804
-47
37027
274503
-1375
-15475
82320
4510
17061
6787
-22123
18548
29378
-25275
-25125
-25332
1461
19250
-86985
22353
-1068
4224
3970
50771
-69804
-39732
-2426
48516
-33394
3381
-8890
-3129
-9328
-8607
8509
980
13517
110934
-48165
-6732
10446
-104060
-25571
-5686
32478
12130
-38834
-21018
9382
5284
-2325
-4816
22256
3643
73778
9735
15292
16050
-30096
-65145
23181
-10793
-26892
3150
53363
-9154
-980
67839
3640
-100523
-8298
13740
10050
-10001
12324
-22758
160193
35553
1682
-10584
-1943
-42020
-6002
3262
-2120
6707
5334
-20595
5989
73766
6220
26416
-14303
14436
5768
6658
-13917
-26472
-26290
17875
-77066
93491
18012
-2588
-69942
-4409
-26768
-1531
-441
-7099
2547
-4337
9122
9336
64753
14532
4068
-1696
-572
19980
109902
-19553
70361
28990
33420
-15657
-18369
-105
-36685
3962
-83196
-1460
120710
13112
23821
-7890
241644
-364
18858
17472
-17180
-165900
-12986
3450
-11596
104216
-42728
1636
154411
41541
35900
17061
8430
-4894
7150
-123111
314706
20536
-190621
1692
79163
-20874
-13560
-19898
5060
18666
4933
29776
12540
-19972
12332
-10844
31924
-21420
-43664
-112591
5099
4680
-9550
14821
7318
113777
5375
34515
29298
38740
21800
-14530
278702
3825
14220
-33548
-7976
-76041
26824
-182
-39828
-53712
5610
97104
99510
-54072
43599
10691
22942
-1456
-15152
11502
8351
10242
402
23816
-22392
-2010
-3986
3292
-16320
-24588
36117
11576
-6996
47387
10927
-1839
-23520
5894
-3752
-34969
-6170
10165
-3734
27448
-505213
-8940
5042
30690
128386
-15406
65640
1217
268308
-46799
-2071
26358
-17069
-24465
55040
-10074
-9605
-42226
-47888
11460
261651
51359
10463
4642
-21220
-3472
14651
-17776
-16034
37352
1210
78529
-34532
25748
-34638
-58246
144
47568
15696
-2189
-49098
-37452
-37234
-29964
84726
-43544
7840
-3268
11794
-11074
3356
1120
14183
42852
66835
-15143
-5092
-62432
19312
22244
-11922
-18144
3352
-21731
8293
4476
-62706
-128044
-44300
-70270
-1585
-7194
108612
-24715
-5712
-5866
-31243
38749
8912
3222
-20426
-24292
374
116754
6068
-805
-6259
10632
-699
3036
-2805
2470
-6034
26084
-23520
-26015
13348
36665
21621
-984
-27098
-48622
7998
13294
8210
-72793
1675
-210
-7229
54574
38437
53550
53860
-33660
-34797
-7419
30525
-2878
-16086
-21140
40600
-52706
-4828
19511
64975
-35448
87267
-58912
27100
-20369
-38682
1877
-4356
-312746
64312
-8313
-12650
-22216
30012
110970
8982
7891
-26596
-1439
1340
-3350
35988
-66595
-165687
31445
-86156
20361
-79571
-8580
14096
107208
50602
36368
-62202
-9279
-30180
-42023
-16801
9681
12293
23874
40625
4308
-12830
73361
26188
15626
-21945
-178852
-6241
10324
34378
-23247
5068
17599
72928
9429
-52605
-1750
-161244
4760
18906
-7282
420
12240
-6975
-5217
115100
-16308
21784
19242
109704
9123
-78844
20590
8902
12957
24704
-11634
-377835
66525
14582
-42493
-9576
-22020
6968
-3368
49058
-15023
229316
107632
44940
74416
64912
-140563
-8416
28
-8127
6474
38434
-8866
42574
-56503
-304342
-69616
26232
99803
-2919
-501
-278
-4116
-69222
-3490
28512
-28894
32664
36034
19025
52942
-11194
-40542
-15344
24135
9504
7570
6210
-8962
13355
3488
2099
140928
19234
98677
-11960
-412
1799
57930
-17456
-129980
-6612
-31798
15348
57752
3378
42717
33948
112082
11304
69924
-4171
148738
-7807
4548
3075
-1404
2265
-23925
3444
-548
-29440
-6075
-5464
-5938
-202809
-10232
19140
-2205
4935
-14364
4417
2590
-28655
-41112
102017
-9045
-14802
49107
-499517
-2500
10586
-42
76132
-28903
-32549
46882
21147
773847
8881
-2372
-12651
-19897
24118
-3348
-8906
-6525
-48676
-1024
108357
-40140
-13344
-2818
-155567
4890
-4306
25172
16175
-2677
-3895
5505
-4382
9631
16629
17528
-142
226248
221612
-51691
-665
-11466
137044
-530
-1782
-107224
-12670
108036
47719
1778
18527
30573
-1300
-52767
22466
-2386
4056
-1666
44621
90757
-44291
-12664
1907
21061
7530
-14063
-34054
125382
-376365
342147
60950
-8028
6128
-17955
-17562
-11081
-37314
64832
10516
23538
600
55257
272
12962
-70928
-74635
-4006
21840
62964
1478
6712
13137
92568
-9288
-30142
-66855
-159792
-11424
-17256
24434
68686
-37894
5144
-18196
44230
-4968
-4994
-4633
65328
11490
71838
-107099
-93252
-9092
73460
3129
38118
-12122
-21486
266537
10163
37089
47622
32248
20499
-11718
6292
-89060
-5542
45633
83928
-5302
62593
1590
25470
18142
20216
-736
-44554
4029
41700
14360
-45238
-12974
-9576
24187
-2078
-16332
-29718
1990
-105887
1900
-346805
1248
-8199
-10678
3412
115247
30192
-17174
94576
66688
-153108
3336
10636
12558
5652
-1885
237739
52115
-2400
-21
-1319
-1810
11750
-14008
-4833
-115222
-172194
-30540
-1903
-9450
-2892
92145
32247
21366
7190
28096
-23166
-77282
123787
-285110
-17551
-192
14096
-16266
-2518
58500
1088
-18413
-2873
-21624
-390
-278035
71230
46856
13198
27020
-23080
-9006
-16874
8934
-20448
14644
75620
-6600
60
-16158
-81090
-6921
17991
-4744
-46470
-33370
16476
9620
-19107
7522
90
-22425
5361
-4331
-18530
-14864
-37508
-152599
-7270
48089
9624
-61446
33160
-100854
-85579
-8916
-9192
-61187
8437
30906
-1467
101868
-53636
-111221
19308
40238
1260
22803
4170
-27887
65244
-56432
69900
10475
13414
14513
4388
-25838
-23612
20461
938
175950
32768
6109
6477
-49354
-7156
4077
-84883
-102294
-155384
4308
-37542
-10764
-20278
19855
-13790
-105857
89608
-19000
12686
-13938
12786
5904
17879
-315
-105097
-30780
-7623
7200
-8939
2498
-5262
-3855
-78715
-5895
-6459
-54549
37020
1865
-9490
-28370
-15632
-397
6862
1714
68996
17388
-67071
-12644
-32576
-15604
-89796
97049
615
4045
-46795
1929
-1552
17979
5088
185684
19254
-8402
-12041
-14962
2712
-1919
-48360
38490
16728
-313
45597
41422
9300
1630
24769
461
17871
4090
-19266
-31624
-35159
16086
4818
46917
3584
-67897
3268
-25555
-7540
-13890
-26950
-11526
4759
28549
66729
2614
16182
-2654
3815
20731
-3520
2135
35866
-16221
30282
-52614
-35839
34160
-67218
2893
-16695
9584
-43877
-20557
-6142
-152
13531
-7902
119042
-12672
750
92916
133157
-122604
-10865
2826
-5960
33009
199983
17308
7616
30824
-19575
7059
20820
-6361
-37744
11943
-8864
-1422
26968
-844
6347
768
-8903
4165
128612
-11303
-2477
189614
268344
-87724
47066
67068
-57600
10321
-5281
-115160
17556
14640
-76878
101633
-24130
-34648
14647
-29891
-96764
34761
-37081
-63544
-87588
-29292
-1014
-244380
30584
-19026
-6789
-78822
21121
-15660
-105853
90639
-8220
-1336
11532
-14628
3020
-88122
-45812
5061
-54774
81562
2981
6678
-5112
85525
7411
17328
46476
86
-79712
-843
-109642
3518
144521
104455
-27543
-1140
5209
16898
-6650
-30527
-39396
26195
-89430
-36042
-15928
-145244
-308
13678
-3201
-15495
-28716
-19326
-14022
53971
-21444
6009
-35483
-178152
-1933
-18448
5874
-7720
-856
-60
-7260
-3376
13127
58852
10463
134144
-3366
63096
46942
-16880
-3180
19548
3010
31815
-7286
158774
6278
-40254
-19297
-2592
43752
34336
-4288
-112164
-21541
-1770
90042
-38693
-19534
-121433
-24500
-3179
28720
13808
-10396
-9966
38398
-5074
-34640
-5382
-9653
-33592
4454
2079
-44188
-29730
106573
23077
-450
44358
-6509
128560
-25956
-104134
-23313
47034
-97545
-6451
7248
-117975
-86608
-7892
19461
-60225
4493
56056
-9040
-46544
2014
-16660
-68586
-27699
-69050
167890
17954
-71792
65961
-260564
-894
4893
-14898
-6116
3132
24696
40488
29960
41444
-29834
-15344
-755
-20359
-18328
47437
60732
-2796
-568
-54404
-6390
-25014
-26004
-38853
14336
26199
-1293
11370
-1333
-12062
-42195
-10691
77508
-204
2864
-5054
-211263
57813
-50000
-18870
-1272
10962
67352
42880
12440
-1364
103689
290148
-22227
4904
119528
9459
-45394
45944
-27550
-8090
-33331
18262
-24031
56396
1314
1420
9032
-23678
-20880
-90210
-422652
-92526
178671
980
-27760
-24389
-1836
8432
138
-9652
168884
142350
-22035
54308
6034
-18544
3837
25505
-2967
-336888
-7291
-2132
-2667
-953
-11336
-62250
31511
-29586
-4268
14255
-45635
53200
273046
-50814
3626
-11520
176
-18796
-13969
58168
-20986
30450
-46055
22784
-738
11517
35558
-51514
-13963
122691
29556
-6696
-17374
2209
2582
-3204
98628
11124
-2974
-9324
17143
553
37858
10808
22522
-23235
1529
-1528
-15330
-22596
-21566
-23820
20510
40174
-62880
31901
-6903
-48574
-21899
-138780
4300
23383
-62244
26912
-10260
161007
36692
81978
22768
24495
6362
80322
10971
11500
24283
-1605
-960
-12789
9439
-81097
-38771
-5873
27312
41207
-163290
-20856
-69633
-454
-9642
22175
67404
-7028
45492
2874
88608
-39691
-8736
142348
58476
-25287
-5642
124856
-15016
-40672
403
-95874
429
491
-99414
17693
-30130
-35754
-9324
-2147
-196177
-6510
-15538
10267
-27390
90376
-988
-7271
-24119
6388
10761
3128
-8654
-3312
-35744
-49459
-2496
24868
30402
-53792
-17312
1880
-126666
32112
9165
80664
16920
18584
-21597
-15232
78006
-109416
9292
5260
-7535
111264
-25769
29187
-16926
-51925
12276
-17469
5183
9146
-50548
-300268
662
44656
-192032
-41652
371231
31820
320
29207
14580
13426
16783
-27220
339
-20325
7960
51320
-38332
-47856
-22361
124985
8820
24854
-30922
48282
8375
-3972
1750
42936
-19250
18168
89948
-6270
53555
-118573
25068
8001
-4758
-3364
19928
-7674
-27553
-50798
-2756
50232
-19020
7910
8640
-21805
1218
25050
37673
32272
-48958
137070
22164
1155
16380
-33916
20934
-44289
-3190
-2380
13588
-3292
61826
2178
19930
4068
-17298
-24790
33051
81176
2828
25656
103696
2100
17469
-638
128740
-26377
33030
42943
-8326
24464
27694
-45792
5149
72247
47208
26580
6228
-79715
-5677
1386
-4475
-12561
-2797
27928
-121583
2736
-1600
31674
215044
-21876
-9154
1890
-53870
-11864
-3839
2754
3784
-106270
-27620
74644
-27760
6914
11516
-12494
-23756
784
15568
-55072
-32974
-17259
2992
-38535
-7784
-6642
16268
5604
39485
24030
-3261
12982
97869
17289
31532
2468
-112766
8232
18990
-5001
13921
17438
198
-12264
-415611
70722
59054
-7397
-9680
109512
-48626
-6676
26522
70622
-278982
37528
35866
-9108
-3794
-9740
-138056
-32220
-1168
10267
-144738
89621
-24611
-37954
-27603
-152189
-6411
73146
-237986
-12295
16910
-99557
9730
746809
-22182
98220
2289
26049
-45200
-17752
-1836
-31695
-31347
-380
7555
-6276
-16566
34962
-5580
77014
-17708
-6232
-4264
5955
117603
-21960
8528
-18170
63778
-6810
-141987
-7386
12033
41176
-55802
289
21324
31024
17
-1491
7438
-43336
33034
-17907
-13567
7895
4648
-20358
82094
-17850
-2281
14785
-70744
-53172
62251
26727
19329
136134
97795
-3833
7293
129220
167314
-2275
13146
-22806
-22918
24333
-3740
22100
-8820
-54048
21551
8757
-9620
-26486
-6015
-11398
-4248
25237
23597
14714
-349
-177854
7565
-18166
-1599
10718
46136
-2520
29524
25581
-14293
230
-264
-11987
-156901
4997
-20268
-144
1296
-21458
8136
2753
-47118
-268864
-10448
22967
-4593
42283
-20672
-1062
-16334
34976
12016
9224
30602
-12415
-37532
78899
-118250
224926
63692
774
-213710
2856
146353
-59460
-25341
2848
-4339
23213
-5644
-1511
23518
17475
74074
-31732
101224
-1719
6464
-12033
11638
27003
105084
-65443
9515
5212
-6632
3248
-27152
-1656
-20461
16630
3708
-21408
59866
56712
13200
-27411
-6228
25620
-28410
6182
-17706
2713
-2117
-167574
-50933
-4758
13373
2300
105787
33558
282
961
1762
-4454
-21748
-16188
14331
113914
32116
9126
6048
3630
-11800
44270
-1263
-7085
-3744
61311
-68256
247998
-51127
15616
-3235
-51684
-19330
39517
30888
4001
-9956
-18543
-33194
-8512
22415
-11256
25866
-35396
-112221
-9758
-104548
-60632
4274
-48818
50303
-4513
5282
-11088
-27086
-15312
-56249
-17766
2771
10297
-24729
-4938
-9963
30297
-11880
-229
-9656
-42958
30262
11138
17453
1220
4568
28830
3711
-50112
51388
-15169
67536
11410
5768
-51480
-2138
-72862
-16902
-4166
23278
13275
53833
-14381
189858
-2622
-4074
4620
-99238
-31433
26392
8016
-753
-38653
-21943
107317
-14268
-4891
9325
66946
6020
11349
15094
-10368
36164
49788
-31856
-3415
-125163
-5576
-8769
-18166
4138
-170352
-41699
15781
91804
40258
-72690
87417
129368
25878
3548
-176
20489
80880
-1185
3633
-15537
-1052
-11852
10487
8510
-45858
3554
8009
66544
27475
-33520
-4326
-15238
-2444
4540
-2514
11523
52687
-25958
-1432
5640
37644
-6198
-10375
15311
-33440
-13752
-139212
20020
-12258
79769
99076
-7103
-29915
-2409
26312
1084
30702
-10994
-80677
6902
-6302
150
39622
-4942
48657
14338
9058
-169059
-7628
26754
-4000
30094
-17168
-10254
53464
20380
179628
42030
-10730
2024
-8324
12420
2268
-103720
80640
34100
832
6276
18350
-68350
29510
4293
17926
15942
62712
79400
-60228
27916
-13488
8214
24529
83770
-5100
-270204
7418
11994
-7069
-7446
-8117
2456
36161
8916
81212
25976
8148
24787
-44212
7178
-1319
-31298
67302
-35192
-1568
-17080
2734
16890
-69255
97954
11376
5567
-32603
-15362
-11880
-33634
18536
-61992
189346
43272
44606
-104766
30054
-2536
-460
163825
-19300
-17775
8601
-9456
8470
6
576
5106
136067
-40304
24244
23206
155744
29015
-3672
11888
-2163
134029
3147
85116
18021
1374
-11352
-72737
-15930
2482
-16250
-17222
10960
-76313
35170
-251139
-15769
11524
100177
64888
11922
365422
36064
-29680
-86932
-13134
48596
34760
-5076
535
-3906
22384
-79230
-23486
11431
258266
-57828
60368
117426
-21233
-14018
-52836
314
5010
4263
14244
-1756
-94509
41034
-31904
-24365
-354
-71446
15956
142001
3916
31336
-9922
-10052
26039
-60048
103436
408
-4488
52750
-78814
-18870
139735
14921
-60881
-22581
7879
38493
-5254
-46460
-83844
-100191
47008
14965
58340
214944
-28131
9550
-18302
361
-10656
-82914
-115303
-94445
62772
3224
24310
-23318
25638
-26685
-66060
-330
-56116
-472
-15568
-126512
17884
15729
111355
-2101
-20294
-73326
12699
55140
30606
6150
-12776
12384
-11178
4438
72210
-4011
2200
20046
-6980
-32342
-31338
-24848
-23469
130366
-61949
-14082
19656
1030
6270
97108
-36599
-15754
-13808
-99294
12303
-41379
72372
-849
9705
7406
-5967
10032
-19078
-5732
3310
138177
-1954
2492
89784
51425
-32588
6016
12852
-57438
23151
-29328
-18944
-11632
-28821
-134467
3243
89530
-23541
73305
31926
-55874
-7584
166044
25260
-8511
-9981
121694
3231
-9948
15532
3890
4140
-3513
-27288
-2997
-3532
36264
31505
-3320
91740
-19512
162068
114301
-45058
-9874
-30625
362952
-90611
-13590
-37574
-4524
-42890
40176
15461
15554
4752
142648
-57077
2556
7506
-11132
-13548
44239
17472
32576
32098
134304
40636
2097
2660
30140
9952
21112
-6640
27770
25769
8388
13950
-52277
-138848
-45305
48261
2367
10801
1407
4194
-48126
170
27754
4491
876
98288
85200
-138184
11901
3858
-1152
-85006
177884
-9060
-1103
41282
4717
-58172
3800
34356
-464
-57330
71664
-1300
-119720
11200
-10268
20496
37495
-755
-5416
15480
-285
89703
-7164
-3626
15493
-3981
9324
-6383
-3030
103962
8844
-41502
4112
25028
3632
19012
-20888
278
-1791
-16167
108730
51468
-46170
21404
-16815
992
31251
9002
37720
-12377
27220
-90315
63265
-73424
14855
-17132
-1248
-20514
-16603
-7938
12909
80952
-9096
-2149
-10406
-4875
-3052
1556
60192
-25943
10752
26942
10900
32314
11394
-14578
-604
1228
17172
-2365
43904
-10249
-15996
-4640
-49205
4178
-7921
2667
-34288
-2166
-7032
3869
42562
29135
-134345
-2898
-40620
-9344
-6562
-52239
58422
-3184
19548
-27512
-8428
59610
-14910
-43720
6909
32139
-443
-105623
-130619
-2792
69356
-26492
7310
23064
-18378
16175
42855
106548
-8124
90890
-3380
-125472
178440
99857
34474
5191
-6150
-27120
168066
-29069
25395
-22037
13876
27481
26480
1138
-423936
-746
-5796
46347
17052
11376
19450
22427
-77463
21974
10134
-5142
35499
-275
-24534
-5655
-146368
-118294
-92912
-10665
-201768
6780
-443
-73531
37014
15303
75130
-3787
15952
-180308
-99158
182378
-16875
54860
5595
-10162
-8394
435648
-35889
46048
-80282
62321
-21726
12284
11963
4702
-10221
9507
14295
-23624
24068
-25444
12060
-4568
201076
80444
-34720
-7432
-55948
-8865
109088
-83176
29062
22731
-5674
117654
-57932
-8210
-17202
32894
81896
50319
-5022
-10591
56127
12650
69252
-8926
-114947
29637
-6818
-31830
109735
-85707
-4018
-22544
-6148
18872
-30588
-3790
-39687
9153
40203
-7268
-25246
-23156
22170
101222
15846
43760
5999
1192
-6678
8642
25075
-47796
-6546
-53262
26960
3520
24765
-2045
-11204
-94610
-32484
-10839
25902
18554
-89161
-55471
-2774
1330
-476
23660
1444
-8184
-7740
-141146
7940
8566
-19990
-54466
2647
-102581
-73236
111892
9013
-3776
-11730
18215
225806
-147352
-54576
-65036
39519
-9606
38090
-38993
48465
-20220
-6084
9965
18592
33388
-36388
6210
9480
48462
4016
-39222
42532
-10678
-98
13272
-37094
-54582
41127
-40571
6288
30837
-195795
-14380
-98232
4718
1833
-55735
2142
-8624
24537
49014
-1470
5371
35372
-892
-82734
-10150
-17859
13380
-496
31200
132006
-18228
96680
-62176
-6094
-62223
-5308
-9976
-56594
428
-3212
51611
-23568
-23655
89838
10173
7827
-10542
128709
35721
99212
-30397
3663
-18839
-856
1318
-46385
5665
24631
-2112
4678
5004
-29050
20384
197243
9468
211768
6060
-1156
179455
80268
1840
-10173
-31646
-38108
-14547
635
100976
-181563
-195
14189
-5323
57252
23426
-31673
18864
30208
-49815
3937
-7140
-130018
-110385
4837
39112
64160
-12694
-62760
-30002
-2169
-77237
-5546
46156
13616
-73158
-3204
-24283
-16563
49495
-69588
-54900
14628
-8487
-14220
-8900
47975
2257
2412
-8088
286522
-185346
-39692
-1216
153328
-12685
-2802
36882
29859
77118
-26965
5834
-163498
370
-212184
8798
25884
21192
-221091
-8649
10704
28807
-7168
9486
-54249
-98778
30064
1358
11448
63186
8666
1774
27446
-45864
6678
13293
44602
70705
10168
-61356
-4148
439
-86268
-37646
-15147
6383
-4376
15808
20672
39855
4234
-2207
-49432
-16368
167263
939
-176854
-91735
-13743
-71385
63725
-9496
17448
-3186
-691
-3839
-56873
7053
110683
-3560
135364
-7929
18475
182870
-108146
-9452
-762
-3258
-17912
-61616
13991
-6664
-9453
-22917
-4970
15727
-7174
-154420
20140
5650
-10648
-1424
18675
14526
-50476
-7611
-463
11316
14584
-7742
13683
-30603
3556
28051
-16030
-144593
-19102
-8436
16451
29604
-134592
91069
-46952
-17482
-27360
-2427
-1204
-18048
-34416
-76472
7793
-21054
-53190
25676
-3780
66879
-12075
-189
-34238
-10615
14702
-11199
-14413
26589
70134
-10389
2162
-74745
30990
9594
-34593
-209358
1163
-4818
58103
14705
-14856
11398
-13307
-16748
111714
-38649
-27193
-3159
-16067
10119
-7770
8884
20692
49480
25765
16806
-8324
135309
32332
64656
-681
-23197
15683
10592
12561
-15086
74392
7682
36192
68915
156222
-9314
-10492
80147
-10836
2401
7301
11972
42618
-66528
-5910
-44436
-40056
-14772
16674
954
-19374
5083
-17248
-36936
-2004
1112
-48243
-87042
4081
-62798
-6713
10556
-4645
50832
-19694
-12222
37004
17817
-2223
-327
-139557
108407
1705
-210379
3936
-37793
-134212
-18498
-25956
-102666
-61599
26172
1938
-211380
42486
1905
75209
10818
76255
7728
7728
29442
1880
27710
510
1757
2836
-52832
37165
-10519
-25293
32724
3972
-14862
80274
11764
34563
20072
-13827
8550
-12735
1829
190748
-29268
-166960
-69257
13992
1424
9434
-2716
2383
12353
136674
16541
-45969
38805
-48290
-35984
6822
-13947
-9600
-43774
42616
82451
-33492
7010
23422
-48016
-1421
-6522
14025
-1488
51982
35994
-60526
3009
17061
13982
291856
91916
10282
-33000
220614
58348
-3012
1521
-1264
-11599
35348
-17562
-2825
91709
30009
-2747
104652
-42893
15675
18813
25710
-27
-8784
27537
-18192
-89220
1915
16803
10756
-708
159910
11856
9518
84404
46
60928
-133254
51216
-14402
3842
20372
-293773
30784
2478
22248
31918
3064
-74826
-1251
-10506
4670
-9897
16558
-312
80975
-39892
-3545
38488
-33477
-43242
14888
-21157
58464
-1405
11179
8152
36950
-8092
9193
34977
-11766
-6655
3531
9132
-7895
-679
-42988
29853
1646
22542
-5650
-27216
-17080
60329
82188
140127
12804
-27444
-54108
-34571
72754
26539
8894
50436
6341
-94660
19434
6114
241696
14170
41953
-26792
-88000
-36476
2280
-1689
-177584
4118
4200
-94184
-89720
-5020
-15642
-759
18295
-5260
-11108
-107406
2454
-1308
-7290
2879
6165
-84488
-36690
-19462
38320
-104924
58360
-740
61354
-87392
-932
-11481
-24045
-48889
-64932
-28300
10239
37352
49640
17160
16345
22071
-4788
51066
1167
5065
-102042
88310
49611
-15836
18696
944
23934
-46416
-7162
-23041
6591
30650
-15355
77240
17016
77520
-727
-21096
-2942
-5355
-5596
-36561
51156
-7479
-7416
-169900
16321
-9870
-40552
11122
-8509
41452
13584
-53529
-17722
-1083
16551
-17500
-8096
4422
5924
-7862
111296
232
13886
-27276
7668
-4530
1138
-119996
2995
4107
37584
38350
-31418
-23688
-5840
25070
13302
-8208
5577
41586
-10129
25846
-12116
-4185
21234
21505
-50315
-10262
5661
30160
2416
-44564
46770
2625
-118836
41694
-23122
3488
-148749
20344
-28539
6755
-27810
-27584
-852
11092
-47511
81782
-26128
-9486
-176347
11504
-6018
3230
-13932
-430365
-3639
-3285
-2707
-286409
10539
-10364
-5610
-16581
16432
-185992
51760
-22068
-30309
-10352
-33984
-67580
3168
-4234
-57256
-170404
52268
-7611
261
28171
11882
3680
11466
14234
-24702
-13922
34113
182530
43220
-32839
-7214
-5669
98455
-1841
-7216
-105084
9964
-31815
89934
-4946
-1117
-12678
-33082
-1911
-13838
23566
-26880
5754
19736
-41364
11796
-11350
-30016
-28833
37086
7090
8549
-2770
-159085
59694
35710
-16659
-2112
6911
-5194
7506
31928
-16178
28892
100264
-5970
14577
-12722
-2028
8824
227615
-4299
7972
-15102
6295
-14872
160
22954
-5916
62291
-38992
-63451
27154
88305
-5555
99382
97466
30946
1626
-116236
-10022
-5344
72422
24514
-38240
-10267
-1758
-8435
-12686
-123186
-19635
760
-1922
-3208
-96357
8670
39480
23659
-10059
-32166
5604
19526
30514
33270
24343
-15500
-47168
-3342
25975
-18776
-11610
11784
-21376
-33640
16680
20375
-1377
51110
-61035
9762
64757
-8276
-22804
-15064
-158372
-20469
-13799
-8988
-22008
-453
2584
59505
-1008
1683
14870
-21120
-4268
-169334
57749
-12827
8476
108524
-13888
-7898
41968
23696
-1503
12457
94110
-4297
-29236
-53400
23109
212116
7085
73590
-6782
-10490
3616
34971
775
46897
-3798
-27440
-58741
48505
-4240
-1420
26072
45292
-7455
-1051
-23340
-10026
3266
28728
-141733
-220
46318
3246
-62090
-24327
11775
5213
25456
3160
18885
-3060
-92884
25971
101160
22464
41980
19376
7983
3198
95114
-21263
-25998
-9864
-7479
11338
57447
-44646
160890
-69579
7229
22851
-3288
-36175
-825
-8664
22612
9187
-19797
6666
42048
-94041
-54631
2543
-180322
372
88404
3880
-9314
39732
10310
-132570
14990
8198
3975
-63599
22674
-8523
-217561
-22416
-54838
1152
-15936
101414
10326
-6822
-14898
5884
-32009
-37985
-18367
38034
189136
85278
1753
5422
88381
16032
9450
-16145
26000
14016
3346
-20151
5071
24588
-28692
37146
-4896
-19133
24072
945
-60966
-44952
-1890
68698
-31771
3632
-105504
14322
-153475
39988
-9830
-29464
6741
46160
-41194
19787
-21478
-6458
-51961
-99874
-32186
29525
-24468
1058
5523
42550
-130068
34176
1272
134743
29021
23960
10906
3168
54036
-20980
58669
80852
2398
-82050
74492
7142
-14343
44060
4200
-17849
32463
-5540
-43598
47427
18844
26950
-33135
33677
79608
-25974
-4678
-5992
101571
42012
-4742
-129340
357
-38468
-46775
10280
10222
-2697
16438
49448
6771
-24516
6358
-9956
-413
-60336
-7005
-63317
-4978
7830
-9588
32382
-13121
-30702
-31504
25905
7618
9997
-6828
6486
-18780
16207
-49907
2729
-103692
22432
725
2628
-2670
85916
123472
70880
190418
-5278
-10220
25384
8445
-4273
24325
198540
71467
100912
144653
13872
-5739
-2675
-6015
2840
520
55257
-15992
-11782
-78864
-21900
-4014
20952
-333792
-6554
92
20573
3211
15070
2565
2376
-2910
10542
76650
84584
-5912
12
5228
-16994
-7058
-1770
69884
17225
-78243
48794
-7477
-65863
-27400
-3027
9006
-138777
11816
1632
-22180
-39685
250563
15628
10251
-41910
-4504
29215
4824
-14942
34512
-39081
-9045
10804
5326
-1877
27422
20263
-12581
15900
-976
808
-12203
11338
-73707
-12788
-5270
15895
-68046
-94629
-24414
25228
19278
-81316
1079
7159
228793
18315
6507
2860
-208339
-46836
2743
9453
-166720
-42898
7569
5390
-134137
36617
-4687
-62561
-56611
134645
55332
-7256
-246524
68925
-183846
-16095
266
15786
16706
-65092
18
2137
7015
-61572
-17176
48967
199560
-102729
3850
-9928
-8891
-20867
19414
-10534
21619
-1876
-17472
5814
-144658
1698
43668
-9246
10080
-5364
-8099
-1828
19252
21238
5121
-138705
-6419
-2092
-278282
-9496
-50212
-51913
-2287
6317
-35520
4214
-71713
-178632
-85355
130448
16449
7419
6958
26751
7894
146095
-18727
6787
-28269
-3553
-8333
-7840
14909
-7458
65500
41800
-65478
34223
129722
-86460
-9105
-8712
-2361
-35502
-48752
12638
39173
-1537
-51172
-23238
-61116
-60775
-59866
-48052
94515
50892
-45808
-107472
-4938
-111893
64773
-2868
-4042
20244
-249
-27128
10944
-12726
-11625
-36070
10940
788
10968
1812
-7286
3324
-2320
-97642
792
-1599
28865
-101444
18937
5258
53750
142930
-31624
-2742
-6180
6635
-37434
-81543
73800
6870
-24717
5128
62238
-8000
2700
10456
-31689
-74950
18037
-8720
38122
60060
2790
-1645
-63647
-60030
9210
-10361
19362
6962
-79884
11965
36827
-124472
-37674
-214728
-21987
-13296
62408
73079
-5010
5204
-18974
132548
21367
-54802
9192
-14346
32455
14250
51262
1190
-508
48148
-21521
19302
137100
15934
-25720
22100
5628
7072
-47711
17411
306
-10241
-9108
12510
-183064
0
-44038
-10036
-57514
-30285
1554
-44617
30941
-12868
-19495
-54079
35348
856
-99862
884
-98833
54215
-9101
-29665
41574
-132124
13855
51054
21593
-1474
68054
-71904
-5621
-142605
-33068
-62104
36552
-730
187146
44976
-15488
-15342
-25506
-8124
903
9844
-9332
11256
-15074
-13806
6768
-4569
114804
-24408
-182676
23898
-16254
-513035
5067
-2396
-9292
111922
57655
33035
5512
9999
112156
-50984
26179
-69580
17278
33025
-58535
29834
-6857
-25112
20438
2994
-108172
23046
-9444
14154
8328
-55584
28285
18816
17107
74160
-81712
3546
50677
-2532
8602
10200
-17669
2800
-227200
110970
13965
-45816
41247
181850
8032
8279
-59932
7544
1834
6709
25618
-34616
42879
-4034
-1741
28624
40233
-8169
-2892
25640
-32284
-82826
16768
32744
47639
-27234
-24917
16475
-1706
-2118
52731
92208
2440
-29980
-21606
-3490
-163155
11777
90552
11279
3435
14764
57186
-9706
10444
-6624
-6626
15670
29685
42706
31263
-22866
-11843
-7436
-3422
7972
13953
-117920
167359
-7128
-42080
21028
-15184
44007
-6139
16414
-1936
354
18998
-1815
7500
62196
-24728
27546
145865
3068
-25774
70316
23995
-17568
181046
7216
-1757
-26447
129234
-2145
44244
5588
-24251
-5110
-52217
-7920
-89012
-2922
12202
-15544
-96261
26773
26786
-4107
-8985
-31187
107227
-11348
34260
-10439
30138
-60459
21192
47
-7932
-54416
-702
8774
-1582
30872
-17973
5784
314109
-17760
97748
-46462
32115
54675
82343
3337
-32214
289
-73592
-36400
7314
3610
58804
48098
-24023
224
2850
-92566
25964
-3991
-15944
3653
15631
5957
1452
-6481
-57231
167502
-3496
-26720
-50004
31158
8946
-2502
-18381
4850
28764
40658
33780
67973
-56600
-32359
180860
-25941
-70119
55907
175764
17170
-3860
4812
4629
21492
38374
-27178
1096
-46618
2832
27099
1005
9153
12903
31268
-224172
790
2568
-5778
18941
-9792
-68124
-93746
294
27304
11712
-16034
-24558
57456
-32362
-257757
2984
2722
-43358
76328
-6038
-83538
-13162
-191313
-47395
-8581
58240
1254
123681
-11380
-69207
-3259
1725
119655
-13951
-41820
-68562
1639
-142523
12201
10035
-14711
3069
-5358
5416
-14909
118892
101433
-79073
-19515
-49344
48453
13605
-10290
-6729
-3339
-4680
12660
13474
-125
92840
-18261
-5006
-99178
-14252
56984
8030
-10536
24226
-7554
-17554
-146677
8296
4276
3024
3537
10730
5493
-25738
26616
8118
64525
18805
-86044
225056
-3501
-41946
-194556
-2080
46052
13272
-24192
-46290
107746
21927
6652
25504
124510
-43
52904
14106
-18480
-19273
-17142
163547
-7740
-981
-4712
62320
-10746
-27948
3188
44211
2397
-1963
898
-11882
36696
3367
-45698
13459
-65116
32265
76426
-62936
10017
11803
52485
-25392
16225
-2482
-21280
14752
-6452
-1679
-29651
-2413
-153396
-105270
40103
40894
11108
54882
35070
-8250
-52356
-23918
37630
-6298
32094
23845
4076
1034
-280
-4044
-1598
-29316
-7694
-47
27421
-40746
9369
-4022
-17692
2880
2379
-91820
-1327
-348
73038
-26079
345
-4995
20112
-20208
-1725
-13947
24008
9675
-15296
-32190
-7936
-58706
-13424
11632
-28710
-43680
18400
110647
52472
-1247
20149
11037
27128
33498
3602
319796
27934
-7038
-12981
-4256
2
108450
-17750
-5346
1815
-68552
19402
5169
9414
-54317
11969
-8047
3224
57132
8122
10905
-3666
-545
-101924
31320
15551
97792
739
-1584
-225
-25668
-51905
47576
-10394
14530
23440
9997
136828
51508
61722
-12016
19383
14318
357
954
66616
-8170
2446
-6158
49157
2012
-18836
3065
-43811
46880
30062
-61710
20172
5338
-1720
-8254
-19260
-1456
-145
2526
-11405
-5592
83916
9822
-32385
27498
123000
-172
19726
2976
11054
-10986
-95900
14470
-29830
8580
9642
9344
-11942
3186
2904
-19664
-11704
-19232
-17561
-9110
26486
-1375
-23964
-18150
31947
-10783
-14283
15120
13200
17880
-162600
21627
4506
-15840
23328
5895
-5307
10677
-16050
-214419
12904
67180
-1815
-4301
35652
4575
-5332
-12615
4443
-2550
29542
51532
-50404
55485
-2458
2916
-46032
49202
-46492
-134729
-225894
-35387
-8525
-16452
12756
-39224
69948
23646
24148
-1247
27865
-15057
22114
-115666
-44094
-32435
-6534
-588
-30171
-23758
26958
-32865
702
-82643
18544
-5513
-6887
-68364
-10388
-19336
-31987
1671
-15732
-25848
18865
44708
86296
-82156
-950
4022
5734
9685
-22980
-143748
-19688
7681
-100542
31730
16609
-27806
23586
-101940
40452
-50216
-60641
1687
-93208
-37431
13653
-102417
-130190
-34654
-309628
44408
-55228
16397
-15454
26354
9868
15618
29422
3867
63766
-29711
8770
1428
7295
33364
-462
-1030
271129
15885
-181586
-57946
-27407
17998
128940
-73592
32549
5106
3110
19288
-11168
-92916
-46578
-1600
17030
28988
-3267
-133387
5815
-21062
5924
13669
-835
-101983
49004
26700
41398
-15348
-16386
11527
-6339
-11951
3627
17828
1968
-5755
-155172
22743
-12036
-256
-3858
-4340
7110
6300
-70520
-49514
2148
904
868
11656
4493
7200
77424
-32191
12784
15908
25748
911
37217
-204661
2430
-26810
-4684
-105511
2160
-6075
23095
17592
53319
-104594
29584
-17647
14423
50144
-61920
-165504
13280
-24379
17306
-17832
46262
179886
186768
3033
21236
-7359
-34594
33092
-142652
55146
-24638
3963
-34430
59294
506
6120
17393
21174
1602
-18821
5232
-19764
41229
28521
-46925
-19350
8930
2220
30698
-84766
-6435
-2172
-12834
19556
5247
-1507
20168
3394
-144
-2910
-38838
-27984
57903
4935
30936
65250
-6199
47452
-19500
60064
42459
74394
-80838
-8990
15612
29735
135
-3153
13760
4842
-5047
2822
-2145
858
115374
11757
-9196
-6552
-3880
1575
47242
27126
-29298
-244702
-9009
-35796
-70302
-14309
2692
-6870
121316
7875
-13023
-9078
-20622
-7230
-15621
20750
-35540
-9500
-2190
-16774
-35748
87940
-31649
1035
30114
29348
26814
-118769
10675
-1380
32944
40910
-11946
176
41296
4869
-6017
6804
3005
-3246
4092
4278
10890
23958
50544
-3396
1238
52499
-26142
-19592
-2076
-75696
-8443
2535
-25724
-19723
53553
-34886
15133
699
-84400
-31858
-21640
4392
2739
7404
43828
18904
9004
-76061
15305
9229
-31742
33355
50024
12712
-62235
-11788
-14517
7448
-5532
-32112
-9512
44376
-4023
-21697
20402
12538
16317
10404
-53698
-126602
-10102
-12730
8340
-67786
-5796
-18103
-14600
-24230
2534
62917
-19223
17423
-32910
111329
15182
-28056
145457
9272
-94217
12635
39568
144890
5689
-77040
46880
77996
-105338
376
30648
-63992
50386
130075
673
35178
-33078
-106488
36006
37996
-1350
-13560
-59264
-18453
-34314
14773
15354
-64962
112719
3542
-84
36828
-113758
-6364
-83122
14736
-5250
-9723
-1370
11424
71982
1379
26834
-6764
127626
-4386
-2797
9328
-56184
-3088
148382
-13698
-49917
-5820
-18240
72273
135750
6005
-9364
-6733
-122952
-1620
1795
-2810
-60316
70650
-39564
-14085
14976
126023
-19432
-22633
8912
6351
21096
-9072
-594
-30537
13883
36537
-14987
-3711
90168
4995
-19948
-38027
32193
-693
-127507
14747
3162
1626
-4122
-2336
-4626
3432
-16888
1783
46023
3967
-6850
2478
3975
174942
-73568
13524
-1340
-36551
22860
1036
-40125
-15058
7407
-20720
80086
-1622
7852
-20232
-14207
3033
26210
108366
-31700
-69840
7436
-231014
3163
-25958
-12132
-24814
13256
107772
-13271
29418
12084
-65908
-2069
-8262
100638
4831
-11570
51602
-13460
34560
21301
18730
43606
1722
-4226
-129621
60378
-11718
-1320
-27499
23578
2298
-49648
-28410
3510
9564
-21826
27138
223886
-8268
-119040
-27200
92736
-8283
-5948
-16342
-8648
18256
-8088
49543
-22344
213255
21181
11748
-43531
94724
26568
19819
4760
-728
216068
41092
-27162
22436
-1932
-17104
29942
43522
-43660
-12458
36936
-54082
-101890
213866
23936
6720
2712
12691
10944
-23868
-2654
-16690
-6361
-362720
-119286
11766
5152
6996
46125
-54705
-35470
34286
48720
-6470
74576
-21358
-5668
72572
-30681
-480
-30346
23554
91707
6573
73710
-50442
-26004
3546
-1456
-28028
-2544
-8386
29073
-45325
50828
-25974
-21340
5758
88669
-54091
7457
674
20692
4718
101664
-19902
-44784
21505
7902
25082
-2333
1972
9288
6064
-5391
7754
16742
48137
-5224
-29928
-154344
-40514
14620
-5816
-225124
-17298
-96852
21679
-5671
23896
-895
-190126
-12730
24941
-170556
-19209
2319
-25207
-52890
35478
-44643
10454
-8602
446
27805
20328
21361
-12292
5795
-30490
14123
-36112
159870
114780
94037
3975
-274234
-69378
-6691
-56938
323
-3099
34047
-28300
-23948
43757
-31538
-8020
19618
-28458
-26302
408
117117
-28452
59235
420512
-181710
34035
-680
75522
-20552
10554
6298
38930
-13314
15583
-8304
2728
-205
-108
12018
55686
17715
-4392
-872
12820
131960
28018
-761
1776
-4476
33620
-22682
23434
14902
-40576
215140
53481
-17648
3876
-4864
-151752
105959
20303
-580
-57813
47511
-6376
-25620
-3501
-6844
11518
97725
25341
40940
-11936
7848
-121555
7317
66067
-64676
8136
-10492
9062
-715
-9590
-2980
-22815
-32906
-12445
-19122
-7191
33420
5516
12114
-21255
-220003
-24874
-6675
47665
1382
-32622
-6873
-22797
1413
-2004
2056
2256
13882
-5502
25212
-5050
-23910
75020
-30632
-369
20072
-38979
692
32160
-5253
10745
10668
-59253
5129
-9850
9622
22176
-46687
13500
659
-73983
20140
16216
77702
7491
18375
70043
-10908
15202
4830
5986
-1994
-79274
-3948
-11404
-34870
-3378
5864
2314
-4272
41543
60262
52240
25596
308
-15599
-109135
5403
32764
75231
-23094
1198
16389
-15370
-822
7932
1584
-56804
129670
3010
-77830
-18905
-59736
-46567
115374
-9700
-34363
-10176
-24012
23024
-37157
264
-9906
-59260
47169
45912
-175
-48178
-24806
14382
3036
23220
-8659
-947
-15534
-11792
28480
-14762
-13363
-30458
-100425
43585
-1538
-39363
160832
25736
-24813
9724
-15048
20218
-28320
-28879
-4292
9468
11767
-6424
-22164
-5525
71358
-12657
-122120
50440
67080
-22340
-28
10917
-18408
6000
-16690
-5381
-78296
-332352
-6462
2905
-6560
34726
16578
-42194
-18981
3360
-14720
-1984
210093
-11162
-25457
1976
31958
-134360
221508
8832
-107086
263021
1222
21046
-4875
-45868
-88834
6524
-151092
-10567
-5112
-22208
-52086
98352
-244
-102010
29462
13224
1662
108864
-41451
-7452
-61464
-1023
14868
-6786
1270
-10811
11396
-9085
1108
-16975
5912
10235
11500
56420
59308
-12432
47454
-10714
-4622
-8410
19494
-33292
-40480
50466
16458
-10400
-13553
-102328
5388
3517
-73464
-18759
18184
32484
3906
30597
-36621
14625
56792
13466
-55809
-5441
-129550
-133815
-5229
29056
19568
-16792
14231
-43442
7872
21156
-51310
-82517
15921
1838
-32331
-35262
-16176
15870
14458
147401
-3242
-5606
-13098
-44656
3948
-26976
-21800
14344
-3650
9674
74764
-1580
4558
-23259
-42744
28962
-4490
116970
-63284
-22680
26976
-2719
-9726
2148
-3030
-148716
-51204
29884
-30549
-39620
58362
-46243
-69192
-55776
-63734
7164
65487
3201
-4735
2889
-35702
-55440
-74206
-32369
6876
111464
9226
-8896
-6162
-69184
117838
57427
28109
2605
18777
-88910
1404
3919
-3395
-2231
87601
41184
-5751
8596
4980
-31356
-227205
-16418
17664
-139
7800
19072
164223
123519
-4244
-148086
-3192
-2588
14160
-17062
2675
67
-5200
127261
-49676
71656
-5925
-76598
-15131
-176323
24757
15008
121216
16608
-9687
17554
-125813
-19991
75219
-14770
-104992
45690
80920
-41920
-15101
-4236
-20343
26962
16348
-12333
42160
-6019
10176
7310
6233
-86756
-72814
-47046
12032
-180
-6731
-19821
-12111
18678
916
40865
25030
51853
-65824
46945
-13680
-9423
-12650
-1436
-85374
121532
53834
10110
41952
12341
31376
-1062
-3919
916
-2398
5440
-224206
28739
8943
29563
19231
25038
5474
-1429
-377662
-11262
-13860
-466
-10215
-832
-32580
14808
11706
79978
5298
203820
70746
-125670
4664
-106950
-2794
37425
-30022
6772
-10377
-10607
-48073
-2729
1031
-420
1161
-5260
42723
58788
103994
212481
-9256
-23824
10520
1563
-935
56682
38541
48823
2047
61901
28180
59235
-33769
7662
60883
-6276
2968
-89888
3259
-6729
965
-19536
26884
-938
-155970
-39140
-6207
19068
-20278
-8514
75419
-61680
15400
-95966
-122269
-17189
-22415
-17958
17404
46635
92962
3606
1734
-3567
11678
-9786
56532
89634
6326
-3768
48310
-6240
19774
-10077
100321
664488
-14276
-52419
9504
117156
155647
3525
-151881
5166
-31211
-30316
199026
-95708
112067
16966
-6785
-2557
-62246
-53328
-67980
106815
-20705
-4560
-38235
2326
7500
19123
-826
4608
26585
21378
-111503
-15947
-16212
123560
7320
-18992
-133611
28602
-3369
1546
-11298
12208
4272
11774
-38425
-63192
26307
-15873
27492
-29411
56080
-164448
-7115
13028
-16488
-131796
-9220
-20412
4494
4283
12312
2272
-50704
-5190
-74855
-28370
1838
-10832
10040
-458
7126
5944
-4176
-11322
42459
-10122
28644
2100
9147
45912
22437
-16592
71098
4368
67040
22968
-268
68707
-16984
-23080
-11599
-18862
-48113
1302
12423
39894
-34834
-6840
-999
53904
6124
-13741
-97161
-122337
-349037
-8018
-9033
147000
3734
-7043
-8616
-42673
-85260
-63695
1947
-31889
-43716
-3246
-18515
20662
-22359
-50938
-9913
-2029
90729
385120
-2462
26972
-371
9356
-3914
-12684
5472
46955
-87879
-6536
-132512
-542
-1762
-52783
24132
12342
-49
-91007
-1500
-2632
900
3782
73716
25705
-12258
-16984
-37706
-40438
-800
19430
-614
3696
49356
60780
32894
-21288
-8384
-18680
28666
35894
-16259
-7329
-1985
-1730
-6709
2354
-20058
-70320
9416
-2904
-27702
113146
22004
54170
41324
5490
-14030
89425
45530
-79461
-72343
12160
119889
59098
-25920
17967
-166
30322
-415
-4837
-59730
-8006
-10605
16240
4772
-8751
-49772
4450
18924
23313
43014
-8725
2918
-30920
25289
123915
12987
-55155
11151
4115
49291
-12003
3508
258106
-54448
25690
4259
-37828
153586
7226
-33842
-149040
24628
51312
7631
-32440
-5656
2694
118938
-31028
-25580
-119164
5366
6419
-5253
-15678
-7848
-92256
643
149602
23841
-5330
36133
95368
81384
-63059
-3126
-19424
-57970
5974
10884
50282
-9953
-436
-53607
31318
4515
-6081
24252
-35400
68912
-2377
-4936
21736
47578
2352
47823
-30174
5397
159752
-1330
-31232
-149364
45342
22193
8820
-10578
-5148
11946
76506
-97453
-17138
-49360
24474
-7654
35668
5668
-7848
-7255
18591
-5204
-82610
596
-12621
52746
-21381
10360
-35039
53300
37168
-63931
15438
49305
-13254
-842
-17946
13815
3289
-5805
-12440
10172
-70110
6975
-3037
11720
243
-1520
749
-13674
11994
37478
19389
4869
-53687
-149308
-33470
20531
-10174
-25850
-22417
13494
-2155
-39809
21532
8911
-126708
-12839
84019
41880
25152
13262
5544
5477
-3973
13802
-11238
-111315
-14868
11590
-2787
-135
37024
-293836
17717
3039
-51831
11420
13736
12636
-154640
9088
-21774
-4502
-141475
-20356
-8665
36894
-27934
-33228
-5758
-47433
-10682
-81207
-1085
51703
-66420
-18450
-7210
2325
-6325
8736
-92320
55450
14801
-253
23177
89874
-23580
37556
-1726
28930
-76262
4376
10157
42864
17734
33664
-15108
-6396
129339
-4902
15258
-7280
2976
43988
8175
-40130
-4812
38849
-192951
-7339
5201
-41472
-2900
-18282
52515
-28635
38298
-3352
37704
-35343
-81225
-26016
-643
-13276
67779
112763
-6227
-29604
-4515
3486
-40026
23418
21296
-3781
10170
-8484
-28436
-18180
-70606
82410
7408
-1002
-38912
3229
-13925
-1090
67961
20559
53
21777
27276
29582
-72849
-28295
-9472
-40139
20622
3036
-13110
3914
17520
-5794
-556
11904
19505
-7652
-25710
-684
-23368
199150
-17123
104420
30990
959
29224
44760
13474
-7475
16324
5330
2389
-37548
-110565
32438
46872
-18354
-1698
-15359
24819
-16698
-17614
-24480
17218
674
-3784
8236
-43420
14064
9009
61159
11941
-36
11388
89594
-17157
-19168
93435
49212
235140
5803
-46818
5073
-37516
90238
-8787
-19767
74011
-20372
-7440
5450
10302
-16550
-38052
5721
-963
103513
-68707
21174
98762
-20126
-3207
-4461
22494
-17656
-1600
-57456
-28140
-2598
11030
-8373
-2873
-1517
-12269
12774
-7226
31556
-4351
-946
1093
35284
-5532
11964
-59488
5586
-8378
-28664
72906
11134
63462
65554
11415
-6050
-16828
9890
55893
14043
3685
-19103
-9760
38016
-42760
12805
12070
64626
51144
-5104
-86850
14720
929
-12786
25149
8115
103472
-43839
8885
-8406
-24534
-1531
-9927
28245
-13396
4056
58798
-59631
520
-109920
21984
-12640
-40511
4842
20182
-692
-5718
572
-1404
-62393
3780
46996
-8610
55216
179624
205157
-866
5235
8415
1210
-726
6401
44802
106311
-15786
-29752
9384
-15498
18332
41093
-2694
-44732
-325780
-22
-5633
-20536
42480
-72248
18838
-23907
91294
-16030
19971
2562
456
25355
69660
-28532
2745
-63540
8842
31642
5590
-258743
49736
135456
1866
-12752
9715
-45258
22190
-27881
-36362
-1776
-7174
22489
-48194
-13820
-17355
-140513
-8060
-28400
783
13468
-156678
5727
-11128
-18980
25482
50
-28690
2260
61082
-65405
-4266
-44770
-18747
-5751
-33311
20562
-864
-7910
-3596
-15997
-56022
27204
-22241
-67169
-484
80938
156225
-54506
13562
-50758
2141
-30033
2360
44965
17448
-22145
7334
7365
6880
-18942
-9640
14606
46540
1416
-61272
30312
18088
11532
1486
-131755
15308
-57624
11672
-11526
-5997
14403
28280
7098
120172
-12197
-1052
-47504
10937
-15445
-36718
8585
8930
-43644
9185
47665
-185
2715
42565
22041
-55298
-1776
-97359
29226
-33160
729
-32248
-45252
10972
-36890
-73978
157592
-124392
-12156
-4060
-89618
176458
-7744
120
30903
-53242
-92693
-5203
-868
-4278
-133988
-63392
-31295
21620
2720
70410
-140250
4580
-103068
88312
107056
33298
3418
43371
7069
6497
-10688
6197
7455
103258
-20256
-966
460
-38597
-8144
322920
-10166
-32317
-10216
125120
-1440
-13480
18609
38248
13538
-93468
1536
-39673
-40658
106
17776
-28998
-15136
38620
-4668
35900
-27484
4920
142848
2056
-20229
95540
-2360
9918
-33369
-15554
70028
2268
42541
-9952
79289
-50168
-15720
17266
63690
-9250
-35042
-62967
2142
-1409
-699
18027
-251413
1616
-2601
-8104
-1291
-142693
-11896
-23060
-11002
-5931
-25035
48628
-14987
16852
-6230
38997
-25358
11555
-11295
177354
111831
-9246
35632
6055
23728
-21681
44288
775
244540
-84624
-21936
-303
2042
44647
2402
-11379
-35934
47235
-61979
-4456
-5871
-100536
-2936
-27720
-2536
-69979
71679
-7999
1621
86580
-97181
99886
55727
75198
29769
-45081
6788
65
-97901
37078
-18930
-5456
-42336
7350
22652
119758
-122130
18234
-3514
-23290
-9744
45944
3232
7530
564
4322
-14913
3939
26475
107975
-6706
-96526
69423
3543
-1296
790
9764
-95520
-775
2354
58158
7715
-5419
4272
-16935
2432
-1550
12793
-1585
31696
28920
-13018
50397
15475
68510
-5264
-11232
11712
1596
7110
21683
-140370
-6025
-19697
1296
78152
16382
-148836
22888
-23880
-2213
18536
-2504
-8433
-87417
-24119
28405
-24817
67783
-32320
21554
48884
-263404
2685
-100480
-34690
51300
113061
7386
-17862
-1212
11750
64148
-17601
-4361
39492
-30486
-7616
431
-128410
62086
6015
-3991
-122
-18198
6916
-28626
6719
-41352
10034
-40083
39338
8169
-10729
-57552
26622
15114
100992
1609
9062
24411
74299
106918
7809
48333
-2980
-182058
-4136
71910
-3666
72880
200
-2353
67479
29560
34833
-15384
-27999
146615
-191184
58812
152980
147160
36162
-1395
-4224
-15640
9202
-2113
812
6600
-288756
-5708
-78843
140196
13203
125018
8498
-4887
-21096
-18905
-9778
-75065
8924
-17804
9499
28082
8419
89716
-54070
16502
15968
4216
7352
7800
115076
-41691
44888
-15683
14070
-8454
-79025
-18795
9884
-140645
-5991
1160
-12858
216680
4524
-192120
-39425
-114328
-41355
-10224
14600
11357
7468
-135111
16802
71655
-1188
1080
25939
-16030
25452
13705
-75256
4320
-32531
54970
7652
-5733
32589
-2522
76658
-17430
16936
158030
-116613
71808
2902
5943
-1206
35574
-33700
-11522
-3536
-14062
-32918
10560
-679
16605
46694
-4610
19073
-33397
16920
4531
13652
82008
-3592
-168747
10696
-18678
-32920
3445
-1905
46578
-1683
810
-2565
-18060
-65548
12064
-7967
3193
29408
-2386
5331
56624
-23214
-55680
5760
-446
-65725
19260
37989
-1736
-37571
10424
47086
3425
37139
2991
30520
-4303
-2584
3572
-26478
-12696
-44537
42952
-38342
-71078
15501
104
43074
-11308
89068
90069
-29598
880
-15947
172
5158
34514
880
-101891
15026
362
-2180
-22319
-26450
9222
-32178
-22770
5256
-249476
-2141
168792
1582
-154424
-51892
-155083
-92622
-21865
32370
-17286
-9901
-3346
1362
-52997
28720
33892
9136
-79580
6336
-63423
-27064
-24789
-1183
5279
-232162
-441763
-194216
3470
-123893
45426
102846
-18764
24579
1608
74190
-33280
-52563
-5439
5090
7921
19259
-40780
-49774
-11723
100240
11652
22792
-35512
5768
10489
-23996
-28326
-1500
134152
-4061
-40286
15453
-35461
2380
-86532
2556
-137740
-194788
-19516
-33238
2530
-95832
-5625
-6712
53636
7810
-21038
-924
85338
-11903
69015
-12286
3052
-60303
-6960
60498
47454
2805
1772
7775
19034
-8826
-5129
10556
-22024
120480
-7568
-3130
-181590
-9562
7468
21391
16130
6509
-3015
7482
188780
-12114
3572
-113885
3163
2582
1248
57480
48459
-168995
13801
-4682
45668
96651
26951
25844
-6786
-40478
7776
-6102
-25770
104518
-99679
-23208
21996
44094
-11601
62419
-40236
-137612
79648
-32712
24479
-1664
-356
54032
2825
18283
-60407
10026
-13959
-6730
-1617
-22086
-1030
60565
36675
-87794
92389
27840
138341
-32826
-2579
69776
-108075
-5773
-23085
54680
46633
52290
-45952
4374
-9382
-7588
-27928
-4955
-27160
-48180
-64026
-343
-37592
-17952
-30953
9501
52458
-6906
-2987
125972
-2763
-792
31484
8564
27126
51515
62986
37691
-264564
323252
-2852
16876
-83836
3244
-7052
4948
-240
-6857
194198
23167
1133
20328
-47408
-5688
3664
7152
-11492
1990
-3942
-13066
21504
67404
21454
3084
-14734
299
115590
-9208
-28416
24435
-4052
12106
90662
4513
-3471
51819
6049
12523
6318
-25601
6807
-16062
1794
23548
-154415
-2032
21084
60538
-3840
3702
26308
-78705
-3756
19764
-19953
51
-792
-1414
-26725
-31404
2795
55781
-5347
-7422
-21284
96750
41152
5296
-9559
-33792
-8716
1860
-28572
-20304
4247
-344
-35008
61744
-7701
31744
-79288
13959
-8386
7617
-13614
-10418
-118212
978
-23744
27670
46928
64604
1196
-62756
-65672
-1941
-12636
-19890
-46746
-22030
-14824
-756
23395
115498
-15474
-11144
-14317
-3923
-3198
-59296
5866
-231760
52864
-38090
10144
-31725
50248
154
-42928
-1190
-3320
80394
-3050
-11818
-62422
1404
-14660
520598
-47758
-4489
34770
-13730
39707
-11763
14526
23724
-22099
2470
17124
7887
-105764
-109899
16952
-24120
13024
-114411
7415
15204
1488
141756
-18284
-122200
-5553
-28976
67448
-98763
5695
9844
-49184
-6367
43905
4764
-39921
-13496
64488
-771
-113928
-7305
-14921
14112
8684
29232
-39074
-14633
-35966
650
-20769
-4130
-17220
105536
-9982
58826
37204
12542
8715
-910
20707
49987
-131225
-92760
39104
-14306
-8052
2980
22064
-17466
11323
10494
-49915
-32900
-7781
-4772
-1116
2436
-135303
15503
123243
26362
1376
2184
5029
-75040
4190
-7567
-89992
-40710
-83504
-20008
-90383
-10564
73452
-3694
62400
-38724
25520
-42174
7136
-7845
11514
1456
-15696
-5570
5195
-26395
-5936
13877
-1583
-43836
-41988
837
9586
96032
15664
-6681
-38416
315
12140
74625
4252
12796
4657
-38090
4702
5055
19008
-27704
-25974
6468
6312
-7179
15603
12851
20507
-5700
-63338
-131693
-31848
-87008
-13502
-41292
51588
-41676
-183293
9533
-35837
-96888
5562
32504
-6372
-45600
-7941
-151953
-6969
-15501
18676
5788
-349620
1116
19849
26132
-11209
90027
47123
53618
-2777
11248
2340
21875
-10072
18421
2651
-7471
-27170
145834
-15602
-335685
39326
-114747
-2653
-43715
-14498
6129
-10519
-45629
-53930
23932
-63316
11937
3080
90263
-5426
-20222
73888
4835
48
-42010
24445
16704
114874
38544
3984
10683
2092
2709
3019
2079
-61472
553
30290
41532
-16978
-16146
3986
-12492
-8612
23395
-142950
6784
-135888
-6760
59809
27832
-133168
2624
88072
-29600
-1804
1945
764
21380
42076
-484
6554
-15494
12264
224155
-116282
-14126
8476
-2898
37734
-2085
49238
-7512
-72479
-15110
-119101
-3183
-2081
3624
-19683
-5540
-38994
-73926
20112
-659
-27276
-30236
3644
-10972
-63207
-4019
-2519
5751
-2507
-25582
-48816
79503
-1924
-11028
11718
3599
-39660
-25575
-1951
50610
-5660
-6492
-55024
21822
2312
61086
87880
-59931
-28714
9028
5118
-25704
1468
10934
21333
70227
9554
34758
-20906
-5812
-80868
179420
-1353
60058
78163
86740
-26578
2924
-14805
-1620
-11146
9922
-35250
-3504
-49203
-29864
-33498
26528
142555
17976
-9408
-3366
382
53284
54144
124163
21586
39633
-2586
6685
2680
4395
13028
6001
-18320
-83626
-79482
11050
5868
-19047
-58680
58416
36394
-3327
18048
29748
171045
377
22234
-22632
10575
-13184
-32385
-118
-36500
248942
-34559
2976
12840
-31720
62702
-25498
-40474
-8561
219858
-70962
-12244
136987
-1241
-16188
-37142
40964
-12357
-72914
-9244
1258
-17334
15540
-60034
66699
68922
-4618
14708
-89522
-32550
10217
3178
-94010
41788
22252
-37354
-19022
-5628
14302
-8926
-6213
10584
39379
-175
217633
43101
-62742
5648
307400
5568
-2616
44212
34518
178238
-20712
-11269
-2428
35660
47844
-42658
16294
46361
-72144
127292
53580
-8747
13026
-11691
51656
-48418
2352
20208
35371
-8936
-34747
-1031
-846
-1916
-13744
1153
11928
-85988
7390
41246
-1926
-28407
119179
10982
-5916
23136
-155387
5584
-2100
24976
181224
5653
-126374
-32498
-1671
125345
-1238
40781
7456
-30744
-41231
61479
86900
-9046
34885
-5796
-35275
-4712
-106824
12718
4796
-458
-1145
3317
-11618
35929
-42321
-12840
5127
-35660
79552
18130
-6232
-18745
-5706
-380685
-2244
2442
-17158
-36080
-16186
120037
3036
103320
-62790
-51188
-71120
-3185
66474
11126
-7707
30294
-69911
6420
46696
18395
1326
59821
-8540
84176
-30568
17438
34560
37699
-13935
123423
336
-148344
-6512
50400
65824
2320
-92082
-4884
-17025
-5173
35223
-54544
3720
-4208
48759
53256
175346
-4490
-13848
-11006
-22033
-3040
-9338
-105928
-494
-10430
299491
-21975
262140
42015
1024
-10824
1629
150418
-35641
170458
5426
5844
-20894
9681
18014
-12350
1203
324
-52724
-18667
8593
-3850
16094
10375
-67178
1950
10000
-112697
-4786
179059
28326
-32664
74686
-3087
8264
35000
-11738
-33472
61214
16075
-2813
72005
-13136
10014
26272
809
46959
-1036
3007
17545
-195678
-10594
3016
-24701
-151634
32400
-155471
-25862
-22518
8046
-49015
-7181
432
-16740
123038
-59912
81939
2735
56265
-15488
20232
8800
48747
2879
8440
10680
-966
-11760
14600
133364
-5782
-12228
8580
15054
64596
1364
9224
-4041
113126
1283
1630
22910
33059
-3944
-11247
11081
71173
1146
4213
4046
-26100
27948
-5404
-25063
1813
-50834
-35225
9681
7124
-6803
22070
-43700
7029
60292
10938
-1722
-157328
59069
-15110
49037
99576
-17582
-11915
-56187
5736
450
17610
-37608
8019
-21394
1664
-39559
-71932
103314
1100
-5900
99957
-16398
-161420
-11996
29032
-5288
8580
33272
-40788
-121392
5255
-38086
31188
-5270
-2217
-6091
-5252
-11436
32724
57012
27937
-8492
25606
10296
7644
6872
-75130
79936
32492
29122
-12736
-38972
24750
1040
-168409
-2883
4548
50911
67050
-93892
-1366
1105
-8671
-13872
-15394
5448
1599
-38731
-6306
16743
-23126
43030
16279
-10080
-5924
-6256
-6576
72382
993
-22200
-30584
-40674
-4898
10024
-585
-18132
-29028
7767
-15050
8506
-13795
-9522
-8723
-2986
12498
-88452
-75010
-15508
34174
-21063
10245
-121864
3952
2438
4349
-23524
53396
-544
-10308
25668
8518
-8700
31684
5523
-7880
-17528
-12633
24786
11906
-8706
48864
-25878
3493
2827
8728
-53399
-217489
189886
13448
21316
10282
38864
7755
22608
-20929
-42225
-30315
-18899
10490
116737
-18696
-38940
34445
-92318
-10980
-7854
-38896
-12625
10407
-32979
15578
8664
-9526
3745
-4666
-60438
-13235
10131
78540
-21540
2685
-11820
-28735
1348
72326
-29560
59716
-30822
6468
-133353
5720
92587
45344
-152252
-10592
-157124
21290
-76928
-303790
129795
-111545
-14280
-7440
152807
22704
8215
47214
190336
-6486
-7788
110265
23263
27186
-3835
-96804
-6150
-36571
28455
64
-58711
-32580
-8874
-17494
-40118
-11548
-2755
30002
1423
-22211
15108
-7392
-49761
-13777
-19824
112189
-11396
-3569
-4065
-354
1476
-12749
82806
2975
-30374
24990
7594
75102
-5131
-15432
-41268
-8806
-13241
-49360
-284
-18776
-217353
-34607
-244904
-9846
-31026
-7263
30640
-35633
-173
-576
-1544
-1141
-2400
12319
-27582
5036
-110105
34224
16590
-74092
-46791
-2895
17466
-41092
239624
-10400
75248
-86704
-68811
-4072
46062
-4149
-81689
-14840
-3318
5348
19145
-55210
-43705
-31212
17808
-278628
-12910
-3800
113472
-210956
36449
35750
-22401
-100395
7251
-12112
-9870
25547
-58442
-72404
4031
2529
-24434
197123
6672
14902
45966
4018
62649
2013
9197
64194
20646
-43274
-10025
8136
-73406
59587
43269
-64720
13524
-21588
-11502
-3382
40
29155
4164
17000
8844
-28359
62116
-31830
-4512
-169508
5571
-6040
-25488
39911
-14649
-1313
-31872
-12135
-44160
113730
-100434
-47709
-7429
33794
-2541
-4824
53123
-36267
-4932
-16614
-39512
-44632
17732
-233555
117116
-23014
148443
-127924
2564
11010
1279
-9828
42370
18399
3330
762
-79860
-9011
39009
24970
-35136
439
-56712
100612
-3241
-6364
-12881
1428
-24723
4648
-39278
3705
-111028
35415
1952
-11344
-109928
-30050
-53327
22506
46628
-24520
18628
52131
7523
-7091
-126095
21198
-60097
49808
-2076
31305
-13512
-12569
-10663
29976
-16449
4886
18644
3278
-1360
4281
29937
11851
253050
72519
4242
-6924
24087
17042
41440
-11349
9617
-174006
31118
1455
2452
3328
-25881
-858
-15899
-48023
-23680
-60034
22622
-342
17726
69004
-27513
15
-21858
62160
23664
-14454
-176
13954
-17989
138942
-2607
-1810
-121823
-92673
2025
-27309
51059
-23360
-154108
-16500
-3892
24492
18568
-20823
26030
6174
-4074
21790
18266
12755
-19550
-13542
-105731
-26816
-94412
1287
156
-1648
-2251
4140
-4284
-6189
13765
-152536
-11024
-5600
3922
-9230
-519
107356
39253
-10246
-76932
5122
72380
-11981
-47367
12251
-6444
-2593
-46196
-26496
6428
-2368
-16572
-13775
11189
50307
13104
-17889
48457
-76310
-42434
-38793
88206
-5020
-5512
-86593
-13931
-2218
-96726
1229
-16366
12048
-38769
4251
30918
9762
-70992
-10090
7717
-14937
229974
34311
91851
20867
-21291
142784
60213
9475
61988
39694
-2709
-2556
29244
25761
-47691
-908
23531
-3810
51
-11764
-2119
72193
11135
10000
-35034
57716
23473
11607
22932
43514
27790
78200
11080
-2162
-43124
-9798
42160
-114489
107
-84481
20011
-69877
-2068
64484
15906
53100
247055
-21203
-117168
64157
14926
-81251
-56056
-67636
-18055
38325
58781
930
2914
18461
-22498
-16194
-3568
-27392
-10763
61138
-9439
-19926
-3134
292
-22560
102788
7992
-1122
-1910
-8800
-33288
43584
-27088
-78788
51968
36862
4823
-11358
45191
-9483
-56123
-495
-8416
54646
13824
-3650
-8075
-1266
1338
-4394
-6864
-19002
750
35570
7752
-67776
-22034
5148
-3780
-66276
1568
-2340
-9440
9620
-15869
176
35683
-30579
4684
-32936
-11358
1386
-5700
295792
-141232
-4362
33941
-65793
-7025
-38983
93888
-10514
328058
-4030
3644
-2335
-5895
12447
-2133
4452
-7336
50692
-34124
-51212
-13804
849
27261
-26156
-78856
-85819
-83976
-14136
8764
19390
4389
13179
57241
-81932
-6088
9297
58478
16201
-101706
1576
-47448
-23380
6597
-39572
-11927
25152
-643
6289
-365640
15423
35896
-15530
-11307
6486
-18598
8337
1835
-28226
-111792
10656
9630
40167
20472
-20564
-9160
48100
-1386
45630
-87167
-12267
-124710
-8666
14250
-44937
14920
2840
-28380
2523
15440
-8450
-20367
8432
3040
6853
15822
12526
2178
138939
10848
85870
-54600
-16302
-48300
-18023
-44736
-11636
-26768
28491
56253
-2558
-4493
18851
-11529
-1284
-41864
68995
-9596
-2740
-342694
208860
16245
-28368
7968
43174
-31581
-27
19077
34596
-3262
122106
49951
74
6862
6982
-19518
-91119
-23115
-53208
2791
-8716
-2128
-4653
22336
-2956
31408
-64653
-30209
-128622
-7576
-456
33316
19534
16424
36704
-3205
7504
-2836
-75187
1580
3668
-30170
-14696
-82392
-9710
-7845
-42982
10812
-10088
-25530
-36356
7256
14904
65006
-6930
24017
-3931
16052
-63860
-189324
6912
-4150
22036
-24450
11886
18317
7798
-52056
50806
68038
3707
-25776
-3729
-6060
26820
29997
211931
-2515
-15576
65736
75792
-34079
9051
57461
-30420
-11604
-20052
4848
-20670
19250
-5089
-32129
-56931
-3822
-52013
-2018
9818
7035
32527
-23762
31737
-17784
134418
10860
6098
-6940
4298
23600
-8426
-19001
-49806
-16945
5556
-721
-35870
-4664
-25851
-81785
-60808
286
14457
-154925
71704
49714
5023
-1832
1773
2932
-61534
-3228
-57323
9002
-2096
-60780
132883
48256
41176
-65856
813
-139801
35280
-50535
28229
-367
5254
-82498
72397
130620
544
-11418
25424
123804
-77237
-8338
-99218
14729
-14537
-37964
86298
11147
126428
-3430
-23052
24932
-52928
26517
-43118
-5775
12398
-43710
-1010
-11128
24374
38164
126752
84467
4860
-59095
68612
100337
-42000
4248
-19813
-18934
25658
-26732
37989
-5278
-6846
-17346
16467
8478
-10288
-8695
126980
-440
-16200
-41471
63472
2751
35834
10200
-43989
26514
34050
-162530
1666
-22318
65084
-680
-944
-1519
-365258
-15204
7718
27169
67068
-768
8466
1944
13784
-22722
30780
1917
594
-24127
-18288
-67429
-1108
-19458
-51010
-16697
1388
-1761
84066
-23165
26608
-24597
71621
-23566
3695
-82289
37807
-87713
72346
-14946
-107256
3275
-1357
580
-18420
-5037
-13755
-4214
90552
-8812
-21693
-14145
-16400
14822
14130
4530
-38478
-34330
49082
-244446
59476
-52792
-1331
48044
-30847
-19455
-3730
-111895
-54849
-6576
-46848
57949
79684
21042
-7949
22722
1586
28109
-19312
143208
-71238
-4674
3891
19264
-3487
9324
58870
74013
9721
-35292
-10778
15946
30134
-22688
24285
28320
-121082
3264
-92886
73656
-35014
106401
-5528
3682
14943
3129
4294
-14135
10586
-9986
-47762
22976
14440
-21481
239604
5208
-4899
-18695
10680
-86307
678
-24298
68196
1656
-14149
-59113
1946
165778
-73938
1267
7534
75260
13354
16224
-25325
20565
-78109
-9838
-29594
27426
-35618
-20138
-29898
1866
-105769
60216
-122605
-6
-75328
1071
4869
1713
-25802
-720
-5424
-49204
28652
12937
-44315
19978
7746
-27828
-12966
18900
-9867
-49346
10944
289
-12018
3897
92
-12230
62150
6125
-4014
-98029
-21073
9936
-1892
-3931
-1411
34940
-5435
31325
-864
-14859
27948
15422
31075
-57700
-13868
43936
3744
12580
-10446
75
9552
6230
6561
-17826
-49234
69746
-27578
54496
-29672
76289
9775
89794
26043
21501
371
30156
-15273
5992
-24165
-6287
-7532
4364
-9052
64390
-1582
-21555
-106569
-21078
-3716
-102593
-6000
2336
-16512
125274
17989
33090
-8376
18838
23506
11022
-41307
40886
-6540
-16084
88876
-1643
-212046
-148
6468
39693
84924
1978
32
-3405
54662
-145736
26906
-19759
-1713
4426
-11698
3499
13211
-13592
-42919
21245
19710
-1210
37978
-70304
4865
45204
-29591
65904
30329
78426
44959
-5986
1664
-20656
-884
-1810
-27446
-105289
78326
16562
-5463
16558
4711
-104178
13496
-3105
10432
59880
-26406
-11123
2028
-9800
28419
-25392
130032
1854
34147
-4347
-101170
-361231
563
-49594
-44155
-109328
42036
-12186
-57190
-362
30772
21196
4216
-25356
39146
-21051
-21528
-7072
-13975
33106
-123356
-47224
-75284
-23123
-19224
-42158
-12222
3420
108423
817
676
-16119
-167284
-1382
9844
15729
41260
19740
357
-82810
9448
10647
-14568
3934
-23608
89420
1930
-64208
-6876
46499
13537
-211365
18009
-56074
-30992
-1192
-38104
6472
1254
79804
2894
29997
-57708
-32832
-11950
2502
41187
52722
44314
-31900
-72132
-22942
-4066
36986
-6474
-102815
2723
-915
43078
50456
1122
21174
-19586
-49035
7821
-34425
-2762
-33694
3374
31689
57267
18456
-17032
8730
5723
6879
5640
-4291
-13627
-13826
7448
1973
-56824
169976
82368
44366
65298
-4140
26845
-22395
7610
-49281
19562
-18446
-61485
-2893
-4261
8088
-25316
-10608
76023
6315
-293124
3090
8496
-9048
6612
-6060
1055
4476
85248
18702
-6481
18795
19284
-86146
24662
75493
20164
16534
-24468
2018
-43260
88739
-47420
-77608
-1374
282
-182592
-51886
-4475
-29820
-352
8848
73890
33669
-91225
-30254
-32048
18580
40850
12824
-9497
88393
-12362
-82836
19083
20944
6410
59350
-108746
16774
43835
-23806
7874
818
61270
42536
10069
-5198
63996
-26538
-2286
-21424
-20409
-16143
6296
-3743
-6306
-12825
4760
-42022
-1797
-12722
12392
2302
-25304
24672
-916
132649
-8787
-1488
6852
-43793
-8740
-13542
-8580
3799
-21347
-37501
-24966
-195189
-17420
-37925
-9784
6770
-23306
40398
34600
5840
4387
6402
-43688
33680
-13714
3732
-7338
-1155
-13335
30064
-47122
2357
-1675
20413
2422
-38332
89300
-5351
-4978
-10868
6192
4371
-3296
-54632
-1620
103118
-166377
9444
-25974
1384
3480
35998
14608
126306
-29976
13342
36029
3080
-42683
8053
-92601
-320960
1163
9092
-10510
27424
-291
-130502
-390
916
45177
291
-19271
-39948
8668
7881
88343
8632
-43442
-4740
-48
6850
-59829
7720
76955
4272
-1626
59222
-16612
-195815
-38931
-231315
-1620
-4912
25912
-31100
-20844
687
-303380
-16374
-12150
-11790
-2429
17429
-16199
-205017
41094
11480
25318
-44290
6202
91408
-38653
17187
-18950
110664
47822
117074
-62055
-18930
20233
-58763
-4171
-56680
-1778
16525
-6530
-6708
-19935
1302
16426
-11690
6517
51756
61601
-15999
51678
9210
435
-21050
8306
1320
-14688
-1620
5477
-222172
3262
-1973
-59761
-5897
-31076
46087
-15539
20225
57192
5420
-32062
-7183
-26934
152026
-12532
19448
47752
27332
-18118
139097
9489
29430
1970
1770
3066
-36588
-33498
-42965
-17810
6495
46130
44667
-4285
-2803
-5700
-20148
29568
10560
-35508
19674
-38587
4791
-3178
1730
1907
-34853
-764
-4746
-22552
-33488
-67620
-9286
1004
-687
-44176
5956
128032
9252
732
-8242
83391
2021
44991
-78504
-18708
-24310
-7614
-279356
-42819
14190
22475
41988
-8472
-10917
-56755
103107
-10143
35776
75943
36290
-2672
70584
95184
62072
5720
59848
-7984
-52618
5160
-31716
-47529
122179
-16102
-2961
-9345
-47630
1087
11992
17642
1929
-25803
13494
-7063
-39814
6559
-21285
-3292
-42940
-2204
2469
-21766
-820
8146
-7423
-23349
2948
54708
17600
-40328
28652
-87194
424939
72860
16353
16919
-209346
55440
14666
-13512
3862
-34470
57559
7945
20694
-16581
8328
20592
-2476
88278
4320
-42259
-18045
-14165
26677
-15900
-4830
2239
-5478
22513
1080
30588
65636
1689
2272
47396
49455
81422
-7799
-4780
-10502
-17774
2472
117611
54573
-42038
152164
-18132
-12503
29946
-95368
23760
-10416
20024
13284
-20930
-13084
-235989
19827
-31472
41448
-5366
20445
-23556
-43416
2886
-7248
106576
-384
-16780
-10290
-59174
436
10464
-7636
-56715
43666
-71826
1498
-18028
-3802
-32164
-33585
11828
-31133
6534
-5669
-7667
654
-20941
9603
-2745
39468
-6662
19177
56639
51166
1509
-2632
9230
20492
-24783
-360220
17997
-19932
-51576
29311
4472
-6864
-1063
4614
6104
8603
36900
-13479
87007
471
97164
-4480
34023
300220
-7384
109854
-423
5829
-58279
-16031
723
23324
-26136
4109
-29000
-50110
-2694
52110
147
2142
-33325
-31375
-18833
25401
6835
267
32464
7005
79464
-78456
10984
-12336
2280
-82460
-25524
44857
-11035
6197
12278
73981
-25697
11955
21554
-1564
-19306
1390
122430
-62000
-76713
5514
127284
684
-34668
-1656
-87690
-25302
-8493
-8414
-13289
-8168
14512
6328
-2430
-2995
24924
10108
6494
17150
-14301
-7156
34536
-27888
60540
-62666
12222
11022
-21607
-17978
8439
20
-2860
-13476
-31392
-121553
23496
-14532
-3840
-57397
1569
836
-28181
830
-70573
-21872
19162
-7711
34689
-97476
344
-23892
-13666
10945
-147296
24086
-68114
25494
-4729
72683
7538
42624
-5122
-8650
1775
65416
8406
10074
-13557
-32880
-21338
920
-125434
123798
34840
-24758
34557
-65970
-66476
63820
56658
-59216
24935
-43470
17670
-4662
-2328
3459
-47763
2356
-73616
7615
14726
177990
5866
24326
-15610
38892
-14384
57531
-44394
46165
4523
7004
-406858
-3888
-4095
66450
41539
-31282
810
-11014
506
48097
140063
-27555
54206
-73512
4358
4412
16720
-6622
116994
39700
-13348
148
-9029
95530
99833
7850
-32681
30542
137343
83428
-3770
-18160
4798
-27536
12150
-34944
49878
-7688
-11151
-32565
-24986
8928
20196
63247
42316
-5506
-69230
-252618
-5842
17371
8176
112617
-19481
2815
-26392
6077
1614
32963
30348
5088
28978
34084
-8418
3196
1806
51620
9244
70855
44685
-2968
-77428
34406
-135130
44906
16189
-1181
-26024
23284
-3168
-2210
15420
-29564
16135
48063
146708
-5850
-120117
19432
30953
-328810
-86954
-24191
-39312
64140
-20228
127791
32044
-75958
32272
13736
-15768
-4616
-3756
302940
-16751
-37720
-150866
-15126
-15021
-59770
2800
-11822
11506
164850
7044
13210
107064
65911
-37720
-3437
-17550
4142
-15235
12279
10570
-11520
14056
77503
-2812
5325
-2274
-5418
61759
8091
60672
-38592
-40116
-68306
-15345
-62415
29261
-10930
-4878
-1409
44970
54144
-48844
15225
-51921
8514
-9455
-11344
-22500
6981
-62070
-26810
3240
61262
-94854
-12782
-2970
-256
-96244
-8748
1018
6523
1575
-22887
-8404
-22453
-2360
-64192
11061
30303
80485
-12483
-3730
17826
18997
-12440
-10302
2664
7176
-13071
-8694
-55547
-49638
12836
-16733
2792
55144
30040
-8368
30614
2204
-79675
-6912
-7263
13850
-49168
-3792
-66168
-2510
35586
19568
46822
38260
-3031
3014
8594
3924
-39462
1332
39862
-29053
-36658
-16850
-74412
-9899
8268
-59076
2154
-20184
24881
107125
10599
3316
-24122
-23602
-136842
-27248
108431
-2759
87260
26100
-68370
11505
-19673
-332
-261
28794
-19267
17892
46087
-1261
-2310
-104853
37987
31974
40188
11116
-702
30850
-2781
24773
68704
69924
46544
-35308
60127
1931
110119
260
-11568
32912
-7865
14610
5997
532
-5607
-11478
-43280
186
-24192
-4701
-232413
46620
405683
-4882
-16002
27532
27027
-49006
5740
-6703
166832
-25692
-40552
4968
-30502
15118
5722
-64078
20467
18946
7014
-48404
-10811
10724
-7292
-99029
20765
661
3208
-132548
8004
-7520
9548
-5025
13893
32271
12198
-1036
-16024
1531
73085
72265
5662
-109730
15680
29191
-20067
-12338
-6216
-18525
122000
7108
-12711
-25322
40551
43817
6400
-14684
-28013
-92634
29176
20846
-19992
453
78471
4402
-313
29744
43636
-32580
11418
-16303
1171
-75720
27206
-22122
-109166
16810
-24800
-223389
17183
97032
6300
-8445
30663
-76995
-11989
5730
-32063
43282
11129
78305
23231
-28752
2256
2619
-6192
-79618
14802
-3644
-25551
-4228
7087
-12942
18708
-53716
6087
19848
-14187
251
-114291
-7275
-3978
-33418
28187
4284
51258
15174
-100127
5959
9919
-47536
15929
-19563
-68381
1335
-12897
14812
-23340
-12526
36692
-6906
79636
70854
10340
46486
36081
1392
-47125
-45050
21656
5152
-20268
-11624
-5148
6676
-4224
-26420
-63580
-7110
55177
-7834
-66399
842
10290
-30771
-24064
-3838
408
54202
-77578
50543
57932
6112
2744
-3672
-1631
-2500
-141297
22559
-3093
45838
114757
40467
5975
30968
2566
107402
7009
-42790
22314
-24612
-52904
-53759
-242
20026
11589
5301
48924
-8696
4004
942
10600
-40798
1847
-39647
6357
-18023
27674
1892
33020
-23524
21251
-15908
-9639
-23456
-7225
93314
45270
-2120
-11921
18755
-39776
-69956
-39333
5949
8056
-45580
87749
-46100
-127509
-14178
30992
-48615
1559
53671
230594
-58960
19953
53097
-4106
-192340
-154287
-43715
-75452
9800
-12389
-1378
61729
645
3300
4581
16660
-23
-14714
2433
1369
-8274
-5769
81228
26064
-29991
-5817
2455
11711
-23893
13383
-2320
-71538
2574
-50694
56472
-14392
-31309
-19593
50488
-205592
30756
-35923
-74017
44825
31684
6376
-4731
110828
-35228
17196
8404
8162
-12927
19
27545
-5128
8158
-80087
-11325
3059
17298
75499
-3972
1614
3779
9358
21545
10593
6300
5192
-563
3145
-174424
46256
-30770
-118277
-82940
-28350
2806
-89735
41006
7970
17532
9151
-59352
-39206
1790
-474
-42770
132771
-8664
-55728
-29714
-64951
-975
35274
32483
116364
1702
-23544
-21006
690
55864
94381
-14958
27936
-6852
-41884
16752
-5525
20448
15930
-51810
238794
-63180
163320
-6996
20865
7656
25032
-492
-72086
17994
-15552
-81884
-12258
-32039
-91414
13510
-19106
-10132
698
-33428
24266
87815
-63426
45750
4860
-80666
-6269
13421
155848
247498
-37500
-17673
26390
-22839
-35211
-7780
48992
-50475
-36376
-73288
20696
23809
51826
45673
-19628
-19488
-16164
10428
-103915
14588
101
-28638
89243
82131
-38808
39472
-54368
-2730
39016
-64343
-51645
-8861
1031
53452
1950
-6918
11096
37898
-3081
-34245
146619
-9534
-85925
6342
-1744
-2911
-56349
29398
54264
861
23012
-41880
-19158
-15860
2282
-183304
-4080
-77437
3123
-24435
36588
40650
678
-39614
209409
-19408
129659
-36450
-10137
32843
29238
-30032
-20706
-27681
3456
-19294
-120262
39965
37801
5724
26374
22498
5824
127652
-69167
19738
30126
276
-10448
3864
3852
-21760
-89416
-17908
15015
5050
-1218
13240
-39975
17536
14480
24488
24560
11880
-87288
-18560
-3776
54642
-18886
-371001
5376
28758
3629
-32524
-37502
-16236
-2599
8565
-7185
3600
499167
-38590
2408
-14034
742
1414
-11865
61545
2367
-5700
28444
-9518
47438
-18102
-25881
-148746
-830
15222
8280
12920
24808
-5361
-26320
23739
12880
-51108
-6544
-3408
-3211
-11518
-21963
-2478
23214
10806
9268
52452
-4992
-1755
4176
40133
-53119
738
-37590
-23260
11583
-50425
95164
12368
31040
5248
-9054
22149
-47942
-149
77097
-20720
47210
-9106
-25144
-3510
8960
19830
22772
-22620
-1428
-14016
-41408
8705
55015
175361
26918
93240
11483
-3502
-544
85370
79615
-144972
49992
-5102
-1718
9642
18286
291
-8600
5825
-43292
-9296
-38328
-333237
40781
-20082
-2815
12360
16592
9360
-27440
7956
63258
-22536
-2024
16737
-9076
3309
85232
21672
-7274
-12674
-16851
21117
-23994
330
-116776
-4096
-43565
100580
1539
1876
59445
-5835
-3336
18380
3090
39771
47106
-69175
-95989
-44792
-49959
47158
-73112
-24760
405
48146
8032
-5416
-18524
68740
3896
-97613
14910
5776
-11192
-14367
-40213
6216
-85210
20499
312
11004
24080
-2730
-128547
-5179
7200
-11508
44418
-26932
-14199
-3137
-35247
-58070
-15887
-55029
1428
4556
-141316
15177
420607
1476
29079
-2173
-26931
2790
101840
-209904
-47860
-134701
12064
215313
-4134
9358
2983
11897
-2593
2044
-43914
67272
4553
-221564
-7240
-774
-109775
20895
2402
-24920
34175
-76029
-12546
44568
-5339
16718
-7118
-16374
-15615
-7721
-15328
145047
5291
11241
344174
-87357
-38928
-24465
-117094
-3755
-6566
-17372
-39413
21252
63612
-25984
-112506
64
57746
16301
33698
5428
13218
20786
-14420
-60900
3482
39662
-36222
2936
14692
41505
-94026
12923
-5229
-62873
3480
34716
-72677
27800
29260
204410
188155
34690
-9797
-297996
14293
-14815
7381
17130
1507
-30656
-32068
13518
-424
18530
23999
-14334
12284
14484
8852
11861
-335452
-41720
-960
5808
19182
-4322
-95169
17148
6240
-1142
34196
17963
-9216
-132184
-17858
-18776
24969
16367
-19804
65416
66582
-44511
-65714
-21060
34467
77607
-3023
-70600
-18258
48192
18596
-158712
58887
10128
-68617
-26662
12209
-14245
-101806
-824
-15400
-1017
13914
7770
-26600
-80652
-2336
90251
7885
-25860
-61912
9664
4730
170068
-19525
-4803
10743
-28200
59810
-48060
15030
6927
2899
-65776
2396
21851
2702
-12606
-5212
-140411
63825
-11427
13010
35316
12137
-113514
12093
3942
15474
-2997
-72144
-52244
15822
93
52498
42330
2184
-148860
22716
-212126
28680
2464
7453
251850
140716
-12099
295257
-20412
74451
-25454
2357
-12740
-30198
26612
-209394
-23759
-31737
29281
-13492
13882
-3674
-16985
4608
979
8568
-46420
-59798
-23268
84458
-406
-18873
-40696
5739
68011
-13762
173391
3138
23451
5500
6840
19045
19866
49490
-2634
267420
-10598
-105685
6868
8484
188
-9248
50462
42131
4818
12966
3913
11951
392
20234
7766
-2474
-76140
16091
22762
54872
32737
5626
3024
4664
21996
-21608
-5193
-66641
27974
-36064
-65021
-13252
31161
2044
95
145440
2868
-222
15195
44457
17262
-16615
97708
3828
3436
20964
-394514
75272
35348
48951
14982
-19428
82596
25049
-3403
-16126
-35760
49548
-10515
-160596
-4198
-4738
-63899
-792
12419
81517
3524
1638
-131930
14556
6444
5793
-9027
8212
119820
27328
-15593
-95854
-2022
13329
-9537
116018
7026
-41785
12196
-3216
-10725
46587
18857
10240
-510
-78108
-9840
-2793
-19610
-1610
-12543
1571
12891
-8607
-48442
-13960
7740
5974
-73112
-18075
-20080
42093
65862
-17497
-3887
82228
28024
-29183
25121
45606
2545
1210
-91554
-12776
-16923
-41442
4548
21595
-48085
-799
28398
-9835
33090
42488
13515
-160080
64363
-41244
-29314
8475
-108
-19626
-7063
-6806
12998
-15444
-20620
-40768
2920
38595
36760
12022
-131094
41154
-11630
15838
-5265
64420
4211
2961
35517
10997
-22522
-10489
-210084
-60980
-129057
-21724
6614
-2298
-368801
-44268
-2504
-59789
-197718
-430
-7194
-88564
6755
8355
-6810
79372
88750
42483
51553
-28618
8343
28762
80914
74256
48438
-219908
-11688
9531
7572
17679
15149
12908
5807
11295
-7092
-26813
4680
-7722
5832
105952
1403
1214
25438
73249
-2245
68456
-165
71892
459
-283
19610
-18582
-13754
222474
31568
-13459
38950
5800
-34034
34952
10251
-31765
14812
33952
15203
10715
69899
158976
-68313
-7974
1704
-6094
77005
-31375
80656
35204
2667
11265
-6930
-3204
3911
-2744
10650
31320
-25634
19006
-18300
-25096
70224
-1170
-7240
2976
34933
4067
-49384
18536
375134
4439
-21195
-13752
-87982
46344
41871
-2047
-10356
-246528
-24559
26236
12726
3976
-61050
-12317
-23176
-9725
-5034
-22544
-4203
8280
19513
48738
-34799
-13826
-185412
31672
-11540
22217
-4466
49632
-48953
-46713
-708
49194
-10256
10489
-37666
-19175
30505
72413
-9708
-223758
25185
-6382
74998
-22641
12069
-6320
16688
-10437
184625
153272
64734
12586
-1898
-3744
-2748
24784
8231
30918
65514
3596
-25007
25590
-10266
9979
22930
93
15500
13195
21228
-2244
-74405
10192
-5523
-115179
21822
-148008
6283
-37451
34248
504
14600
-40795
7088
-11439
23328
4215
-4500
-47444
33392
17784
-499
22696
8696
26838
-928
-41718
57684
30960
-1184
-2452
-20800
18729
-3921
43668
-37324
-3330
-5060
237755
-10213
-35832
42234
-56699
50
-9998
-31360
30492
66021
280980
-61282
-33332
-114675
39580
30030
-6322
-17766
105384
-63406
7272
101550
4153
-16352
-19495
30202
-75310
-34166
12200
-19440
14268
-18756
-86369
7241
8764
-43077
-25520
54932
84792
3064
40654
-765
53088
30660
3530
15106
-58885
-3328
-26712
84846
-10075
7443
10940
-2000
21754
652
178742
-14162
-77400
11408
6567
-32518
-8714
-23154
7184
31604
-39156
-22618
12631
195855
22812
39057
-151246
2424
-862
-70296
18583
4292
-55080
-5282
1494
23218
11760
-90270
-54086
-27
12652
-89695
5312
-11897
24470
-14620
13096
3399
-25286
26004
3519
-12496
-111618
30995
-28466
-5964
53042
6018
42483
-8482
502
-20609
-12477
4390
39688
9671
-8519
-48191
9688
-29949
8840
-16136
87536
-6605
5411
7796
23024
-15158
1486
48159
5693
94182
131052
-37808
36681
13575
40383
-15420
-3940
9070
19970
-9338
-19746
27954
-79660
-92
140
6056
-20314
-45258
-13849
-138975
196965
-58603
8149
19068
-48566
-43416
-29779
11375
-8979
54336
-7452
-5256
-3290
-10214
-3752
19210
-3948
20444
-3597
-38942
-46110
-13950
74440
-13694
-38840
-35991
-818
18426
-29976
560
-132308
-90923
-7618
-10192
56374
-774
25581
-59211
-71888
-10823
2132
-43764
-13558
-841
249170
-4350
-21554
-58904
-5298
91998
-125331
-12593
127440
41594
-4160
-14625
44661
46650
25470
14079
54957
-12528
-70308
94524
6621
34060
-10427
8568
92206
-4169
-1580
-59172
2448
-28331
13688
19010
-12172
-6993
20790
-50266
20805
-99654
22049
19312
3785
30170
33855
11008
-97384
6448
-8995
14460
-38305
-30732
1875
-154970
-29890
2234
17040
115198
37164
2576
8990
4060
-2544
-14100
34510
-42280
-4915
-7173
-104590
-12219
-84410
13706
584
4362
51718
177779
51013
-19986
-8061
-20370
-12003
21532
9110
-68468
69412
-7915
-11867
70
-14966
3156
99546
-7848
17092
-18200
-19549
-9404
-15180
11555
1612
64182
58106
-42
-9552
-61030
-11854
-24489
-84924
-65718
14333
-151332
5862
-12698
5322
38475
2676
-17057
-7818
-84463
-12254
-23168
566
131618
12245
-11076
9253
61722
41670
28494
37224
-131100
11504
1140
18242
63896
39806
3014
24876
-21592
13058
-940
184176
221106
-15453
-12720
11642
36898
-4539
-21134
-7178
-52070
-582
336
-18402
6880
3878
33795
16445
38352
13332
-5761
1600
48272
-43952
490
2957
462048
-4347
141912
-14850
82432
169
-952
-17456
34772
-4130
-318176
3990
7254
-22172
12272
8070
-5627
93898
20228
-11415
37458
29730
9133
28037
171825
5565
771
-30996
-29106
-8532
-27144
2117
-251690
10995
-912
-184666
22628
-15350
-478509
1756
-48093
187228
-1153
5679
33103
-34350
157393
-40
9680
-16302
88348
9697
-44017
25992
5374
36573
-19905
51220
-34376
31324
-41366
-35655
-18483
153273
912
534
48302
41347
90424
-67374
59629
1868
-20795
26192
11578
-65526
-1168
-19416
-49295
15050
-4167
-601
405
-30033
-44893
8692
5213
18488
-55582
-6881
-110415
-25655
-2514
40191
6157
2085
-16883
15600
6625
-73619
9635
29076
-5660
5698
67773
-3618
3659
-51653
-49428
32963
7556
-30207
188108
456
-11034
-72996
-335
-4654
-67864
15864
11620
50874
-9176
4974
-20829
40950
2598
-34054
1400
37026
-24002
1925
30195
22329
40044
282156
4962
4955
17328
48489
-3191
64908
1355
30133
-11602
25052
-9134
114095
-8338
30588
-20427
-6126
49174
21128
16818
109863
85291
-8904
-28978
192993
136057
153606
-9654
-53769
7210
-67530
76395
-56892
-83763
2193
25074
4192
14596
-11040
-22597
-5000
6300
-32583
-9883
-374
15926
1586
-27765
82690
-16821
-175712
-66678
43635
-15099
-51671
-625
5452
-114147
-43746
150175
5793
-20167
-9268
100973
-14570
11032
2790
-27331
38745
-14610
151713
-25166
342
69445
-91478
-60257
135211
3784
-98656
2011
-382
-14613
16476
143111
-1029
33728
-6868
-27354
81188
-32249
-29381
87312
-32064
-11916
108125
24156
-35298
-10060
32188
-11
-24147
46072
105627
-81078
-2673
4450
-34352
19592
139
3480
-18557
1050
1213
3937
41914
-18328
-50322
4003
79463
-2380
-10206
239536
-14202
-33781
-29160
-191133
11230
132862
20648
12550
116706
-3366
7407
14766
9972
-136018
57849
-13785
4386
-11242
-5148
-15677
8013
-37507
-82178
-71404
-66224
-733
58097
-10239
-43746
-1088
-1992
-15195
-6801
654
12463
-3480
49263
4589
-3316
135151
-10200
-8538
26838
-22488
10480
-7947
24535
-10380
-6066
-22646
-132636
-13184
89886
-47372
60282
2390
-9460
-6736
1517
-18224
27139
-116252
11660
-12255
-45826
-4443
-83136
-13542
1482
-4425
12798
-24220
42114
-9486
13041
-125496
561
-49056
-52812
37525
28347
-11496
-12454
-48750
9139
27600
126027
164790
-1884
9326
-45876
-16502
-2552
-36912
-42018
8096
-7023
1111
-25174
36440
12214
2635
-84711
-40146
-17634
138749
-6653
8424
-20004
-18288
-30809
-4209
598
9177
28657
22881
-35900
-12846
-87936
12072
-15856
-15965
-280476
38586
15018
-1473
-64140
12180
-32878
-20751
-64511
-34629
-46989
31993
-4898
-30216
-124231
-15645
-33322
1560
4860
41701
-634
100640
30195
46596
-38102
-21620
-656
1388
-27062
-28739
263105
24171
36790
-5560
-9516
-111299
889
117672
-2370
-40
-38472
32730
-20163
61530
15792
-18072
4716
-124344
-12234
8619
28600
-1842
9268
31856
5153
47520
-98838
135021
-29528
-21342
-14384
19686
56891
-57758
3642
-63096
-3234
-58287
-4738
-6458
-11484
17206
-31912
183600
34314
56281
-473
-31995
55520
-7152
1153
33800
-24870
3871
10095
42432
78621
58782
-151472
-11279
-6076
-45709
33033
-40415
-34928
-13863
11712
33141
5548
25088
-1698
1984
67968
-99660
-48104
-2640
-8660
-10019
11248
37582
-8535
-62750
-19898
4576
-7997
-159260
29146
73628
3627
-47490
7068
2007
-7875
12206
-31444
-489
42006
-1773
55779
-116794
-15105
-2555
5788
37410
2835
-4824
-20828
-8337
-43749
14112
58720
64540
59259
99849
-5021
14067
6123
-12330
-105052
71824
-734
-186928
1492
35898
81878
88364
-1801
33530
34944
121292
190349
126
34895
35388
16116
-22680
-30313
-7189
123485
2352
-2040
-49131
-49049
-17840
-1056
9184
-2262
18686
-8407
54041
-13712
303
-13467
-14942
-13068
-174808
23430
10839
34025
-13562
21553
-135072
1885
-10128
-27264
38230
-105791
18204
-13218
-9307
-38220
-52588
-8121
-49310
8464
17532
-4692
-45686
61480
-35436
-17412
19753
25006
20586
-8509
537
-47936
1366
10446
-8044
2303
1685
6896
-23092
15101
-1268
106394
-32728
-41848
-108671
47632
-2262
-93311
-2709
16899
-9336
-126340
45346
-18046
-6779
-5922
113935
-18341
9135
-3455
-9974
107375
-5600
-87830
-2140
1555
-15075
10714
-34347
7600
-3880
57907
38211
5843
9483
-14763
1387
-17790
46690
-668
-6886
64284
-6466
2992
51758
-37246
16660
26706
-38404
104178
13691
6441
-17968
690
-56790
7908
-15372
-20356
23760
-59934
16270
186162
-106885
-59310
8426
-91532
-4945
3381
-24762
-130873
41095
2628
-7215
-33650
768
9608
9410
-3921
-45300
-59052
-21890
-24234
16921
-7243
-14908
38188
-13479
15966
113414
49966
-15
2444
6085
-1808
-12515
21191
14467
-34203
1033
38970
57560
7259
4686
-20543
179619
39200
16648
-3160
-70218
-45955
-165660
7777
-34830
-26958
2229
-2748
-7039
-18136
2411
-16276
29180
-21682
54985
100
-79246
50011
-368
-24677
-4990
-29270
-15488
-220377
-19191
-17056
-27622
10435
-3787
-36565
-19598
-27511
-144123
98474
51136
22386
-32547
-14370
148220
-3826
644
-188496
-15733
5363
66712
31957
4384
-40576
15858
-57002
2424
12705
-61459
-15584
15618
-35328
9522
18775
-78050
-77816
53778
-18102
144448
29056
23805
-4872
-37204
-6264
-4539
-1127
42668
-6467
12364
-10042
-13328
38384
-459
16798
3016
21756
-151523
8100
-2448
16800
-6352
-17124
144443
8892
-9276
15487
-70309
-32870
63941
-92777
-23218
-1620
-3266
22060
14552
455
16270
-69358
-29711
15143
20897
-7789
11387
-17490
-27715
-10656
377
66252
-6024
72404
5908
14746
94770
3024
15228
-3468
-14477
879
30742
-8835
16023
-166524
558
123025
-34909
8361
113869
-255465
-1346
-17810
45349
-64076
6308
-11004
869
11832
90595
-10240
-15684
11339
-30708
28866
458
-41151
19635
-17016
6112
15901
33
12332
-7763
-119923
-22469
-70285
30873
8546
-20042
1999
-4232
-20472
-29122
-2562
47847
-54030
-20797
58162
8994
10780
-68543
7038
16160
-59818
281265
25463
209601
4415
-37738
63043
-33807
-17011
-60499
-736
148929
31860
57516
-16873
48832
2100
-58843
-3432
-72203
-140912
115868
-28192
-74456
-34528
-7632
-11926
-44160
-6038
15132
-6226
-30010
33642
26136
5516
-66603
16049
45402
-680
-11344
-14173
8928
9709
68386
10448
34599
16761
-1756
-7184
73089
-1786
1332
10425
-10194
2822
-16796
-95272
9729
38930
-6790
-64084
43375
-17204
-7499
151536
-4351
-115413
-445220
3210
-64422
64614
171774
-993
-107337
58144
8444
2624
5040
-2124
-3444
59414
38218
20758
-6557
36859
42664
13793
-4368
-130260
9300
20738
-21205
-16940
-167894
48
-676
444
16610
-15654
35439
-31446
52797
49682
7172
1008
1560
-29103
-7578
-1376
-2090
-73197
-3892
5730
1170
-2924
263547
-25183
2127
-1234
52563
8146
33009
38622
6785
133934
49662
13999
2499
-87278
159458
-9354
1290
-31177
-84036
-110021
70352
7722
22875
5951
285
3567
-91860
65933
-12422
-11262
10458
4100
-1423
-27348
5696
541
61128
-100504
-64319
-38946
7872
9750
21906
31845
16991
19687
-5202
-36198
34798
6914
-1548
2918
-7779
17366
-249
79278
-1222
42211
-22892
-2145
20164
-23772
-17834
15408
7038
3030
-2536
35140
131852
-19670
99418
-5841
-28041
7563
9308
-3686
9220
-49984
-38318
44338
-4412
2264
1206
-6984
28553
14295
-36072
-32268
-3414
3071
3348
65324
-3495
61928
27588
-3552
25866
-22874
51394
-96446
128597
-93630
2410
-5007
14866
98528
7662
61134
24725
3305
-11924
-31172
1857
26788
14155
15063
24398
-261993
18762
7876
-37876
35348
15347
10616
-12448
8168
78088
-8433
-2109
-38846
-7722
-32962
9888
35476
-28320
-7538
-14160
-249782
-41124
51550
-22950
-47364
-20928
-33020
40107
-9329
325452
-896
-46203
-124836
-47359
13064
-1196
15410
-15170
-7723
-13605
15964
-45812
-125200
-165746
30206
-48330
-129505
-27976
60782
-60814
-49272
43505
44800
45281
194352
-46008
8324
76300
470
-2666
15189
-38857
60889
-21912
-6830
7287
38105
-47656
18050
54559
4388
125598
69719
7870
-20
-24504
-22530
-23461
17290
-11025
19045
-5170
1356
5182
5766
-162981
6042
-7172
-13424
-4564
104888
-987
-2614
9372
63076
1588
4386
10168
3354
1264
-3309
20677
9052
2373
7691
35376
126
29535
-70540
-74059
-39308
5034
46440
31366
120564
87162
86918
49081
9702
-1500
32928
76080
-6293
-46278
-58532
-6336
528
854
130656
5240
23574
12447
34047
47930
14085
-9215
47910
54076
-4448
-63840
44468
7380
18509
12624
-4707
7352
94727
663
-9416
-9460
20171
-4971
-11676
-41358
-980
-93884
64088
500638
209789
-2244
6905
13119
929
56867
6732
-20128
-7334
-18216
13710
55254
5364
-932
39999
-23013
19394
-131236
79586
-18991
46990
-32711
-2797
93997
10650
15372
6582
-3353
58046
-37307
4845
89332
-10359
-3274
6056
43524
459
14014
68800
-72117
-52386
-3090
26048
-12498
17518
-108675
16558
56180
-18843
7366
-1146
-120578
-30931
-4420
-2185
30844
13003
-117904
-11592
-4260
-27578
263422
-5301
-18690
-36662
-3666
561
828
-1584
-8010
-146380
-35991
522
21656
-13084
-10479
-14686
5204
-10496
-18297
14968
166240
29172
-25970
1260
-2787
3505
46885
-3441
-9512
16302
23595
7448
-36259
41090
66684
-8131
-10340
8432
-27787
-1240
-21832
-41996
10912
1288
-22969
17608
-14684
-31916
2785
47982
7344
72
3523
-4527
-363
-296817
-29046
35118
5079
112560
43114
105310
45320
14343
-43688
-882
3898
16170
10725
-25502
-501
-97764
-6633
18819
33705
24992
58898
56936
-31172
-18576
-149452
25748
-77390
-90871
-33484
164844
15812
-68043
-20169
-44485
-482
-39201
-24744
48900
-91161
106678
-175094
1860
37323
-76917
-9641
6375
-6291
-36609
5070
7405
10346
16730
40418
-8238
-973
22714
16633
-53200
171839
-39822
-288764
2852
4354
55506
4159
27840
-4226
469074
49234
-3496
-16323
-15596
-216
-43715
-12768
-49575
-15640
19131
-2546
64840
-30178
-49168
-19382
-42678
104256
-62800
-50054
-13996
-112558
-5
12240
-6216
-9216
53968
-32139
4328
35206
21314
2456
54900
119693
1106
11253
-2145
12846
-15319
18520
-109096
-6892
-39932
19782
-235328
1752
11960
-7573
-31347
14545
-3754
-28142
-52674
75537
10668
7626
2503
109577
-13321
16700
118035
63250
28678
65654
2850
3998
72856
-20665
7993
-7194
27864
2633
1304
70529
-1559
-18465
-11328
-2036
6434
308
22298
25380
7325
-18338
-1802
-6548
-47369
-55957
39424
51612
5570
21956
89155
-73808
-3492
3108
-2460
-189886
-45738
-9730
-19614
-9900
21872
4734
69868
25070
-56016
-61297
-12380
-116686
-2434
125583
12768
11609
29670
-44670
-49042
-36
1376
-33604
-68407
758
4675
70125
-37924
-60848
12630
-110594
52025
79066
13653
-4392
3029
35275
23490
-7257
-3945
-130328
-1131
1007
2061
-17684
-22860
-12533
16738
-4230
20840
5573
-5815
-36241
-61954
41633
10220
234359
-5768
35918
70761
-21978
-14385
-4983
13339
63356
-8263
83752
-11362
17526
-8683
-28310
4982
-27098
282907
31284
31287
7984
1936
39350
55244
110920
3072
-15245
7788
-10161
6105
-121320
-8575
5216
101476
204
3558
-3232
-2436
4202
-1323
-9404
62653
-9060
-29198
-46464
12012
7360
-30360
65
31566
-6134
-23394
-22383
32730
-8443
-2776
1581
-10880
64970
31436
6825
624
109355
-85334
-307022
2739
-986
-21121
-45591
9423
3865
156
92036
15654
10062
-5850
5769
-26112
-25440
18116
96575
24172
101305
16473
-19844
101761
-22056
-28625
-56215
-144526
-144888
24921
97578
477
31056
-1472
3263
21962
129696
-42991
-713
34331
6442
-5155
-34209
1022
-28364
4967
3879
43055
-11068
60950
7351
24330
-10714
-11901
33376
21038
-19244
-36360
-7567
-8766
36902
-93626
3015
7350
116486
4041
-47146
15591
11102
-17196
-8371
-10284
11310
113750
97668
8808
46184
564
-20013
-9771
30732
-1982
-10888
10476
966
-102835
-32937
57480
-30750
-5241
21972
12130
3986
-169448
14405
20650
-50670
-622
17768
2315
-39630
-14136
-49076
66728
-225847
-6424
-2471
-25976
-57510
-3136
-7430
-12976
44592
38454
48836
-19130
18319
8228
-12138
-24402
-11864
-51094
-9786
9665
-18455
-70
-5878
16336
-57407
101697
-20810
-23556
413263
3313
39188
18572
25138
-13131
-49642
11073
-105182
5444
-4299
-23793
25749
-21121
-11346
-1044
19872
25984
-30110
-48265
153708
10472
7130
-2240
-38546
58889
-6213
127431
-3531
-24531
-17850
19102
-18210
53310
-8220
7748
7050
1542
-1740
63062
48107
15144
9147
-7880
-34610
41832
-93734
-8004
-167763
57568
3975
62871
-71477
190123
-29050
73645
9286
-39646
55702
40086
-23348
29444
-20394
-11210
7028
-26390
-147
12377
46784
-85960
-17562
3754
-34314
29788
-2587
97785
-56591
11694
-78647
87000
-96732
41728
-18598
40256
-255711
-5456
33022
98231
-30114
-73837
-114061
11716
-10428
7622
41551
-27696
-1676
-12018
23856
33669
-392532
593
-8667
-10892
-35364
3959
12708
84348
18933
37800
-28469
-19548
-11021
-590
10803
-69200
-10965
165026
-13495
-2694
-17469
-8148
-1390
-40465
7018
62828
-17131
1348
45
14827
-50088
-3960
-14081
-10549
17267
20820
39532
-12174
-15776
44244
6620
63714
16524
-29652
6125
-22536
-49744
6430
29046
10836
7071
-20587
4115
-4788
402671
2131
11796
-20931
3195
-2178
-24271
4977
45240
51800
82296
-931
-2588
-24152
48004
-41106
148920
65192
-18207
16800
-951
161613
-35438
-17157
-28078
-43615
13692
-34776
-1918
79179
-8346
-23920
-12782
-31064
13307
-30010
157648
7896
-18498
-18688
-16497
6535
-4490
13701
18232
52597
-83568
1308
5720
-112469
-2176
-8902
50036
-61670
-167777
17320
-17740
-2798
6686
12468
-49352
-113169
84836
61348
20042
64539
-5840
46149
21929
24027
10366
38006
412056
-1160
25098
43564
46647
97875
162758
90450
-5388
40032
3493
-36110
20781
-9219
16768
-47760
10543
8172
46797
3318
-49141
-4520
-3042
-63546
87490
-170252
60273
-109712
-22014
-7360
-44012
92721
12033
-13552
-120564
-5501
-121862
57840
20672
-28030
10067
-90033
-3291
664
-8074
27028
94449
-14490
-9286
-3264
-987
27768
34591
72148
-16620
446
5616
38415
82593
-87104
970
-25728
47104
-5871
1240
-12443
72213
6604
-25068
-2739
-7172
1308
-6564
20048
3445
7830
-92821
25098
-1794
564
-69432
13257
85485
-14706
7389
42751
9431
-8376
-12142
1571
-6162
11969
25137
-2476
-298
8143
-4685
-164962
48706
1069
22296
1542
-9212
12594
4703
11398
70444
338289
23220
-59418
132856
3998
2331
36028
-71568
-29460
-5506
18704
105355
19462
-8209
15177
-77886
-29108
-10384
-48018
-203789
-45297
-3289
-50719
9210
-18792
7784
7084
36865
31664
-26230
-226776
74583
4420
4526
1695
342
23426
-24562
-8835
-6881
11140
-7116
-63685
-234032
16
9430
16114
28698
12140
244101
295148
17444
31938
4480
48819
-97218
-11032
6009
-29286
870
19465
-6643
-29634
-19416
-44685
128
13708
-17545
-660
3176
20058
31179
-7014
414
-20529
3939
31502
-2604
50468
54627
-4856
40544
-177
2983
-63344
-114634
-18884
-36218
-27063
-75353
1992
48048
11967
-7922
115540
-149933
4620
-13106
-43921
4891
23025
-44608
89820
-28346
8392
20076
-213360
11888
10222
14160
-58400
146496
-339
62360
55290
823
-18497
-9399
4576
-114588
-33002
7899
21963
3252
3780
-23650
6452
-49054
24612
1590
158882
-53276
-21620
-109026
6654
59278
63122
-8084
124245
-2652
-93062
-41395
12833
42182
55829
-67336
-138030
-21900
-4660
24286
48196
-20988
4416
-15910
-42463
26915
4694
19830
18798
-31299
-213982
2025
-10712
14022
92416
48430
-4634
-4015
44636
-860
9080
-23855
3603
-35913
37092
2394
39015
-3553
38242
81022
-10889
1248
9413
2412
-285630
112152
-42468
126525
168306
22139
-120
11754
7260
-3136
4574
-9205
-165
16728
-10270
136380
53655
10976
-13471
-42671
3318
-6146
48726
-60713
-5420
2593
10457
-12826
67644
65498
40194
12798
89511
308
91880
-33197
1128
-328206
-38652
935
15046
22912
-12750
-25491
1500
-7703
564
2772
102600
23970
28784
125124
44638
-157596
42233
46588
4941
5978
12014
-89
-23498
-4064
-26028
180004
23880
-80288
-12162
-2857
122184
-3191
-444
67665
9859
-296695
12292
-5768
13446
8987
37245
31021
34104
38655
-11046
-6663
4294
-70480
8148
-18511
56890
-12624
20421
-49536
289418
16042
41845
2117
-10580
47810
7590
-19828
19646
-7414
35904
-14393
7105
-192
-5534
-7089
-10880
30300
-10047
2986
-13211
22304
16958
13386
-25879
-1795
-69552
-14206
17768
-98577
-15502
18190
33278
39844
54552
-33102
-29955
-10858
6303
654
-62854
17385
-5854
3732
-11794
69886
8317
-24301
-77474
3762
-1075
-47223
356
-426
-16830
128474
423
-370
22872
27572
-3624
-10004
15078
7466
1416
-69448
8604
208650
29499
1290
43969
85704
-10762
10320
-5584
4755
-4376
7658
-7018
-10485
-1964
3584
-9076
34273
23154
35819
115250
-64408
-881
-68700
-7654
4050
-11709
-7462
-3116
-27072
350
31911
17461
-19432
25546
-326
25632
-21290
10758
30749
-12175
-20311
800
8564
-15187
-3143
26508
-121430
16953
-2535
-11524
35497
209922
-104643
26828
-195265
47899
-437907
11220
-1989
9590
6032
-53043
11010
-25721
33356
-1375
-1244
38010
-47208
-33445
-2127
-3281
-18186
17409
332
-7301
-41481
-237884
15905
6860
21685
352758
-3809
2170
-61708
-89367
1090
-22530
-163682
71103
-37536
-30690
16990
-11152
-95907
1816
4904
780
-16032
-17816
-38617
-13804
-10140
-30341
-29101
22295
2941
7198
-3495
-92176
2780
-39744
-105844
-19976
115622
-12220
5133
2196
7800
13894
65559
-11687
-40230
-100137
456
-31077
3386
-74062
33996
68479
3165
-227
9125
-4076
-1028
75977
-18377
38668
20424
41016
-71830
-153738
241
9615
32702
-6158
23220
-59610
34597
18047
-18750
4299
-10168
-34905
-1880
8720
-2571
-72868
5201
26430
27257
4008
3572
-5612
-2702
4360
84746
9127
-12321
100151
21840
60402
49221
-74496
-34230
118693
-28632
12975
19680
19092
405224
-44810
-5760
-6642
32514
21380
-16634
24090
79628
15363
3693
-4006
12963
26979
-33938
3784
-11344
37050
-34075
22960
36492
18132
6122
-6742
73153
178884
3344
23760
-148980
-8808
110694
56325
95644
44570
-49824
-72759
-3275
2222
680
-48182
-12651
-7737
73432
-8040
34606
6083
53087
-344004
-6446
15594
72704
-1432
17010
13205
11356
-3808
-8247
-393
-6096
2217
-14202
7960
-6855
34932
6815
70410
-13854
-40
57995
-109377
-91048
25762
-18256
309399
94014
6486
-1398
35216
71954
619
-57953
42221
62730
8412
-53602
-20552
101784
9064
66220
8745
-38240
-38902
53808
-19861
5336
83107
-660
2028
31845
9338
60384
-19396
-7117
24634
46360
42836
-1396
80898
61333
-19262
-8220
-506
32690
4992
52073
13690
7674
-102220
23922
-15232
-8088
32032
60183
-7838
-143169
-13077
-47315
18596
-26115
77848
3461
-28030
-17206
13528
32092
-12173
-18478
12412
884
-16550
3645
65232
2354
-8946
36261
-10669
-57759
-124449
25368
40282
-18756
-7930
-11148
-25883
10628
49408
-624
17916
8629
15888
11268
18156
-5729
7295
2606
610
-9360
-203199
5014
23226
-7146
7792
-1950
-3668
-13808
-20949
20668
40652
-7212
7328
-1532
-145970
22668
17306
242
47156
-173022
-1365
4476
14205
-23528
16160
-138592
28822
32645
-19488
-35142
103220
-19116
20053
-3724
-102060
-9260
-23849
2244
-53432
-8192
117
5394
-4314
28882
-49740
-32583
-50232
1652
5033
-72204
-103792
590
6966
-1034
4636
1185
-32623
-11665
60685
-2070
383
-4475
-6082
-49784
27143
28694
77940
21991
-55062
-4731
-49818
-10911
-1164
-17704
-21611
121906
19449
1048
20668
3793
2756
-80356
5175
31809
12736
-11722
113589
2892
0
-11490
141375
6659
21906
-32976
11729
17855
-5760
-130956
5346
-30289
-42208
-35754
74247
-89118
34587
-20115
-15882
-81136
-12240
25064
-5494
49150
-33987
6673
2317
204764
-1569
-125468
11656
-68556
134138
-678
25520
5496
10624
-9663
27702
-14445
-1279
57979
-5451
-161668
37726
-35800
1918
1710
-291084
-4628
-1080
5580
-107723
77712
146068
-45322
-30857
-2160
-339988
-1359
24878
-21372
-56850
-1058
-53712
-83440
25543
1486
14648
-74668
-5376
5066
53179
49850
-18573
36198
3969
-26236
-4779
185712
51786
-46696
2868
-9752
714
-32168
17665
60880
4642
-58140
3726
50460
-3920
-3925
-86272
-17460
8224
-52142
-9362
6768
71608
-7873
-8488
-139006
-42849
139650
-14370
8622
-53517
4548
-38587
90810
-5940
-1104
-1644
17484
-53
79296
18887
25958
6330
21384
33654
35552
-78128
66291
14931
-48182
643
11664
93171
-4928
-10881
81693
-76522
-20747
-1929
-1692
-23268
-778
-89004
60372
1656
-16228
-80535
-30788
30828
7627
-2157
-2346
-1468
-30094
-13473
23774
-76443
-26910
23967
-1340
57884
-3042
-5646
-17520
-5972
7938
6822
15838
-14000
-39214
-2963
10892
-8583
11994
24052
15392
-39738
5091
97069
328986
14988
38448
-399
2618
184814
4971
-22174
-9694
-8816
-1557
15682
1344
-3882
-8592
-19682
7698
27360
-13612
14513
-18646
51072
36960
-4092
-139
-900
2888
-14482
-10562
275
6904
-11313
13759
10651
28202
30645
-27457
11022
78690
-205552
12473
-2361
2439
-96450
-40494
-357500
8239
924
28532
78978
-139968
-48080
19342
-88326
-9129
-101196
3222
7413
-335398
5144
-42905
1708
-51615
67470
-3367
-8547
-29332
52003
-5672
-9019
-35325
9737
30779
735
9056
13859
12182
65129
24258
41061
-4725
-68286
-8928
87616
2985
6128
118079
5144
-15869
50166
96603
-40632
138151
3308
-27400
-146
-27963
-11072
44938
21165
14520
-3402
-20028
-5610
55422
-23273
25262
-13674
54316
-3456
14725
109672
-65253
49575
-48597
854
-11815
51999
-13304
-70370
4073
79023
-32515
-46860
19712
-14769
-20419
42374
-4368
39195
6426
31036
32303
-71280
18308
-105761
58782
-20828
-7866
27666
-29594
9414
-9680
-5116
-266164
53190
5487
-8622
12944
-936
46823
6264
-12431
20344
-392
-13660
64836
9335
138624
72452
3153
-13978
125474
75048
-5751
10776
5993
-49831
-4020
-20604
70160
166331
-24699
1404
-11718
4055
-24560
-4851
20761
-43164
37477
141489
14986
-38296
-16232
-8332
10848
-28756
16014
-21272
-95272
4435
-142654
-59599
7449
-58428
-30070
-59206
-9144
58630
-55700
62228
500
873
6654
58499
44514
-2865
62865
37050
-171069
22130
39565
58861
-33930
-10432
-40778
-43814
82001
-72645
12860
-36211
-3944
43219
141065
-299860
-5727
84203
103136
-42636
1665
1876
-86056
-38540
62076
-16269
-23850
17579
-13269
-22743
-58786
-16034
-72250
14742
2581
51315
-8875
-2256
6888
51854
-26007
-71877
-164944
-10992
-14466
-1781
-61356
-4667
-23673
2888
29506
62777
3525
13905
-75314
19620
-21250
13406
6948
83430
-1890
-2560
13388
-3328
17412
-18546
-82176
-71573
-47679
-23432
-5266
106766
3072
-9310
-10099
1950
44463
-6018
-14650
-5781
97745
-23479
-56940
24304
424
4899
-36655
1026
8283
-38952
32524
-1104
5908
-17352
-51571
-8436
12567
21164
23555
81488
36609
-11192
25492
-9654
-53570
-52576
169642
45172
2898
-47533
-14667
34060
-16533
-60745
-30260
5310
-21752
-48914
6720
-7770
7839
2284
25124
-11088
45272
-25330
-91954
31470
6358
2502
-4142
-25696
-3890
-4221
66378
-17184
3225
95677
127812
-4259
302
-3646
10959
21003
-4756
-5749
81303
-530
159790
-30
12187
-3821
20683
-15156
114292
7652
-35052
13722
26686
-14340
7408
62676
146615
12966
31540
-7850
-4752
83545
-54160
39850
2136
-46200
1730
75104
35130
31013
11541
-12741
1657
59457
-36203
-1373
-41135
-62311
-3180
91646
-1096
-6079
28070
86284
4936
-20877
44454
-84102
-2184
-7916
-33376
-3503
42198
-17196
5585
-64211
-670
-50442
5328
14542
3653
65672
-10844
-165013
93074
222
63481
-19222
-54166
25618
-29841
-31696
643
16884
-74266
8340
-5128
-25475
-196045
-46880
-24320
10841
8827
-3515
56585
22617
37575
-4621
-334402
-3256
89695
-4147
1976
4942
22108
-94934
-8152
34626
-16404
-10858
30846
131872
-10510
30753
-4846
37360
-49491
-552
-10768
-126846
-10378
11380
-3526
231051
-13646
-5750
-129988
-7344
38610
60384
-68008
9876
-8844
2092
-16846
2527
-33988
23690
10728
-28460
-280444
-144
7797
5346
8431
64698
-16576
-23615
139842
12143
-4847
34952
-14413
-10212
-43182
-4743
16254
-5744
40803
28
91182
-61277
-38416
-24024
3963
-24718
51600
-4018
12604
5090
4656
26518
-50624
-9528
86662
-53795
-35966
19712
-5294
1273
239540
-97493
47031
80380
-86643
7821
-20666
12908
-45640
-10926
-48107
-120718
18492
-22652
-24564
-62586
48159
-3315
-30603
25435
-10176
-35139
-15199
17347
54464
14294
14364
6514
-2516
34095
-8550
-16091
-397
-1725
23562
7843
-31573
77656
80294
5465
-43653
-27950
36020
-12578
8536
15447
8919
29304
25374
3327
5061
105410
6240
43911
27708
-80722
83639
-41231
53392
17923
-33708
5240
17511
-34225
646
-6168
46794
-1510
3620
-16697
58818
-9481
11495
-55154
-2628
-5204
-2591
2800
-3902
10632
-56298
-9861
1034
-2960
-17874
-66364
-69864
-620
8154
1932
6591
-2988
1034
-71456
-9061
-22033
5011
21231
2751
1317
88425
-104262
-4699
-11840
-133050
1884
22053
8092
31825
-4806
8714
2736
275
20871
37539
-26661
815
-4464
-70074
-4413
22649
40252
-37719
-5622
22632
36378
-14255
-55892
-16326
8218
3344
-877
-50048
10926
-30400
-19880
115016
43840
-228027
6426
-9118
17737
2366
-13330
4216
19516
-3314
-368560
211262
43350
-33900
6747
59254
-26362
15129
-7660
16040
-10812
-14026
93886
48
82082
-93061
210
68118
-1950
-19363
5770
-158592
8500
-9927
24001
-36578
-37205
8139
608
-55150
65312
15980
29654
8674
1196
15320
-4439
-25749
5958
14112
12803
21946
-1172
-26581
-47718
28381
-13596
74102
2208
-40518
48504
47222
-10090
7392
-19245
54698
7109
-108018
52968
-58812
-12802
-960
-46943
-23116
-49840
-38998
106935
15284
7917
-11146
1474
3516
-9532
8906
-114879
-51337
4144
-8702
-31472
-72447
-10984
-5002
-98774
43809
3340
15291
10520
331874
-18453
9038
4032
-2145
-10888
-31683
150024
-13806
10515
12188
-14496
-1561
27742
-32082
1300
51280
-21780
7031
3194
-26440
-3883
-21849
21678
-38216
102826
4590
-1802
-16938
-45371
-1235
-2833
16104
15129
640
-35370
158720
969
10153
30037
3532
15112
-17572
-1603
53932
34146
561
3964
-51737
-8680
1335
-41461
1778
792
-84171
32133
-33368
6057
17856
19763
33294
16128
-2124
45332
11389
28682
57647
17274
-5338
37685
-29640
9525
-369
-18912
-17040
31926
-6126
54862
-12308
218
-10204
600
2286
-11694
55166
-3474
12854
-22345
-13960
-890
-23524
25337
-43556
45306
37872
122042
-39032
1461
178
26609
-26637
1434
50640
-23553
-11364
575
134491
-32040
-29928
41898
-13885
6296
14541
3844
64800
-6624
29483
2878
39174
-46050
-27570
3552
121614
12290
-19704
-32106
-16030
-3360
9180
-3185
-10549
17496
106482
-5205
-1390
13116
-19998
10408
37846
38956
-17124
64378
34847
-47012
1543
-6428
6414
-105952
10847
-5496
-61041
3964
-29312
24817
64
111744
-11828
-888
12754
-100959
-8574
-15596
1036
40776
11872
-35636
-10959
-6564
15560
-25661
1820
104363
55879
59242
2046
57500
-23424
-21468
10515
31694
7645
-149994
15292
-11633
-96570
-66961
-8113
-7242
3986
15450
7116
-22690
-8896
-73188
-34128
-7583
4744
-72001
-59687
-13155
-8193
-21925
-34228
-15835
-11000
-2619
-5672
20851
23696
-848
951
-38816
33667
-883
16040
193008
22808
177088
6825
-13849
-220164
-29715
33253
27804
-4773
-11850
-146222
28474
7020
113995
-123926
-12767
-581
-17712
78521
-49980
-36593
167906
-72724
-61452
18746
3892
-30290
1738
-26938
-18606
30150
32280
101628
-1658
35664
-31472
-10581
-28677
6903
-37353
828
-14580
812
1668
3831
4708
4912
-106303
-51015
-100
6672
17518
21108
16280
-16412
-16395
-26112
16822
-21993
44090
102014
26184
26066
-100844
23212
658
-66843
94224
-23137
11134
69861
-18120
-6503
-872
-46397
7600
88310
-78967
8663
70872
-55204
-2266
1239
2791
-5543
-2091
-15546
22649
15136
-9054
-29944
16844
-6748
12507
296930
90264
20072
27834
8216
-100778
13792
-64771
25690
-55059
-7990
-38017
-70315
-26379
14864
-648
41918
43601
-12061
10096
-17520
-341
3654
31145
-34755
130308
1356
-23416
10747
-4104
-120612
-5740
59030
-1624
-8392
-59896
-3682
10890
3804
-3130
14628
-1290
-5388
-13682
9486
27160
272652
4645
-920
-45600
30909
18197
-152665
47161
6623
8661
32181
-20604
-21986
-526
-16134
4446
37898
41095
-57821
84505
8
-6766
33372
-42778
7951
10431
-51180
-26148
-34009
4882
-18184
-73487
-60220
5732
-3034
3772
63392
7114
9105
-36410
28524
-8000
10100
-906
31104
-4623
3192
58227
98524
124086
-38430
2652
-14804
8218
-11712
-30082
4660
18695
1965
5600
116319
-9634
-27216
-2420
-13299
-39291
2790
3217
-6160
30490
102507
22378
69330
42628
-35067
-2192
-288063
-6138
-7389
12926
-1831
-44631
15754
-18848
14610
468
13119
-57280
-21888
-80
4887
-18224
-83369
6573
-19288
29356
-34821
-50536
7160
-1832
-27432
-44068
-81624
-10663
2467
-65033
1628
70412
10345
4410
-147
-21365
19466
-756
-8796
-30436
-4720
-49056
-10656
-26168
-39196
11580
151704
9403
28872
16536
-98631
-5900
11062
4110
-1292
7528
-27167
57165
-22959
-9288
52250
30641
-60896
740
12018
-7167
-7678
60665
21388
22256
-6499
15347
-14817
-28422
11324
638
27685
-2662
-4565
7962
-2655
206587
38635
-15956
-5425
-32377
-33440
-3688
-32452
-5210
21492
-7658
29322
1020
2224
-5132
14488
-249
13524
-3312
9558
34172
-4244
38453
-17821
82572
-460
7520
-16506
-11801
-87002
22782
56938
24271
219
90
-16217
-29050
73401
57276
-25277
3962
-2200
26295
28714
-135395
-5760
51678
-113400
3920
-31672
2808
-31524
80236
9737
-9140
15451
-5732
56817
-25197
357093
-78465
9544
-148670
19998
-31390
-8753
-51500
5799
-4776
-61140
8688
459
-27906
82900
1351
48772
3418
-2292
120321
-8440
20030
-14209
-3627
-19518
15963
-191170
-28294
20628
-2197
-7820
241339
301582
-44712
-39898
3078
12666
-29109
-29646
5196
104620
30318
-4873
37704
519
-12188
18452
-18512
21448
13816
28534
-91258
1584
8942
-3309
187825
231
1992
8580
8665
-13464
10684
6504
13623
10548
-15454
25462
-76323
-13121
-34035
13064
18435
178712
-4502
18371
-2980
2620
-3202
109958
22272
77760
-75
-40035
-230
-2340
-10354
-7351
7378
-47076
73280
35497
-6
-8164
17001
1740
11511
-10450
-12433
-321
-134398
11432
-13432
4075
9832
-34322
21297
65951
-69439
-6043
28596
14766
-31632
-11920
-6955
-10553
14406
11507
-40037
173709
10605
9825
-3628
47242
-37356
22912
-10556
-3657
52644
-36229
-7175
-10653
-22836
5274
-2086
13044
20966
15878
102082
79856
-16971
-28610
-51490
-112645
69509
-933
-14999
-232837
-12172
-40338
7667
37224
-55421
-53836
25898
35807
-25836
-2731
-7670
-89162
-16640
42969
20931
60957
-2532
-66836
8087
-91498
20898
34848
28444
-9188
22218
-6636
759
68769
67232
-1984
22104
654
-11340
-14289
82090
161135
-232688
22096
-9410
-50932
-27024
140021
7380
-39077
-210070
82725
-7060
-2910
-73304
-1496
13394
-918
-37242
339409
-7512
-44416
-30201
-39171
17470
-3569
65779
1908
-39019
-14752
28070
13520
2186
13738
89355
4538
-3530
-5779
364
1228
25940
37678
-62121
3512
36521
37714
-10888
54310
-4608
41254
12291
29400
25910
2248
-6694
-308
9597
312438
91782
-41827
-119828
24303
54609
15783
-2864
-7830
18798
25834
1416
82860
-231138
-34110
9029
23541
-54711
-6468
3445
-13948
844
-38537
-342069
26124
55510
17297
-21057
7896
-7104
22131
134271
-13695
61439
204943
1222
-21047
1461
-3095
7690
-16020
45214
5976
-19234
-36076
-32346
1952
-1697
1770
-15974
-146448
18490
-8224
21988
70302
37852
-25900
11147
25063
-17149
74724
15627
-3483
-2603
-338551
247951
-123414
11462
1356
128936
-12702
25525
-1246
-12246
-24465
-7456
9249
29565
-69300
-1693
1411
2659
41664
-11853
-1490
39220
-40095
39497
18756
-63696
-14464
7312
10830
-19695
-15202
-186012
18702
-147340
27428
21798
3780
137496
-1914
-28961
9640
12476
3190
-137004
-130
-19100
-28954
10837
-198199
76064
9595
-40747
-18816
16156
-5746
5350
-13830
69049
-53098
-18388
-8656
-7508
-22848
49011
-32676
1872
9504
1938
16805
203985
10166
4134
23792
-114616
16260
51480
11882
-12366
-578
10646
-10488
-7152
6089
-9616
-24172
-1403
150737
-27100
1090
-45356
30420
12300
-1857
50500
146008
8640
-4560
13452
-88357
4900
-18096
-38083
16752
-34755
-33796
167700
-19220
29365
1335
7825
7872
23376
48921
-22217
-52608
2072
3578
-6836
-350846
-11664
192848
-6474
28467
63869
3620
104393
161381
162103
6152
101540
-11376
144981
51967
1590
6710
13352
55410
27314
-596
67398
-34060
-180793
8933
-4896
-69938
73755
-337540
58065
-12046
-23343
38207
-1219
-30052
-22511
-7024
17214
-16038
-40319
-3864
45153
-11000
-5535
-7290
11374
28628
66560
-540
-2058
35220
36918
-6096
-50208
134902
-14030
-24231
-40610
-12088
65934
-19400
-40635
-10107
-18662
2640
-22016
32955
8368
-34514
18
23653
37893
-80380
-765
581
-19881
-42240
97347
57041
-4271
-20699
69055
-17000
-280
-3817
-22320
4820
-435
-30848
-1600
13755
4060
-53146
35059
26523
-3800
3264
250240
-1400
-47168
1499
-353512
-29482
-38064
29078
51538
-20814
39807
35991
4088
-1246
-14864
-13366
-52703
12741
-1364
69182
8580
13066
-17398
-1494
-9956
-6676
-1382
-4056
-49860
-806
14392
-15819
-4420
-15776
1619
69585
166
-34564
452
4254
29652
88540
-52225
-20391
-28692
10560
150449
-5708
-6670
40064
-435622
-12695
35876
-4927
-36312
7591
-52257
15150
-10599
6794
-18120
-24949
-3028
-6868
-18453
34774
18420
5657
-17648
-44032
480
-10512
43840
-66409
-27589
252992
-7546
-11410
6614
47000
2996
3611
-38255
1194
3012
-19650
19353
-25490
6932
41460
48266
19256
986
41330
-7368
100
-136673
-2672
-22221
-41772
5283
23725
-44754
-6544
-14185
-175758
-63250
6810
1494
-135702
65668
-125302
-68204
754
-22208
-32922
-13142
-6017
155915
4762
30554
73395
-32946
-20275
1544
-12192
-32062
-4312
-47642
-68145
305940
-15329
40264
-2752
-375510
35346
6410
18380
-110514
-15832
-3156
9316
9651
-50894
4060
1644
109221
-1788
175870
2700
-35348
44500
-22444
408866
-105334
82186
-9879
-11955
39807
-973
66143
-2054
15969
10
-25932
72691
219
-120874
40732
-27010
-86532
-7202
-7844
-8666
18600
6284
1564
-90244
242265
-38133
7661
-2845
-1695
1144
-17347
20310
27024
-16541
-170961
-6040
-1638
-116842
-87360
-2852
8553
69873
-3542
-3878
-33552
-34622
34188
-30996
-14955
17508
-81690
-1810
141881
-828
-108092
91938
-46822
-23280
5672
38203
75953
-256170
-178440
-13583
-36020
-19035
-20979
15480
-24072
-8270
-930
5867
-15884
-3238
-3579
135385
-30793
35468
10446
230
36594
12446
42068
-9964
-2454
-19284
43530
118446
35638
3861
-79516
5714
169488
-6622
2513
-27900
-38192
27824
23060
-52486
8235
113658
8992
12896
70048
-4452
15798
632
52418
110443
43432
16556
-71833
8312
2130
-35440
-20453
-10468
59146
-13812
4298
-3776
21852
1956
36698
-22697
258366
52256
6669
13880
6581
-6495
6832
23997
123298
36920
8268
64064
232920
-8096
41758
-4248
19248
52350
-46231
22012
39148
-165493
-9646
24020
-1896
-10670
-40153
-20717
-70431
-113370
-2482
3464
-7878
-308433
-176100
8931
-19494
1194
69591
29524
-14221
41280
78312
-48623
-66874
7506
87300
28596
-3245
-54008
-2823
19664
-6376
354984
-53500
40348
-3306
-14091
87057
6078
4796
7320
-42062
8770
4766
-13637
2853
4979
-24854
16181
-125466
-3870
-50526
-100595
12874
-45898
44716
-47955
-76122
-1625
-23634
-64860
33069
7592
35843
199976
49962
59766
11713
1148
35730
-37248
3492
11998
-10984
16912
-14678
28265
-78474
3122
21124
10214
-11057
22126
-6225
3678
-9708
12258
1204
-268392
42898
-6618
-446622
-22372
-316259
7296
107557
-4585
-38392
47169
52471
-43790
-1034
19326
1013
-125210
67940
43673
-19777
-162396
-41841
20006
20076
-23421
-2332
2782
73093
-8304
59668
1287
-8186
-3380
-15604
-5444
59103
21500
5841
4867
-30392
-22770
-11543
22150
-2865
-32870
12904
-1320
-55305
22867
-54673
-100808
-35926
-360
-23329
2114
-43908
-24574
-3226
30196
-206
37714
-5134
-7225
1070
214
-38010
-17555
4763
-7941
25273
12666
-13855
-67662
2190
-7051
-53399
-8321
-11038
10878
-18456
6178
-5674
-50542
77947
-17512
63718
6228
-12384
11483
-20428
35758
-11732
-729
-15132
27144
-3215
-37680
21968
-1248
-3538
-13742
-506
-59554
-11343
11730
23804
-6005
-20768
15513
82957
1347
-10181
14312
132245
-99186
-52514
-3750
-12928
12030
-49695
95656
-92994
8820
151840
-84074
221208
56440
11862
53402
-376
-10380
6600
1039
112405
6364
-12909
10760
3958
62016
-26466
52770
-9024
-31444
46677
2581
16775
-2891
23826
268381
16530
19134
23113
-29763
5761
-54996
23314
12274
-11230
-13266
32088
126
46284
-176470
3115
3662
-31354
10156
15886
-20347
-97211
-56389
-12753
-14635
-2229
-36068
138528
-1528
24708
-4150
-11828
-61752
-2307
-17745
-141536
19271
8476
-15672
-758
-4554
49383
1448
28404
-2348
42240
-101136
4501
-20677
93287
18480
-4554
22861
8022
-35758
-12620
5068
-46755
44810
40573
9560
-1560
4280
-8380
768
-4369
-10572
120188
-32388
-86571
15702
-5376
-32808
65179
-13730
22947
4604
99236
76131
36044
18746
-20574
3483
-6552
-31084
-207868
846
5886
-7071
-4614
-48751
-110
17429
-51021
38306
-11214
39370
-19370
3256
-22861
-10073
-34
24060
-7881
-90927
-20478
-141744
20535
-96636
-14029
-5752
86832
-17321
16083
-26234
20864
7977
42408
-233700
-36186
-7605
-5850
148548
10520
5276
16594
-7470
-90554
-5264
-101495
21627
-50122
10338
-16662
-7920
-15101
-100528
4168
6624
-3164
-15222
-730
8601
58513
31040
-26403
-10186
-67240
68020
84909
-27979
-5900
23280
2340
-2380
5577
4913
-86425
2716
-7916
24290
17859
120978
8487
-3358
-463
27400
24277
-138404
19988
-31639
-811
-4215
1849
3472
-62496
-129615
72304
83116
-146104
27387
14208
4607
266496
46480
28465
44388
-2107
8166
-35223
3193
-2433
-26299
-19487
31150
-404
-35209
-4543
-16494
101384
-39208
41635
165018
-37320
-160488
-47519
-47019
-47622
-3693
3364
6820
-19528
7553
28144
-12739
7536
-7794
22001
-2782
378554
153286
2809
1670
-351543
-6615
97962
44655
-7219
-47640
-11664
22392
58857
-5076
76656
-60220
14957
71512
21646
38790
60993
-24687
-104624
47040
18124
-14367
81582
16560
112840
8066
-852
3654
-31990
18830
60044
-9152
13421
-26010
-305
8957
19918
-125673
-46873
4356
-13326
130525
31935
-820
5994
-11876
-33876
-7508
-3665
-47457
-30600
29670
-125094
-3371
40943
48002
-29970
61999
-23716
-2822
10175
-24445
48549
4374
477074
20382
-13844
-27660
-46599
-65860
-12978
-10376
-4638
-328664
-117161
-43947
124760
96588
-42238
-2398
-2494
-3140
-8516
6158
11657
-360
8148
18324
21812
-11046
11268
-20280
-502
-24463
4986
-9160
64864
51440
-37090
264624
-21572
42310
151992
-144100
-2410
-12869
48583
-19380
4168
14155
-1845
31718
-41355
2516
11802
64847
-18905
49613
55160
34914
159180
-38448
26151
-86773
-40523
15569
32854
-31827
81080
27877
-64190
-3500
23675
-4557
42765
-27845
-160626
26722
-10840
-8829
34404
6759
205593
26908
-35652
3186
-37935
59100
-19251
-6733
-4515
23597
-38818
34324
81614
-11160
-24374
34176
4368
-22083
2715
-70743
1597
57513
111441
21031
-111
71115
16028
53601
223922
-23478
17580
-6661
-12214
76233
-5968
-56382
160
59109
9007
17739
29219
-28390
49725
-4041
-21692
-89692
11187
6660
-12657
3288
9402
6016
73309
-10724
177354
-2070
-3990
5700
-41466
25866
-10768
17028
51092
-31772
-44398
-40434
15804
-16322
-5076
-10210
18774
-54488
1268
-36280
-5156
-58922
112944
39578
113730
201016
8166
109947
-23786
12446
8936
15969
9916
-3528
35618
-7360
-132
4280
-83728
-15744
-1698
-188420
56215
15428
111882
-20138
-24308
-44585
-172
-5225
-29335
-15358
82896
12481
-1308
9698
-5010
41817
-2865
20998
6164
21352
-11457
30678
-6510
-7136
-3789
-8244
-77890
-651
-3488
-1462
684
-67755
-4144
5661
36292
2300
-153832
78536
-15972
18716
-2633
-33168
-13208
-39753
3853
-74216
15130
-12840
58243
-2341
-14412
824
-34654
5698
-1201
-390
10778
6636
-20346
27257
-107740
-38958
20449
-2427
22015
166404
26214
46572
18066
1579
19473
-28409
-40280
22664
-31620
2706
10172
-18336
61614
17428
-40084
-39748
-9438
6099
-2206
-10026
-34876
-8470
-59745
43773
-9055
-12495
2076
4992
-57678
-29585
-79429
-3789
-42900
-36702
3152
-77977
-38756
6504
68895
-18415
71788
11500
9500
132090
153127
-14534
5596
28483
-28430
5067
-903
-5533
-848
-12990
346
181297
197688
-31852
10570
37855
-21114
3572
56826
-6222
-36092
10538
-30075
11295
-25806
-981
-984
-5640
-2220
-16995
704
36152
50574
35420
38511
-12456
128708
-3618
-2294
98484
-2772
59895
-9219
-15722
-380
9350
31944
33360
-7207
-1428
134330
-25634
574
-40798
542
57648
16761
-108989
-63420
-96921
2784
22482
-110763
9060
-40582
-4566
-64718
-21420
-15951
36808
27798
40934
172365
-4488
-16761
-106728
4802
-68108
-21227
34514
-3014
8351
912
10237
18625
-41406
-42330
-3326
43384
17812
7681
1752
19224
976
-8904
26271
288
15624
5985
-7268
-83160
26641
58779
-9632
-16074
14944
-7317
18621
-1524
11842
44052
130280
149160
-23178
84778
-51514
-37457
-80
62432
13098
16591
-28714
8274
-4776
54835
675
9596
30169
-56252
-77450
11948
-17442
-41452
-77298
-55620
-2216
50054
-1092
20404
14796
-8456
-216609
-10818
-84606
-60604
-9726
420
-5964
-59158
-3582
-17822
-7280
4940
15288
-5289
-87223
21807
-5576
569
6924
-29968
16512
-31590
6848
332300
4813
39040
9693
-52776
-11124
-48196
-28434
12456
166630
21380
5971
-2200
-5017
114815
-492
53784
-92864
-11773
4335
16702
1246
-30766
-1656
-16228
43611
-20674
4798
39777
6191
24618
-745
-18387
69266
-33137
-115390
19599
45385
-29170
-22573
-47984
-58258
112760
-93595
37276
771
-195615
-14690
-1658
-7878
-180351
-7622
24684
-4796
115344
168756
899
-9216
-5104
-45896
97692
-3000
34852
-10118
-12528
-12678
-8661
6239
13864
-69730
-2007
-2994
194604
75000
2759
-7672
7838
-322675
93538
-434
-146946
29700
-42763
32184
-5192
19968
-29414
-904
4461
17640
-2774
14856
20630
32196
20943
175483
1920
4671
78942
-35127
-5936
-6344
-926
201332
-173940
8120
-24652
-6382
-22595
13969
-9925
-20746
149096
317
28157
-14550
69344
47100
-9915
88200
-164588
9936
45387
1228
1580
-17091
4830
-55134
1950
-139965
31224
4939
-166515
-25016
21526
-26244
111230
-1420
1877
22644
46979
-38076
-93873
46317
-8136
43652
-35282
-4593
7687
25510
-35092
80262
3190
-1224
-31572
48115
-151842
273782
75639
-1008
-2565
-198964
23085
124627
-1854
-105104
-252617
7433
-22896
79730
111315
-36272
-8306
446
28757
-17772
29914
-55601
20093
-35052
-2684
89722
11270
-86515
115344
-10479
-19780
-207004
60396
-98307
7206
-356
59958
15064
48681
24198
90147
-7902
97
-51022
-21306
-29154
-94069
26288
30107
8559
3154
-72073
-22272
-35960
-9164
-12624
55636
65828
38076
10092
-11334
-25920
-27234
-150896
9844
-1092
-8426
10160
65824
-29322
-5369
479
-46694
142908
-64212
-10568
15704
53102
-1068
37949
-22368
-5570
-7395
-50955
32460
10158
-22260
-48062
-25396
-2812
34557
23640
18012
-60979
116435
705
-29952
-7713
42078
5130
66311
-1260
-14691
-27617
68920
5031
25500
-53400
34242
-60592
-192192
-8550
-203508
12225
37076
-87
-4441
-6142
-6426
-33992
-902
28785
-140288
-10683
-59906
-13243
24186
69668
-22194
78144
25383
5272
6084
-47453
16872
-92909
43646
16094
6935
-198880
-7368
-19357
17538
22212
-5466
21896
18060
18758
7680
-2739
-13201
-31420
-3325
10648
16433
51500
136005
-39482
-51672
-34351
324
-494
-34915
-8168
-92245
7266
1552
-9750
4723
4075
-195122
-25882
43862
13272
53102
39759
41637
-307672
-8688
4199
-25616
-25415
13810
32791
50292
11108
44176
8114
-433507
-702
1313
21156
12529
-380415
-12186
-19797
-7468
15465
-9616
3192
62208
7912
4140
78344
-23615
75856
51318
328396
-2402
184
17208
-60803
24738
-558
-5010
9984
15451
-14886
-23244
-56995
4048
21227
42906
-6286
-14341
159037
-48708
-89280
41577
-2036
-92536
19044
103
-7838
11006
-50170
3121
-13922
-17966
3256
-4105
-19686
-13621
-23268
14892
-15506
-27072
-8865
684
-18415
23365
1962
-237294
-9338
-211850
187966
13224
-146462
34193
38458
-1388
-31918
40669
12819
-7982
86696
46944
-9560
37400
15314
104236
-4569
3713
-3304
-47850
-34307
175628
30022
7173
-228095
9290
15201
79066
-11
-8701
8492
78436
-2703
-5236
-10200
-113785
69031
-64072
-13884
33145
-11571
-31776
-46056
-5755
-88448
-16310
-48072
42578
-5997
6938
25557
-16560
5542
-15150
-40705
-32865
100709
76186
-9221
44754
-57029
-48543
-75556
-18761
63492
662
-8216
-69549
-52896
10886
6072
50692
-13246
-30160
-6524
-13632
-32165
-11250
-5661
-23460
-5353
101677
27006
53682
-49156
-9775
116208
-15859
-17312
-4156
-62438
89056
10896
5719
-16444
24392
864
53360
-8348
93924
-38127
-2972
58729
-19988
-323384
6272
19872
3786
144914
14004
-14362
-50860
-12800
-14528
1005
4422
-19362
34789
-10024
12869
-34576
46503
137989
-8007
-52931
30402
20124
9480
30920
1383
-46995
2762
5804
28531
127762
16095
13792
-6109
-15840
-65757
9158
306
12493
35807
-18244
-104174
14279
38757
-14742
71874
-3480
-15316
8145
20625
-46848
-3866
86000
113427
-33098
152588
28372
-40613
-148558
516
6146
-11404
10198
27951
79564
-38626
22106
-15866
3015
-6183
-82473
19326
4302
-67988
-13044
-33816
-4126
36553
-35937
81002
10510
-4169
7574
16419
1706
-14707
-4864
-76437
19124
31874
41288
-57213
66774
-9890
-18530
18630
-25473
26580
33524
-6262
34452
-30865
5007
-5040
-4458
-20890
1199
223412
-15450
-11152
-3642
11901
-1580
12810
-22925
37556
188116
-25860
-7860
-3954
-2000
20227
-63819
86942
11176
-18953
-986
-5711
16077
-26042
-13767
-1144
-26620
7564
-1257
27314
-34895
41523
-48842
-28918
-20662
38154
54233
13366
5850
133740
-1820
-55947
-229868
6378
-467
-17004
-14510
2834
-41648
-56959
19878
-18860
31037
-9205
1869
32749
-8600
44616
4514
-2052
87626
21
13288
7164
-24247
-67546
59650
15118
-100218
-1040
-13245
45650
-17020
43750
4353
-17384
-2457
4556
4200
1579
-69867
-1398
21240
21344
20320
-5286
-64732
-12075
-22182
3355
1496
19628
-59421
-244872
4005
-34158
-5369
-10160
62660
-42462
6352
63311
-106478
87095
-16480
250119
2782
3195
-12174
68964
24132
980
1148
15618
15778
4146
-38609
18892
139490
-27004
10804
10644
-12546
-12227
17982
492
23226
3251
-32241
1377
-8858
129553
-3174
-24498
-25800
-78687
-65394
256294
-10252
20608
15400
110622
46571
-1952
123332
-71986
105706
12423
-227855
-42150
-153
6916
6885
10223
-6493
8007
-36552
4690
36747
45159
80076
26604
105527
-24590
60903
-34486
6831
-6093
-720
59482
-56487
-189621
450
-6624
-9860
71818
-5648
34129
1896
-2153
33492
-94164
1921
-19695
-3843
-14724
22095
-25383
-84810
16107
-94376
81927
-111393
-640
30339
-790
-10660
912
26852
45780
-8285
-194074
-1000
-421387
-22401
-17350
2625
-139006
-3719
34962
-13080
3537
-10125
28221
8073
17349
73215
-1032
-50083
-2940
-209
-10828
32351
-50389
-25485
7322
37112
-3270
-456
-560
-9915
48245
-7852
987
-2289
95814
-4481
19110
199627
18345
-15809
-429
1740
4341
2352
2082
15304
10759
87344
-29886
-54236
5770
-23757
-34096
-46801
2379
-8820
13840
80412
-21620
10317
-40242
34336
21021
37548
12015
-6149
210185
-15258
-69504
14280
10641
30642
-61172
7434
-129872
-81311
-3990
12991
-30656
-15190
-2096
39992
12568
-4332
21967
-2326
-42198
14008
15482
9978
672
56730
5394
-71514
195580
17351
-76494
-36450
3609
-1423
12252
-3912
55187
-1933
6400
306566
-54897
12589
-96515
-6772
-184
-8315
35445
16709
83444
18518
-15529
109797
151676
1292
72271
1365
48949
34302
5066
-3096
-8162
-47940
34849
-5010
15545
7800
45829
26540
14199
-9964
-4852
22417
-5508
-1850
-11207
118286
99400
-2500
-89205
1192
363
-26319
-1502
12622
6608
5478
28086
-82994
-2378
-157843
106668
2732
6598
3990
63333
-11031
318212
22269
-35490
-2472
48780
-14274
12186
-6875
-2988
-2972
-91025
1665
66963
52900
-1566
-20691
58842
-178136
-86329
24633
-1756
-51948
111924
44088
59067
180213
-8708
-97371
-120
-20048
-33828
17722
-7525
18475
3081
-44319
27209
162084
-2664
-10677
7000
-154996
-912
9458
143675
-14136
-17234
34482
47870
-904
-6281
-39515
176731
7211
2993
-35688
-34782
28975
-11358
11768
-14932
37158
41036
98410
91676
28545
2262
-130872
5490
34718
-16046
-13620
-26968
19036
903
220959
14064
-4662
14272
5921
-1826
-9494
-28692
-53992
-48516
5023
-41673
-969
-57827
21489
-72268
354
9882
-3431
1460
-5584
-31711
239676
19191
-56668
20309
7008
8472
-41768
-2602
985
7988
6962
86600
-49521
-39186
6
336
17675
-2988
9585
-11670
-1620
172288
-45225
13118
46541
-6374
-166
-11418
18964
32572
-8148
14332
7587
18224
14636
-57072
4770
87465
34905
-37095
-26660
-32652
71
12203
120134
3047
-91446
2714
-11998
17310
268260
-147780
11370
124474
1277
-21821
-5853
23628
94296
-31440
14318
39564
21750
-83346
-15150
24711
3069
-19936
-37428
91558
-41271
-23321
-10072
-35093
-7002
-36992
-5472
51198
-469
-2276
100612
-9084
25860
2685
8106
6638
10805
133254
-36560
72425
8940
-23460
-29237
-10254
-57857
15100
-36048
112579
-54288
-16886
12430
-7933
-27377
-16933
11149
8891
-5339
72772
-26026
-13888
4304
-28043
5895
-15798
43461
-15529
-19894
-1856
5866
28462
-8388
-4375
2449
293004
-1155
620
123413
8247
25085
-13624
-13329
23638
-1385
18410
6004
-38225
16027
-24240
4336
-31584
-111662
12645
-9036
64321
-2000
-4452
-8831
-13671
-60594
-38398
-88141
15373
63064
-103694
27732
23254
-5024
-1160
-37253
-7416
-70224
-141240
-62450
40047
-34788
-16081
-1567
1182
-83871
6679
4494
691697
94992
69964
2795
-39174
-31276
5525
44838
-93
6848
30536
19925
-80043
4972
38813
3906
3379
-4498
58108
23065
25276
-10419
-48918
173644
-28860
39445
-20220
-85296
-30225
-19293
-1128
29199
10680
-20849
-71812
-9745
4694
211301
292
-151366
-34796
5968
17584
37836
-762
-11955
8679
17346
-18810
25964
62927
3587
-39102
2631
-6475
-11671
27600
11751
-1020
10402
41941
4265
28234
49615
29318
14960
8804
12731
3474
1011
-45720
-22442
6866
-13295
21286
-3986
4419
-3997
-43186
17086
-20004
29400
-27945
-40416
-1768
157036
-48060
22226
-95172
3554
13299
-90864
-26531
-12582
-58112
73424
12357
6175
-9504
58579
-31787
-127186
-88791
-16310
-9216
-9678
7691
-771
56910
-14893
8798
3558
-1656
18278
82679
-201153
80012
33798
49708
119236
11360
5889
-6372
61600
-21020
-24725
-19857
204715
-44130
317419
27926
33637
18942
65080
-20960
-2123
-1728
3180
-3796
9360
13696
23343
-94522
-11958
-46638
1350
-17414
-6069
-8694
6529
-7400
-7105
-183831
-3128
100076
1599
-57796
39228
-6229
5589
4207
-22452
-14625
152388
-5052
-1164
4939
11997
2520
1682
-1752
8917
7947
-1425
-99659
-9886
4610
100870
29368
81453
129440
4899
891
444
-170151
-80856
15740
10175
-102435
20838
-46200
40477
3756
-13121
-16272
-8235
-34815
22971
49604
153666
17652
10180
-52764
22382
-34572
-266280
-6840
-64846
-8185
482
-15640
100344
-6690
7830
-27148
602
-45452
-5436
12724
10245
-1200
-45067
-106496
36300
-34258
-23561
5442
-42950
-21696
-18864
-18320
20974
28732
12627
11797
-4017
16416
45411
-80310
9264
49990
130508
25398
-52469
43344
36504
31560
21132
-13352
75896
-4623
15720
2133
280
-25482
5229
35656
20523
21756
1581
26809
7266
-28152
572
18057
24882
1764
8620
4324
-36610
9350
-1669
90147
140696
38294
31165
2601
43403
-35868
48969
140868
-4042
-23530
-286
13004
3627
-11590
-58681
-84895
-18014
-13188
-18342
-410338
83010
494
-20766
-12857
7802
50894
9018
-84942
7940
90638
-8076
-23509
36582
-31660
15633
-3821
-260
42576
8838
-93510
-2944
1524
17268
7718
-87870
46285
-16019
-5862
-13802
10918
1126
-30996
117537
1654
-15610
-5132
8835
-13628
37875
46682
-62280
-19216
-9492
19987
-13253
-16271
-24101
-12508
49035
31994
-139916
-6821
36840
121016
1105
-3256
10659
10536
15999
-31919
6107
18738
-6720
-44539
-10774
21148
-9430
-271852
2348
-901
346125
8782
51964
154758
-92070
-19874
136736
-16830
-4881
14122
14905
-30412
18734
17170
-3227
-18582
-16819
-18837
97292
39360
-15571
260732
-1728
9016
58731
20826
113382
-5229
38150
23326
-30211
-23998
13568
3039
-56313
30815
-32696
49247
-58843
5458
246054
-91322
11478
5943
-50144
-10133
10683
-121821
56145
-71877
-30914
12778
-273428
-5617
23104
-1227
56466
72606
112611
16316
-263289
17512
74158
11638
-9851
1319
4778
10226
-24019
97838
3264
6645
51802
3576
-723
-2427
15600
-42047
40634
127534
52212
747
-776
-70598
-44952
17386
22022
31578
9376
13570
11346
32848
-33342
11662
-3236
8712
-35902
9518
19908
-77492
-14710
22144
-4637
7203
-1170
-21112
71796
3906
-35344
31042
1890
-19707
1310
92820
20856
54262
11808
2332
19878
-341
-13480
-957
-10871
-1101
-211251
12780
-5566
132692
44197
-16016
-24000
32988
65345
-828
56928
-11022
496
5469
-55753
49488
1078
-31420
-2094
168267
-70470
37116
5784
-9565
13706
-31803
6483
-6635
8494
-19725
7039
-55076
-25492
-22970
646
128574
-6350
148360
1141
4762
-125080
-11449
14975
32959
-527
136239
-89420
125445
-325724
43141
14052
3292
-57884
-22556
-52608
93962
-6617
-11360
1018
26976
6362
12772
73692
-12902
11771
4846
-15769
-6262
11658
-11398
19396
-1279
3792
-25502
-928
11414
-53374
-7697
5170
-52228
16105
-125749
2617
34709
-79962
224
4039
2100
12112
-909
9183
-8938
115148
-3748
-9148
89035
-76120
-45797
-13591
93495
13034
34229
395794
-8822
15764
-3635
3151
35285
-24342
32256
10162
-40390
13746
-48065
14892
9051
34569
-17418
20448
-342268
17630
-4941
-154600
3567
-6368
-3603
-8208
-17494
32746
-7579
775
102642
31810
175592
-72525
2550
-42906
-65525
37866
-12390
1352
20427
8176
1193
5368
23020
32714
154780
-15034
19664
116448
-5278
11896
-4580
-825
1926
77594
59004
17191
-36852
-74430
-9836
7256
-75296
1022
-16919
-48791
7691
68004
-191016
-5904
-16782
10299
-18632
-2295
3774
10716
8885
-45448
-33965
10542
-10900
-21097
3100
-9576
-20106
-129876
-27627
-108510
8584
13350
43184
-26485
-7616
-11067
-6767
3744
-52648
51189
-30640
-35036
-31884
35401
147993
12245
62303
-12838
-216860
28620
1679
-257286
14856
-5052
-18088
-77854
182620
3332
-12980
-273
58728
23626
10627
-26063
19295
-16772
-26796
-8344
-126960
27728
17055
27378
5308
-31618
-235
59468
4161
-7143
-20262
-41715
-3224
62595
-21256
3384
-6978
25536
66854
-2142
-33924
-142455
-11154
-16536
-4692
-24422
2158
55775
-16480
93314
52422
204072
24524
-1442
-54071
-4746
-13988
1889
31104
-9642
17974
-36654
-13686
38008
-6942
-7756
2534
-419
-5476
-5940
-7966
6816
-1998
8300
-72024
-16818
13370
-1141
31152
-1655
54417
24679
110980
102847
-74481
-8684
9966
5324
-2278
49376
5231
-3592
1793
-418
-3848
-18516
13314
-67067
-16718
6710
14856
-55203
15934
-624
-27948
86842
150228
-38674
-8050
7032
-43866
-133672
17462
4024
-174
-8323
-6771
47962
9255
9167
12663
-151141
31112
-20458
74422
-56031
65358
-104658
20237
23424
-28890
-82437
-6308
39854
-130508
-7960
16777
11628
105913
25541
21346
-8319
767
-61179
33325
-1868
-9528
6485
-22219
51493
-166692
13989
53686
3588
87660
1584
-11614
-6547
-255592
-18766
110936
-73366
-68218
-8900
-70512
-166788
-1372
-28392
-14547
-8188
4400
76770
29910
70
-28634
-9250
-27522
-10663
-29304
-29374
16832
147379
3269
-39093
-11564
21240
-6
37998
-11606
-17226
-7338
-12855
11029
-17964
12274
-4382
19165
-32194
-11482
25239
27311
-908
31304
-8038
-45527
12244
194896
-25016
-5670
138299
-34882
30087
30088
-6483
-42838
4524
-43
-6366
74576
978
-8498
10647
64500
12901
-11582
50187
-143
-16604
-48150
1812
-15814
140550
12994
39190
-19260
41931
13214
41802
-24022
-3431
-1322
-29294
-29458
35056
-25040
-33216
9232
20520
-2884
-17625
13031
9676
59264
-17985
4488
20208
111996
45201
-22098
1960
3742
80107
-8751
11874
10575
119772
37965
36469
16605
12958
-10265
-10794
-26686
-45903
9696
30124
-48398
190266
-35972
33607
-4
-126356
31056
-666
-24217
-18734
44336
5310
40926
72468
12792
-9988
-2098
6314
-13247
-104643
3760
10350
26316
-280854
22506
-33581
5435
-44733
-10746
-83664
-804
5637
41010
9675
-54478
4794
404718
149076
12340
-28360
-42843
6480
2346
-3874
44118
11964
28672
-12723
15477
-1110
-15688
71958
-11359
77903
-1375
-309211
37860
-28372
-5730
-30818
-1496
10175
14996
29760
-11336
58750
19556
-14696
64667
-3984
-25591
4516
43854
29954
-4465
17013
-113686
-1078
25602
-47118
-22139
-8723
1220
126854
-15760
135
5480
11982
-10692
-51673
74619
5216
-13082
-6558
15831
7668
16170
-23356
-17533
10798
42708
54000
-32274
-206331
747
22407
-24578
-45992
30200
-15114
14997
8
58708
8118
31167
-16070
-80060
-147744
-25587
34034
-2136
-43578
7768
23902
4446
-11730
257053
31968
25100
-20949
5302
3006
-18687
25904
1316
-6258
-1340
5304
62459
28074
-30315
24000
-39648
-1188
3878
7513
-8148
12146
41670
17030
37916
1104
12049
-3402
11349
-31659
20552
19924
29940
572
24310
-58094
14087
-65814
-13989
-74709
-51810
7952
33418
-25594
11232
15720
9910
2762
42249
-71053
97775
-213997
312192
-28370
11300
-30956
23336
97452
-6391
-964
4084
4636
22738
-54843
91017
-57684
-3539
-21919
-15181
-471
2130
-109012
21290
-3755
-6288
-17646
9611
94820
-32552
29947
-18841
14816
-17005
-19324
-46746
157748
-1088
-26976
9552
101779
98923
-5151
-33392
9657
2479
-64706
19204
1488
-41428
-21276
-320
-86403
-56644
-7808
4486
-34967
-12019
-28397
11832
6986
-4495
72698
6110
38223
3691
-74520
-2427
-249
-15507
-20902
-10144
-23534
-62509
6001
4574
13080
-32138
-5240
-15840
45204
-9609
-3581
-39091
9214
-13360
-26384
5684
80306
3523
35604
8792
-9183
21798
-6804
-94800
65338
-180970
23816
-145285
-21160
-124930
10676
-6600
-22372
-6990
695
132708
-14184
17466
-28845
-12338
37887
36642
22834
5840
-55302
2147
-39591
10755
246
8717
1592
8210
-1740
1536
-157482
58572
-28005
-10207
-22830
4522
13658
17391
123163
-3928
-86844
-26637
28934
-10854
6373
-5400
13746
-4826
-5828
-108446
26446
-2184
-44724
-52762
-33534
-35832
79896
-68084
-1320
10179
-19054
-18219
1713
-73410
41326
40619
-43862
5832
-7390
226732
27132
78119
2783
-60566
-56787
23408
-69245
8704
-26859
33656
-11771
-63611
18852
-35984
-36754
530
784
-28538
-46840
567
-5797
618
-68607
142018
-7664
-31547
6287
7944
57726
142410
5860
-70695
-16064
142376
-11515
34768
-13700
7448
-20412
-68904
-38787
-26248
6111
-147843
10111
-112606
-33847
186451
-9291
-29471
29202
7996
14165
-146678
21590
-18767
-39287
-24504
-23588
-24776
6857
18027
11928
95439
-2229
-135256
1795
-13568
110046
-27460
-70290
-15448
-58608
-176954
-18810
-79631
-64193
5322
13147
108374
-2293
-2823
-14222
-4972
23901
2642
-33540
154204
4523
-34316
4707
-768
16427
-1997
14404
7997
-50268
-24477
6705
-10047
-118404
21254
-34510
18936
-25986
4052
-3398
49836
19240
-174552
141421
5047
-46413
30781
85954
-1101
-166401
-31057
10020
-153631
67167
3592
2847
51404
2730
-84832
-20685
24834
1304
63120
-1345
-6355
-73154
-7535
-861
-24227
5832
-30756
44910
2561
-5819
97139
-65207
-89389
232
4220
96
64969
-87474
-26018
-8270
37405
-13743
91982
-6111
10158
8106
19134
-20618
-10971
-61925
-230842
51378
32504
-22640
-4266
-37702
-9858
55363
-869
2804
5662
-103468
-17900
66148
11688
-198
61174
39955
8320
55378
-73444
-6225
-28014
61586
12097
72530
-59967
-6032
31557
-1152
-153
20713
-89663
11284
63489
1288
-5346
58634
1064
5925
-32440
4713
81614
23926
-22066
-5192
41262
-12540
-9862
-8963
-286443
-13708
99519
-5382
-23617
37950
-10336
37700
3548
-11382
41200
9034
-17572
59470
-18808
74680
17850
-40448
-23320
-16492
7603
30917
-5276
-4833
11320
40446
1701
-25147
-94622
1452
-128808
-80004
-20439
15496
-33930
71598
32837
-113706
8480
7323
-70092
-70248
-8602
-976
99820
-937
4065
-4448
-126658
-2218
14988
-58396
9415
-185998
-1134
-51141
15373
-24219
-95034
1064
-4692
14868
26257
17917
-12748
-8494
21198
42098
-5723
3195
-13756
8521
-59964
6532
-15470
-170053
-9828
-503
-5694
2458
-421464
24956
-29716
6210
41697
-2889
-38775
43661
6604
19243
-2927
-9092
-17036
-39744
-8748
3516
575
21025
-4823
98988
-25680
-2682
-19635
32030
26747
1044
-4895
-42
-5647
8298
2440
87412
-44214
78639
3211
14684
6175
67529
8292
-15703
-3228
-52249
19324
12876
-103360
-35805
24714
21504
-10598
10136
24732
12897
39522
-14720
2226
-38917
-14742
7642
-8951
-251318
-82038
3026
28908
-2970
26450
-10639
5080
-3553
86384
30772
5031
164
19364
32788
70388
-140192
29818
16737
119675
-14953
-22099
20784
-3760
-49962
46662
-59256
65689
-96030
-78354
-729
-24010
-27327
5305
32324
-1338
-21655
17318
16665
-212677
-25452
27816
-25184
4296
9929
-18283
-1059
77192
-6592
-66
-37992
-5467
-48456
233931
3423
5882
-115732
251283
36906
-9874
63843
58491
-56402
-27222
26996
-4542
-1866
-33077
-5036
-8494
-42480
-198000
108726
-33909
-6992
-154243
519490
-40722
-15140
-1776
-1439
1550
-49212
2926
19740
41597
-2780
-3938
11447
-3988
-140652
1634
-927
68748
-13473
-4600
-429
-32444
-6635
-8445
18662
-19591
-59620
33004
42385
-17330
683
-12103
-48655
-11368
-6664
3831
53916
-70744
-4028
7536
-39871
-8558
-97375
-10368
-6864
-41768
-26355
16771
18816
-4436
3489
646
-19705
-3926
-18928
23865
-99292
-12628
38645
-1332
-5075
-1030
-8422
-19866
-104
2862
380
48615
-120245
-4988
-50928
17322
50000
4062
105
-161728
-40452
49106
-33043
21838
-12612
-60723
-23026
10234
5960
-38130
-3080
-38624
23336
26277
11545
113021
-76643
1855
2702
-55892
13223
-12345
69914
43302
-10422
7263
1638
16738
190677
-181276
-3970
-27713
-1600
24096
11778
61860
19429
-36380
-19028
-30789
1482
-1050
69837
-1852
11379
221905
19167
-3927
-78055
-105562
3760
-34277
-48786
-33102
14199
-22276
-2166
-27486
97566
-5916
15280
2531
-41500
38950
-2753
-4299
-204216
10680
-22536
-13922
-85820
28988
94902
5352
19677
21364
-46739
-2875
-43048
-18760
18872
10439
6272
-35002
-18507
-155456
-6439
-21500
-36891
4134
-35826
73479
103314
-192270
-2860
-40309
-7751
-14155
20694
-98402
14232
-9738
6874
-189135
-33944
-6605
137757
-608
-93404
-4018
-2883
1265
-44577
-13468
-8546
56862
6144
52598
-5830
-20910
14536
-8306
20376
-34833
-31635
-20929
-1490
47655
22063
184639
14104
84651
-9811
-12756
-29741
-35178
6351
-830
2292
59759
-3545
1490
-20896
-65416
-1788
18538
-17568
117091
362272
33574
15059
-76910
-102540
-14857
3693
1344
-44794
78057
9321
16546
14016
3928
-25078
7988
2224
-37092
44706
-106669
-5946
176
-52358
10264
-11028
661
-9764
-2745
-10008
43087
34168
63848
56394
48067
-38502
1932
5184
21233
-13848
-6560
38829
47918
-9860
79821
-19948
-59218
147833
-16956
12909
-1208
-17920
-12038
72
-814
4028
92846
-60606
127067
51779
-168781
-42978
4760
-124682
-13402
-131895
-95572
790
40896
-19032
-19452
-7144
-44508
63036
-4048
212853
-41081
-24647
-40239
-25136
-41587
3471
-6911
7943
3084
-1194
-2568
144776
44206
-44007
-18410
108450
366
37583
-922
10308
3282
4305
12348
21753
9965
7827
-185336
-13360
-14000
81506
-12679
-2772
-3508
-4680
-17023
3730
37453
-12653
12096
-12054
54090
-31365
-31288
11680
-15328
15045
-32417
5371
-45500
-72207
3985
-34125
34878
-1224
107430
8032
2602
-34948
-172984
8964
-71376
1278
-32056
-27721
-11328
-14658
-4486
25396
10
-485
-35997
-46801
21148
64083
-38702
45144
-478
-3503
-2985
-20116
7810
37752
-9366
-229914
313
-28850
-92934
16267
-2738
208
48460
64458
-10951
37426
-127925
62319
54354
42174
-3495
23206
-752
-278810
15881
37540
1740
-10343
26117
1948
-11523
1422
25464
-5447
83436
-394932
39834
8769
-22596
-4870
7980
-13552
96605
-1241
57058
-25102
8764
3084
13656
4262
44902
-518132
76356
13918
1980
-7224
56870
-90030
31123
22770
-11556
-11718
4116
-104674
35280
-7704
22448
51366
-33097
-1982
-148644
-2362
-15178
-23534
-7040
37576
-123686
236884
-4420
23290
-11744
-25608
-9361
-8228
-145346
12477
42270
-13588
-33685
-132023
-45058
59071
56480
2054
33420
-67080
8798
-230011
23935
-5020
8902
-21310
6461
-12778
-13327
37731
-13488
-8315
10330
-134262
11102
-752
-42320
-1944
-16800
20635
46746
13896
-103245
1321
-4698
-1055
93943
-39153
8963
-16475
25468
42974
-30788
-18221
8005
6725
21370
-160069
20534
-2478
9396
-38072
-13857
-11488
59616
35042
-1120
-15042
-7533
9639
45669
1870
-22398
1090
-5508
-20230
6354
-16420
18808
-5058
-69921
-39168
1304
23850
-8565
-13197
108693
28736
1067
-20640
-19761
8792
12831
23319
-7889
-8
11855
-20969
-20100
25178
-30133
-26142
10512
55116
21060
-26763
-12980
11465
-2814
11133
10477
-3858
-4176
-884
-3776
-145984
-19497
72038
-32940
10991
-23170
-45165
-173706
-982
49048
-7749
-4802
-53851
-2117
11948
9605
-30060
6852
-8696
6696
-136892
-275232
7029
4153
-7486
-23202
66146
55602
-5827
62740
-2303
100749
-10738
10920
-22344
-12171
-15857
55240
10126
-18428
13784
11243
-408
23349
15104
342688
80132
-106186
-346
6642
3016
10430
-28582
-13138
5328
-5675
-119330
11276
-4552
52368
13872
-2460
-3108
-43957
-6375
73956
-130839
36396
-24937
536
-16761
-20889
-21396
283458
64174
-3636
125295
17056
-83038
-657
-13760
17955
-7744
-25703
4830
-8872
116199
-121656
231000
41145
2518
478
32491
-66094
-25825
-3114
3265
-20201
888
-8595
-1044
-251296
-30266
-5320
39951
-6488
32520
5197
34206
53278
-1960
-2712
-9931
-5230
-22200
22960
-384
35422
-4390
-10190
17847
18852
-11277
-623
-47326
116415
491
-1128
-64618
-9228
-57030
82018
5552
115974
-49238
58376
-12925
-599
25796
-2683
-42
-11163
35226
27724
31731
12722
16887
4344
278
-63474
912
7680
1395
-16448
-6167
2004
11475
1176
-6837
21316
-66520
80957
-43872
-9968
-14424
184
-24429
2580
3884
-84460
66563
12902
-35288
2391
92757
56502
2760
-17069
8590
-203370
7196
74286
-8889
-15428
-82844
-19550
-32428
-48
-3428
-95772
-28392
9441
-17206
6454
50420
-14668
-44821
-54374
-18316
-3585
-22100
1721
12592
-1120
-30217
-27117
-1324
-37203
69200
97592
432
-14934
-86586
1388
-142122
31216
885
10663
71
28591
74564
11490
35164
32028
-5256
-3278
-5135
17710
-89420
-51560
68130
-100708
-500
104006
-41184
45365
-32836
-7439
6255
30484
9276
117340
-1435
1612
-1432
-2154
57528
80134
16477
-6794
-142354
-34502
-31136
1603
-4830
8559
4386
-1056
-20404
1284
-26954
-32932
-10050
32842
14596
-36498
7050
34923
2
-16974
-6587
23023
8896
10142
-21
-19436
-63005
-19148
3477
7052
-1560
21801
-171159
-64819
3867
20610
-182484
48120
-48008
896
-110544
-3046
-16819
7539
-19094
-34628
-12765
4109
-10941
-2903
-3068
12096
25128
17379
3197
2715
-3038
79623
-16561
430
5744
-9486
15608
-45895
23740
-24061
-14912
-5784
-8844
-9137
-789
-114695
46368
-6345
274035
91493
-47993
-200
-17620
-46644
-114454
-290685
113622
-38240
396
-15091
-23845
11946
820
-9318
3964
18002
-50892
-31236
9360
-12470
-43403
-162986
4509
-49333
61480
-16707
-11202
-19768
-8919
-1708
-49559
-846
3656
-1472
18077
8734
21514
30180
-43776
3062
-46700
-19673
-72188
-8115
-15892
-13896
8073
3660
-433
-8000
-73973
62244
103680
20004
1224
7308
-35722
141950
-11975
8500
50932
2779
-27444
-3826
161458
-6837
-8524
-253
-103130
3212
-14868
-96002
-1978
5568
-38098
2685
348
306541
-16895
4312
-12124
2022
12876
20804
26456
35223
121964
-11252
669
-3820
-12259
18012
-11330
-20370
-14418
-31762
-25568
-25113
167820
-15207
-89654
-7756
-32062
-8688
30133
-4810
-15460
5138
-1477
32475
-41928
-9380
15001
39675
34466
-50810
13150
-18170
14854
15825
-83028
1752
-23472
4930
-86700
-13875
-113556
-15980
-4946
3520
6636
6660
20149
-10163
-41472
-20776
-5272
-51618
-84666
-10208
33458
-9231
-21954
26400
82183
-13533
11438
-15981
30258
-40
-1085
-85125
-76086
-1808
370
-14862
-56067
-20430
-45214
-23800
-115710
-15571
3472
-15346
1764
-156274
-11672
40662
-24087
-18987
-4752
-122952
9266
9009
-51778
67896
-342917
-6578
14276
-12490
3800
19647
-9856
-134610
-165037
-19335
-83618
6620
567
-16772
-4367
-3279
-6516
1031
-7556
1329
7298
-115186
6558
29519
-2320
-48072
44576
40512
13731
-267
-69425
28188
-22751
-1845
2322
30600
-8615
-100560
30875
-2490
10252
-14518
5109
66688
128519
-6232
-4093
-138513
20117
8262
-173153
-45667
-91266
-115467
-13294
-4786
16744
-20472
99024
11812
-109801
4188
1160
9320
-8376
-331875
-35190
30648
-113265
-121253
-2622
3096
20072
-21402
-80270
37021
27279
-67745
-164492
72321
7112
11316
-5234
-62080
18330
10923
68670
64880
12958
-40815
32709
20919
-10121
-37550
29344
-2930
36167
56879
-1566
-9410
13179
21550
16682
-30088
-11354
22218
-48768
-1440
-1720
33530
16418
38486
-32187
39678
-22331
65736
72469
33276
-26727
2762
-43512
-1770
-6508
43217
-150417
6260
55763
836
115398
-194860
-29650
174598
135824
22164
-1292
24088
-16574
-66666
48654
-2607
56244
-3284
-12325
3387
-138036
4702
-7146
-4496
-10800
21685
1789
8568
-203769
35155
-3904
91750
130438
12277
-146160
-5274
180632
-7775
-70350
-6506
72090
8559
114120
-24503
96
-1776
80588
-2612
-33720
176
-52526
-495
-4993
7350
10960
45198
43158
-104624
36917
-126606
151740
157678
-52364
-9987
-7736
4370
13800
8063
-2299
-7739
44642
39147
37985
11283
11555
-4268
-10561
17111
1970
-10549
-10320
59802
295206
-416
11605
38540
6675
5926
12398
-24993
-1023
-57576
-16896
-3606
92438
2343
52772
-9640
-26153
-1588
14894
38358
20612
-99615
1944
13348
81378
-88877
-95726
289
138908
-39573
42244
66276
-20219
-4720
-115197
10884
52338
8307
71546
12210
1857
84686
1623
5032
-18216
120260
-28396
-26269
4666
-64626
30868
7958
5402
-52599
-4973
-214953
-6792
-3970
26776
27262
43564
101623
5052
-3979
-64031
1964
-15799
4131
5964
-14975
17005
24336
-9444
-6020
-5869
1156
472
33047
-55418
25656
-66816
14534
-99
1885
-8660
345
-10494
15578
8842
-129039
1431
4605
3116
23484
22496
31377
8476
-17126
19709
71871
-17248
-30553
15869
86432
-18912
20156
-17100
9901
49939
-3426
3558
4019
5688
17896
64346
143070
-36134
-4684
29730
86
20025
60627
115515
77274
-11143
38917
-17152
63611
-2017
-73123
-8570
-13422
-3502
3200
-9178
-11925
6492
-14126
36630
23898
-7914
-10618
24691
-3607
-11135
5404
13848
14163
-55444
62056
-1965
-53837
133248
1661
214382
4810
31384
-45703
80628
8086
631176
48357
-13082
30917
-104721
676
51906
-3182
-3694
18794
7575
-7670
-40227
-36295
24247
-18412
224967
-26110
38690
-3510
81839
3452
2595
88295
6959
12943
-94347
15498
87660
12100
-21000
36966
7778
29507
30048
-76806
-50101
24770
-29796
-717
1430
-2985
-44975
1776
21057
16884
25290
27525
-1062
-3712
-34209
9587
-41424
-52840
3464
-2033
8085
12824
-19280
-22802
2218
-3252
-48234
-39615
15774
-38632
11010
-20820
-5386
11672
-7680
-15312
14465
11382
18082
-10521
-141648
38599
-40278
6318
-14031
10895
35244
-288131
832
-258127
35777
-45795
-57959
32329
7637
-17084
41205
7154
-28461
3116
554
29698
27919
-42402
-23081
2196
6762
-7292
52530
-24072
2803
87574
116132
1087
51264
30068
41304
20121
-122916
-106774
-58659
-8350
29154
-14078
172404
-42508
174808
3903
44928
-51030
36785
-48998
30132
-125760
49343
-1440
29452
-49116
3264
22244
-95424
9664
-45209
-36396
-3108
2844
2562
-119025
-5609
69480
-3915
7171
7704
4957
-872
-71792
-4572
1122
-9672
-561
-36165
-26573
27452
-17888
-29148
6980
10927
4414
1848
-9704
-57442
-2237
-42686
-28642
-45136
98152
54177
3717
-4796
52288
-10776
7920
13668
57191
-17980
61293
45288
25768
-25726
87909
2982
7680
27142
-3150
-29650
-20692
99467
-715
-15
1965
8655
-4628
-4738
-256914
812
27408
32532
-12600
103224
-23118
18225
-28031
-5192
-17114
-70518
197800
-7150
4742
1645
-9767
-57049
51060
562
7555
-18430
-1814
82594
-7431
-16531
-17490
231200
-6196
12536
33690
4509
-1510
19170
31489
13058
-18673
-1802
14040
29866
-17478
38755
-44957
-10728
64399
34830
-31906
24355
3720
-42188
4798
-1934
7600
10408
56256
-99342
17840
-7159
27144
17191
8795
-60275
39848
31346
-27205
5157
19572
-50652
28148
-67504
-17931
-30852
3090
-16710
63776
15992
-7197
180263
-7380
-12734
-79472
-4801
-106880
475
155078
-79365
-16036
0
-25220
-109556
-38342
14092
66222
22455
-14488
-10498
-398
-14023
-5814
124668
-5416
-731
-17675
-41165
-21756
26104
1834
44480
5633
-43270
2219
-21203
141543
64
79312
71678
14820
3063
48740
-42099
-29141
-253520
-51984
5895
-156282
27579
1336
11572
13530
780
303
-11523
6950
28594
-43422
210
-4572
7428
40227
-1364
-56502
-30720
-1511
-47726
-74372
-9805
-26209
21769
-96672
112370
-121178
-4980
93039
-9084
-4630
8264
-14962
6672
-63861
4580
5955
-24597
25545
25020
12274
1971
11317
85124
3823
23264
-2275
-24508
1619
2096
-3804
72600
11800
-29120
-5508
-7021
-52045
-28626
780
-7920
-26614
55188
-190650
18084
21516
3086
196392
-53984
-13956
10826
35196
9926
57902
59982
-75372
2691
-58480
1320
-14160
-9058
2008
-181692
-25460
-16760
-48994
-19537
-12501
11183
-706
23032
29814
-6801
-5976
18396
12152
-12012
-32832
-22916
-118191
-13338
1307
33874
-34790
26505
12282
-9575
-10216
15256
-44732
8910
121903
1185
-102407
72819
-1372
8942
-60387
-22816
-13683
4047
11648
-17744
-58900
30096
49728
-107487
-11820
-14819
-21054
612
-5247
23321
-2541
5515
26249
12086
-10314
313
-54924
-13820
23704
-31224
897
-28698
19565
178480
-65559
-78054
14233
-13263
9030
-12906
-1830
-222813
15905
-3794
-2716
66552
46941
4950
21811
-8913
18337
-52899
204411
-7257
-71004
-3079
-90870
-48486
12833
-7998
-360
-9127
22050
-35605
102346
-28259
-27675
-43885
-38599
-9752
-183778
34634
-31921
34629
8496
65226
-2979
10855
25083
25250
-49044
59865
-37743
-56295
16051
23943
524
-16165
-700
4246
-169
-17088
-15122
91410
13455
-13456
-41906
-13323
-24297
53136
108
-3428
-7205
24921
-17866
-46474
-20863
-165766
40338
-311
4396
238581
-2288
-6302
-157831
-7950
-10632
-18346
117296
4915
129188
-204264
-42953
-43632
9504
-110
-38246
-48408
-3558
-4407
-48127
-4695
20376
9206
8846
-13106
-26336
-71612
13879
27916
-504
-5875
-4392
-8449
34796
5097
14206
-5859
-4981
32985
-101094
11785
-143882
-83556
-43258
91690
27560
968
-25809
-54747
1954
48676
74412
-9044
-154935
-30623
49708
118035
4539
41046
4601
-22287
-8915
-22298
17283
-504
22330
-12182
-12672
-3300
-27971
5265
112140
-34724
5673
2178
-8682
-73680
-16915
6438
20817
6200
0
-28286
-89845
-9649
199509
1080
-26991
160965
-2045
21172
87393
5371
3435
73903
98164
124982
30018
-10439
-18682
279492
-1176
35872
-82230
-19587
-32133
-28187
51000
-2220
61728
-7310
-48600
4942
-14075
-3006
12756
93324
23108
4786
-8720
-4239
-35302
-3989
-18912
17670
-63450
-746
152999
15312
26982
77488
-5050
-90132
14387
9420
-28404
-18956
-188110
-1454
-26660
44604
-19908
20535
-2505
-1080
-13738
-57622
5880
11292
-24795
-29945
31848
-7964
-37645
14560
39924
165
-2900
3480
-944
-29839
197260
-6972
-5955
62934
814
-45784
3694
-37479
974
1494
-630
2479
3288
-6224
50770
-24440
42525
18420
-79034
-50902
11730
-6975
-106720
-56556
6564
53034
-2788
17925
-1348
-13284
-196324
-12924
90202
-11959
-49552
1650
13580
-12214
-88
-1610
15434
20180
-2203
-2734
-9729
13892
294270
17020
-34344
81476
25548
-4590
74861
-1636
-18673
6980
60086
11655
-3719
6912
611
-109929
76647
-34280
-2124
24419
7916
-14496
-12597
259110
15492
-10824
-6176
5998
23712
-20378
3462
-13779
-77148
-25239
65330
20406
20473
-16488
761
-3901
13900
-3294
-1716
6878
-36512
15236
-11816
-50808
3871
-16965
58479
-7188
-30048
2666
77096
9044
-33008
15716
5281
1188
-5301
53
-6353
55154
220436
-6966
1145
32546
1013
84060
40848
74689
48581
-7326
36395
-1780
45101
3743
30702
9864
33059
-59350
-12718
-124974
-3713
-145277
19414
-3087
12613
-96408
-13832
7005
-16242
-6342
12350
-6454
141
7850
10287
-47212
17609
5826
-18520
68324
13976
242919
-41267
-84176
-4222
4866
-71713
-9450
31692
702
16176
-25007
-19164
44455
184100
-19617
-26235
104244
12680
113745
-17706
2720
-98742
-111068
-5160
-213
-4818
7946
2844
24153
-20382
-29823
-4304
-8714
-14356
39153
-2898
-3078
-16518
6096
77358
11034
1014
108949
99656
45238
19280
100215
-2941
20319
2943
-4889
23384
-29626
-24260
-17934
-325
711
-39380
-6275
16426
-52080
-2788
5407
32076
24165
27102
3676
92246
54393
18412
3400
3223
-29760
-14331
-58980
87378
-30338
-5515
-47739
16406
8290
-69626
4352
4350
-230380
-44656
4796
-31332
68800
1860
29811
60889
-8490
-22857
6464
18978
-97558
-23002
1374
-19524
-10644
-35744
187040
-37367
-598
7025
-19544
-11370
-55424
-3962
-15862
-16928
49504
18986
10540
1214
-31110
-87956
-104822
14694
15917
21137
-87169
-21699
-35040
11742
2758
148418
23250
12255
-25081
116975
-15774
78778
-48494
-8928
594990
49474
25015
3517
-215430
29031
-8056
51607
23082
-80665
-21755
87614
5508
74834
53969
38812
-612
8648
-5550
1162
9614
5599
1010
2216
5142
234042
-94651
-120184
81831
55641
12112
84144
153000
-14023
-85682
12055
-2592
-1596
93572
-340659
77423
-4785
3531
-22335
5751
11578
-162264
4832
5382
8098
-113300
-9413
-77536
-3981
25754
38691
10708
21630
-8070
4617
-8272
-44904
-8853
6020
-4298
63077
-8845
257097
22988
-24192
1890
-12010
9506
53693
32620
10010
6214
12106
10874
-12692
-64929
-31575
3498
39069
83344
8712
-6132
24554
-3452
-4590
16441
5008
54669
-93538
89502
-20220
-4975
1082
6306
-12860
-4065
-55491
106042
-67615
228864
9356
-16485
22827
-17994
196047
42702
25732
58806
-72138
-5594
2521
-7354
16185
-23168
-18553
14196
-42208
-1672
29335
-4632
96899
194688
45238
-27861
-59397
13770
-5805
28699
12621
-29771
-15097
5613
-47944
99018
-5819
304
-71411
27132
-27240
-104016
-21165
-3896
-49742
1398
-78372
-36634
30988
-134914
29360
-2560
11998
-9834
-10216
3330
175379
-20202
-46645
-20535
76958
11250
6785
-38255
-56595
13346
68866
-76720
3236
8591
-28294
11541
-33492
18750
15600
-6151
-6444
64604
18508
20242
-128986
-33839
14751
-229082
-60480
38550
51842
-644
43581
73180
9730
9199
-7944
948
5586
-63459
-33492
-9055
-21986
4266
65444
15897
3750
34080
14489
6447
-155677
50306
139452
-810
-18844
12270
33482
18692
60308
-25629
30894
-33368
1074
-145588
-39070
101982
-435
-18643
-2592
13155
-24392
-84238
-14161
10080
38432
-9768
2017
-39672
42238
-18722
1232
267
69540
107346
4695
-35670
15977
-18266
56339
-24285
49345
-64754
23706
14996
3112
45
11655
-135048
-5403
113495
73889
-144909
19960
-34902
4386
39391
11468
30812
69490
23434
118828
-8991
-27064
-87035
-8836
-274
14224
-45740
110747
-19923
-26641
358550
100807
-650
15471
51162
32966
20295
95767
12362
-23402
11677
22386
-2812
-8550
-42857
18849
952
-55976
-15697
27180
-42828
5490
127394
-75002
8064
134680
42343
-11696
-1265
-1014
-2217
31618
17004
4659
-46684
30989
8136
-32862
-5285
18588
-4399
-42690
-3392
4216
93714
-7984
-17340
-6363
-47012
-2096
154470
82780
6308
20
-48136
-2234
-7724
15938
-3440
-27994
4982
-37550
201790
134623
-23772
-3725
-248298
-2398
-35175
48470
-44026
-9757
117661
52097
-65449
-8213
38284
5920
-6029
28820
38605
-38707
-130929
61184
-11696
-2358
-104784
28628
-7359
25809
69714
9121
-12496
-33976
-13347
36557
60684
238
-12380
18990
-3672
-5202
-20009
3398
67576
5084
-1191
6596
14955
3072
23618
-15403
-15425
8040
31620
81055
-6507
-4258
-68094
-831
11778
7679
111648
5889
62566
12056
45621
22644
-81397
7204
26046
34586
15108
74626
-25872
263086
27618
1971
-15114
-195
-3260
-11448
-7896
-32344
-16745
94821
5928
24753
-11042
-15936
46035
24552
3033
-22698
-85650
-4224
-23100
51384
-7154
117073
88132
-21182
-1754
28983
-7757
17994
-5063
-1161
30432
597
95016
59288
-20653
69816
-40617
68419
-45756
-26424
31910
16464
-3088
3628
-16919
-64699
-254
-7293
-12317
56397
-21472
-10431
-11208
17460
16968
-52041
22718
-2360
4756
-12998
-17152
-33388
-52425
13657
-93947
-168156
42505
-44390
-50682
6784
-9727
-50424
19028
11306
-10761
163920
-621
-12966
-31587
-8832
-33124
364661
-15134
66946
49202
-29398
-5411
-14736
16330
-115140
-354
-54372
13927
22098
-20162
2597
11548
2855
-107357
-21896
-18109
-28653
16036
-22700
23436
-5244
-34244
-10568
-13790
99156
37584
-9514
-85600
3870
-55914
-69795
-6660
-23438
61532
-50409
-40798
6425
20376
-9792
-3922
17626
36500
-2356
20286
60214
-5342
112863
4256
69442
-99477
32759
9671
-326497
-59376
-6967
-9992
-74431
24976
35286
2560
-7293
3338
8708
20104
-3008
-80214
-28
8994
-38660
-19671
-26234
-22680
10484
15150
-3951
-3979
10073
34056
-4961
-1200
-5208
-20095
-53826
32888
-1676
-44034
37854
-156863
-7899
-16364
8928
352
4726
42723
-2473
952
-98826
-17816
5347
24830
-22436
241068
-268859
39977
32122
-20935
-16717
-12970
1127
-131733
11704
-27556
16096
-455
-102914
70
-47798
1856
11463
-3829
-37536
-8611
1698
28924
462
4638
-37975
-11040
5320
-438
17080
-40406
65979
35636
347350
11191
-2882
-12680
-215100
39685
-3888
13582
-226535
154552
-132076
910
-4590
22842
-4700
-18888
-35929
-43342
-14264
11770
-48616
-162900
-12098
35938
-6722
7400
-10033
4756
2780
2026
-64544
-895
-32262
-11044
88800
-41555
-5550
2316
18385
-63799
-45647
-39156
43218
-36628
-8720
25643
14404
18506
116877
47212
160076
-58080
46733
-124820
-1035
73462
-140858
34685
47226
15024
-38276
-19864
96112
-4936
-115980
48112
-22031
-6496
-16744
-24871
-1917
-21327
-22174
-3480
2604
49783
-20398
80
-2373
20094
7045
-2487
-17057
62510
37885
-16624
-38552
147198
50853
4122
6024
167
-861
105571
6081
-6827
-33069
-43481
-126346
-31820
9254
1713
724
3976
11419
42296
2988
40242
-38246
-6019
-67958
91763
4224
-149828
-145744
-2545
24070
97961
5462
-1486
6966
-44483
-15639
19173
-72489
4468
-39042
-4931
-2623
-5555
-22278
7836
58708
-66597
30883
-19734
-53916
-11482
-9700
-548055
132077
14216
6960
-56852
-7173
-26986
-86831
-2726
9214
-9106
-39569
-14444
70426
49752
-3840
73641
1545
4777
-149462
84540
10969
-13964
-7591
-26400
21018
2580
5366
132733
25651
135
10458
3924
27490
238
-36762
100104
-10182
-38942
48869
1254
-47451
83398
6112
-5637
84875
142758
5447
27948
-77277
85284
-3146
68148
26792
24833
-13831
83512
-12595
-16074
-31385
111991
85053
25221
2616
2892
-55369
345620
-81820
112050
104190
17036
-595752
4620
51660
31944
-14368
-77815
-5449
18906
5228
6339
-11504
102753
-5250
-68605
-129616
5715
7886
-72875
76496
-83089
-184640
25156
-13624
14921
-45837
-129252
38290
-37372
-22375
23615
-42666
-95090
15303
5805
-10836
-1333
-88128
-5800
-24066
11513
6645
87948
-4768
19996
31176
20245
-14091
27120
-1129
-45744
15588
22812
-5460
-124393
47588
10674
60152
30801
12587
-3022
11352
-39264
-2003
15360
-19975
99664
-16556
39430
13344
16946
4063
22652
56410
19575
66763
-43558
-5811
-21186
15924
4020
6405
18352
77941
-2756
3064
28454
-215754
36916
78460
50244
30838
16080
190068
-12062
-8262
-2588
-549
12420
-274
-53149
7128
-17748
21747
33984
14439
50202
29150
-3956
46808
-31392
12744
-125165
1748
-544
15397
-9065
4932
33964
-103930
-32521
63738
-29619
53780
-4434
-9838
-50238
-13941
16422
-23244
13686
77566
3682
-13568
-684
7227
-16800
29149
-38646
-100
-35970
-196556
-54492
-11364
-648
25903
-13260
-23900
19165
4614
36784
8085
-2240
-20695
-342
99176
7016
1188
-25638
-65202
-10640
7140
161419
-93688
-6392
-20579
-49092
54
7437
1402
6346
112978
98091
16196
-26646
-25288
13952
-74157
30874
-172164
14472
-1816
27084
-13650
210
22630
12392
-3612
-26912
20600
82665
49642
172415
13192
-61215
3218
-2907
25771
314
12180
4338
-7080
41846
22650
207046
-7372
42402
60444
46310
1277
1234
-17906
-13395
26940
-27941
69758
370
-26940
7940
-171000
-69004
60986
-174195
-9402
-57462
-238271
-7322
7096
68348
-279
98781
-20475
-18845
-7595
-5628
-31506
-2124
18448
15386
-3470
73896
1217
-4166
144760
-56564
26664
65854
71514
92459
17745
-14570
-4327
-174258
39144
270
61655
105391
7542
-115
525
-52
4142
2341
14041
3555
-187305
-6034
129507
26049
-27840
13574
176992
14988
130
144457
73825
-7279
10081
-30837
590
7946
-84794
3146
11354
25201
49796
-22564
-60278
5340
-29624
13980
22212
-44046
29744
-7816
7650
-118934
-800
18714
6614
-32341
-10594
15338
14992
25438
-18171
22510
-16620
10018
73680
7270
-50163
6645
12720
12711
37149
8184
19946
-1840
35555
-55678
-6765
-55278
-6730
-4752
34719
16126
-434
10452
-1030
-29501
-13482
8671
-1700
0
16334
-36556
-39320
-43486
-4664
-13377
377702
-33128
14320
-26070
-18825
-89502
-16931
-15750
9146
43868
-88952
-3426
17613
-68911
84628
-14725
19937
-7998
-11474
-60423
-17325
2079
56349
59026
-22468
-17652
-25126
17745
113490
161919
37478
22659
1764
-134700
8704
-68435
-19800
-46277
18056
-6894
-67788
-164
-9272
116698
8241
2522
126740
-21702
120846
-112264
7152
-33678
28608
-5986
1728
29346
-486
-31301
-17922
2852
-1997
18754
34692
550
31205
2367
68537
-25884
-2318
16764
-11844
-29154
-36223
12224
483
146520
-12830
4110
-2520
12327
-10605
-11154
-9226
79752
-956
5909
-7951
37150
-6630
7595
-63371
137789
3411
-14252
27308
72235
4732
-546
30645
32826
-7844
14725
2760
24876
6970
-11346
-429
3120
-40977
-2796
-54716
-7283
88690
17877
-3946
-81553
-42230
17912
46926
-11710
39380
-43830
75957
2805
116242
66618
5659
-38869
527
-100100
181440
-2044
14645
-26634
-6114
49764
985
-19912
-282
6576
65364
7250
122265
972
-42145
9515
146
27568
24552
-4790
130154
-9952
21315
7192
-18304
16028
11568
-6864
-26689
-13948
5340
-14074
-38670
-3948
118058
-13546
154205
37632
124530
10714
15300
92961
32768
-10150
-8393
-4917
12580
44702
-6160
-241000
11180
-24905
821
158889
-4968
34802
84984
-13860
-679
2080
52179
-117020
36402
-206815
-27553
-30203
-29205
-6066
149943
-68245
-3958
10250
1349
-2576
-6900
-81137
-236
1978
-9163
-22036
-1492
-6664
792
7556
-21320
4313
-5520
2436
10251
-4110
2666
929
170342
-16494
134568
136701
10430
-239229
-47864
-2486
1870
22147
33259
-14449
5931
15636
11450
-15590
31787
-71800
-7180
26175
2188
12861
3810
-6188
25844
-22700
-85591
67401
-13906
1138
-4920
22208
-9964
-8649
-3663
-16037
7820
89095
5886
7970
-209816
-78522
6102
29360
35360
1656
-14601
-19806
-1480
-26181
15131
-35117
14868
361
1071
-32148
58656
-3600
-26438
105840
-17734
-7768
32382
-119150
-52769
-26379
22974
-2222
-35464
-26936
2021
-15151
21491
-12984
81126
772
6868
17210
44013
5319
3325
96260
-6634
-4422
-1918
74004
-30649
-77737
7704
21964
16794
-5194
-60934
-9918
1077
-18784
-86210
1135
-101889
-19570
-7201
7884
-27864
39204
46451
15480
-8751
-9179
1256
1967
-9255
-64698
-48
18493
-39678
13352
-5377
-4092
4140
138932
67744
-17043
35025
1830
12031
-14929
-13775
-908
-41892
-32519
-80274
-13740
-85720
-19595
42612
-54655
18196
-12870
-551
4131
22581
17320
-75686
11792
-10480
-77319
-51240
19124
-23467
-5874
680
-2557
8094
-1588
108487
-21606
19532
-2691
7588
-15040
-273
584
41537
139166
20175
31047
-43814
-12972
-6204
-87970
-12618
-19782
-81504
25256
-5252
-4536
17556
-51474
33097
15392
1657
-43572
76546
63448
-6904
453411
78242
8855
-70500
29687
26850
-2048
31728
5208
80322
1830
42976
88804
-21482
39184
78248
5784
-7211
6876
27320
80
-1531
-21667
2540
48978
5456
-22068
-1066
2564
-9693
-43700
-7528
-9576
2150
39010
2680
-4737
1602
33096
28314
49124
1524
56034
6294
-18753
25384
-13812
-33714
2276
-26739
-7702
-8310
-447
114450
-43805
49719
-9399
43246
415
-88864
205892
3912
11162
-42624
45990
-812
-39491
-10408
19040
-66612
-7285
-28084
2452
-2138
-9326
8706
77757
-45399
-31621
3875
10557
-42862
123650
-6002
93956
-8316
-59856
-7808
-7740
117801
6314
64510
10585
-1148
12184
-24011
-16022
-38505
64344
75692
-19760
5788
-1156
-13268
14556
-78462
-31017
-70076
-17382
182568
115878
36747
-99047
-3246
10285
2277
-20378
26424
99372
48663
-38664
2489
-15883
1848
-9668
-18348
4815
-8100
-72306
7974
60781
-27813
-26352
-20611
3105
3390
-179256
27908
21997
-2197
27774
1239
-14520
-12268
813
49187
21265
14676
-3289
-25370
47258
35412
86973
-36601
52404
66378
27520
5322
-1244
1350
8691
7512
-14715
-12515
15684
89945
-27002
7567
-23765
24144
5015
56561
-9222
24588
-67620
9258
77536
-201741
121002
-2528
3069
-3330
28864
-19609
-161
283798
7054
-8666
-8311
18973
59468
-13864
-66446
-15692
-74976
-7578
48132
-17228
2705
62246
-78117
16151
51029
5316
7155
17873
-34410
-1919
6438
2272
9066
-22600
58958
-10118
-84573
1228
159422
3897
-30693
-62894
-7060
9432
14996
-19230
50859
45540
13585
27124
-11360
1770
6317
-9806
69810
-38100
-19966
28496
-23072
17878
101397
2386
21834
-16216
-5550
-40040
1186
-91600
-4810
-14829
80946
-13480
31291
-127907
5380
-1670
3564
-5698
-4483
2519
20880
-53486
-24262
-62849
6160
-2814
-10896
1056
-101704
2896
11583
193066
72551
-8088
-12252
-1587
11151
64892
-5299
33602
-61880
-4972
36193
-67617
-3188
-70043
1753
8397
247036
1617
-3690
22766
27490
67834
46073
-5808
168
-61190
8761
-229382
-17752
48237
77240
-65450
18596
25110
68190
-20856
44089
21144
36384
-28557
-91727
708
205368
-22826
5149
34480
-64480
-13501
32330
-41658
6181
3073
8914
-61092
-37449
16440
-67920
-58400
-33237
1400
5388
-6098
22328
-15015
36122
-643624
-527
-37171
-98574
-15765
12573
-22050
48375
48620
43785
-15992
5508
-13045
-5229
69229
35902
4075
706
11196
-3864
-29149
6380
-41652
-10624
-22114
26118
9740
1506
-42456
47758
29599
-1893
3887
5025
-2469
-5359
-8478
-4761
15269
-7180
-7980
-19756
10804
-5444
-3809
44520
28864
-73776
22746
-81136
235
9051
-101650
-5791
103613
-168418
-8698
-33441
25704
-141895
-3106
13237
3168
-108236
-2784
-35332
-131840
7038
6505
-1736
6056
-53120
-33732
-94636
-7668
-7904
-14688
31920
418
41544
38742
21582
560
-45348
-10982
15337
5356
78706
35086
7255
10782
123102
-20396
-30230
1818
33660
1346
-3592
11258
77453
-19975
12276
-9841
-18141
-2287
15364
-26208
7744
-102820
2103
-19443
-22185
60018
72726
1448
-19455
-9618
6522
3
-34722
-42962
-129921
38745
4786
-47350
-32865
-117016
38272
-1607
82899
28617
39039
8853
45048
-9380
11866
-70650
-60
21726
-4196
94916
-1415
34652
-27940
15045
-10295
14615
3468
-43765
29846
131031
-37957
-7155
8815
-24109
-32066
-38568
-17678
-59898
-141180
-99540
-87239
-10996
-10032
-8802
-115744
33552
1264
54308
47716
-28910
1728
103297
-1092
-3946
-30691
-264601
11944
24592
-34520
11223
-45598
2919
-67700
-24191
-77616
-111916
-19250
58048
1722
-2767
4886
3626
4566
12111
-17952
-22347
-55528
600
20850
-15352
97370
2078
-3017
-1447
-13558
-3113
70656
-57075
-6386
66459
-672
3516
-1492
32959
6223
-7560
6817
36492
-25890
244012
-12754
-106427
-2340
-10620
16581
-6377
-27375
10618
-31661
21268
-11990
-7305
159496
6986
-15888
7114
-11640
-10304
-57931
15974
762
74396
-106136
12152
-5492
16786
39472
32372
-4950
14737
-21345
24158
-18222
1654
-7818
11526
-24381
-18824
29085
-6200
75128
142816
-97184
223118
-10882
-35968
-13816
-8614
5020
47525
67238
-61964
220486
-32390
10356
-27212
-38540
-826
23424
-19479
-84592
3493
13385
71647
1476
-4172
-22809
30039
-7467
41958
-3088
3543
1590
-962
12834
4715
-3128
-3234
-4290
-6638
150660
-87746
1062
5334
-5211
-11517
-34088
-32172
-25005
-1301
-60838
32146
-4822
39858
12879
-71762
3749
77040
48110
-11486
283
9870
520
31604
-3393
-17149
6597
65036
-527
13439
-23061
31991
-36894
329889
-20760
23392
-55740
17241
-3068
61936
21002
2058
-27623
8856
3552
-7450
-69
9962
97088
30120
-750
18886
11000
568
9800
-10990
-6579
114605
99485
-195978
-39186
1388
151248
172744
-15366
1370
-51301
25050
-19363
-76212
-6665
-7532
-10466
24248
11960
-2469
-21486
-124976
21327
-5945
-25699
33723
-2010
33726
17190
34824
-2796
6902
1688
-36348
-44426
19770
34823
-28368
16360
-11129
-62256
-15225
16781
1428
-43910
234269
58410
10281
18285
-39339
-126712
27589
2277
-14131
17758
-9022
-1590
97197
84840
15698
11370
-5237
-20068
4477
8610
3377
-12324
2942
-231391
-35217
-7182
515
4030
3067
-25521
-86439
-17134
-6368
62824
340674
63567
-198957
-43896
-8814
-5541
16965
7269
-33616
12312
110503
16147
-9376
220
104217
-27939
12800
-13236
7030
69395
-29156
-7396
71214
978
-7884
3906
-12245
51843
-15360
10560
2451
-1443
1948
17376
19904
-14900
-4929
6606
-21405
-3925
-43066
-14318
14632
19148
49224
-33678
-7606
-45090
94478
-63200
34112
19930
20523
66072
-12052
26790
28680
-19178
42682
20115
46
-13602
-39240
4308
46832
595
114792
-4423
-24132
11569
-31580
81543
20754
-13906
-3028
-99951
26738
-92124
642
-61372
-276
-25770
-19131
22245
-59614
-39562
-5300
-15332
3819
-77786
-24750
-13642
14480
3357
-30020
3102
-11887
3053
34
-59596
34854
-8932
-77718
-73484
57764
9244
27047
-22277
-52170
32226
43400
24816
-270678
220
-18932
-28461
-11425
-36252
2117
8508
49109
-156261
-9054
-48864
-30340
-75930
-842
-991
-8940
-2748
11280
-10308
-385346
-43824
410
49630
47875
72730
79403
28446
107680
100712
439047
-9151
86876
-74044
-13888
2832
114788
-3084
28664
69384
-13203
52216
-18804
-30783
23595
-9530
43023
14524
-56
5752
-30066
52773
19408
1776
25588
-58777
-309877
7049
10520
-46839
-25472
54700
-95776
-28120
93776
10541
-13654
-3083
107977
-29572
-24575
6
52588
24874
-8619
235528
-49230
-126
-69505
12774
-1854
20383
-38946
-48681
-4032
-68
23882
-64356
-39952
-42240
14434
-107791
73313
-5194
50412
-33807
25782
137748
0
6124
-6956
-5382
-8712
-24552
58063
-43751
-25171
-23515
78411
-50245
4966
-4779
21230
37808
-2530
12070
22728
6390
-83995
33700
42399
75030
-45515
16940
-50949
-66877
-25760
-14355
-79528
33215
126592
-34592
-22692
38944
2432
16268
-27533
33262
-6000
4288
-23006
-75600
-11872
18441
-55926
5882
8880
120664
-18008
-5693
8168
-44988
-5504
25271
12543
48648
91137
-36508
-26029
-2648
25781
37524
2142
-66689
9074
21008
120
-6917
9168
55552
6513
-7049
-12536
195
-7469
80360
-29454
0
-110478
160
89524
93499
46454
-22518
69135
124767
-379776
6466
-1614
5508
4909
-77743
66597
-9892
-131766
-112056
-31260
-1872
267767
-36139
23426
2510
-3249
5476
-4990
-7538
72679
-113200
-36079
3732
3660
94868
116244
13248
10731
15789
35232
-6213
26395
118965
-28138
84804
-17005
-25430
116193
-788
-42847
7290
1368
926
11976
-19995
24156
-3060
-19641
54342
-67826
8780
-61040
-35997
-728
8432
-19638
-13759
-104210
-65752
-7520
-5370
29261
5928
65330
-9527
-105899
9550
920
7588
87977
-71628
-151832
-10302
34376
-4985
29366
-20132
-15981
-7524
31329
-6792
-35061
-5834
32192
-115393
-13674
10650
-8454
-10422
174260
-14782
27420
65656
-16014
1459
4614
2732
46947
-185208
-159862
12026
-5187
-152061
22968
-2964
-2145
23982
65781
42113
32224
-8416
49572
1206
2906
-3902
-41316
241776
-2776
-11526
9542
-23622
2012
13017
55140
8424
73017
8397
14322
-4406
135535
-80991
94421
-8338
7452
-38817
11335
16756
-37689
10134
19431
55702
-39990
113470
-10116
-37861
2256
239766
-56080
-4701
-31579
69071
14356
-84334
-45080
402
6342
4787
-35000
34626
-8046
-88029
-820
-1305
-170767
-3130
-48432
-92037
10824
3730
-25382
-5575
-116747
-146247
-5502
-9006
50272
-7843
1784
-4744
9036
-31520
61899
645
-29745
-9402
-19776
625
-3038
-18200
7012
31944
54807
-1813
-42288
10284
792
-1087
2794
-12681
27714
-148362
10392
34064
-64994
-53763
137170
14976
108090
6449
-37306
-18480
18692
78816
-31742
-2940
36728
9405
14652
5160
4176
-5040
63639
-6840
-47410
-146541
48078
-164978
-8273
9756
4561
-60099
34210
4475
-645
-1800
-4320
13392
5849
21908
244
-79136
2919
9248
-82482
1780
39566
6688
-1424
-75107
3669
-11248
-6946
3234
-17422
60254
-4774
-12664
14850
-18144
-740
6981
223117
-24974
25840
-29725
-42071
502
-15773
-30168
-9790
-2945
-1772
-1544
40046
-246
-80930
-186992
-25766
-14562
-47792
-14629
51422
-42864
137340
61404
40078
13767
4536
2820
40890
131242
-103044
-3175
28233
-7482
29941
10197
-7269
81648
61962
-26929
5373
-13107
22395
-20679
-4807
6464
-10326
-24650
146916
-4965
3846
-31683
-28913
-115098
79189
-12234
-29959
-100080
3888
1974
-31015
-9216
-110106
94730
6915
164854
-35149
15174
-6666
-247768
45598
-11448
-2347
10380
15055
-17968
4840
-2782
-48420
156871
7484
6850
5246
46184
10599
130158
-66452
34650
65906
393
9303
-48476
-32970
52147
-29904
-2396
163386
15740
30047
-15599
49578
-12548
189404
-44750
-59231
40770
-27476
-28395
-3228
19269
128284
128736
-305528
-47780
32363
5242
34290
-76262
33342
-76753
304549
-3425
-3153
6818
-34536
-18225
-30635
20196
8150
-81080
-37698
11259
18949
-31784
-47055
-63789
-14765
-36288
51539
-60739
-210496
4345
-43296
18330
-106935
-105342
398092
11010
3060
11957
-1938
-31439
7005
16967
-189546
2590
10909
5112
41796
13795
-56106
-154801
-8224
18708
44647
8008
-1587
234
-98491
-8432
4620
-32831
38802
4360
150705
-19152
10679
59997
34091
67307
100782
43293
-32906
-1256
-84464
23782
-8947
-19352
-1012
26769
-22709
51515
-10775
142752
-4076
-38969
-75933
16728
-8508
-199866
-3325
52712
96310
-14950
6395
53905
-93364
13438
78345
-123161
16442
56065
30323
-27485
-2070
-95515
-4234
-7592
43440
58168
-7586
123525
-97520
-45600
10106
-119752
7257
-4918
-14406
26964
7708
15857
-1096
8250
50318
22244
-35882
63405
27301
-1392
-166086
32204
21040
26109
-2181
-2556
48718
110481
54687
13076
9168
161958
-28540
3969
57384
89088
5780
-8697
15942
-6948
70380
-2619
-6004
50588
-50808
-22431
-20118
425
-28919
-35541
-17286
14403
-22119
-44850
7261
13612
236368
-37901
45378
-398
178382
-143740
258028
25496
-77759
2112
-1708
-9828
-23847
-4780
-34787
212692
-264
-11558
11058
93
-2880
3205
1884
28989
14281
11879
19204
-1218
-9357
-38556
15794
-161008
31392
-4332
-77787
-21793
56484
8585
-113805
1896
61586
-21854
-16526
101592
12369
14384
-12582
-37308
50324
7962
-123760
-7952
7940
2987
43152
-77488
17008
-6518
15271
-10848
85759
-7042
-15782
22110
-4264
-52949
475626
-61975
1922
184649
-56276
64944
-21937
1624
6224
-6786
110736
-180695
14208
-25982
-60876
-33363
57804
-43
14090
-7164
6288
-151944
5765
4848
28130
-21565
1067
-6739
78344
5607
-422261
-18016
37316
-19026
56424
-3299
-2717
-8990
-60149
-10661
7477
-8440
-47544
-15719
-7776
-88853
55596
-119034
5069
5072
-4594
120115
-38204
-9111
-19767
774
42738
5994
-9300
-21199
-64530
-16902
-20708
540
2200
-61620
1548
52626
-12509
19399
-5107
-28472
-161944
36798
58447
-72703
-79422
28392
-60102
-3955
131690
91998
6699
62134
-8376
3240
-8172
-14448
36762
-17571
-5350
32924
11713
-17759
-4729
61073
7378
9627
22248
15825
7997
67162
6020
-9230
-10818
22584
-1462
-742
-3477
-37361
-5374
262302
-42484
26433
-10210
-41575
1134
-64443
-28527
-10116
3854
10246
22585
119193
-372
2602
21988
-10300
-58456
-285564
-4248
23552
7392
1600
88908
4030
63503
21236
-68523
18343
-376
78350
-18696
3400
-69288
51216
-41334
24508
361
-7596
46895
-339340
-37746
1390
5566
16158
-5207
-11020
18236
-11020
-10078
-77486
2556
66946
24100
-30420
-29049
4632
5255
36284
42795
-5337
-118529
23370
94351
-1202
33019
-7368
-97468
35500
72470
-6758
22381
-22230
23998
28609
35328
-87780
77330
-4467
-41185
-46459
-46338
-15845
19409
-48612
77739
8271
51063
-18952
-8897
-1488
19245
-51753
-63028
-133524
9913
31512
1695
-9654
108855
63632
17524
68511
25571
-4395
-23226
-64596
-3388
-21445
2634
-8666
-36256
10047
-12713
11471
14704
6162
-66114
17618
2508
41624
-5227
-23784
12078
27094
6428
-2895
4144
62397
108944
3158
-14905
45538
3986
-6103
-168
-9239
44018
8281
-59724
-41252
-98221
14186
22636
-40409
-3922
-7670
-6684
-2773
-16430
-138537
6352
475660
8490
-6817
6274
-39482
6748
48702
14007
124780
-74400
405
-40216
-1389
-19424
18368
121127
-80967
14729
-15876
45500
158
9590
3960
-10575
51180
19010
-142274
6028
13336
-34378
-136476
-15095
5010
-13470
-17215
3096
-30250
22666
79868
40296
55961
15980
-1152
-350
62076
1353
-18355
16380
30251
16991
2337
-7486
5916
-31212
-15310
-14342
-10161
1944
-26715
-18923
6130
-26826
-66063
6126
4518
71848
-4700
17984
35648
-34832
-21077
82641
5612
5352
2005
15244
-42978
-16821
27906
40494
-49086
58772
4506
108952
-7448
-7897
81510
-5741
9287
-88336
-110
4829
-22846
369021
54374
-6467
2875
5040
-20803
-30830
-73757
-297
18396
23246
-23154
21288
2377
35912
-199328
3531
15921
-50696
-47767
-32980
-3904
5318
-11221
-8581
158949
66900
24654
138292
-14370
-5728
1226
37352
-19286
-17799
14901
16398
-19689
-3703
-23745
-29044
-17080
47967
34189
-40432
-16698
-2290
-93043
46578
61171
32363
-14375
168220
12105
1618
21318
20083
-31079
195384
-10539
47283
-27813
39852
14350
-11071
-26313
3146
-22798
-32104
301046
-43502
69840
-7671
-7227
-18234
126666
-13096
-5472
-104567
15393
46386
26776
-78661
-67508
-27768
-13930
33758
-7812
34100
116564
41976
37408
43688
-9500
-64731
-1612
5415
11898
22078
152635
-923
-23244
55368
14210
1948
43867
-30912
31720
97456
-76485
-1227
-8399
11869
9409
14067
49936
49969
5877
24417
-6175
-2240
-79076
10920
-7284
19836
11208
-183554
10425
6549
14213
45040
52228
8925
-33444
-5102
1468
-61347
7800
24207
12675
-60896
-8698
34401
-20857
27267
-3475
-59688
-5004
3300
-41390
-64026
-8450
-19307
9915
-106
37251
11219
-25476
-7348
-10080
-7147
23976
-99108
4549
83348
-1112
-55834
-6601
-894
35527
80499
1348
-121234
-48183
-69260
21595
-2357
-3470
8502
1724
26096
143760
77114
-20104
-13504
10196
31218
7350
18802
129845
-268563
-25688
-1718
-24795
45284
57060
13555
-14700
16031
66408
30282
363
5630
-22413
6587
19533
63063
-23531
-10910
-37365
4632
115796
11301
6896
-430638
-20902
46017
73412
-65828
-956
-1104
-47312
21646
-12890
191368
36228
-203710
-28243
-20240
15719
-2067
-5494
46043
-3486
-9958
-29599
76140
5968
-3964
-18785
-11348
-66286
31884
76257
2541
-18400
14030
41384
-8034
-13908
49576
18084
9265
4568
-12545
-17499
-18644
-9527
-108804
4341
18303
-24680
20198
119844
14463
-49844
11978
3753
-18090
20991
-233692
-29587
-6306
56776
1237
43229
2689
-633
-21033
-8692
-10828
20039
33018
28205
-5729
114060
4572
-16160
-4004
-157956
73054
-1649
-73464
6855
88810
13804
-53145
-51363
-21458
742
-3352
-12290
1168
-13626
-65737
-76753
-22632
150
11779
-30642
19965
-45499
-18564
-19413
-13050
37446
1212
-6316
1544
-109920
-7752
7455
-154619
23690
10574
-1230
-4975
50426
1473
-28496
37246
58563
1238
30639
196544
-44837
10374
-37224
14830
-25214
-1319
-3642
268897
-6767
10438
-122528
20383
-15852
-5763
-30389
-132138
29504
-7497
10808
-39583
7531
-94
-39698
47399
8639
-12430
14324
3639
-39335
-4625
-137980
-42510
-47313
1779
-68426
-32495
-21444
73216
-39170
80772
-9551
247
4983
6814
230640
-2680
19574
5065
53434
11144
202614
-3630
10250
-164646
13864
35525
-3633
8524
4923
-15489
-4328
-51866
-517
-30908
5867
9476
17439
18934
-49049
3266
4267
-7382
-14584
-26039
78604
-23564
93
-59488
25710
-6606
9048
15460
202
1532
-5230
-9246
136744
339
112331
-93232
-20821
17070
7455
300
-1587
-4748
31838
-34986
-13689
1449
-18700
-74099
12481
74844
7616
4673
-384
-129176
14817
7585
29799
-9480
-27487
-25350
-23094
66962
2402
-34859
-53983
-22010
-14669
-4961
113484
123950
18382
8640
-52770
66070
93028
681
-6447
16304
8758
-50080
43888
100562
31040
-13942
30399
21309
-781
-195659
4460
-16008
-51880
335
-26146
15660
50429
-215194
-147050
71082
-54240
13185
-20447
360040
-13424
-15330
46032
-1578
-16846
-903
644
46329
-9170
-42865
-3189
-9180
10848
26682
15233
-2840
18006
77030
4248
-12576
-18760
5698
40236
-27128
-12478
6257
-3627
-97692
16992
-3360
-4806
-81232
2577
-1593
-486
15104
5865
-4998
-30024
-7209
27547
3180
12048
61008
-12944
-34200
-3263
3042
19836
27991
-169409
25808
-14111
41386
24189
-57205
-6471
12724
-1306
-29252
122254
26465
52179
49288
-41054
-4608
-2263
-77720
7383
13423
-5108
143230
634
-8505
-8100
-2090
-22520
5030
-29860
-11458
6500
-32468
-15893
43528
-214365
1906
-3602
2136
4245
-10487
5095
127851
82916
39132
9912
101746
-25944
-2959
26230
-2194
10981
25785
-27906
24640
47565
1172
41467
3715
-25568
21578
133887
-64076
-101672
-12637
21467
-8334
32456
6053
105
7086
6702
-9693
-34753
-4926
183030
-142136
6998
-4380
271908
8644
23672
-17094
23603
-22248
-18264
445479
1264
486
2142
86781
56970
213924
126423
126201
-30142
-2047
-10353
-3311
60802
91683
-43562
-25446
-28543
-11900
36026
-88462
-451
-74573
-4893
3001
-83614
7044
-9000
2388
-26614
10103
-68730
9956
-35618
11112
-3256
-23269
-41784
13122
-43320
21898
-1608
-84034
44672
79518
-7878
53728
24600
-19844
18478
-35974
64850
7127
2464
18920
31833
-12261
-4070
64308
513
14566
-64265
-2254
29612
5963
-8025
-153930
4506
3780
-882
-3733
113316
4626
12135
3541
-4293
43508
9522
-10096
-25360
-42301
-21904
9589
-37856
-26265
351348
-8047
60248
-69332
41387
-72801
-57814
-6204
-3805
4396
-1773
21144
-49193
84940
-14899
-23572
23356
-12579
30145
39298
9034
-5292
-13704
-19860
-477
-83962
85953
-31140
-10729
16095
-2208
-85694
-28232
-42213
-67590
23107
-300
-33126
-75352
31792
-33914
9416
-13099
3829
-1436
-187554
-72940
-17041
58764
-13082
-12264
-93054
-72229
334092
-1080
-12280
20324
-74183
3607
-31282
78866
-8406
4018
-28956
-29070
39619
-9912
-7758
2430
-37206
23838
14757
-350
-55638
4356
-15932
48740
28010
-17132
-45474
83576
63973
-24918
-17679
13255
5942
22980
-109090
3416
-54614
23356
-4286
-23729
-438
-37155
-5420
101781
8508
-6464
-4545
-10458
77292
57850
66566
-21716
26944
2166
-110220
-12741
-67106
-17234
4015
4144
78470
3064
7409
-54996
-9445
-41835
-67400
-419
67538
119262
-7224
-10142
-32820
-3042
12789
18221
-12440
109277
-23388
-12870
6049
-80285
8596
7438
15664
106991
16412
134342
18340
-92825
-51493
-18231
40622
-15095
-22362
-9534
31072
-688
-8885
-138796
-39638
1195
27576
6190
8546
-4476
-7291
-14976
-127565
-2135
-43066
3800
-5281
-40339
379
43884
37887
398897
-16596
12472
42936
-7365
5018
18920
-18689
11022
31664
85494
17814
87465
-53300
-18660
-2394
-39493
5244
10608
89888
-113446
-12133
-35952
-57809
-71257
34469
29886
12603
7713
2699
-30533
97956
2394
25409
-87650
52840
14078
-75897
-25699
-96025
15663
33575
1320
14036
21288
61637
-34220
12600
-24944
-9832
39618
-55250
10583
-936
-28470
-19208
32028
-6270
32839
526
-14790
-17912
-8604
-47528
-7035
-20249
10760
-51094
25740
2982
-3966
4650
34504
-49798
18940
-33024
2090
25585
-75078
25186
-5280
32987
10376
-98380
81528
9549
-48189
16548
-4792
-31399
-8336
-25750
-107728
-21117
17104
-40682
-27008
-131156
1980
-664
-288
41288
39898
166230
5943
732
12505
-13435
-3026
-74524
-43418
-52124
17460
4554
-6394
-45982
-26479
45387
51254
9108
57122
-10452
-57672
1801
3269
6948
-14846
-86359
30654
-29504
4266
42783
-1798
-2259
-46866
4266
-208043
-45775
2335
-35708
3048
16419
12868
-43514
122220
-53304
59965
846
14466
38733
-2328
-7757
38430
14472
11162
5962
25285
-11658
-4482
-48558
63181
27611
-10341
-14450
-35487
3609
-6611
1847
-4164
-394766
9226
-52906
65286
-515
2492
229381
-4576
-5673
23884
-8640
-49441
-5423
-26166
5945
-8355
-44474
3180
-23514
33490
-23140
10981
5803
-16800
9954
11244
-714
18076
102201
30336
-46587
10686
229724
-24620
-84894
79690
127203
-249876
10039
-13300
-152362
-9039
37738
-63260
2941
-26560
23182
-114192
-6407
-11195
-336
-12332
2104
3015
242530
-5954
137830
67644
-9284
3889
11768
-30024
56708
-28263
-7440
-1439
-13133
22572
21978
-5524
-17864
4939
2552
13332
-27808
-26484
-5196
12090
23480
-12045
-21793
-66457
-1990
-121032
-13590
153966
25049
10598
6934
-7216
5421
-2961
2428
-488
-29308
-18856
197680
-680
-69426
112969
-20216
-8362
-2691
387620
-8406
-264
-25102
8001
-2036
-233542
-5382
-20442
59404
-28240
-72691
16471
12420
-14341
103540
17191
-4973
-51335
-24160
137293
19772
29935
1578
-4176
-46020
-94437
-53958
22851
590
-7945
2780
-21972
-58
3469
6825
1305
-16000
-7366
-436
194686
-191958
-10990
29505
-38514
18639
7005
-11662
47130
1325
16644
-3300
4706
20006
-19424
152540
-277
80457
-14522
-115452
88092
-45816
-15677
29322
-14196
-271
79705
43173
-20002
12402
-117241
16221
72056
74103
-7965
-89841
14516
41735
41230
219578
-179
-8517
-8288
-15455
-13270
10600
-56622
-5724
-33460
-337
-24400
-24348
38673
14212
45059
66681
-72828
7674
9102
-7402
17412
-1522
18250
-96429
48544
-58947
-26292
282
-42780
-21623
-27340
-42930
-19483
-7782
128898
-5854
87540
9506
-14896
908
7461
-22405
26555
10329
35070
-299
-2325
133482
-53397
-10490
-9496
6332
34089
-4508
-19030
-4730
47511
-9790
-53194
-164638
30376
5530
1880
47282
49852
5208
-7294
-36009
4414
2813
54960
-7155
9963
-7245
67580
2596
-1111
-45998
-231420
-20982
-7910
-966
-3260
-8151
-38231
32579
29319
14558
3264
1859
29544
-2414
-37127
37795
3957
-11600
-15066
-10986
-9270
-99066
9210
11478
8579
-87063
-69784
9195
-11516
-1117
51084
-47034
10209
-6799
5331
636
21957
16736
-62189
28886
-41982
22688
-17549
110964
-76386
-9976
139920
8716
73356
-11574
28180
-17878
2675
480
-34547
20480
-6172
-7478
106080
-50513
5666
20855
-13062
3240
28810
-1708
115803
103128
41124
-20954
-21219
-184292
2407
-23534
15070
-81728
16232
1280
40454
412398
13517
-22580
1066
-2624
4152
-138232
-710
24543
-110754
144112
-48800
139572
-188178
-49496
54016
-68989
-178668
4856
-29
-58507
-15399
15650
718
3226
9511
100242
75943
-17588
-71032
9273
78661
-49016
18966
34759
-23142
-193588
879
-4220
-25445
16583
-17792
-16340
28695
5568
1482
-6724
-20353
-1990
122334
49739
4118
146951
-16966
67865
-84469
10892
-4538
-13875
-146832
-871
-2970
-63029
-12607
-150220
72206
59945
47212
-97264
-51104
4081
-277678
-38217
-29900
10509
-199636
-22626
-5637
156290
-25006
70816
6611
25970
-79813
4536
8370
-201822
6461
-4906
-6457
10320
-18873
203095
-16428
12708
-27608
58973
-20338
-14164
-87526
6095
12848
-18464
-12872
-751
-173893
-20726
-12029
-111538
14398
99452
36198
56156
13333
-3609
-1197
102124
-9091
-17978
-113192
78306
87184
3254
-8403
-19189
39925
-2736
-24867
3527
39028
-29750
-12488
13900
-61448
-2352
-51108
-187119
133904
13024
-12666
-2870
161424
-11464
1556
-19590
-137756
-17680
9770
9045
-73854
-3468
77843
114489
-28176
15402
60858
19354
361389
1400
-21560
-24486
20567
-2571
9022
16410
23291
-11414
19362
2640
-3814
-152036
-52101
44124
30816
-99452
-1785
6936
42568
866
-2654
9963
24107
-3294
15385
-39716
-5195
-1797
-123754
112511
-17160
28506
53203
-48582
21924
-6864
-140921
-4990
-13260
-52679
6501
15206
6638
-25688
8720
103107
-10542
-8922
-15039
13470
-65300
46478
9222
103056
-26536
29366
-33110
2030
23388
93775
-17997
15960
-53525
-1015
-46784
-272
-30095
-33319
-2183
2358
-3963
-102432
-3729
136404
19546
-20002
259975
16747
-28376
-6237
478320
59818
-5574
4122
-56330
-37052
-8853
-11007
-5882
-42544
-92601
-1866
20570
-95992
147498
-7399
-28954
8192
-2490
-11876
-13072
97098
-88998
11490
-46729
-41475
-4464
-15066
-49925
-3608
6897
-13937
-16876
-28580
16558
-124091
-34102
2742
13196
-40074
-212
-85933
-43149
-932
7383
-33215
46028
14952
-14637
98650
22772
62446
63481
-32850
-78315
7479
-107
-12754
3984
34012
-4438
-30794
-29106
-99014
3530
-24612
-100824
-35642
5218
-4248
-41718
-8528
10264
57892
84852
-84302
52150
-6486
18498
-12015
877
35055
-71307
-2795
25825
34776
-93902
-30940
-111134
5193
1080
-5231
-2206
-3564
-36518
-45864
-12455
-6524
-125482
-13497
-15354
22793
8520
19487
-96125
29907
17238
-4100
30943
-3394
-1412
165020
-20568
-7990
3164
-44172
-17927
23391
10558
5544
-14366
-7645
-31033
11252
12197
32564
3054
3196
9930
-10598
205926
-3256
16362
-29262
149325
2805
62130
-19485
2744
52872
57260
51728
46636
62122
-43540
1445
197689
6208
-11753
-4746
-9500
6735
-191822
-110441
1444
-37
-115854
-22990
1114
21905
178296
-7829
34005
-4533
11422
1410
-18761
19650
-74570
52285
43249
31800
-22952
-31645
350151
882
138600
7728
33110
-3458
-66054
21500
55264
21504
8425
47678
-22612
8499
4052
12532
5458
4933
29840
13614
-63252
156
3
15592
26684
-9363
22868
-12260
-7539
8684
78382
-16233
22058
77627
-32244
-1016
-9357
-808
59872
-55072
148
1137
170136
-28961
-22958
-19776
-14092
-71607
15737
-1371
-5904
25530
-31581
-378039
6132
-9016
1584
-2701
62880
-8793
17356
-70148
-83376
-112
-18780
4152
90507
-680
-11913
-15061
41651
-71802
-1862
-59340
85185
40008
-62983
-10108
3907
-19143
-28120
108712
16092
12350
77790
-3420
11500
5005
64490
-7454
104656
25328
-3003
2224
-96864
1006
26400
813
-2640
15038
13714
16565
157054
6258
11841
178917
-65020
79020
-933
34080
4550
6524
-11284
13145
-11952
19643
20417
528
-3876
72357
-31251
-6742
-359
-30132
-11381
-32310
6389
5196
92016
9777
-3208
-4779
31347
-33735
20261
1367
-5164
23568
37208
143012
117019
-526
87005
43388
-119369
-66866
-95128
6868
-123139
48000
24538
15274
33927
19388
107271
-42487
9492
4625
-2666
-43392
-31850
25176
3987
9647
-112855
71940
14226
-577
50797
73107
-117259
22733
9042
-3679
22300
26082
-10222
-6183
-2535
-15202
-87654
-7040
-19219
-4615
-1452
-16013
3140
-6274
74920
-15856
28711
-3935
21576
-97280
-30218
-27018
-46966
9756
9147
81123
13008
-13460
9144
-3591
-8496
-171870
-28522
-11630
29196
11889
-30942
4510
4696
-8194
10265
-74916
-42348
27745
25224
76210
37342
-9008
-4562
37440
-7266
-8958
118300
-21758
1764
4008
7654
-21498
-3231
-2034
14228
800
-46377
6066
1299
12569
44720
12850
82446
-19161
-9515
-3784
-5945
-2872
-56760
-104950
-26276
15515
24642
129263
21627
-318
-6528
9902
14078
-8215
102363
153564
2150
1724
-2268
100501
-13731
-31250
-17848
42679
7674
-176
-99260
37426
39873
-29694
39596
-42215
-46665
-14645
52232
20981
1984
75430
-22381
-1473
33807
-12299
42884
136799
82719
10197
6561
-45654
-6540
-31468
-1197
-15856
27757
28412
24090
-129204
21900
-162357
-51494
23342
-53622
-21600
390767
-11114
5310
-584
-49700
-48835
104458
-18286
7930
-11142
52665
-43136
4298
-38343
64171
-16188
476
-15053
92964
-37750
-7668
-4652
1015
1100
-14800
48156
-107055
1889
1438
2091
-8644
8916
-17056
163514
15558
3172
132428
-15786
5147
-80491
-26052
7260
18981
1546
-9408
2186
303256
-71972
-1696
7641
-518496
8220
9188
-2284
10806
34472
38577
-2592
158292
-395
-5286
273
-10250
-28320
11446
1801
-11180
-87772
-116453
-31570
33951
40776
35091
19012
-45068
21773
46412
-8210
91704
63400
61146
73116
-41097
-35340
-6471
59556
18018
-1579
-33525
359898
21096
14984
-5131
-24222
-2183
783
-11161
-623
-23776
4902
65329
20947
-79331
9716
-31404
-6835
-239157
52581
-26634
-1873
-8424
-10134
-1305
4280
-7522
7545
42960
-171
-67704
2000
170649
-7320
1995
468
-747
-37571
211455
46633
-6172
15846
449
8420
-2724
109390
-10602
-7368
-75858
-91328
-20742
-43437
7602
26831
19959
20946
-22206
2970
5671
-102530
5251
10577
-1995
19392
7540
1174
1108
5011
-11104
-671
-55008
25821
-4556
14040
32120
-9744
14661
-6548
-6364
-37538
7180
-82048
36525
-41488
-5869
-28795
-43240
12172
73062
32942
-40755
-1820
-845
-21121
59765
9843
24542
6636
-24444
241
110064
-29258
-5180
-37404
-82534
-25690
-1030
-34505
-16374
-48813
-4127
-22064
356
-25351
72066
-14574
-9466
32864
2768
-61704
24956
1971
-33324
5640
-31182
33099
-16148
18458
-105003
-99164
5910
30495
9304
-5197
228
33045
-187260
-1930
-14684
-4554
1956
30608
-2345
-18552
-15097
34347
5644
-4544
92420
33081
-27512
5644
1434
-33430
78754
-12276
-6752
14763
7680
364
548082
7406
-2364
-31262
-11233
-6353
-26010
-101211
-401
23588
15920
26087
-23182
74406
-1332
1492
-2485
26365
-75534
3488
-9435
-82104
1388
7457
-80890
-11571
11302
5840
-692
33594
-3067
9904
64824
-194247
26880
133326
10860
22204
2451
2932
-31948
16255
6778
-173696
-13920
-3405
21540
-65580
-7519
-5724
156049
213780
-50104
-158230
9190
69636
25380
-119160
-61348
12165
10452
82582
-9515
-9512
23941
-10200
52260
3817
67150
8329
23116
53302
37486
46236
-6035
-28318
-8537
146949
13309
43622
-3528
3372
-998
24919
-137732
-107098
38620
6829
-11320
-14262
26096
-13216
20629
-20050
-17494
43515
40641
-58401
3044
706
972
6606
-22641
-8936
-314
-34250
32130
-30218
1964
-6058
7524
-12840
30120
-45732
-19791
-65108
18378
43504
-58718
128145
-136985
33097
16200
-20869
-217148
-3932
-9816
6026
3520
-3166
-2069
-23172
21537
49239
51285
-16842
-4292
-16
-62930
-30232
-29830
14951
-3437
-217997
-14765
-4579
-6272
-7100
3849
-16777
-13806
-13699
70719
-5130
-6517
14053
-9807
22488
-15868
-57177
-1176
1025
-220968
34577
-44408
13560
-13406
-18288
-75738
17612
-11244
-31346
8166
-48568
-12762
-115977
97552
-1302
-793
77308
29
-11186
73684
-128
-75519
-24215
-21228
-11843
21306
-62385
148747
23231
14507
-18031
17688
7925
-7695
43797
2351
-110767
-37908
73
3574
30240
11926
28968
-18357
-4968
-10350
10935
10256
4184
183490
-8626
3662
33158
830
-8360
-33516
266423
-24656
-16036
524
-6255
-69914
-35205
72912
-32880
-9576
1095
-48032
1145
-44940
-26
90516
5794
119954
20986
-43311
-6929
-27180
42197
35259
8031
2300
43956
-9383
17884
-8889
-3975
59096
-58156
154264
1076
8089
8329
3888
-35757
-22003
10320
2862
-3154
8770
35982
-81506
-99834
-21849
-13512
18424
20783
-100620
-148236
-10106
-41925
27157
7730
-18174
45186
-11132
-6889
-7593
-46137
-47040
-3240
86
-1656
4016
-27996
17108
7371
49215
14310
-1278
69208
-7018
58032
81000
16723
-55734
-2088
20172
-66198
-1655
2752
36165
7035
24726
-10624
-19890
-65305
81595
17174
3797
-10550
-17095
232289
-23593
-73305
-17934
43598
26136
-295360
-64107
-36862
-16184
-8073
31081
-21070
6112
-972
-18045
77832
238
-25416
-12739
25124
-12776
-16071
-31439
-104576
32052
3432
-10255
18642
25681
-31568
7450
8269
111566
-140740
15781
-6344
44868
-44488
-22920
-10753
48679
11890
7726
16005
15677
15786
39359
3632
-17968
14912
-28656
-21692
12674
-5342
-5001
68176
-12010
154770
15063
28266
83481
-1866
-5929
-4353
4046
-9317
-32310
16444
-16831
-217398
-19423
5460
-11273
3200
-198
-134484
31403
-4296
-5081
83146
-22178
14403
-5490
-48
3456
-15105
-20820
-1891
-15627
-18837
-9048
-13675
8670
4235
-6909
-7245
6935
4968
23664
-7170
144879
-53776
-21432
-150178
-5264
17590
3015
-114348
-145162
-166242
-2738
-17241
9324
1148
-67473
45912
-207779
150830
9688
-19074
-6153
-631
-18130
-57694
46929
34538
3792
30912
2947
35802
44745
-45576
22899
-112719
146443
9654
7401
-414066
-71400
-7808
-11892
7699
-18780
21282
-4920
131216
10469
5586
-34129
2016
-31336
-4840
1785
-62157
-93554
6204
-16626
5633
-7960
240950
8574
14824
36214
-15912
56965
11925
37438
44586
2715
-22305
37930
-8122
-7120
-3972
105584
170
-34767
-3071
12408
-11843
-14653
954
-72444
112358
-57815
4576
-75619
-3878
4758
-11928
4694
3744
-11326
-68292
12087
-11464
23766
-13959
1357
-567
18517
11535
-11871
-10944
28236
54063
14892
-20592
11368
-8829
-191530
12195
16232
46466
-1212
-20270
261360
2415
13893
-31003
3971
15867
-10188
-364
-17544
56509
-6454
20502
-10288
-32927
-29458
-4799
-24938
-60708
-13780
26685
-6016
-37951
40788
3528
810
-26620
-451
-3792
-3522
-6412
73787
-49785
-308
-15258
59930
-19599
-7248
-18022
10657
-9711
38634
-129030
-93723
7184
-122427
17952
22785
-5668
-7212
-4478
-16158
-9742
-77208
151420
8942
-598
-3131
137
85280
976
-9006
-268
13842
-5592
1834
-64770
-16866
-119176
-35503
23886
-15110
-68536
-122207
-141206
8122
9668
306
-1048
-1163
-19840
19355
-4707
-25529
-15330
87596
57690
-25172
66657
20720
-40813
-7066
98014
32917
-119763
39309
9846
18464
-10218
-60308
6730
-11812
-6608
20052
145897
-71616
-7292
13872
18729
-50968
6870
6144
8740
-8620
7334
71089
5096
-3934
38580
-9021
-592
-110132
5875
-22921
1438
-6224
3610
-10800
1107
35279
64248
-240
-27480
15542
-565
18100
-18634
24968
-11410
-24936
8464
-3922
3650
-1368
-39916
27186
31808
13010
-37968
-3915
19197
-139578
-26950
-24642
-56042
-33024
99684
-111429
7173
9014
-5091
-44925
-36437
-83880
-99196
-64026
-38654
-67558
-22240
114442
9660
10516
-53866
24353
-114373
-26288
-1686
12511
-6542
6560
-31728
-814
2793
-51757
-133319
2057
14880
50643
-5038
-28906
9844
21822
34571
-123708
-32280
-30674
-7743
22232
35214
-62055
-11620
-21856
-14030
-354
-19144
-44045
-12486
-13563
105602
-11162
-50276
3374
106003
16574
-87560
-39478
-8282
185192
-66899
28982
18058
15044
3152
-13394
275544
-102620
14600
-19055
305799
-29934
-10773
-10856
-10362
-419
-44769
-266571
23206
8258
3300
-18448
-3572
3891
-6310
-4571
-17030
-8637
-29553
53898
-27434
-67830
-13278
31792
-21814
-53612
32670
-18368
15622
265166
12736
5500
30404
2265
8108
-23760
21941
18954
33892
-87467
499
-31239
-24189
25560
22250
8328
-7390
-23133
1674
-27278
14730
132198
54287
-64608
-18168
-4539
-2556
53432
5706
1527
92442
78254
-10224
-7761
11552
36624
41908
19096
18848
1446
48824
29538
-16212
-69980
-6097
-2306
78700
-2854
21594
23883
-50805
-69702
-10210
-1647
-2649
-71385
-46750
17422
29140
-1281
-9472
46056
-88099
-19830
6910
-39435
12063
-6656
17934
-11468
16154
2942
31620
-62064
-181214
1078
-4861
8643
7897
-58144
79622
275848
-70390
-1080
39103
-39016
-25350
-8338
6712
88200
7816
-141126
-5060
139345
46904
-32569
27580
9162
58080
76326
12185
16003
24900
44826
-24325
-18429
-9110
22224
-43360
10284
-7582
-2325
-12768
-50556
50823
5056
25128
-20069
-26618
-246551
43139
92172
2929
-29915
53942
-13264
39347
-14222
58014
133658
9003
-17859
-9623
3829
-2375
72636
-32824
-31834
103693
-64613
-6409
-38858
33154
-57060
7356
-5294
16675
-25844
258582
-58242
-5820
-3662
-17398
-17267
-5494
5115
220952
71306
4290
7146
2120
-82708
-12112
-19062
-4268
13684
48637
1272
52114
154156
142123
87116
3976
-23205
-49447
-6244
-7764
29388
156
-66924
4352
40806
-83865
-28201
-67654
-62243
-18595
-23489
28417
-7875
-58702
-4393
8204
7644
21432
-483
20848
-50626
-6147
10874
34626
-1080
-32148
13380
55973
7929
-105045
44792
4432
-11663
-126910
-6774
-42230
-9034
31680
4255
13354
-3498
-56030
39378
-8154
19646
7435
-7054
14479
3361
32473
-47340
20263
-61025
-2280
-129319
-112992
-1379
-6018
6030
30121
-75765
73280
46020
48292
-1148
270
-5071
-4522
19912
-1935
75432
-3322
-96
-739
5708
36666
22431
2055
1047
23216
-14961
-46070
956
14782
-101100
26955
39166
13604
62436
3200
12823
41548
-1378
-900
3000
9524
85906
1539
4064
-16228
-42206
-140780
-5844
-432
-10916
3128
-9442
-49457
-9201
134993
-49336
15666
-278326
-20261
-1056
-8776
-25653
27622
18252
50672
-85608
5183
-18960
28106
16320
22632
-16017
-6416
163239
3712
13501
-93200
-15971
45360
-14555
-55770
-16850
-1495
123828
-14107
-429
-11760
-128943
-8983
-15114
-26184
26025
30522
-26174
-16728
-80115
19716
-765
-27868
-24766
24016
-35768
17820
-19600
106091
-20803
80654
48605
62500
-13200
-8056
5318
10954
-67122
6464
-30859
7542
160680
-17682
42748
11404
16408
19311
-3698
-16940
1156
-66
-4750
-28541
-139066
6454
-152026
970
6284
-43396
-59247
35584
-24878
-31066
44114
8350
48305
-35398
63041
54546
-12294
-50080
-7809
-32787
12314
19585
-198602
-36810
2265
1764
-1350
484
70890
143496
46305
6003
-14436
43942
-348
9540
311150
15054
-48848
-9308
-52
-476
-23245
156531
94171
-97035
10412
11334
-15231
3784
6811
-2028
-42512
-271072
-24537
29640
14397
21286
-3068
3398
-3681
6950
-64510
-50085
-188424
-10567
24570
-3370
-45976
-7046
-148971
48882
-51808
-17408
18474
3300
-15600
-1558
-217412
5645
4290
2739
56172
-26917
1740
-13756
-88689
18018
8505
-149278
-71758
-9342
49490
-11454
45101
45724
-69795
50774
70778
36200
12193
16875
-3592
134438
58694
51088
30528
10124
-16884
7071
-111614
932
5799
-26193
-17656
-74945
37434
-14477
-25568
-770
39662
-3059
8145
4544
-32328
-55200
268
-10011
135754
-7194
-47348
11252
106722
24508
-222918
8304
34020
43578
38965
155517
-17847
-2562
-20930
-4438
-53384
46270
2751
-18063
-5514
-34091
47278
-18210
22284
-391
-1062
-6932
530
-3356
18723
-9588
150218
-77914
-143241
-6480
-1600
-1701
22260
-33256
-14968
-8928
-15812
-2067
-46549
-16890
10104
44808
33582
-25948
44217
-12824
2748
35734
-11294
-6579
36051
-88033
7634
20538
-682
-24065
74828
94235
-1296
43520
27104
30104
-33158
-6336
35252
-38605
10798
-666
142667
-39384
23298
85880
-13443
41044
117328
73394
29580
-61854
3336
1695
-58740
-75022
23127
-76089
-83334
-159432
-34914
15556
80784
-25608
27223
-105108
156254
-2511
-24988
-3016
1134
-26685
17809
63010
-54374
372
-35159
-6044
-47862
22884
25836
9330
12444
-2868
-10891
-14000
2463
-627
18712
-19388
-820
6692
-317
86272
-6386
-35397
-24084
-23763
26074
-49516
-42894
-8850
-9021
-30632
44421
-47243
-3471
-2100
9306
-67278
18347
-23033
14418
-55542
-109761
7769
-69
1570
-34515
996
-33545
-29770
18422
7200
19840
-31017
-87906
-13594
17951
-20280
-272
305052
9526
-38472
19740
61478
47136
21896
102744
-12486
-78800
-15708
-122
-1906
-2098
9912
68168
22642
-65294
-66411
-47825
5469
253
-55710
-23152
328
-14320
-6082
26673
-12112
-7460
-137320
-27621
21769
1957
3140
-26473
-17904
2774
-32648
-58155
-126781
7546
52
45328
68770
5492
9753
11574
4332
8598
119388
65556
-47646
-211424
-11424
20007
79662
-58380
-13371
42888
48380
55445
156161
7959
3388
42145
53445
-306900
-11025
-22358
-86763
221076
-780
-7807
-22950
-1952
53765
1530
-15672
1188
-77531
28886
-16097
-27944
-7856
-140564
-95
8502
11292
-9308
-53322
57199
-3777
46330
98128
-17136
58278
13679
-17745
-38058
-38425
52904
21322
-12663
-66976
-44364
-4071
25015
-122048
-55969
7368
64138
2540
3537
-16528
18093
-22499
-36217
273562
4877
-2804
-15813
89330
26344
293498
-206548
-107555
-85724
-4692
-600
-43096
-5978
9331
22820
-1900
23808
-9254
-19486
-6990
-54562
-42548
52242
825
-25670
42594
15968
22129
30588
-7904
26397
6374
7521
110411
22124
-14214
-105792
-169126
-920
-1776
-32855
101291
8478
2196
1561
53643
135388
-17191
14294
-10444
-12941
-3660
-40584
-33181
-11698
-2664
6423
18673
-4620
156426
-9006
42338
15472
-164430
-60058
-7350
-2736
3311
-311
5844
54380
230142
25508
7440
19440
9784
-57931
18742
516
-8662
-12078
-5949
-60305
40760
-4994
-6424
-4460
-6009
34001
-4849
-218
-4321
2786
156
12621
-2851
-6595
-855
16133
-34614
-29690
62979
-22673
-35955
-10632
-803
17137
-5674
-4119
-5378
40903
-12322
4300
14821
-2222
-6248
26280
70107
7484
2454
-21887
31278
256
-2840
235122
-103438
90325
-22065
7098
93384
1419
29088
-2754
-11929
-115136
-68348
2823
17586
-27379
-1036
-135096
-9808
-127160
87914
14076
-88710
-29184
76733
11480
-6282
17326
-5910
-9706
-44768
-47348
-10638
-6969
20776
-2707
-30630
-6708
6031
315
9792
-19440
-108610
-57755
1624
10837
10818
102904
15327
18006
19410
-7582
-49340
-66780
-864
-111282
77010
-6129
11948
19778
-11122
-134730
-4953
-58065
2304
-8732
9990
-15310
61436
8976
-4648
-96065
3753
58310
-57005
-15568
-213045
-15031
3301
109044
-24254
60164
-61682
50259
4181
-7185
-100021
-17632
-148800
-23423
-5332
-33513
-3052
-6593
16134
-10208
-30999
7830
8897
-2420
-204
-5937
16528
-4272
18626
-22154
-6670
-11262
5086
-2054
18888
15462
2690
-86000
-4353
-10003
-10164
23896
5670
7212
13048
3470
7152
-64887
21266
-48175
-9523
68204
9984
13564
38309
-20276
14102
2433
18407
98936
6459
28518
-1198
16738
-19930
-27673
-13604
-938
15495
-10313
-15830
-12525
-23326
-16830
-2320
141226
-820
-1200
-24849
-4888
44440
41434
13405
-18618
12507
-104952
52404
-57123
3931
-94512
-6440
5136
-48552
-8925
27074
51040
-48102
10671
550
-42223
5103
31602
19661
-26874
79448
1950
-41308
154206
-14800
1925
4992
33431
1892
-84018
-30962
-11936
1332
81927
-2506
-86554
-8955
5521
688
258949
224263
-18051
2439
976
-73580
-5673
3104
-60279
51580
-15080
20162
31185
57296
125944
-26422
-50051
12302
-4652
-49166
55260
-14702
-5094
11994
-43454
-2936
-13208
40924
131700
36160
12748
225
9016
33590
-43808
-15535
-59610
-11454
20262
-93928
-101424
-41776
-20240
1602
-31938
34722
40036
-38340
130973
1068
4936
-25304
-98531
-57827
-41344
16008
107042
-102786
62287
-53664
3990
-417
-39954
-1828
14412
27544
-32696
-11838
3777
465
-29152
5942
56080
-7872
122767
-14619
-30088
-46893
-4391
46702
-8066
-21840
-53664
11748
96617
-53896
47784
-75778
38220
-104991
-20664
-18515
-3336
138946
-7170
28501
9631
-156600
347752
-5940
-21748
11073
28434
3340
-25296
56376
-46912
-28437
-31692
-14832
12143
12222
-22889
139240
24052
38652
23465
-29414
9212
43040
-30608
-37605
-261039
-84646
26355
10326
131964
-36900
31346
-188370
-15564
11671
36
16061
95232
-4414
14436
26401
101
158658
373711
177007
-125108
235803
12978
-234368
6910
15852
68794
219595
29196
46089
-129612
5872
-2878
9264
46793
-27870
-930
20119
41757
98892
-6243
-13812
108120
7014
-149096
-700
-82555
-289030
-93490
-97165
-29269
-16150
26314
-8707
39440
-17200
34244
-16453
36614
-28340
-7494
-21634
1785
-18244
-51753
16293
-6450
-22857
6996
9630
21286
-684
-7809
98051
7319
74560
-1183
3512
-12654
-45408
92668
-34806
-1612
-8566
-69901
-2542
12486
-4282
100054
24948
-2784
1662
16658
22314
28655
45075
28552
-75945
27090
-111250
-134675
1891
-43280
14314
3756
7063
-5863
-15136
14542
645
8094
2404
1651
24230
-87131
-89937
32280
21462
-13120
-58007
-11568
42207
4376
-103433
26054
-45687
43442
-31046
-34722
364
-34449
88731
6339
-47766
19342
-5550
-34649
-14632
-22551
2422
334510
83256
-55390
12928
-85976
-204580
7214
5656
1101
-5648
-83992
94613
3140
6151
25060
23626
5022
2806
79141
114165
-105594
39553
30405
-183535
1670
2705
1818
-3984
7195
-3594
65874
-22836
-10961
21188
-8572
-236944
-38700
41162
-18989
-11579
-24056
-22674
-94996
-6760
-589
-242788
-31790
-10738
-52008
-29744
70422
13872
-2923
-16440
1486
3466
-5100
-20753
-20874
-65998
3277
-137202
81056
-51424
116268
11653
-6931
6756
14141
32976
7152
22648
165940
-87542
-240
19144
45079
10514
15139
-13705
-12197
-7296
5356
-6569
-101789
24758
47755
2344
-35222
2159
43080
-111750
32606
-2634
7176
14622
93475
-50027
-25067
-294672
3584
74222
-40480
-20693
29898
31860
6036
-1751
-130248
26400
-8910
-18172
-284
-112668
21580
68148
15930
-60596
-20685
-22581
-455
11193
72355
-102256
16607
-32
3517
12786
8554
-16704
-2206
-82903
26413
-18646
-10420
29583
-1480
-5209
41566
149546
9807
-62808
27971
12834
8835
58050
20372
-38906
-2568
44037
11324
-11748
5447
87582
31799
891
-5024
16185
-24861
-73898
21386
-3326
-30710
24665
4571
92318
827
1359
-63994
-59706
40278
35505
-21816
161406
12019
-35820
-95442
55964
-44232
-32316
1636
-13282
-22166
19540
-16896
31014
-3823
16059
1532
29772
48654
-189767
2841
95952
-11020
23602
4614
36788
-48834
-34150
5040
44379
5570
7207
-36073
-2805
94521
122372
-8058
34416
10005
-5015
-2296
19362
35250
9761
8598
-48339
-14833
-6639
-1032
-15385
54992
-108641
1194
-49554
-26045
11508
-11106
-56608
-58800
33522
77397
-323
72046
-3268
34632
23720
-48350
15224
-19854
19050
130728
3690
-36489
-62544
3180
23232
26778
-3718
8766
4340
9575
26984
116331
-37125
18108
-30154
29349
143475
-35426
43541
71804
-9319
-11476
-35262
-16838
-21720
235662
5482
54062
44810
-37475
14975
-7657
-31792
-11579
38765
-33720
-6084
13612
-34892
27216
20951
-65736
-18355
-6402
27158
-18162
-8271
-134
62134
-16030
1062
98867
-1789
6010
41697
-14904
-65378
19758
-11142
13747
31059
26797
14730
-757
-5992
-192
51568
-39028
11766
100
-12172
-17871
34900
-6503
2725
-38070
74761
-8681
14118
-3291
9620
20629
-16372
23707
-7842
63220
-130618
-48740
-11920
-32170
11136
-46974
-22972
205050
4796
46488
6080
22416
-86436
12104
3092
98408
-230
50910
35520
-9662
-5206
-33350
26880
22632
-57126
-51765
78846
11550
-22020
1617
8659
7814
17528
-25448
55454
-25719
-49752
172928
29237
112421
-5352
13944
-31452
-27942
290
-26732
-5628
-1713
-62344
-3132
-19750
-28438
-124936
87494
-52052
-345
32894
5938
133035
19690
-33588
-14925
-56088
39124
17453
38696
-4167
1194
29618
3770
37718
19692
-16358
61669
9260
-140145
-130596
-8712
-1016
1344
13092
-13340
51649
-22417
-62277
-373350
9790
-27793
10959
3892
12299
-8912
-18950
-75127
-66504
-45248
1684
4737
-30362
-5594
47612
-606
23920
18844
-28967
-14229
-6350
-23450
-15746
-20061
11368
-11058
-34109
-17806
-47995
34612
3129
-73180
21650
10002
11318
-10436
29281
13192
-63712
-279736
30708
-13215
12801
63869
-45623
4943
-16470
-59621
1131
-128210
11851
17008
1810
199404
-112314
4961
-71528
-1204
-2285
-3007
17018
-13336
52491
46088
-6603
1710
61221
-34431
35604
47780
-13694
1154
-33082
3780
-2598
-107460
5122
-4562
-322
-81768
8844
63966
2532
62386
-52062
30276
-52968
-1808
14660
3474
-4742
14709
-15801
-29941
8910
31308
-7224
78551
141082
-7286
53376
16820
26511
-17264
2663
-160775
13251
-2780
-24154
-22511
63694
18045
-15600
-8274
-8934
-51702
41454
5364
-9041
13822
-23686
-68189
-1092
-2880
-110428
89481
-128382
2150
141976
29882
-448
-48264
3870
-5000
-50608
7266
-6007
-16352
-18168
5160
-16095
-2228
-119290
-78340
-7142
-8786
-61875
8272
-5488
35355
-68755
31610
858
-147815
-7170
63820
-26364
58204
-16344
101310
-8385
14150
-51056
-26395
-14937
-18407
-343236
65580
151202
20597
-173124
-62073
5718
-51803
218
11780
-15141
12538
-27742
1991
1321
4352
12008
-36323
6075
-43980
12660
4515
-11066
-15754
-23379
7395
67219
5997
-3172
-167333
-39426
51315
43469
-1105
-4479
44523
-9372
106075
50580
94096
16203
60098
-7289
-4570
20393
-30927
2464
-23647
-203624
2248
2919
-290304
-10228
-20508
-65572
1155
-26738
-25576
45576
-31786
3603
2457
-6546
-60756
-395136
51094
-6249
1577
-84572
22321
-1152
115599
-3262
-11216
-13188
-13229
-5580
5619
7336
-30264
5970
-4170
-405765
-57808
-142856
-27794
-3685
-1783
3549
-5166
-7429
2950
-17042
-117584
-15300
12527
-31832
-24357
16501
-1516
-62458
-3084
10566
10660
-70218
-380724
-65287
-22480
64550
11288
-14394
-60334
-18036
-8700
78540
-9294
-5525
16255
4718
91116
-32403
-1462
8841
3244
13311
52364
-19146
-104869
140079
-4730
9318
124
-7101
-2719
-11104
52032
-178011
-13651
3150
-23073
4662
-21753
-52709
-22290
6098
152400
-40744
65604
81408
-28470
-1710
38854
-79268
-183345
-169528
21644
-96335
29484
72226
5048
34180
3224
-80742
-28558
-6640
9608
5850
49466
-20004
2133
-1152
-3120
-11192
24523
22335
-44958
-11017
-3501
11780
-170038
-8456
11275
-2136
1502
-10961
94936
54700
11582
-16419
-215824
-7170
44250
22653
2117
10603
4782
186307
-8982
-16195
21594
80037
6537
6917
-21896
130050
-5751
-285
721
-85762
-19800
-8633
15762
42812
3632
156816
-7123
-22260
9136
-11350
-4538
-21607
-5874
372
-6312
24239
-9150
95904
4539
-8616
-21582
-12823
4298
-212285
10529
3016
-59447
66281
-83157
2256
-67405
-93184
-18704
20151
-1254
-10848
164
-4800
-9555
166229
2346
-52857
-10569
4875
-421128
241822
14544
-78692
2739
-14504
-58767
-6024
-26295
136559
-8012
17110
35792
128533
189095
-11340
-10534
-5036
6550
24293
49050
-52492
-10017
-854
77602
5059
7753
10785
-52002
-11992
-29582
-41283
-13090
28980
-3560
-27316
48711
1064
57995
8414
-2376
5960
9742
8314
9841
-107016
101790
4170
-530
-47200
26538
18312
-149
2498
-41337
3918
-7245
13440
14756
-69930
-25293
-10528
5680
-20
272333
-8015
20763
-25252
13934
3629
9006
-30796
58436
37690
6466
-15096
-15487
9040
112824
19500
76528
-2638
67330
11833
2582
4516
-12877
3805
14141
-273554
-5247
2080
48912
-9150
5437
-80870
-22943
24644
1973
18060
-4437
-2318
180
-12617
-29029
10890
144184
-1357
2540
-69390
-78258
-103875
18428
-1154
4804
-21098
48186
-6100
4848
15913
-5080
-21325
5017
-9099
-18252
1734
147491
-9775
-7693
-1686
67408
36144
-11070
34704
1183
-10764
1080
7857
-23116
524
-11411
-67767
6919
-52059
-15390
-38985
-12768
-5849
56772
-42326
17170
8829
2748
-2136
-437928
-38900
7374
76388
-7779
8788
36398
-169016
21745
129010
8889
-73456
20754
-115262
571036
-7560
-723
-789
30842
13067
-55158
-33957
60104
-140096
1210
6810
-100393
-28220
-22096
-23521
-83886
19962
39708
-24355
-5219
10636
106
-6207
5395
-15372
-5630
49070
-2244
32040
2112
44875
-10808
20485
284
-19105
154870
-879
-14464
5868
-24068
30647
50325
26781
66166
28098
12282
-47378
-4940
-828
57060
-10008
-14929
-12670
-31840
24342
-16625
14524
69727
-66717
8298
29385
19678
77318
9799
-2122
48574
-74574
-56968
-2612
456
500
14475
43608
19468
-7045
190610
23410
-4178
256166
22356
-36936
15939
-33830
37725
3998
-13045
79856
-1150
6273
135611
76581
-10841
-44475
-6240
51473
-27012
107761
-6235
-528
-18738
15669
156584
-1394
-77077
-607
-13555
-7243
3800
7719
1790
-10971
73566
-11076
3900
12150
29745
63240
-32839
-2622
23828
-3921
21338
16320
139234
-10587
19038
-44892
-98060
17814
-185525
-20870
-86467
-19834
78023
-26262
9133
5560
5952
-42575
-143821
-60436
-3832
-2668
14760
25981
94362
86709
97966
-24727
-4376
-156045
56861
-1200
-2628
16980
-6484
19880
-14621
-40429
29284
-88958
22466
29587
-102
-3108
-9285
56862
19499
-25598
-7204
-41599
58996
-197860
3322
7690
-27020
-892
-20711
-76749
-67968
4112
-21186
-36950
-30218
75392
553041
-11139
-19295
93795
13264
-4770
2724
-135672
-86962
-104284
22971
-4760
-11099
53235
3608
-65541
-132555
-23460
-1095
-25627
22667
41178
6037
-17742
43582
-15128
9214
38154
45102
-143
-21021
-23834
-28560
115714
-4116
-6043
23082
-146
4076
13350
44636
141452
-403843
-49410
24268
-21216
10420
-24681
4574
-59501
90362
5606
-5715
-7764
-26289
21233
-19816
38022
-1188
-3228
38886
1233
-2688
-5382
243460
2795
5032
-9279
12210
-36373
-17720
22463
-48729
-16152
-72732
-22491
-3023
4086
-2892
-24418
-37404
-74685
3726
334
-28123
67316
-1590
14596
21318
5038
-43013
-29366
-3810
36446
23556
237969
-2382
65250
-9548
-2289
19398
62711
4734
-18288
78110
-8234
-47895
49507
10551
-139896
-8500
-14524
80327
-572
6906
6741
35693
-93244
76000
-33775
-43142
3324
15226
27426
-588
37366
34209
98040
-3558
17760
5230
17884
13176
-81972
-27454
-20801
15794
-2878
-6591
-22039
-23860
-2844
-82551
64786
32353
-5828
-15854
3315
-792
-357
-1198
-38134
-28675
-943
-14686
-2997
-10824
8340
-52908
-73416
-66558
9750
-20346
1452
30268
2642
7094
-2644
15254
-71214
34743
6088
-8440
-7341
-8712
-5044
-53470
58398
13416
-3914
47714
154834
-358
5504
-1406
34804
-7952
61720
-90582
47322
-4316
4104
6311
-9319
109466
4015
-9851
-2201
20131
838
14583
308165
-151455
17388
-19152
31160
14401
-25038
-8254
31540
16175
-43717
-6993
39322
53746
-82912
-120600
145160
-3822
3156
-10080
1830
-49023
26951
-14422
-27842
-12346
-1317
-18450
34745
-3377
2450
-8768
-30962
23474
-28234
69642
264
-1863
-4537
-9692
-43620
-11782
22997
269800
196094
-103705
-2845
32055
-16287
30340
-13262
-71296
36072
-83125
8234
-4977
-28838
115002
-26010
-18746
10496
-34843
-22186
-53344
4966
13422
-40936
-4466
4446
8763
-69089
27343
-59170
652
-93818
45112
-23042
-13924
-43652
-3322
-18157
5508
-13740
-70881
-57398
-31736
88110
6639
6855
-6217
-1212
66600
43982
-73518
-16357
-244220
15385
-16650
-119272
-65248
51241
30441
18502
8377
3693
31272
-225
27
-32926
-27215
-122578
1174
-10384
-223130
14749
-6260
41710
-53094
14967
-32158
23398
3192
5763
31372
-107134
-14512
-20853
299416
126375
-33700
-7676
-19900
37739
-47715
-27145
40498
25582
8165
-46126
-12646
-125053
35100
-7570
-14562
-58575
22389
44486
12264
122098
-2355
4810
-2160
-32130
29822
-53088
139714
1275
5494
-57640
-21960
-32655
26939
-42336
8614
5530
29642
-15449
1536
35372
-28597
32762
-30026
36709
9560
13224
73935
-99678
13732
46044
-7968
13288
-11590
-6958
-6576
-53533
-4957
-2256
7497
14769
9648
-5606
54940
-8159
10305
15498
-27716
-146412
-31334
-7056
13269
1025
5990
-3042
17717
572
-3654
-16320
-15157
-70694
46416
23223
-33688
-9352
-6000
52780
-15408
-7096
8449
51307
-20075
-11954
15141
-10158
20145
-29846
-13717
-9660
33369
-43948
-13182
81099
105592
-30609
-56448
-9249
3600
6340
47720
29577
-2025
-15019
530
-7500
44762
97454
2412
-25275
-21753
-12292
-86304
-6433
34670
50510
9153
24712
-1950
135378
2901
1812
-162682
3891
-1073
39308
4884
10162
-59163
-6126
17332
672
41022
792
8615
-168950
2154
-3970
25555
46518
23535
5835
21159
-31748
-15645
98460
62109
-1308
-39908
-1320
8345
1472
30619
5460
10380
-149670
-47238
246
-5610
-33661
-2543
-5352
25509
-103547
17238
11854
2702
22236
-56298
-57376
30820
-5858
1829
-28249
19924
-1910
-10636
-572
3882
-12752
-3391
-95711
46618
24280
116227
-200
13380
-36804
-1407
24036
-34216
-71061
16224
-3354
30408
-26212
-26909
9750
23766
-44694
2300
-18572
-4532
-74449
44990
-2256
16316
-48472
-97012
118
-287947
21637
26157
-72290
127973
40608
1422
-10865
83822
32548
9208
-52058
-13627
1503
-6225
-12540
10958
-26162
48454
75180
17525
4871
52117
-51644
-1767
42944
21160
28686
-1180
12400
-25070
-4235
43950
-16455
-6856
-90661
4067
60018
3756
-178058
-60255
-40112
-21538
62920
20562
-193239
30476
-160636
16070
178793
-47569
-3505
-43758
-91091
-8904
1847
35040
-1506
21740
12700
-16978
383
-97524
239720
-300436
28458
7116
-6880
-23812
-2689
26952
-11760
76509
8512
-29844
-24626
-18074
-30996
-4560
27391
-6743
-40360
-984
14510
11563
62344
-2452
-9091
25608
26808
-18952
11472
-58534
-90673
-12138
-14603
-4720
-38356
28791
5894
-870
-34944
3477
9372
-1785
23340
16071
-3514
-24354
-3612
22664
-76866
-79577
4438
-6092
-10375
-38044
209
-310646
34610
-18528
-46356
64204
40224
4195
88539
8058
241
-3868
-166735
-20396
11796
-172
-36172
39525
-7402
38609
-110493
656
10204
10844
-372
6156
-5499
-1815
6922
14136
-62996
7821
13594
53488
728
-138600
43248
6250
-44346
56871
-224523
8141
-12779
140024
-2192
-39150
-256198
-14208
-4326
-56617
218470
10560
-28234
31417
7700
27420
-10373
-10689
9793
35489
-115226
-3128
7311
136222
165020
37065
-51900
23179
4830
46155
-17532
-6819
15424
11700
-88788
-7863
-58824
28416
27875
-315060
38382
8892
1710
31931
-22498
-23055
14565
1773
43535
-114072
13334
17737
-32286
41809
-43965
2358
-15891
-4093
15992
-35048
47616
2724
-1500
906
7408
-16444
-4370
4587
-22954
-2646
15157
-30360
3907
-25208
-60687
10310
-11581
7638
108292
28313
-31953
4291
7253
-186
73428
-230799
78350
-19257
17560
-298
-30080
-4312
19792
-2364
21536
19600
-63532
7920
75382
-28592
-14381
92183
7562
-15822
-3012
-7887
54004
22893
768
-16471
181505
25415
51072
-21249
-27774
49027
18297
-7679
-69942
-54782
1350
25820
-10203
3668
-55144
1927
9359
-31902
8820
30874
-27267
-106326
-524
-16884
-7314
-80474
-12774
-10500
414
4481
62718
20730
34463
-10172
-13434
-23900
10218
141512
-47068
-79523
7505
77904
-340
62745
-12356
40793
16940
16085
-16004
18201
22811
5698
-82442
2880
-3492
31143
-7214
23876
7059
-11182
40983
57486
-34610
-31820
7444
-48336
1044
25486
-45438
17952
-4746
14439
-15276
38061
87505
10314
5470
33174
-21694
-40692
18804
-13367
793
-20575
-33219
39821
-39136
65641
-29636
-411105
153689
-54616
-17378
219184
-9580
-6806
-8996
7182
-47186
-20894
18322
-7517
3821
-27099
-88205
-12145
-214437
19989
-15312
211653
1210
49068
480
4645
1045
10740
-7286
22752
-8895
-52037
-2800
530
-120458
-180191
115096
7723
18710
-3662
26080
-3300
17351
-122820
39447
152950
6524
-1494
14961
56232
-4108
-31900
-55099
17549
-6735
12170
-14436
16496
226208
-4875
57848
80629
-2025
1358
-32130
81096
-29976
-92554
-41538
59291
-2713
35429
-215670
107947
-3120
750
17692
-14536
-40161
-4877
66937
87598
-12
-2786
3323
3203
53874
46628
-37954
24061
5248
3616
-25408
13617
-5910
4361
446
-41446
-92317
27453
25612
-22898
-44155
9255
29299
4652
-1850
-202287
-16992
42238
56332
97650
-101174
-91548
82849
16702
14328
9828
9254
1413
-12766
3363
-14130
-31193
-26874
-21376
48119
-172206
-38472
-125713
10826
-4179
-120420
-1593
-46627
-32506
1060
42995
-114
92115
-21146
-660
-21813
-51326
22304
77728
-2161
44369
-2520
-17137
-85924
4518
30724
-9921
-4408
77023
-3196
-41003
-4465
-22408
13144
27706
-4182
-66756
-105897
8722
-14544
-12166
-17963
14994
18225
12778
924
-32167
2371
-31382
-6804
-7122
41620
361
-3043
-30581
11964
-43020
-21508
7182
-27408
-37728
-304650
-55115
-8175
41814
277675
2912
7925
31064
-28742
-13420
-45108
13449
3064
-22056
16374
-4796
-32672
3701
96978
31592
-11656
17784
110005
3250
9217
84951
-3571
12542
-7436
16897
-79700
47385
-22458
8880
-1489
120640
6273
-13366
-12797
1034
-29139
-24798
29040
7981
27446
-22541
35482
-10665
28580
12987
-28552
-20058
-173434
23176
-62681
12305
-30177
10728
49404
-5815
11680
-25550
15317
-31152
-24283
33273
103369
-80871
-107142
-139766
-12243
46723
-4311
6667
-185452
-20880
108555
12320
-283047
-5205
-823
-4843
53616
87814
27225
-191506
-25056
4061
2100
12442
1600
-61854
-48720
-19095
699
176
1880
10726
2568
9114
11034
6030
-94052
16366
-3086
121098
11107
6150
15660
-39790
50863
21716
11862
18792
14788
-6522
-28284
57356
-20517
-35061
-124078
-5858
-42124
107364
29935
269848
44482
-310570
-2764
11184
294
-63296
1323
-14673
-45843
-59816
22015
95118
28134
530
1678
2966
-91465
6852
50407
3736
7770
6172
-81027
-34550
2289
135035
-51927
37803
2090
35024
-12174
2948
-20112
-8434
-43717
4138
-56756
-36184
25324
24330
2142
148534
20434
-277
168728
1836
92132
-432
-2064
-25014
-108
-109390
19168
101513
-12112
1507
178122
-12814
23136
-13949
-116176
-869
-24841
-21251
45457
25986
-14089
-42212
11932
52972
-15409
11818
6073
8820
536
19047
6052
-7006
11388
6690
-74147
5528
-21098
-81644
-51604
75280
133800
28877
-5577
20574
74862
-82792
9216
77648
41952
-27600
-3856
-4557
-8117
9990
-34750
-1261
7165
12030
77580
21268
55860
-2116
-8416
-23625
346396
58534
-2984
10772
20920
-15360
23871
7122
-63740
-319
-2035
51303
-1900
27290
-52547
-9181
-1043
-85136
-18388
17608
-244512
51955
-4602
31515
42336
8450
6006
216
-51764
-37778
-63898
174894
-3528
-13290
-25398
-11484
-13525
-58088
29070
-14530
-37007
6566
-1961
483
7758
15834
-60617
35355
-59834
78351
-14470
18690
9376
6586
-3916
-16502
74051
18360
-7408
916
4700
-258651
42816
53524
-17926
68610
7140
17452
14544
-30969
527
-9567
56308
-54676
116412
65085
9066
-1997
-66280
-5366
-35668
-102147
-5796
-10488
-24010
-8115
-14182
79299
-468
-51292
135255
-35930
31869
12499
6542
-57996
5169
31044
-24040
-19110
86137
-501
53733
2676
-32054
9888
2045
6470
-99326
-52892
-4572
-3954
-6578
8144
-3783
59448
5138
-20823
-11862
-47411
-20097
27081
-2727
9408
-119430
-3306
-798
-826
7220
12132
111602
-28021
-7054
11878
52798
-8000
618
-148554
-159778
-147380
1200
-13958
-27543
-3495
-2070
-20788
-1131
-11232
-2430
35984
21983
-78
14613
29851
-11048
34367
18574
-3292
-34557
9904
113125
-38525
249144
32808
-40551
-90661
5373
33873
-45903
2676
-10620
20761
18224
55347
-277
7299
-13146
60096
245
115934
-5336
-884
-73492
-100230
42439
627
-12115
13620
153954
-12588
7049
8956
5472
23184
-8866
-28274
-20908
19074
-14428
-156032
68217
-39486
-9336
14830
-17618
-25962
-28582
157396
-117626
-9296
-1833
-7427
-27440
-3363
6276
-8998
-1446
-5774
26134
17240
-14922
67313
149830
1418
16944
-83618
90520
69426
2949
7036
-22100
11152
-412
-9792
-43450
4335
-120
29932
-22917
2163
-108684
-3632
538
84565
4410
-30924
17876
3872
-2256
-10760
109800
-2456
106522
-51117
-136544
-45702
76554
-49536
-8526
-5096
-19870
989
1178
-16890
-8236
-103860
-37235
9596
1029
13063
304
-8322
-18013
1744
-29712
80660
2985
4536
6259
-32607
-30597
-2244
31302
-17368
-39964
57588
389360
-2605
24705
5877
24054
3336
-30567
61293
-2914
26364
-55584
3745
-70205
440
39216
107291
14810
33040
8412
23356
-102663
145413
22149
10185
13245
-4122
8820
-10559
440
4316
-12163
-95868
11161
-19882
55583
14106
-153981
-12624
78492
-46678
208048
-30866
17278
-120587
1628
-6026
6128
7590
-2290
-38792
51561
-298
12746
8365
31566
-35559
23985
-26864
95058
27996
-44290
19000
-266
49934
9039
3660
13128
83960
13651
-20737
-81182
62266
-103310
-88277
-10496
-3038
-11456
-5818
8625
-38021
12620
9164
-17652
-53920
-13862
-13699
-171568
-3645
-142687
18156
-10542
-2007
90991
29250
-8842
49189
6385
-2015
10275
23332
86202
14296
-9100
-2336
12580
-7700
7922
-39677
1641
2356
1400
-9535
2532
57238
6237
23550
-3606
55545
-31271
38222
13082
23868
-45664
16072
39814
77884
24
-5720
28088
-17140
-53513
48834
-215
35551
-6793
70298
-68238
-5205
4476
-74876
2690
-32254
14504
46910
-23995
8858
595
956
17273
20750
26411
-37344
-10786
-45186
-10287
-46948
27195
83475
116
44173
24302
120983
11502
-10728
42472
-3391
-19196
-4122
28268
15334
25006
25704
-6189
-310039
109956
6953
34300
3183
2012
10874
30800
-6460
56384
-1624
16908
82344
29973
-128244
35160
3580
40264
18608
-46475
-19684
55493
11334
3985
-19092
4415
7026
47656
4489
1365
-25210
40542
-88423
-11884
42308
16637
-741
17754
-14574
-16800
62206
1824
-2952
-35073
-2771
87542
-96760
208203
-1787
189285
103257
-101075
80630
-9428
-5844
16104
3045
-4898
184
36113
-39655
3680
5904
-11547
20140
-20172
12383
50980
-4017
-4672
16698
12903
66909
-44458
54347
9672
12802
-1133
4758
16622
43783
11067
11948
-5205
12325
-36544
-37106
3130
21940
6585
2500
7216
1622
8232
41265
-99192
107224
70437
290
-561102
22560
15800
-15775
205
23398
-30957
-14936
-1518
23410
-35370
15222
2668
636
-8880
-62754
-500552
-4203
32980
-6769
2491
992
-36630
-13872
85726
-3046
12904
7943
-57299
7910
-14431
-2101
10235
34210
-2460
-35714
-6726
-402
772
38823
-1170
7155
5358
10260
-9063
-36153
-58907
-1250
-27554
100564
-161644
-11395
5026
-28578
-34284
-16800
10623
-24279
3365
15946
-74053
-10287
-67580
-35940
-3224
-53485
6306
198972
6990
-182646
1206
18064
62838
7930
7418
4434
-3302
84033
-11564
-19632
44059
9428
-22560
72
-6742
-44190
24554
22009
-22774
21741
-14831
52799
-28612
60462
92574
11034
9646
-9061
23492
-3976
-38119
-16621
31752
-12381
-3268
180931
-7296
-10773
110955
-2720
-4819
49888
-45080
-18901
4620
-3346
-1316
2479
640
-12606
36805
19552
22476
8064
13594
41562
1650
-6070
-37869
52376
-7955
-12192
2858
48184
8802
-112548
-15781
-2157
-68847
-7971
-7584
11530
2682
-86178
173134
-1365
-107154
-22256
26868
17168
55272
38902
3160
-6721
18796
12874
138908
-21811
17328
-11517
-49179
9158
-13796
11061
80543
4409
-8008
3996
7876
4788
-159016
-7068
-3720
-35532
-114408
109952
58616
352
3956
11762
-5868
-49406
-37444
44208
206989
-2662
-89918
-13581
-3125
-54276
1515
24094
-15003
-10558
15849
28180
24406
65836
3361
7692
51734
35248
103127
-7260
-3614
3681
2032
2022
23497
-26710
-50832
3506
-35305
94635
-22815
3174
-7002
113918
11301
-36113
4597
1200
-4624
-26409
90315
47226
17016
50300
20660
5312
-4510
-6503
-34483
-2904
-48377
-4366
-1031
-11803
33222
-5385
3526
-125100
73889
-7984
56808
161376
12885
8194
-119324
-612508
-33728
-28
-4785
6008
-96940
-15234
145810
8233
5673
20
-14948
-12279
15960
-81839
-40344
-771
-132470
-3078
5047
1478
-96248
-3024
-115307
-9533
2731
32890
-54007
7019
161020
-41334
-8461
-148200
32271
17512
13126
-43836
-30995
-4101
43737
3830
-640
9171
25196
-10224
-16168
-2481
-166144
-5540
22105
-213892
-34216
49937
-40435
79388
33476
-36814
-11004
2935
-2674
-10068
36753
-38456
13914
-9546
61843
23952
-66610
25303
25074
7204
-48044
24066
-4235
-12852
85300
35774
-2327
-49236
58227
23418
-7676
-27223
-4949
-20162
-11874
8157
17887
33756
-20854
74294
1190
-13654
-23625
-6946
-25269
-168410
-51136
-17904
-16760
28346
-3496
32823
-24547
-15105
3336
-14168
2252
-5694
-6334
56415
399
-788
44505
28936
37436
-16493
-47968
2100
-6030
-21242
107838
29264
-28262
57014
29775
18953
-7556
33094
13924
-9884
6120
24772
45554
13329
-52004
-26816
46728
-19896
720
-9057
-54042
-15621
-121920
3664
-32220
-41406
3692
14376
2886
-17389
53775
6536
-156372
-8052
20457
-12920
23212
642
-57096
-35160
111
31833
33852
-4631
-10682
-3036
1290
2602
4762
53302
26672
36957
1224
-3108
-18570
-76770
-10710
3573
-16254
28960
26167
-12768
79701
22604
-20674
-11333
-9220
10626
1886
11028
-8440
20608
-11115
-6431
-4504
30377
-41189
47282
1786
2040
-17798
-16698
-13750
-14134
-17196
-12816
-18904
-174823
-23036
-15366
-21114
-2880
125904
-14043
-9744
10807
-2780
51163
-1734
-10640
-9356
-17486
-12816
-1962
7690
967
2954
6822
2316
-4122
-16815
-10520
1575
150502
-39753
115064
-370
-1056
24766
68980
6048
3269
1236
2951
-19198
-41519
29390
-26205
-82334
137700
-3408
1068
8634
-2132
-276984
-6898
-4860
-21274
-23075
-65586
11865
-38850
8588
45169
-82531
-7705
-13762
211270
45850
-13953
-8749
24824
18655
-8781
488
232688
-12441
-2708
-71720
-55905
-23570
-19682
6955
-3972
-21468
55362
-33577
-40990
51753
3910
-39183
-41154
2098
18650
17210
-25215
-12087
814
-60578
49100
-4825
-19591
-32726
133212
-12721
178
2985
-1246
62024
-40559
9275
-60690
8045
89118
-875
402
131652
-60528
-5614
30537
10444
-4391
5310
-5395
-25910
1564
220128
2504
-185414
83670
-40738
5230
-50940
-12058
-1404
-2037
2194
-4812
27930
-39586
-195039
13032
35559
-95282
-16629
-5740
-93499
-28776
-5067
8496
5277
31427
55868
29971
-3402
5932
-1626
-18366
-3549
12187
-74108
-6093
14246
10540
38044
85990
16716
-3396
-1144
6126
-19860
-160345
49196
-59654
5782
592
31014
-9165
39734
71648
-14458
-2053
-113627
-28855
28593
-25120
5156
-3778
850
-9471
5018
-52230
30162
-15921
-3097
3158
-55325
6140
-129544
37028
-30183
-35906
24340
7695
-4720
5069
-26170
13332
3072
-5262
-1312
-34292
25824
-21039
-11190
-6744
7896
-19183
1976
-202350
9328
-4626
52712
-4392
-48911
23983
-37808
19306
27914
45803
42212
-10886
-66532
-4189
29376
24370
81060
6447
-9855
-14580
-6461
1920
-850
-2157
44720
383
-21921
-9275
-15538
-1241
-227
-6870
41968
-29686
-6154
9150
7827
-25720
-35875
11777
31920
238622
-20832
7864
-57890
66888
-37734
38679
-182923
-13178
38898
35602
-6084
-77535
-23874
343678
-73745
-58154
2171
64927
-19002
9545
375
5324
2424
-14190
-97660
1835
39096
17456
22275
-4511
38043
1803
1420
-34025
-11536
43149
826
-8591
-38620
98751
-13143
225960
37135
-2406
-24516
-3386
1136
-7318
-20297
4635
-5830
47029
-13583
8100
23184
13518
-12692
5453
11586
21862
-3808
30510
-82640
3564
38883
-30427
-11074
34102
25787
48228
-52866
1235
5187
-21574
16017
13584
1463
41074
-238515
-51750
-55476
43983
4910
-7246
21729
-830
-37479
19002
-12614
-22204
-3730
-29583
72128
-19017
69652
-6870
24002
-2944
16772
-54304
-3067
8368
-667
1270
-66531
-16028
-3276
84021
25459
87510
30346
6732
28793
4307
280799
21114
30686
22011
-20001
-15550
-88212
49348
-17299
-49073
-5913
-21408
32079
-11623
-190790
-7098
-19224
4488
30333
-12766
-16188
429294
6888
1062
-3006
-11217
33904
-8120
3076
19058
16888
48876
-5684
-6900
6077
-103818
-57856
15752
35292
-55600
72566
90924
51558
75586
39206
-62900
12136
19151
-10024
25499
-28511
-6166
-34617
-35002
-6142
39255
137758
17482
19
-16852
100488
1724
-10032
8202
-41181
-18372
-158765
60387
-1820
-219576
264130
-21373
1762
-13762
-11456
7293
108160
-24072
17350
-1538
-35008
-104819
127863
-9735
28530
-20563
-6412
-29840
-62538
-35317
-78970
2473
-8246
-1239
16492
31360
-36460
-1387
-36538
-16029
9312
-51200
-4376
-52125
156840
29092
1386
55057
186434
-49497
-396
734
-109340
16296
85122
-4912
1548
1489
-1197
-343
73793
69620
119531
-17930
-21638
-31287
-44037
-43231
39360
9076
5274
10893
-45441
19172
-91076
7492
86580
16327
26642
42880
65841
108182
16060
17068
-73631
39488
-10048
-9164
-33126
-64722
-1059
10280
-48095
-13688
7988
-4400
-1264
4301
20004
7032
85778
43110
-3417
9316
872
9338
35356
3714
2394
175526
41483
75792
-7908
-93
82898
-36303
-76186
-21588
55166
4760
733
2883
41328
-47374
118408
-8558
18000
-74715
119100
464
1705
-27332
-4394
45002
-5935
17107
2563
-12949
-14546
88092
155902
-7830
-32298
-38478
48536
4484
-19503
384
-43598
-2966
18453
-157008
-93540
-1687
57731
-110825
21982
-17968
81834
5589
62599
5277
7555
-4994
-1986
5191
-84370
61661
-30830
18202
-4586
-2570
60938
-1242
10845
19419
580
32764
109077
-29978
-54108
-4893
-8142
1226
55585
307740
-5778
-40363
-11532
-19353
-26095
35861
-40614
2214
772
-5963
-2196
119284
27612
-19521
-11699
49807
-56420
-23241
10545
49084
7172
-27886
-14527
-193556
-66786
170
-6149
1159
13962
22374
-41551
-1318
6548
39667
-25306
515460
45744
-25171
18
-12699
-6786
14796
-6352
-7401
-15126
-22092
38413
6636
-13554
-25400
37279
10304
18912
21083
-508
18664
437
-21459
37853
-130764
-51304
743
-43026
41188
-5084
292
-2442
4546
-3776
1200
73612
-3144
-988
-24690
20842
5084
14603
-5667
-2377
-7924
-30107
-1995
4737
25349
-21908
17352
-31935
-14854
-51045
12054
-50810
-12935
-20246
-71868
-9937
-42471
-3977
-25204
21108
-82796
-48601
109918
39976
24
75796
11486
-360
-140684
-16906
-98189
-74037
-949
-9590
91329
992
-85260
-75658
-52168
16048
110533
-45043
-2948
28378
-11856
2864
-4847
58982
5191
-7353
42452
-8262
17414
-8662
20744
141935
15096
-8792
9867
27098
-5685
-3200
-5372
-64770
1325
-78720
-18292
3675
5195
21945
-6846
4732
28711
36512
22884
32381
61148
-6074
40430
8036
-17872
-73340
684
-4866
-13501
-15180
-15487
72540
-27775
-28596
-5049
-1369
-272925
23496
27630
39377
-97432
11520
17528
1618
27066
-19349
-13506
-25520
-6692
-30
-926
147904
7988
-15611
37646
4137
-4962
18970
93786
-634
-26093
33618
-10627
-17530
50224
-96420
-21369
4496
-28470
-9649
46045
73164
-5619
-12864
-37452
-17044
64060
-82634
31225
16432
34169
87456
21631
-11793
-60865
-134536
142247
-10322
-13860
762
-37371
22691
59181
-15568
-54126
-7952
230775
26871
-3930
1292
-11976
54690
1780
-36341
-70133
5210
-27870
26220
-15732
50408
-87496
60308
-41844
-76712
-24178
4934
43644
7532
10797
67883
-708
-18365
30882
-10057
68992
-200958
-2930
-23520
-174730
7344
-5259
32916
1270
-25680
13605
-49572
-42705
-30760
-15282
-25444
20608
-18313
-28059
2757
13554
56715
-8757
10561
-11692
-8953
-9289
-27944
90098
26207
-33902
-148239
1616
43410
9023
258380
59909
4080
51545
-23001
5450
-52272
-1714
36712
2002
-18834
-106898
17670
108336
-14074
6684
-20578
-18645
-1178
-45540
46631
-4963
-6446
11124
4349
-48975
25550
23910
-203
-9040
20905
29670
-8650
-10726
22216
-12006
19820
27727
-36882
13176
6672
38697
29087
-96376
87960
19288
-2773
150335
-2680
-13638
45801
-12380
4262
8368
527
21337
-84
10845
-41150
-8560
-64551
59560
287185
221993
47160
23568
-68401
12944
-272070
-15516
-5229
5345
-25036
33006
995
58928
-455
-12879
-14256
29343
-912
-66976
35269
6274
10165
-154958
9127
-38898
2007
147
8168
5202
6780
41538
22440
-3660
27870
90930
-9692
4156
6723
-1881
-34012
-11352
7764
20671
13784
4025
24625
63778
11653
-19027
-55008
1197
-33442
3890
5319
34036
102871
146034
4210
-12903
-12881
50440
-25172
58821
-50752
31087
-18220
18550
28518
-17831
-25488
30392
35560
-27802
4356
-52866
-88080
27000
-22916
-11143
60928
-36505
-211743
-813
-7952
14391
13350
-147442
10334
-88107
9334
51789
-134750
-23308
-1808
21073
-135223
24173
76876
-10210
1872
-14597
4172
-39980
59846
39672
16114
8744
114816
11172
59302
15118
5511
-39220
-31922
27080
9714
-46269
3965
-19532
-4207
23222
-17394
89827
-14268
-47540
29156
98140
8604
21600
-100736
6441
-103412
-9284
-5611
-14400
-5300
-7340
19504
-28586
1021
-5998
7218
1670
-282730
3821
3542
-8652
-13080
-11421
-151292
790
22400
-120627
4173
3424
5742
-2105
-27218
-3436
445
4925
-5076
4301
-70752
17194
-98511
-112940
-18330
-21938
-113944
9541
-2568
-27672
15869
-31058
383451
-102732
37522
-12126
10894
5394
787
4554
37296
8777
-12360
-20460
-74164
5248
8119
24274
56057
30762
125987
8919
11232
27219
-39
-7726
13460
18475
-16906
-22544
392
-142968
-14209
14262
-43150
-75764
2396
183986
67444
163096
-1434
4608
25400
-2753
-59445
-4160
855
-142950
29160
24622
3597
38376
-22745
32219
-10632
-64672
-19904
-7551
-122784
-35250
-5180
42120
10896
-79392
13452
-36204
-1096
32900
5718
-30030
-13682
-38634
-6513
26389
446
-9306
3141
-92766
-9523
-6252
-6010
11322
149548
13068
-25244
127554
10332
-48320
-19552
-6632
-38714
-12268
-2044
-9204
94407
193479
-12404
36010
1074
-10449
-20946
-11662
1310
-2020
21537
-38232
21728
-2094
12225
-7597
34690
19593
-110180
-2739
180
10616
-13405
27111
-6796
2592
-6909
-22452
1510
-10175
14796
4296
51358
88926
-12759
38825
25090
-13032
1479
955
14094
74854
-69683
15414
69704
-121160
8368
-106
-13704
16244
-26795
-59772
71597
16385
-32625
2526
10731
-79578
17542
15896
18496
201985
41851
10233
-20272
2240
817
82534
6984
-4996
-660
-3966
-27601
996
8084
55518
-18510
-35554
221760
-15979
-1389
26256
-43105
58792
31941
81426
45638
-11535
34358
13548
-6291
13942
3305
-71577
13416
67544
-35372
153934
5889
75098
-170613
27840
24362
6098
-42685
-49311
2696
-6465
-508
39862
10530
-2784
-9990
8657
20396
6630
9033
-40356
25956
1664
16748
-5216
3416
5190
11868
996
19357
29675
-225757
26575
-202056
-15203
37641
82392
-48816
15720
602
6208
-6497
10105
-2400
13529
-2130
-23855
-13308
2776
-31486
6900
16195
19562
-35861
35084
-101892
351582
-9502
13350
458
70135
5497
-35440
42936
94944
-79533
37620
4616
-35066
6222
-156474
-71007
18112
-43764
-11114
-9097
189441
123160
-11788
-182
27212
-9296
-14508
8946
-451
41180
124298
5229
-6149
55952
5157
9858
29456
998
42248
20754
-12205
27296
34180
-3802
34082
-45974
1161
2580
4782
-18686
5210
-13239
-75128
-69897
5342
-4342
50995
-15163
-868
-5456
-118754
-3264
-59335
-28918
83790
-4312
-148436
-90479
2208
17346
-30780
-22244
-8793
10161
1242
-31044
76412
17906
25722
-8700
11041
21777
158603
4135
-75572
1427
834000
4737
3201
27842
3106
-171
-195910
8526
18879
-14754
40654
-24811
-3799
220424
-12026
15870
28832
-48026
-903
-110205
-106
-62416
14066
103272
17976
14661
5208
137769
20312
16056
-18475
-174728
-280
-84726
60911
-77616
-8808
-12733
-61011
30842
81629
4952
76848
-10675
2600
36056
8817
1419
11543
-10078
-55249
-17106
18487
-23840
813
98127
33008
-27762
-53074
7799
27288
-28881
-181440
9441
-624
-21291
1461
77583
-47049
34031
-21788
6790
-7049
57562
-12362
16768
-19574
34888
27790
9070
10594
58534
8298
63806
-55941
46022
109375
27207
159180
-36637
-2178
-10270
18882
19991
-43508
48834
183329
32768
32388
-7664
-62338
-55332
5408
19856
-756
-134648
-6120
-199020
-35575
-92112
4001
64902
-27930
-57378
1207
-4065
53620
-52342
-1388
-146530
12086
33438
7793
5345
31712
4347
5788
-278328
18298
214560
37385
295628
49695
25279
-1576
-142187
1680
-10023
12475
-32193
2612
3903
-7994
-37261
22902
26628
503
-8324
50335
95706
33860
-26831
3860
-10635
-24480
-13680
24060
5028
119472
-33398
-4622
-79275
74494
45109
3234
-1017
-17409
1706
8654
-190998
2152
4436
141795
-6420
61811
-1508
18345
147868
-48195
9756
-104017
69944
2790
18133
-23832
-14076
-27874
-42834
29238
313174
11793
-55136
-49770
-4803
-123907
68920
-25710
-11131
5062
32667
77355
-14640
-34875
-39054
-136946
11339
10149
-20252
6594
167355
67248
16772
22612
-3500
8394
-42602
-34275
152359
24510
-26060
21881
41871
-2289
15002
-11004
40444
-7204
-35264
4524
-87207
-61112
-47550
24981
4903
2364
-888
-16178
-9204
-696
-70998
13160
14503
-143724
-79418
3698
13950
-48330
12795
61879
2922
-231996
14016
-252
-1550
-39621
1578
49084
-34742
-47951
60317
-226
-10338
16382
-71959
-31731
19015
-9714
-234
-2044
3504
-8812
35084
-5125
-63238
-14703
10199
-226
33676
49896
-117146
-111742
-82963
-1117
-38085
156044
-2366
-27539
6251
19166
-40920
-17772
-133376
3256
23890
-23930
22586
2039
-15246
29318
6518
500
4700
-17537
-4828
-17488
31168
861
-7764
-19247
-17010
-3094
45648
4784
-289591
24176
9198
53718
6450
27754
3379
126509
71722
30515
2122
42652
52398
8000
-18318
10954
-56346
94828
-6818
-18822
-48006
-16086
-16240
26748
-164650
2366
-3944
-51324
-13450
56832
-33408
241898
-137770
-15885
2565
-19292
-1703
23202
6697
19995
-19113
-18936
-36733
-24951
2880
2150
-2332
16479
5281
5871
134
-16603
-11378
24320
731
-2388
109957
7537
24776
-24168
-6716
-3543
-23220
96334
87754
231965
78084
-84845
-41802
-8955
-14648
57120
-2002
154580
-692
-1116
-76539
204902
-67384
-47760
43125
40324
4805
-3747
145200
1561
-33996
15588
-31144
415
-80348
-37974
-64029
44298
6690
-4678
-50872
-7249
-23976
11913
-27036
-8888
78480
57973
-6832
7657
692
-8276
18224
-28636
20370
-19954
52662
-87656
-17994
-30223
22812
-16726
93637
-131674
41580
1801
-3735
-10800
-22015
79667
230929
4616
2440
6196
56910
-13200
30710
-110172
10378
-96626
52698
-68334
-92793
-17472
-11310
92800
33756
-911
-4106
10378
-57084
358
58564
-101084
-55907
20344
-8668
-20285
-4718
9697
51438
-28168
101167
-13742
-1524
-401352
-2492
-29752
628
16105
-6373
-68552
-95929
-7552
107310
-20297
-15026
8012
42511
67511
-11899
-8115
17376
-22270
-50
-58532
12578
5415
-560
29238
-102194
-8862
-1130
34862
-60763
-16423
-40293
10412
70390
1840
-4437
102281
24228
-4800
-38479
-29605
22076
-11625
-15766
32480
207070
8360
-13133
12724
94000
40881
-86260
-42088
15803
15390
14838
19084
7320
15161
4700
26919
440
23488
-68082
-4760
-11328
10521
4674
4411
-16492
91736
-24828
-153166
-5115
-25259
-274
-1180
-25200
65957
-42135
2428
20784
-1503
-239770
2838
99514
-314841
-9575
-55068
-11630
54468
47539
891
-1878
7714
20230
78795
5291
-33445
1675
15009
6768
-17584
36
-189260
1875
4124
-21062
-36313
24092
8240
21338
13280
12138
-5090
-5486
16633
-318
-7406
9243
-30006
-17012
15286
82690
-469
-73539
19280
-48048
485
-17208
-17815
158400
-12968
-2259
76240
66582
10986
-18060
6801
25452
25893
142409
-7104
50229
-51985
-7400
-62377
310391
-67561
-5151
9324
-86420
-29040
-21085
-19096
-125566
-119474
4146
-22681
3146
87008
-14866
888
-49074
-41747
48352
92462
-10238
8380
-6882
18249
13062
-14940
143926
-160928
3988
7994
-101136
-60054
-9054
19832
-71021
-8118
73767
-43264
-27856
-72905
1472
35803
-8841
-20985
1239
-35793
16708
-248
62892
2830
5920
-54445
20286
89560
-5962
-66422
8473
-18216
-14461
-84527
-3414
-3486
-32190
5870
46380
-40149
-2322
42120
-5404
32040
87163
-8600
12039
-94146
2214
17632
-12029
6594
20659
11840
-4395
-66674
53470
-150209
-51052
27666
-38004
36896
3771
-14520
4565
-109860
-11127
-22011
-7889
20503
34884
906
-14724
36231
3682
-37170
-44808
-39702
3401
-61784
-37136
80044
-244283
28044
598
108365
358
-6420
-26515
-80588
-8
-6178
-28589
-53343
31613
12519
14490
1765
-115853
3572
-1625
6354
2624
-48697
-27832
-715
3097
-17292
-146349
-54400
35825
-285618
9448
-5202
-144943
36193
-13758
-5252
26860
-38788
-7052
12572
4909
5509
5700
33855
40249
33212
-3886
95314
-48273
-82569
462
19016
-19324
-36264
-96348
-216
17166
2658
-30736
6828
11526
978
21763
24037
16788
-184299
-13200
599
-46417
57209
-7349
21132
-43936
-2654
759
-19004
-11292
-17884
-3255
-11424
-49154
-8454
-112231
29054
-21856
-56792
-117818
4740
-26350
60980
-53608
12292
-81648
26444
7679
1395
-3038
14922
102822
28184
-1048
18035
-86864
-2451
-27335
-1013
-43671
-12060
-19861
62241
-24813
39982
-25513
-50634
-1332
203027
1898
38386
-163527
20042
-24480
-23420
-22257
19474
7684
4410
-45150
10320
104664
11616
25183
74311
-33546
-7330
-2792
34988
-37247
18505
14291
-27056
559
-4036
-784
6475
11763
20
28164
-121899
36264
6594
8579
104804
-8433
-1115
-2094
-47145
145337
-1736
-58256
10737
96075
-55218
-28722
6742
8634
-14224
66849
-15636
47166
6092
-7364
18710
-16053
-57564
-10306
-53480
-56404
-31290
-116445
2463
-3445
42242
-20112
4463
-14362
-87348
-5097
1005
26568
-56771
-15181
15576
-25420
-273634
2786
23148
-2454
42574
-70936
-22148
33009
-11216
-18181
39133
-85537
21392
-6342
11256
4431
-161756
-4922
-24802
-486
-10017
-9585
-16168
-5017
34538
44138
-31659
-35380
-6132
-51712
-18939
-86111
35484
2130
11522
10324
158666
-279
-64115
-61183
-33696
-45532
-14730
-333942
9819
-129435
-73280
5535
-1521
992
-17752
-12518
95121
-8047
-17941
-50922
-9660
19752
-31719
82580
13446
-27699
-34836
53625
28936
46450
37768
-123
17236
-3192
3450
-4365
-54478
-75432
17507
-2634
-13440
56140
20077
-73094
22544
-23742
-35438
72050
28484
38668
-10338
-15155
6921
-5286
-16958
-71000
-289543
-13020
-78388
-48868
-215856
-57066
-4832
-157810
-21431
2996
-12162
-68107
17504
-63177
13184
1126
7338
87425
13305
-8680
-165025
-6844
44856
10818
-17339
-7371
118356
-8966
43422
-36730
-78351
-6262
-39202
-75286
-240024
11046
-123112
-35244
20756
-2916
-15298
-66678
-34826
-124817
36508
2514
6032
-5314
33130
-15864
8825
-1792
2946
27880
20380
-774
24080
-57876
-7116
-2676
18690
-394
10654
809
-1000
-11571
20508
-10604
-2852
-29808
36310
39927
-3423
126011
29887
10617
-12544
1595
-33993
6381
2610
2771
1536
4914
-24276
1812
41920
113452
110475
52848
7512
-11640
62640
9876
93109
-17202
-3755
35170
-13762
1365
38858
130376
14388
-164052
12656
6930
-20424
-2932
-49270
3116
-17280
-13020
601904
-13544
-105378
-4463
-4563
-3375
83826
37876
-46379
40799
31680
-1464
35473
-264423
-15220
-268
83505
29429
726
-15685
34260
8079
4796
9615
2329
36395
-33978
-3038
-5262
-30743
17980
27884
6783
-13371
3932
4316
-763
-3570
7760
21504
-12948
-14081
-10935
22909
7667
-4973
-401
28905
9619
-36088
52098
11296
24950
-10888
29612
-1740
-11038
-40976
-14835
17191
7514
-14120
-5991
9464
-38427
-913
-220
-15464
-22304
-26722
99844
22726
-5460
-202905
1251
-24298
-4249
33945
-3541
-16716
10148
22902
-8360
-17162
10764
-1188
-24096
-82203
-20220
14985
-46987
20553
-194254
53216
-1276
-12194
-87791
3345
51463
57460
-12006
-9648
50643
24989
-37182
15936
1583
1498
-35386
3411
24456
-69225
2063
29804
14213
9593
-39849
-4498
54729
-2494
26040
-28977
-13624
9368
55607
-26529
4064
-303980
56902
14608
1376
-23036
-29760
-52150
14076
-6509
17100
2145
1584
-32277
-4706
-29420
5290
186500
19588
3630
1468
4563
6841
19300
-3129
-11876
-29421
-7381
2768
2884
7223
-32894
-7343
25849
-16148
393952
50688
14848
-32748
18370
-17264
83280
75985
-3556
1336
-7912
-1086
-9182
-96624
-21986
-157500
4920
-29035
7140
-51348
33161
-27132
-1410
23412
-55796
57458
168115
15478
16023
12992
6380
-6964
-9219
128688
-12612
-8058
55070
12402
-3276
-90546
41344
7730
-6048
1025
-27727
18464
-16452
-28503
73358
52612
-23900
-27093
-45819
-135207
-50834
22006
10379
16512
27594
-20202
2613
-130830
-23648
-6266
-48669
1078
-41472
-1431
-164084
-2717
-5382
-25577
43798
-3536
60982
27656
5699
-6751
558
-31392
-36407
10463
114105
13464
-26935
-103672
18312
143468
42155
-7983
-19708
93756
-3914
-47006
306
-3546
63504
-42381
19512
-159828
-11762
-46590
-54471
105861
-74280
33096
10296
-18862
-108201
51357
-25508
11888
3875
-4750
-12740
-5261
38805
-11391
-10044
86549
14534
8652
27646
-3816
-4701
-9397
-10012
-12304
34076
184241
202736
16348
-4630
56444
-52228
-37896
-9183
13547
106704
-2576
-526
-490
51675
-43029
25963
-2063
-1553
-7272
96147
135640
-123771
13155
-7510
5410
-12604
-4017
-1064
37947
-1104
46100
-48377
-30778
-479
1519
-41269
-109214
-23114
7024
12662
7160
-454424
-945
-30464
-1682
-11038
1652
-59280
17066
13320
18356
-16935
-15556
-66024
-18704
11910
10558
16748
-9780
4267
45868
-5080
-74319
4715
24312
-8185
-9089
2636
1059
24276
5280
3838
-5617
-39516
2084
-134173
98652
-109156
11730
2967
6313
13540
5928
-8300
33690
412
208216
-18504
-37140
-10831
76578
4460
53075
480
-42590
7883
34296
7415
-78116
6232
13067
-10611
-11735
-55706
15359
-24395
-457
122504
97738
-35985
-56291
7200
-58592
1363
3460
-10948
-17224
-4686
3466
-52330
-22975
8679
-56865
94036
-5570
84502
5771
30936
30380
31083
17889
-54907
-7188
-6930
9560
-7270
-15616
48503
14352
-29031
31547
2656
-21580
-1176
6186
-34465
62420
-10956
19481
-149936
-17836
64612
-135094
78282
10972
1714
-4716
-2930
30738
-26428
5436
-47877
-16932
-2440
-14242
-24922
90624
2600
19074
14469
9505
4304
69239
-4482
-700
22555
-3344
15542
9116
-2584
-22401
-804
52424
6653
46716
159355
6200
-5929
-127229
-125420
-8001
441
-545708
-12229
28957
23414
900
7714
5151
-4989
83992
2138
35302
4752
567
-28298
-28722
65030
-13124
17370
17884
-298339
-20074
-5528
-46106
14926
76805
30458
23716
-13588
99032
16402
-47866
-4812
-34268
63883
13744
-30818
-17745
-19624
5616
7050
37942
10056
10570
20515
18562
-16140
-87210
-123811
-28
292
-11342
25780
-11317
83818
39837
-19214
-50472
12396
13566
-15688
171
2124
-10346
8505
25772
8931
8717
34706
1283
-56261
36595
18
1287
81882
2236
-2758
59680
66288
142572
32335
80878
-41947
50352
-35423
15632
56173
-7330
-1986
-52897
3984
42772
-22806
12398
-131280
-6372
-60872
4024
14710
-4520
46480
9997
-47346
17716
44296
-19894
-190534
21352
36093
-39620
-696
30415
15778
-49446
76172
-6545
-208960
3456
15552
9710
14606
77550
36412
-322
25120
46851
58648
-26265
-1178
-6675
-46384
4032
8496
-1947
4636
-34671
-81670
-80492
-6845
-6279
-8155
-46636
-7044
204220
3278
4128
-1328
-88390
31010
3320
-9680
-67188
10197
5234
-55652
-5389
-118271
33395
21968
65474
-25192
-49185
-58355
-26121
-1100
-212152
-40596
90455
-19324
36570
-40694
61320
229179
-3684
5536
34798
-19852
16625
12171
3626
-75508
-59618
-67338
-31362
79141
-42335
-21017
61950
125405
-92934
-26847
21168
2264
12837
96976
40626
-874
81385
16845
10628
51984
-9446
29715
-11527
28632
37896
11312
-6260
35222
-29329
-30044
3614
38085
2848
-20416
-25724
-1764
13458
15278
-12787
8294
17956
52454
-30013
-9629
4525
-16323
13915
38061
23551
-22061
-5866
-2944
45500
-33209
30693
-858
-16100
-3057
188290
-24144
-246134
-26738
-26206
46502
-102081
3373
-26275
-6558
-6302
-24701
-2092
21298
144320
-20076
-3756
5773
7391
-4970
61175
536
-26280
-64818
-217800
-27970
-11030
14475
-17599
-61760
-5054
7212
-37932
57519
-44572
9392
-24333
-7255
-47882
-89124
-2230
44978
-11312
87440
34
-69328
-71484
43650
-5085
-87672
-33160
-8335
-29924
19700
2213
-26838
2472
-10747
35426
-38420
4050
5656
-53158
9245
-22884
70608
-137573
18837
42876
-48573
-2010
-99204
-11556
43140
-57036
-8947
-43146
14444
2118
8136
-9948
2250
48859
118052
16708
57372
-13964
15722
861
12741
-1534
-5446
-41494
87008
-33414
-26510
-16006
-41041
-798
-5897
81623
-2799
7838
-28849
-8824
-32370
-35673
-2280
-19026
7999
-29688
-57584
81476
18855
-2070
-1374
-5366
-45976
23780
-1928
-62902
-73444
36736
40182
57618
-10611
-47514
17960
37278
-48706
15598
-86665
-10
5912
13435
-12018
38444
-5783
-9110
2898
27411
16384
-6370
4060
-3668
-5904
-8594
180550
-6108
-6694
11949
7128
-6901
-19694
3782
-28066
540
-4493
13433
5416
-11445
83361
35674
-9246
-12920
-2130
16666
-100
-9340
-48617
-92292
-41280
-31344
-1353
17553
-56682
3378
20788
8402
-170
4931
30667
-35085
-26924
-26785
58001
39940
33470
50695
32696
-16370
43634
-12713
14548
-24641
18816
35914
-14084
108847
17995
-5149
180721
831
2855
23483
55198
-27564
-43901
-4356
-23070
22204
123082
16245
15854
9400
-5014
-2790
15842
30188
-17730
120080
-2764
19231
-6386
-9342
9423
18226
15600
149
40036
10060
-978
11719
28149
10791
19817
60246
14148
97762
2941
44120
47428
-973
1858
5098
850
-3983
-5228
8456
-48650
3227
-52792
-5787
-26880
-12160
55120
-34560
-2090
38480
-4702
5280
4884
79640
2682
-936
-33448
521
-42826
-19128
-259542
-35336
12945
16380
78169
7355
-27276
137873
38669
-16681
41432
-8811
122012
-6615
-48058
-34867
-9226
-21255
16656
-5550
780402
-41078
10193
-35860
96506
-8771
-14124
-15581
167597
14558
-27
13628
23868
17256
51893
-54640
101958
-9871
-144492
22500
-7250
60489
37155
-242916
17107
16012
119456
109582
17592
26992
-58494
12125
12160
-1536
-156588
-47294
12745
-90532
91485
20018
3212
47670
108090
25207
8691
933
28350
85372
-2556
-61003
31413
-31192
14508
-15316
-116468
-73800
-17146
87918
-30538
-1312
-38824
-109773
46947
75168
17974
-163756
6460
-19596
-42916
-34395
-30739
-75937
9321
-5280
-23045
-159833
7030
-2805
-6300
-11702
33735
84930
58931
-32270
-116961
15792
40360
15426
-24312
31944
13518
-3982
49132
23020
-278500
3204
-33281
18790
4238
75278
-115
-11845
-3434
16016
-71785
-14814
64884
74530
53414
33732
23443
3627
46413
3793
7550
9408
-44554
302804
-3768
-61988
36900
63757
123992
6280
26649
-16512
100380
1372
-3387
64712
27768
11468
23340
-17370
34764
39210
-316244
-717
76794
40666
11999
37211
4016
-50172
151353
-108429
18000
-4481
-9093
91764
51108
4188
-20500
28392
38588
88035
42180
-146512
-210600
-1426
13357
-7932
24311
-16668
5812
16759
-31896
10544
11097
16033
11454
-11656
-35090
2625
-34464
-524
-22546
-63570
58604
-6044
117008
-10944
-3656
-65814
-67680
-26728
-23172
-209274
6489
-13439
-36799
-162596
-8176
85039
8837
-52048
3028
24454
4420
-179120
3567
-17277
-10370
-6620
-35020
-22208
91488
137665
-24196
-4473
-39389
54754
-7150
887
-14977
-18954
42047
-17024
4776
-38844
180
-5049
108663
34942
-22679
13755
-60108
-1628
1896
-26568
10404
-797
81279
-17361
-3816
1502
-73928
13536
281774
-84
2506
34353
55992
-79642
102624
-3763
57210
-147154
71448
1430
-43444
-29500
-7031
32293
10238
-12135
-16444
103040
-4482
4642
-16970
17865
28705
42470
-288754
-10910
-18165
-14100
206868
4336
28291
-19056
-116816
52406
96118
13628
22839
22506
-3104
864
57848
-13701
1912
103604
-1383
-8908
-10410
-14716
40626
-13448
-10800
-51273
13377
27408
-93921
-2991
7181
168566
35784
-80672
26536
-14708
-22233
26613
4490
-46166
-12763
15031
-29284
100295
12562
37089
-25474
7621
2710
-62692
-2700
27595
-14057
19345
9603
45273
-51264
5492
-16320
52287
80233
28584
74608
-37801
1295
-12384
16495
-56130
-30807
-22232
-7825
-29448
-70878
-11112
14049
-2934
-20833
-1443
105324
-4555
-15235
-94020
-2594
-56664
86040
28676
-17718
-233573
-25540
-12480
27944
2322
3447
3469
-835
1004
-27578
4020
-37603
4085
-80217
-1752
78030
-27081
7938
5753
-203991
-19890
-16690
35520
-50286
-6472
-410
-121660
21243
-18699
-29789
121110
-8863
-21597
-84394
-26004
13647
9044
-36461
13661
187680
22054
9308
30144
-18192
-3510
-3963
-77270
-13367
8009
-2712
-23760
57721
9522
19049
22221
62545
92526
638
-184
-3835
121128
-6060
116112
-41455
-21751
54242
-39618
21739
9684
-17622
32068
7392
-94236
23315
-148328
11880
11271
-4449
-4242
25698
3264
-25549
-2061
6284
1807
-2180
3080
12052
-15389
6666
15311
-5809
16321
43437
-41949
-4366
43918
15474
-1506
59346
-1798
38968
82452
-54344
11996
26305
-16549
-620
-15920
20133
32586
855
-10070
69460
-8899
-77273
-62253
-28881
-4128
20154
-37084
-241755
7326
41760
-34374
-43376
21159
10860
16559
-5932
576226
29403
27795
40612
3150
-27506
1939
117920
2620
-47873
6726
-134596
-146678
-35407
-15895
-1425
-17858
29460
27428
-8844
88672
64940
-93360
5732
48413
-20856
-8736
-19313
12455
428601
79922
26866
12120
-33072
2922
11319
137644
-1237
-156048
-26795
-178750
-9144
-54904
14688
-21670
-121405
7576
-107134
-9712
-1776
-7196
33041
16328
33809
80912
-88195
72599
597
-25488
-80
-5126
-20434
41754
115809
-45303
66136
-13904
-59715
-23250
-91172
42204
12168
20444
-444
25387
-6474
34576
-28872
-12096
-52574
7169
70823
-151797
-27236
-145
38938
-58520
-45564
-778
11660
1752
40789
20718
16312
21078
17216
-5303
6251
-18658
-10463
70048
28613
135127
60080
290345
33465
-71685
-700
-19447
-28692
-5094
90976
2421
93887
27312
-192052
-46392
-664
4902
48258
6419
-6508
20555
15968
-21989
6060
30345
26316
33068
-13548
-762
88470
-64506
-13382
165
-80605
4368
8720
-1192
38765
65266
-6819
-9679
19097
8973
-8927
7486
-162232
-56762
-7468
25069
272832
80677
17083
-599
-5029
28860
25437
181095
18200
35196
-24928
25590
20198
18284
-5440
44999
-53797
-615
6570
-21630
-74619
33400
23474
-188142
56774
17748
-33638
1912
8928
6615
26990
-8861
-39774
53074
-3780
665
21252
6464
112813
123709
-13394
-140944
-39079
11690
2942
-47324
97730
4113
-19078
-4125
43558
2761
-9860
-9450
-31072
-2944
-55991
15669
-11068
-24604
9976
-9861
12960
-379
-57255
-9192
-52285
26768
8046
24274
-121008
22026
-23484
8854
-17882
-41749
2442
-142623
3882
-2387
54434
-20178
-2988
38565
-55125
-33573
53559
-24820
-29450
-2496
6380
21664
-38116
48482
-2827
-27718
-19834
-141761
57912
-36386
-68012
-15328
14946
251
-1100
16381
33639
14744
-43951
106344
24600
51758
18462
4377
-10635
-152975
5586
4029
-14634
19446
-28296
479871
15158
-3606
13225
-88
56670
-665
26270
-5577
62991
6682
-142384
-11628
2757
-5168
-3242
-4444
-8160
-31612
-11132
29906
15088
8400
1860
21711
40008
33402
12134
34594
-26508
18
-6157
2474
48031
19845
53370
-13864
110
113224
2100
-3438
21474
-102430
-6827
5906
-2377
-63816
5936
2180
-5328
76881
-21396
-38222
-114702
-10667
-27498
19404
-16378
505266
-22834
53772
3324
45531
52956
5509
131992
8757
94360
78795
-3846
-61363
-18063
-27647
-19771
-7550
62442
-55850
8864
8230
-11912
14353
508
1666
-5388
-20282
-8032
-8944
14306
-14173
-33990
7809
9396
27244
-17302
-13149
-17590
-46737
-1728
16311
15318
26585
41326
-25791
26524
-24237
33087
-37266
24585
-15847
231212
-12633
19655
-13060
36664
-56269
5714
4439
43872
-16677
-924
-20595
12522
-104296
-23721
-6564
-28902
37620
39792
-12108
32676
-2216
2448
-22954
6467
-2160
-37366
17263
-35805
11826
-287611
7158
-18113
-4031
6586
77373
-21014
105876
131509
-74234
-16107
-23753
-306
14280
-25342
4928
53949
90088
41117
9267
3151
65749
-4371
-51588
-76720
63938
-12021
-23976
-60624
-4025
50314
-25102
-36795
13924
-40257
160140
6672
-13752
13999
-18741
1602
2
-35474
58123
12423
3487
17204
-1385
-10730
46360
-62672
6156
24598
6594
-135
25753
-45504
15862
8901
-1240
1314
-18761
-55334
-2992
-35322
-5056
5552
-119521
-20016
51238
16308
705
-23655
-29606
-29036
2558
20608
-10601
91630
72614
-1180
17322
11004
-34510
38949
15975
25722
-16500
56182
6920
-46956
-4988
-10787
-34687
-2557
-11762
-364896
-65732
-24882
14329
-144750
-5948
78767
-16652
-8865
-47452
-3988
5082
-2943
9213
14929
-3903
62235
-22884
56
-31871
32288
-15960
994
1184
21957
-8457
14136
-59947
72299
20670
-69274
-131655
60629
56740
6040
24136
-80551
8792
-10436
-10218
111934
-76709
20264
-47502
-1564
936
-63070
-30131
232363
-12780
-17024
-17734
3045
-16927
47954
90921
1952
16678
53754
6462
-18669
60330
40186
-11524
97328
122712
21707
6451
239
-19782
14694
3068
-14261
31901
2632
656
78141
-2278
8454
11516
-5715
-5304
-24408
-39575
117780
-6739
-104682
-1520
1820
-10247
64728
-80988
19525
-11962
-29599
26828
-26248
-16490
-14268
-470
33478
-55425
-4878
54420
-57
32198
1913
14977
108913
-90019
3962
-123886
84189
7654
-5937
-175220
-16661
35820
-4151
36841
534
-3500
-40605
-4900
13959
-63352
4512
14827
-664
154128
-38542
54885
-66268
-10698
3262
2648
17878
-23159
-3402
38145
9344
-2343
-108817
20039
28792
-25118
43008
-16622
-7496
3136
949
-16445
11864
12316
-3612
-37588
27312
-1326
-79328
11390
-84485
47584
-12186
-5671
-14562
-15630
-7500
-55116
14283
52284
-58680
967
-21174
15710
-21561
1896
-323817
39450
-2897
9789
-1288
4980
-14342
50800
22164
6260
-4260
-73514
-59102
19000
6111
-1814
-89442
-2448
156
10604
32850
-146548
-11472
-2754
16968
-132176
-187513
51310
73995
-37427
-31002
50310
-45470
-43236
57144
16812
144796
-11891
-192
-39300
-74353
5410
-11534
66596
3652
2830
-44412
-30449
-3874
84416
-652
13874
-4485
3195
-89124
-34079
13891
3830
-2784
100264
-58815
13830
-15731
-6646
10014
25728
-109416
-8882
-19832
13198
-4338
12335
-165970
-56749
-23324
44514
-22350
-58686
11778
9621
43724
31858
163930
43349
-70882
16494
67443
5525
-81323
-14036
-24314
-3504
65558
249
-8047
31910
-1494
38604
-2256
7348
22790
-37650
-29443
196230
-1029
129598
31424
-10760
18459
-116682
-560
45632
-9864
12121
37690
-75338
20532
-3960
46665
46087
22775
45564
-111016
-4420
14744
19365
-7600
-14952
5777
-32838
-360
3484
11879
-11733
-11820
-12451
1321
-58076
-965
57912
33411
-17656
376
-27379
10537
8556
8668
-30059
2128
23814
-33822
30824
4116
50134
-36503
11375
-110591
-92194
-4146
-8172
-37698
2451
9992
18802
17513
-240
-18640
-130
-940
18347
2614
49392
85646
-1274
-87388
-67092
3182
-1003
10985
4622
6227
-2258
2342
-2229
27355
17720
-62766
-142
6797
101171
-10140
43910
-25059
-11152
-18007
17700
-27212
18308
-7544
28940
43213
4450
4980
-865
-6480
62411
-525
-2910
30276
-19064
96424
-2882
46500
186898
4178
-39807
30600
6424
42390
-239880
22769
-22896
-10842
-22443
-2644
308087
-69777
-34368
2694
-12329
-210
-22858
-7890
422
2093
-5752
-4518
-6364
-14488
13152
49391
-70385
51752
109103
29415
12313
17836
-72692
8029
-15919
-2147
23535
-44704
1320
32610
-28726
7094
-21609
-7939
-39909
-15524
-10364
-150351
12832
20490
1110
-4380
-50792
-85494
8522
-33106
8692
-310216
-3433
-41196
-84250
-1456
-52389
26222
785
-7630
140888
29988
9504
-52784
-84517
-100040
4746
-30115
294357
26264
-12051
9898
99854
-20210
-10392
5873
-82843
3452
49374
-7836
-12104
-3108
89145
-17140
-21140
-34226
34498
17332
62500
-67560
17550
-26115
114492
-25320
15130
5652
-1168
11249
3282
19968
4968
2672
-46660
-29426
-7396
-10570
19730
46970
9449
-9146
77871
-5047
19323
11442
8045
19930
1555
285
26320
41950
2015
-12322
-18332
-1440
19315
-68868
-12881
-28599
46782
76346
-70440
124891
113240
64171
-32382
-85677
60600
-6168
62743
17804
9240
69950
-12205
11715
711
1342
5957
-8410
-2684
6393
-33726
1456
-4416
-2076
-136512
-9369
-24756
121982
-5531
7368
-3228
-19243
7248
-4377
-13411
-13798
-37802
-20010
-13532
3079
-23056
26674
8085
-31409
-8535
29405
4802
-599
-19974
40132
-30497
-119042
7107
-20769
127154
430
24648
2281
-4031
-16807
1119
-9008
-6
-17646
10222
-5402
-16394
-23385
-4290
28347
30393
96822
-14586
6174
52594
-1234
21005
33254
-141472
-2324
-16706
-12076
26115
26000
79477
84858
-23791
61958
3536
-2590
9736
-58946
51653
-51925
17401
-14152
-27397
-25214
21693
-3583
12318
7924
66403
-48083
36192
-17042
41796
5488
-6704
-32764
1518
10944
-9648
4324
-2875
31967
-13884
-14411
-39632
7487
80914
116864
-16381
-164457
-33021
-8002
15315
-124625
5410
13155
-13914
27954
-14854
3315
-49643
-14383
-8786
28438
-32878
492
16704
51320
19837
20062
-3486
-22281
13552
409
-2091
4206
-20988
322463
-512
12882
-6054
-16524
-3666
4340
-971
-52052
1850
2076
-47566
15761
93785
-147253
11096
15305
-9649
-11934
-9600
-32783
3924
-27486
7693
108500
-35
5620
2532
29754
-6309
-9498
33474
-37537
61
15868
22326
-123867
-6834
1352
-3982
26909
-8604
69122
19503
65664
77331
72092
12741
6552
-3486
-35530
119579
68440
-152180
-6898
24392
8864
-53374
86344
21523
13246
-10504
12809
-47801
-37813
-40667
34484
4276
-55116
26413
-23520
32351
-89012
-27838
-55550
771
5789
-22865
1960
-21210
14127
-4446
-5941
-19886
33178
9523
38710
-2795
-15965
-13040
46988
4671
22993
19389
-46621
12385
-24360
-17524
264
-1764
-5819
-5214
-195576
12982
4120
1240
25104
14224
718
-30553
214920
-2408
9804
37822
983
25946
10396
-9735
3766
-67929
-46404
102907
23740
-8544
422
2679
2860
-8190
75523
-25036
-23715
115800
-29466
-69172
-14972
17928
217770
20644
-21688
3843
-15132
-6695
124258
-61626
-83339
17269
280901
-143257
15726
94447
307
14022
-13484
2632
17601
-756
-12209
33720
159075
11935
-702
20112
-385
57824
-21160
1782
-4753
42326
28967
-19674
-7026
-66401
-31648
-28070
3798
-29885
3323
-7435
-38010
-10257
-58620
6264
-92771
-31744
-3241
-93360
-7620
53548
8697
-260874
-14778
-322
1835
9166
-18766
-72922
3597
-15894
-4107
-5167
11440
11245
-30775
17500
-157433
36260
-68508
92002
136480
-14321
-68266
-173086
100272
-4161
128830
18862
-22904
8350
11432
-7362
-140955
-4370
21665
-3180
28815
170047
-26982
59280
35443
2582
184950
-8166
79676
-17274
14427
31669
-19518
-87150
-12002
-34667
-39939
-26648
71991
12160
-30375
4324
23224
37405
-16868
-35364
5418
-3646
73224
4192
10281
72256
23308
11086
-31330
-94570
-70296
-71184
15842
-38970
8248
-10204
-21883
-21756
128420
-13396
20348
27009
20362
-28990
3332
-3011
-5094
-564
95604
-520
-4932
191205
-17788
-63507
9025
-239
-4268
934
1342
54732
-36082
-39598
182464
2481
-26512
5247
-1714
58498
-126415
12346
-4934
6816
4362
10277
18513
-3213
-25374
-123310
-83721
8094
90474
-11591
84487
38050
-30748
-68240
-92246
-7602
66416
-44425
98110
2112
7191
-814
-3294
-51516
17699
-110
-93
-103616
-46117
-126844
33170
-74554
23514
-10454
-20987
133021
-13412
-6206
55044
-2805
88452
-6166
16796
19875
21837
12084
-71610
1877
534
400
-340452
34119
-205508
-40940
11853
-17025
42559
-29495
1788
-21060
4642
6204
-21455
1908
26534
401062
-15668
37884
-61100
-346882
1031
-25826
55249
34830
-11688
63627
-39471
7764
78714
-3415
27159
-6113
-17168
-7621
-9174
44132
152708
149877
-6150
7659
-121590
46644
1863
206
24408
-23352
-7318
-14206
-31660
36120
13696
123236
-4147
-1261
40767
26428
-17674
-3202
1192
12537
10878
16731
-2628
-12057
32838
-32673
32390
-8800
-25920
21348
-256336
15062
-179867
16946
1090
912
-648
28465
-86136
-2676
-52031
-10832
17281
33102
-21585
-8184
718
-64335
-51520
-51116
-36303
30840
29828
823
5430
16595
26167
-33073
-36543
-62161
3363
-4885
123554
57690
8980
22296
-22803
-30120
-43900
21702
15112
-6428
2226
-12048
-38643
5104
52805
-138081
-27746
-2283
-33220
-8772
-14948
7830
5456
37893
24024
-28763
-182912
85600
14064
-6775
-65001
-147933
-43275
-2072
-11596
-8243
-92602
-6531
45150
-5472
5707
41139
5169
-38589
-3417
-18474
425084
34889
-36190
43797
-323
56728
-9540
68641
-21902
-17561
62765
-64206
-102829
68066
8696
40515
13476
-32958
-105609
-9552
23976
-11016
-36028
45964
166628
-92595
28878
21592
-12810
-439
-101133
33872
29862
38515
72584
27990
18796
1455
-7592
78074
-16848
-8811
14728
-63076
21953
12456
-175321
-9624
21248
-1767
-12994
-7228
-12654
10791
-55195
-15808
-54158
59602
13875
-114781
-6928
10632
-14086
-33576
25992
-13654
12040
14692
-97668
24688
63524
11844
6573
35458
-13838
-53664
-1221
-32070
-25600
-4081
13592
13461
15510
1216
-49218
-9302
13815
-4163
-57481
-12342
-202475
-2747
-81585
5504
47004
11658
-120672
-18253
23428
3464
32416
-11468
81610
-2185
-10081
-736
10372
4622
49094
-43628
27122
-33507
-32212
-1699
-10268
-33340
-40103
-29844
152430
-3650
-3604
56301
23066
975
-46894
7209
769
-9680
-90368
58772
99980
-636
129630
-38711
2888
29575
-17502
-1884
6406
153729
14454
-9162
-2360
-57920
-6314
28120
32752
-2626
-5074
-133576
-10082
-5890
-5723
65137
-50118
478506
1401
-136008
-21224
3214
103035
-10853
12206
26230
-34726
168839
-16313
-40974
-1587
87012
-11940
44821
-1254
-203715
-20
-47217
66908
1000
-58780
-16189
29840
11785
34242
19433
-15705
1676
19184
37890
4086
58668
-17434
-39405
96898
26086
-93522
-32473
32164
-185622
101948
38225
-1078
12086
772
53129
-5684
8156
9697
25124
646
-34640
19435
9513
-7094
23539
-50906
76654
-37164
-2255
-13896
73822
47428
-12361
5258
17108
348
3520
73595
10728
1460
3313
12036
-17886
-19776
18577
-50050
-26108
-123902
-31570
-16613
-132644
-48463
33489
27186
9051
-126826
-42157
172176
16581
17002
13638
82110
64090
-7714
8424
5748
39128
58680
-46992
41084
56000
-9324
-23938
-223977
86727
-45480
33120
-624
-1896
4522
-3016
-14600
-17390
145088
22526
27204
46145
54065
-12318
-29282
-27874
-21420
2278
39864
4104
-58356
-27195
52640
-11966
-2326
-5350
-5632
-3164
149998
901
77247
-72562
165240
1437
-2893
-7902
-98898
-6087
-621
-14643
19859
-3085
-8143
-87672
55451
13640
23521
14952
14623
-6878
-72075
-167482
-6450
-216800
-113356
1355
-42602
44469
-326
10845
99752
119
26790
-48432
-390
-17906
-5421
-4582
-6139
9291
14626
16419
-2164
-7503
-9264
8210
238784
-3999
-12427
-13608
66916
73514
9064
-26974
-48444
9672
9912
-37612
27792
-349
48455
-154141
17244
71714
-8188
100
-12750
-13195
19409
8166
-17158
44020
-2540
-16754
52941
-3884
-424107
25742
-54829
2114
20604
-26683
-856
-46534
22530
8063
-21546
7260
16482
-32686
39645
3886
42928
-134
11040
9956
-2604
23624
-285636
-76128
14691
10392
17756
-86310
81678
50114
5047
-58104
-45944
-92735
-20180
-3928
-1450
21720
96000
15243
93251
33428
19370
15866
7692
7990
-33987
101596
4348
14424
5056
60040
-24406
189168
-66130
-134825
29418
-24422
-3825
76296
-26826
8957
-812
-272088
-145128
-5125
-26881
-60654
10026
4458
2780
10684
-10380
282988
-25253
54635
91586
-54454
20457
-3698
55751
-3255
21328
-33260
-30335
22273
28413
-108940
387984
-12145
72393
72446
-7479
-10105
-19156
-1034
-51720
-776
4182
8702
77913
-31640
-8452
25172
-1585
-412
-154399
-33739
-159335
-17924
72970
20089
-3894
-7888
5160
-10096
37112
-3706
30319
8866
8109
36862
-77005
120837
9036
35968
-142110
-32732
-20078
122972
51148
-12705
34629
-30520
-101265
8795
16196
-17010
-2688
378
7993
-310022
36962
-83554
-11134
5938
-8542
-11513
-48724
39481
22332
18630
20382
8
4175
7176
17641
32841
-7503
30136
10183
7468
71924
15118
-24156
92144
-3902
67576
5250
176
-30248
45579
62632
-154652
39606
-161121
12892
36734
-4409
-10737
26816
-56544
22545
-49864
-11886
-29168
34532
5224
15862
13386
-21141
69769
-17892
-110376
56039
31850
35332
-42112
-68037
-106892
26214
3648
6975
-51268
12480
-6132
52668
50274
13557
-9996
-3771
11512
-20811
58458
29477
27011
92608
36213
29136
13134
16758
-2646
12457
126124
-6891
59868
-4602
-76823
18055
-17973
-25774
13133
7081
-58752
-1690
-24540
-14232
100674
5158
3706
53736
-17887
-350256
-958
-22324
51626
-59500
11686
-10432
7709
-9654
26732
24630
-19254
14664
64267
-30240
13314
26496
24040
60528
11700
75480
-9183
7826
26083
-20505
-2308
7601
62737
-56359
-34375
14825
-4573
39304
70990
26816
-3370
74235
1278
11994
18566
1222
3471
-2083
10501
-19873
-33590
17951
-3753
-11951
21082
16033
7938
-69899
50753
-10212
-52206
-52792
14552
-600
-17789
11620
-20406
-98333
18907
25165
5754
1682
10125
38114
78143
-162680
64853
-1406
-11459
-3909
14322
-29352
148390
-2547
-65488
61600
47928
68354
-16840
20202
8312
13922
62670
104625
-24255
41631
2670
5115
-6585
-15140
-6286
43842
47217
-4373
852
2502
-7308
-101181
97720
-28957
-24120
-17550
-12546
24868
-9592
11990
-131105
-271330
-3397
3608
-11468
-7218
5056
19390
24692
-21276
-13202
28905
1902
4929
14430
-44260
4115
-6365
-35166
11223
-18127
-1342
-47755
20086
-3468
-138086
52764
-8571
4299
-19461
139734
-10374
-42216
-13121
18572
14784
-47680
8909
9935
-178848
23220
3604
-23794
-10541
-8913
35836
-7524
-5840
33471
15555
-4277
34876
-155050
-75765
-5544
-223020
718
35536
5597
5130
-11167
-17329
18279
-16470
40838
48836
-73407
-69220
-74690
-8325
-2318
-64686
-149632
-55874
16160
16760
-5154
-14224
-14700
24044
-31294
-2778
29153
-762
-10102
-36051
-125526
79260
-759
30372
139154
29839
-15120
-4460
28388
-127535
-33732
10280
157
53281
-2880
-26940
18800
-33032
-67193
27089
-4620
-159566
15973
372989
-120868
33446
-78900
19082
25560
-40776
6984
-95020
-43390
8070
10086
8444
-39502
3220
28122
13685
-17069
39903
29685
7248
39405
76397
-35181
-10003
-19361
112376
14658
-167776
15960
43760
-20273
24148
148540
-37542
-46440
-880
-32123
13656
6678
-3680
-35100
14814
-868
-42736
6202
6310
-59253
-9720
2566
-38288
-185029
29718
-40356
-1990
-9365
3648
85960
26108
-13266
-54423
222
-3426
-5499
-11285
-34988
65514
4493
-18637
45856
88606
700
-35094
-144341
-9396
31871
-16304
58484
1312
18678
37174
29035
4525
-10678
1330
34124
33394
-128284
-108077
-21890
-29358
4028
-28424
-22625
6971
-88725
-10608
346668
-16178
6568
-2586
-27721
-4644
30126
-4008
-3275
99000
-684
45432
-25256
690
31958
160899
-21519
-69853
53887
-85859
4423
-5424
78638
-71
17943
-38291
57628
1326
-7906
-6718
80808
55296
-18084
-42824
46713
-145721
4797
-7539
-10840
41562
9828
-59902
-8116
59640
-7059
146289
-16283
-25320
1660
4890
-2326
49616
2962
-9460
12640
52179
-446
-40420
156594
7661
-14668
-50390
41890
-45471
24138
49767
-7404
-6408
7104
13584
-37777
-59619
40567
94958
-8874
-139260
13902
-6204
-9652
4000
5117
-139386
-29765
-8848
-2510
41653
-40209
11754
-82650
19668
11808
45332
-216
-261028
-3256
205249
1676
3044
35914
-35325
2430
13820
42745
42904
-22327
10260
-1787
18906
-30883
50547
-80472
-44404
-5781
-13651
6406
1819
33413
47045
19528
-70244
-2077
-8137
6719
-19016
2629
-642
82599
-26402
-7440
-40880
29796
-80378
-24761
26940
3612
8400
11088
147684
-67989
26672
30389
-3576
39477
-13887
46919
95027
2982
149488
233040
-33098
7015
6462
-3513
-1526
63048
-3750
-17837
6132
16792
-62612
-6089
-3632
114660
10684
-519
8654
17860
766
-59172
42064
-133412
6036
37232
64896
-24112
-166
50635
-5945
-36363
-17220
-1604
-36490
1568
-170802
-18000
-430
-35554
34879
8124
-1838
1989
465
825
-7194
30852
18820
83336
51035
1149
-46673
-2484
7048
-12654
4653
-29424
156
13252
150344
101727
2231
10795
17961
48348
-38189
20516
24066
19016
19111
66141
248460
-67
7662
-462
14903
212
-51672
4252
-79940
27195
1126
14270
15843
40420
-11496
108936
46644
101124
-27584
-103424
-34948
162783
-14436
979
70289
-49542
-171616
18547
-25692
-4216
10372
-61371
40724
16932
21153
-98220
-171146
13416
-10512
1480
8838
960
-99194
226178
28252
28672
-16064
-53953
-48044
4445
-167846
51398
-2593
10347
-85236
-162693
-8844
-1614
-36840
11656
-54021
50394
-39150
-26454
-129679
-1000
-24797
-58800
1375
53328
-14604
-1284
-57712
2927
32753
-1674
-2058
-12094
-1158
-109686
-1663
-19608
93368
-22769
-11132
-14750
32113
18505
-9984
-15623
47964
-21468
-18024
8159
42480
19548
-14523
-37807
13425
-190780
19684
864
-33098
100394
-43395
-15359
511
-21527
-9355
11393
37170
-16338
-4189
-8521
24480
-59752
-42950
-79318
-38395
31892
-10605
6554
-88181
-52696
14290
-2280
-38801
21187
8220
40996
-9828
-930
36388
10812
-23623
-9162
-129780
13207
-79848
9174
-3534
-31151
-36397
-7156
2173
-22302
-36584
28801
-103704
30945
-23328
-128982
64431
47220
1636
-74517
-87469
13904
32426
-45026
-3256
29335
-19208
-151657
-21368
11670
8778
-1112
34542
60475
-2460
57222
-8400
-11984
15681
22939
-16482
-44182
27204
12271
6153
-28689
26734
9490
-29794
52632
-13273
-7074
-55186
15092
1648
4417
325
-1070
8438
63710
-42900
960
27651
25317
8016
60508
-7361
184476
4554
-52778
17392
-24869
46482
-1000
36720
-3427
-2592
50734
2536
-101205
-15434
19796
-13285
-9217
-53102
-6472
-118775
26976
-3549
-14015
-61932
-4170
-41002
15063
-30866
41703
-6822
144594
25753
11340
30037
-17605
64904
14665
99132
3316
-4126
8126
-10478
13632
65001
-2135
-15038
8698
-37734
-19142
-30703
-4045
-7724
92640
105825
-13928
-21249
-12004
-39898
-969
10497
25515
-16269
15356
20968
2637
1479
4926
190728
-360
-2078
-21438
25004
-900
77145
18984
532
591
-7710
13451
-26586
4868
-6058
-15394
-18878
-25214
-698
-3366
-99257
-11296
56163
-8760
5157
5152
265800
91239
74852
-360
-69274
22184
16068
18939
46515
-16781
-6966
5622
4203
4884
84516
18260
-3434
-6682
20307
129
-27706
17526
-19664
29586
31179
412
-13240
39141
-2395
3692
132792
-9535
22359
-47586
1251
28608
-30018
27956
32745
6444
11568
-189263
-96296
-13036
13650
-6018
33520
-1961
89244
13169
-28300
-53302
-1092
18065
-28868
-57598
8818
-31164
64270
-1403
13124
-1372
3717
-1167
-49370
75781
49171
5859
4220
-15298
936
-14242
4266
-24123
2051
3890
47980
39055
-1452
23793
70115
-6680
-21099
8093
11400
-10735
24090
-42617
-17192
-14772
-16410
9930
-23154
9380
-61568
-34772
11482
42978
2214
753
24800
-90814
15388
-24517
61258
10202
-42243
-44166
116016
41574
-10114
-678
3057
-10597
-59480
19364
-40826
-16359
45562
-14502
158463
675
-40272
68296
17936
34081
51838
-54472
30435
96100
8310
-12688
-40432
-3678
-2056
-32265
23504
-5301
-4640
17315
12680
1325
-10753
-5706
-624
19326
40665
-19170
6876
39176
-6501
-1045
33042
-11074
338
-42697
-4993
52398
20192
-10162
6928
-13473
1711
-23611
-3850
-1351
-10327
271280
15584
190
7410
-14432
72988
-42705
7921
-34065
-19823
-11268
-89466
23115
9366
-22976
-51970
67822
1431
-895
72754
40026
57630
84396
88064
-28363
63150
-4560
81
-85580
278864
37152
53560
28103
33453
-10926
4574
-16810
1023
7185
-13938
122485
129072
-8358
4228
27795
-44432
-67659
-1318
-7996
-25305
43554
-14652
-18108
12230
-2584
36186
-11904
-10016
-158700
-109579
14400
5694
40640
-40642
8444
14644
-14651
-4142
-14274
18440
-52470
-38777
32664
18533
18027
3707
-82576
-52717
-5956
-942
9624
-11469
-30655
-18599
-65550
24108
17323
72150
62555
-3608
16591
16543
11302
6443
-18172
20919
36350
-5304
8422
47160
-4908
-2720
9066
11895
6873
-24976
-9108
16396
-26704
-60245
2028
-49855
5832
306
-81682
-19488
-34325
23127
-1128
-144350
-7316
9728
-6622
2797
77203
34414
2692
1272
3690
-142078
31664
33635
1996
5279
49422
-138064
-17560
20207
-50222
14262
7572
-2052
-5883
-15948
-5760
30749
23569
18410
-113872
1436
38202
6506
11007
662
35323
-3216
1637
9114
-78420
1661
-66366
-7864
141275
-38060
38209
-5350
37422
-38281
-51912
64910
-3838
13747
-44592
-66528
-42837
-18300
-11844
14068
10433
-6200
-31780
-21520
-9461
55810
36856
-24636
-3817
22524
-2188
-36008
95050
1560
-575
2516
-79102
162669
-258
4526
10920
115749
5740
-5376
-6834
28431
32458
-38190
43758
13881
-14145
11465
-13986
205747
-5884
-795
-2745
-6928
-945
3171
-68284
25605
12951
25703
-40052
-4764
-61864
13956
5052
72534
9332
-146405
-14356
-36240
-29235
-660
-14218
-13863
18540
11844
-35604
-13334
-9626
-4884
-19320
-9912
12058
20653
5628
15404
11218
1877
11271
144260
10713
-1418
16334
39726
51629
-7451
2339
6134
176
52490
1071
-7964
-67334
-62789
49410
9610
-56839
-771
22156
552
-14152
-7864
-128965
-17227
-59960
6445
-24912
13276
-196218
14276
-49472
-6990
1517
-4346
14964
-4368
98994
-33925
53958
-31901
-31420
-13725
-33158
45225
38284
93804
3005
-41728
-2276
-8532
-9153
116664
12990
12228
-56163
30572
-41983
-77396
9478
24804
-20555
-38248
-31948
7756
-19488
341570
35384
2266
-84512
-22299
25529
-6589
3290
-33687
-108155
67634
-23013
15909
39216
-71816
-83966
30764
20483
7926
18462
-11354
15876
60320
-96798
82093
-9723
148106
142924
49665
81146
-14108
7364
15032
20855
-63202
8160
-81822
5052
0
26437
-9109
-7052
-51980
11416
79682
17460
-700
-17640
125818
-21849
-14128
34832
82200
23164
-139266
-35106
-40761
52
-22768
-63526
-15202
45705
11035
1219
-48846
804
3470
-212703
-19023
-52928
23793
16460
10230
-117947
41932
408
6790
-10968
-2955
8984
24282
21000
-20650
-14048
-35252
13014
7486
-8396
67306
61746
21638
-754
-15344
-2820
-10868
-8863
-900
1979
18243
-13832
-19677
2189
69608
-26597
-3492
6586
6608
-18490
-5680
-1058
4728
8920
164748
-19312
9058
7060
-3876
-142381
2716
31253
5976
-138796
-58951
24597
28320
23043
3048
-1496
-14980
-11097
10001
-21558
7457
-29982
18368
-279466
4200
78551
3732
-69866
-158475
-19604
48
-40780
5224
-154734
44948
7832
37626
69447
-2628
-25768
-102568
137568
4906
-39250
-1342
-24252
-2559
-17207
-222
76032
-7604
-18960
8533
2862
-13720
5732
-8639
-594
-11459
-13066
-1842
4458
25337
33462
-13400
18338
-38173
105354
109957
28328
-31820
-71454
-15437
-56301
-25392
3312
-9030
-30371
-150708
32946
-8380
940
25817
50400
6083
-284304
61130
24327
-157
13964
-32779
237
-5984
-27255
-2116
-30698
16754
-66314
13768
-12481
17887
57949
23571
-100
8712
-27105
3990
17996
-22608
56604
-111990
23932
1752
-23247
28322
14770
-34328
-75916
24555
-27088
-286
52035
2770
-6084
-28653
-8357
34058
-37386
-50146
-93087
10116
-45956
143040
-6167
168870
-139566
15612
41013
-37506
-3499
-603
11732
-121716
-8845
-6384
10510
35067
-47603
3713
-5168
-32670
-4532
-2099
162252
3048
-6390
-1813
-55512
27448
12116
-21306
-63014
-34416
30880
37960
4820
-2063
-15471
22144
-51165
2604
-37637
8889
-7784
17736
-28156
-72240
3012
-94819
-10996
-56610
-68381
5927
204
-31130
-17687
11131
-74096
-21687
-32155
52390
-24336
29951
13071
-42315
81704
-33
23881
-51730
10536
92991
-58797
-4090
-5056
17842
-49048
35076
864
-1880
10642
-68030
-260447
26738
-9144
19986
-2193
-27844
-12980
-19060
-11268
1904
-25440
-21323
19793
-55988
-69248
-18486
16640
5641
-97024
-27552
31727
48640
44694
-19852
-469168
7958
31675
-34283
18192
41480
-14659
91395
4369
-294219
-5227
17010
46820
-15912
7394
-115489
-14876
-9505
-3611
9531
-1942
-3233
-878
-68915
-54180
20031
-18652
-8587
-9911
12948
43362
-5037
-81595
8308
448
49671
-4155
-1854
-2076
80031
-176123
-29418
-2546
-350
4407
-6087
242
-1007
2902
3933
-6534
2910
-14424
15330
1265
-11991
35252
28806
-11350
-116391
17151
-38152
5018
-7576
-1276
-28760
-489
14054
13593
48515
-11488
-11372
-11268
-48596
28431
-50420
-31264
-115582
-25762
-26
-22617
25716
62002
14506
170276
-9020
-30894
3961
-23280
-16012
-17021
15711
58314
-3146
44387
-1269
15880
-94362
-20298
7743
5554
16688
37112
47640
223
11130
14760
18608
77394
-1711
22053
-1079
-50222
122641
9990
15591
-32876
260343
-2056
-1947
3656
50307
-35052
14747
7684
-10101
49717
28880
22017
16461
-5387
24686
57220
670
-61700
9063
54283
615
3824
58758
4585
-7488
59449
7680
-1235
-291
11495
-7174
1051
1278
-79710
408
12665
2335
-53088
17878
41244
2586
45202
10595
-7468
-6304
28935
-6930
-8768
2783
-1808
10896
-74028
-8121
-44919
-18623
7795
-6616
45318
-5102
-1186
39274
149006
222092
-42984
-14982
-1342
-3073
85149
135
-20640
-5956
126760
-261978
62184
14338
-50915
32298
35126
9398
-13400
-20031
-147588
5264
-146390
75081
-55372
-52501
-18050
-22505
20316
8242
-28008
1304
-23335
33294
-3720
9205
-25947
-3938
2515
-95382
84829
-7497
-20364
-12015
87089
-755
-3042
-45577
27110
11660
-3855
47433
-153968
-64250
-50236
-20700
-43048
-25399
86983
94
17344
75586
3968
7972
8470
37553
27074
-16848
16806
-65905
-5004
36543
12058
-7680
84949
10023
16758
-54306
22491
-8526
36012
-147764
4524
49090
-2829
41592
28949
-34665
980
14432
-130242
23736
-28208
-89
-10700
67702
217582
60872
-8676
-15060
90552
-69960
99493
57663
2574
60400
34238
-11177
11345
-39147
-4347
8815
23820
37149
-11766
2667
7296
55345
12067
-14297
7948
-10262
31455
-21280
-9840
-19308
-1813
1667
-24782
-6911
47284
5443
24035
25656
-210
-140075
11922
1800
-11502
-11832
18468
-16400
-63902
-110034
-4017
-211218
335787
-84010
-24180
-16933
24431
49856
-6912
38838
-20595
23876
121204
23952
-24412
7918
7398
44918
21060
43356
9234
-76252
-7542
25390
115448
-63366
80268
-10943
105243
-14272
-76064
50952
9420
23040
-29211
85
-71838
73629
-251176
-4176
-2070
3544
20528
2274
194008
-130880
-10277
-9896
-17279
13241
3770
3714
-148971
-42870
-38005
-773
-204
199863
-89915
-43668
-23310
28889
-54888
4550
1824
44975
28525
3591
20507
-45987
-111954
-42457
-55506
-18945
-43343
18774
-22523
13032
14552
10610
-253270
-26517
10999
-29295
-8745
-597
-9982
84968
33022
29536
13606
41512
30576
-11606
2532
7055
-5048
-11225
4760
34438
-15419
2950
-55248
36015
-422
59100
12180
-14284
-25882
7400
-47224
-13188
1234
6542
82021
-16214
20925
-3871
-13860
21146
-296585
133871
17598
800
-22194
-1015
18252
-6654
36852
29376
-22788
23270
-4484
-22275
-51889
-21679
-6452
9894
-16552
-23684
-875
-11406
-43560
-2147
10692
11739
39912
31360
7765
-58234
38331
-40334
-1956
-568
-45817
-40677
22071
-3864
-85056
-75074
-4380
-1928
30448
4867
-91776
-8704
-107034
-8221
-28454
1792
-31079
68193
-5572
35888
-31124
50116
-14013
124488
19126
-38215
21072
51946
-180877
36844
40742
-4643
95180
-31406
-5323
-55534
-13581
-13431
40490
37816
-16635
2436
35641
1468
32920
1002
86811
-1233
85293
-45663
-42991
-148646
3016
-48208
-8296
4006
-33012
-6024
-82300
6942
5836
-123450
-11460
-12666
42505
-5800
-7841
-477
3940
52290
-137376
-5948
2409
-30394
19010
-5190
10256
29102
24337
-12657
3682
22795
4988
78201
-564
14014
-26736
-18707
69489
-6242
15224
28751
-53967
-14290
-56052
270
-29088
-469026
-83237
9416
-13086
-4198
-70486
-3690
4708
-5961
6260
-8370
87916
-10152
4222
18306
-12292
15780
-4844
6622
-12943
-3942
-15387
-7902
18292
52671
4052
-58047
-27110
-25760
-14408
-13796
-24042
2434
-15478
-52031
5156
-21308
-22122
31542
-5720
18108
25601
-6018
20864
13122
41070
7928
200081
-12155
-63074
-51401
-83184
35640
-22795
-21480
105600
11665
-59688
49369
-18117
-2620
308
-21046
-5548
3080
51692
-13047
20277
11345
-9489
5448
4220
28793
114637
-1002
-11850
-7062
22734
-19871
66652
88500
100967
-41150
-75347
532
-73510
-11608
-9672
437053
36863
-3232
46110
-61640
-10566
-18989
-2211
15477
-34378
21762
-65657
11281
-120518
109185
22395
-7262
-39634
-48193
143790
7895
-5128
6516
52026
4984
-17389
-34550
-6412
25116
-54540
66972
-78518
-6530
65343
100728
12453
7975
-137189
1644
-1263
-7890
-26272
6997
-113766
180
58402
4470
-57472
-247956
-2611
38520
-18800
5476
-3849
8636
-60744
57744
19332
15888
-6142
1342
30617
32670
1526
-16446
18981
-24306
72929
306
-30192
-15868
146172
19012
-7578
277164
-5424
-23072
7867
24065
4592
546
-28954
-23868
31168
-53362
4258
-30026
51246
-48127
12914
-624
1657
27950
56910
6622
-12816
-95022
-48177
573
-2196
-2076
-40492
-1104
23619
12996
13929
10218
-15295
-69219
37755
-1898
-20925
87616
-35106
-57210
-3065
56475
37463
-25956
42011
-19551
652
110273
-24001
3839
-21539
10191
9764
-15639
5196
3591
18255
68676
7048
-19600
-8241
-87704
85625
668
24419
28052
-21359
-78393
16044
6668
-65316
10168
-30689
-8334
-171129
6943
31185
16830
4905
91746
5001
29980
3701
-28983
906
-52204
-1160
4995
405
-4790
-73809
11441
-8991
-16831
9740
35214
-21909
6351
75168
7880
5528
-47168
-75703
-32930
-12412
9361
11870
2200
-26525
1548
-33866
3058
136983
105980
-9176
78258
-36973
-2156
-9558
-776
66400
6128
18177
21147
7840
-21574
851
-1849
-72005
-25480
-17030
2655
288212
27780
4628
31988
2625
-14938
-14043
102790
-4797
13320
11355
-11435
13873
-65592
-56137
-119199
23863
-28236
28910
-25159
-35430
133583
-5952
217206
-12212
-1614
-8587
3684
31302
-227227
33064
26114
2172
12400
5082
125023
22529
34389
-56263
-82560
13673
44374
-754
-20117
5668
-13836
-3944
68202
-134192
-9546
-12688
-21840
64529
-4057
-51500
-11914
-44273
-23194
-71353
-17535
29220
-73348
-78276
38762
-5112
-7080
23119
57442
3338
-24366
-10269
-4422
-13120
-179406
8190
11056
1752
49836
29362
333
19128
792
-679
4632
-44892
15709
-56131
-17236
-32824
-26493
41740
10346
4341
10946
-61
19884
9574
71628
21380
-861
16834
22332
24243
-12123
-12400
-6923
24308
18095
-19476
48280
5193
15455
22380
1646
19198
2884
-14668
19980
25850
72084
-54940
-3088
-94176
29536
60150
21104
-1210
1957
-23526
46788
3763
14610
86912
60134
-15784
4777
194167
4526
-2607
-16861
6186
-3017
124149
6567
38924
4532
8592
74686
21386
41060
-6359
-6162
42470
-33440
49900
17273
96138
164
-6089
7000
-78453
7644
-8728
-22514
-116551
-55665
-17501
10321
8203
-35054
1149
126650
29508
7866
119392
35092
-350
15176
-31162
-69350
8530
6769
-67303
-5706
4143
-7200
-48964
29844
-11990
30020
-17316
13654
19831
23037
66464
-16418
-48637
-20349
66836
-30473
-6064
-1807
-152848
-45675
-11152
6405
22373
-267300
13046
-3366
37946
5128
11692
-6773
32652
63129
-50439
23741
32958
-165306
-11453
-6620
-17604
-78481
-135496
1584
37062
-19817
-10696
2204
48319
-94068
-19068
9462
-1812
-6437
1393
42080
-17608
-67906
205810
11012
-12214
-63082
-30300
-60305
-61744
36764
107938
-80234
-18392
-334896
6340
-179
108866
172582
5250
2708
-20051
97505
-39522
-31730
5172
-14121
-3009
-1970
-30852
-50462
-26538
4336
32374
-45453
-2217
-110128
-37362
22482
69640
48288
-45816
-81553
35469
-33072
-47972
44975
-5518
-15546
11602
-97225
5900
-1696
-4498
9177
-26820
-6240
59977
-42882
23524
-7254
-36367
98717
62647
-6313
-45841
322203
5478
-16320
22818
1521
-37098
55628
-42123
-47751
11315
9096
-6811
11792
-45762
-12260
-69905
-44855
-29004
-37653
36616
11488
-4135
3812
-2493
44636
12452
48905
-2695
-26604
-34531
-11563
13800
11092
-13040
122039
47072
-4584
22458
351142
11806
6928
-22300
-83264
82320
11670
25586
-38524
-137372
22811
-10348
-22464
-116835
237478
-4340
-64878
13496
379
1545
-19629
-5258
56672
30505
-79390
10512
-9439
-15840
1487
3386
26480
-16975
-6350
-1977
-19842
45881
-6420
7038
-6158
-1473
-26412
21980
-225486
113077
3270
-2078
51494
208855
-121254
-46236
20599
-10388
-17736
-5886
-30643
-49052
-9435
58470
-7368
-93862
-8086
-13256
-6569
-168637
-72030
17682
-64660
-1566
-6608
1745
-73555
414
12887
23336
49322
44352
-8693
-17131
-181688
-60888
-30724
-42380
22350
-89568
37674
-7220
-8890
19122
-54332
-23718
780
820
-60941
26108
139604
241
25003
-16218
75488
11655
224022
3456
170088
37228
-24768
-13739
14644
4704
-107567
2070
149088
11613
-11536
5762
115776
-34
-1286
-117330
-1919
49210
119424
-983
32236
-47580
-6977
-102408
-12884
-15140
-5256
-37218
-16188
16061
-3108
-45316
16625
-15180
-148792
998
7729
-1020
-2292
11463
28700
2255
4224
6084
31512
17580
71110
56158
30556
-25778
4596
-246511
16111
2389
204800
-9291
-10353
4876
48858
61460
-2008
14924
-20280
-38722
14784
21568
6411
-52470
-13163
-21926
34781
-1914
3558
-133798
-7712
69214
12372
-10230
16952
-7214
12428
4908
14452
-38255
-12406
5904
5721
-38874
1759
-37994
17977
-24701
-4757
-5340
41701
314449
70040
43485
-408
47016
-3402
12320
-85117
13264
9554
-4360
41187
-5301
7276
-5467
-14944
19940
123162
28105
896
77697
-7392
12159
-9596
7448
-4464
-57038
5305
24
-7925
16134
-421
250480
-5642
-74580
-8812
10584
-13182
22492
-31948
88600
-185635
8552
80803
-46566
15636
172972
-26426
-29889
-11878
21936
173772
22358
-18694
8684
-21488
-148678
12872
-34365
83128
-10024
-2617
25029
-71367
-34198
27325
-34158
40953
-25301
18469
-47415
-11232
-19396
-49072
4235
-79479
29838
54440
59848
219914
11234
-44460
14126
20890
-33426
4196
23706
10499
63559
-4150
1190
46852
-34234
8718
-696
15684
-6099
44515
-40040
-64109
-11358
1842
3656
-31055
1854
-8166
-12043
19818
-24124
18288
-3386
-112923
5100
-5886
3695
21802
28494
35688
-37586
-4284
50028
47592
-13340
55813
-81587
-23573
-1115
-85961
-4666
-87909
-50470
22314
85845
11621
114375
34140
12112
1632
-2497
113
109790
2648
546
-18074
-7805
36384
-2130
21726
-19438
6450
-6918
12597
60472
-1037
56028
-25434
-28364
-11260
5526
24958
12015
100024
-5330
-21715
-323564
-9050
29530
1668
-16464
-38560
-28002
99666
14672
-16650
-8856
-2414
6270
-37068
37792
5824
-47474
163298
-51498
-12295
-75700
18557
-932
-6168
99504
-18450
-19071
-1456
-31110
-17193
20184
-19792
-10948
7622
5460
9972
7120
1608
-57255
-6066
-71125
5742
528
-50914
-6858
-12698
-25469
7096
8288
3358
49586
26916
-863
-8820
437
2296
-1736
4688
-58676
-39756
-244891
6698
7462
-18656
10047
-2534
-97874
47079
-20049
-29088
100507
2121
17498
-39970
-160995
-3218
42994
-21360
19227
4542
81316
-61942
178029
4001
-19176
-91786
91752
-8856
290222
-1153
267
17945
20202
25469
13374
-42400
-17945
774
-18750
1688
2289
95928
-1650
-124477
-1790
-15340
-39249
1919
15063
39292
7768
-35342
-17250
-29027
1727
23100
-64701
59169
6904
8559
19440
-11599
-2290
-105851
-5912
17170
-28741
-88578
-7818
131803
49969
22136
3255
17412
-14170
-75079
-11535
79785
165
-6922
-48100
20358
-3640
71560
156930
38844
34886
1476
17288
-19564
3372
35336
-17073
-7840
55570
28368
-4055
1430
-5807
54100
-2288
30292
22617
134804
33152
-12386
2190
7543
-115336
-7152
-18522
16626
3588
27087
-8954
28223
-7308
15296
31080
15318
7293
-26322
15195
33966
-21321
-11229
-1894
2220
-17105
-186228
-1774
-3851
-6090
-41520
-30762
-20214
-89525
-187004
-7280
8864
27154
-6800
-57
5176
-14332
120960
-11189
-3314
-1649
5814
-56720
-26316
-32304
2108
19306
5062
-275
-48540
-60866
-21655
23982
1307
-13952
810
308
-42003
26802
-100136
6759
-32735
4404
3033
4680
522
-6044
53223
-56388
-5811
-764
15290
-34608
8229
-14227
83601
-22611
-2692
-39887
-115612
-7635
-7161
7127
4486
1348
-40734
-3903
63279
-16684
24833
-4320
-40798
-13976
-16730
3123
20232
3566
35900
-62556
-25935
65536
-18808
43874
-34955
13454
-81699
-13352
42945
-7150
26667
-77031
-2056
1156
-284
-1610
4000
-19743
13680
27635
42768
3131
-80574
-2900
13558
-11388
-2718
23077
7038
18536
-1144
-1014
-3534
-1744
1284
-6754
-13932
-2235
-123954
-136392
33694
-126115
6430
-23168
-8325
56923
30479
-19008
6144
27297
505
30809
-5942
79155
27764
1069
-7732
62640
-6396
-79434
81198
18464
121550
-15001
27006
3390
-16532
1990
48628
-22795
-10689
144381
-21440
-31532
-4480
-7614
-18959
9536
86435
48220
-16086
-3586
-120456
21140
3030
-110460
-18394
6119
-17724
2035
18363
-27092
-19818
23415
7401
31668
-1423
68761
-11843
-6086
-1853
9281
42569
-582
-29791
-14689
-14676
-4753
14620
206350
-20080
259317
-5368
117876
-22098
-15829
-16584
96516
39514
17736
-11963
-3611
-182891
-86492
2330
15516
-20608
-380
-3295
35646
12697
-12422
30576
1130
-9632
-129984
-12669
27110
-49509
-3174
-4312
3928
-2177
15686
-12280
28919
54226
-16806
8792
137761
1008
-33006
-88922
10068
-27297
1468
-58287
-5985
22974
-7586
-30358
18171
35157
-30619
2064
54688
90414
44338
-59968
11100
255575
178828
4932
246032
-10154
93898
-14635
9836
4602
65229
-94384
-447315
74158
-10770
-88434
-2190
4730
-24589
-22072
-5242
11084
-30146
-13940
-13916
64248
-28824
2900
15021
24021
-627
1478
-10094
-9318
16766
73278
-19042
-1634
7328
497744
-50448
-5600
8424
-9728
-25246
117961
21748
11966
-435119
2320
-763
-10532
-23580
-26605
1092
-1668
-13240
4491
-179788
2946
815
211202
-24684
36556
-43758
-2827
12177
-32238
-32668
-49709
-2901
29876
23100
32252
-72455
-34773
-10884
-20186
-18786
1051
-201327
-175
-62072
3266
-48765
-19251
-24188
-2662
-14418
7418
12435
9216
2860
42544
-34905
-116052
23808
17929
-37228
13815
-21480
-42514
52973
-53424
-261678
8544
81313
25623
225641
4059
21084
8690
-3198
-61631
17468
60285
-23238
72834
222521
41938
-43425
3495
-5806
-2640
1930
71761
-6482
35278
-11430
16812
-3091
-2244
-45348
-31694
-51217
57074
-9060
47070
50721
-121439
1411
-21273
17410
101889
10132
-13750
-86484
3690
-6288
2830
6380
-680
129705
3170
-121936
-4569
-74502
13128
10356
53328
46182
-7665
1047
39222
-19086
127711
11491
16861
10909
-6240
32607
187746
330
-82632
6324
-6820
9650
-57605
-9100
-29220
-12212
-14810
119325
37299
-14046
-393
-31752
-1772
-24474
64451
4920
52108
-61
-6570
45840
110004
-44805
864
4440
42439
-83357
131451
-58750
-53284
-15667
-78648
-3420
-6258
6342
-867
8718
652
-109087
-6562
-23910
105663
-53032
-18417
-1218
-2641
9919
-1866
-44841
-900
6129
-15537
9877
-12519
43323
-77272
-16566
-9494
-11254
54404
33710
-191846
4670
64049
242844
-37728
54117
92928
28818
-5464
-6069
5793
29669
40143
2871
-21797
5376
11433
-9469
-21283
29411
-15915
35435
5204
68
-163302
37875
-1848
121954
-21927
14560
496
-9675
-39408
8982
15846
14538
6109
36240
-60341
18846
5057
-4434
21774
6018
-9271
-4950
-13769
4246
-13000
31904
38296
-366589
8825
28750
-7687
-288
-9319
-11816
23699
163041
42161
-4284
6867
10426
-13440
91600
70140
-19242
35067
-11754
-3102
526
-9017
19638
16012
-210
144716
132533
-15976
-34174
13220
102
-51287
-3417
-124470
-116757
8646
-100694
1284
-78196
-82920
-12374
-19820
17957
-23690
60372
-32279
-16929
-5845
-18723
-6710
20025
-217412
2870
49041
-744
8878
38640
-1330
113944
-35476
-58245
-2422
42942
-23033
-44301
55164
-53085
-367
-5011
22308
-10389
-4443
-21608
-10231
-37925
-126255
3984
-43476
-1776
13520
7459
20828
25132
-329760
-20280
624
21633
9459
8780
-5116
7174
-232765
-1078
-133390
32840
59007
4552
-121177
-32832
-110511
6631
-21131
67476
-3458
4570
8996
-1785
5205
132451
-134108
-302788
11522
-1908
-6791
-17906
76789
-39507
-19800
-45542
8496
4263
3512
26844
-3540
15323
-14024
-3464
-9843
63828
44712
-63891
47031
-13574
74963
-36264
1748
13336
770
-3798
-55234
21275
-11259
8666
54390
18350
18837
-12225
4748
4568
-77628
-1516
35181
-7614
6264
-80564
28490
-264
22054
6387
-7946
5392
-70707
-672
-38493
8600
-1293
-109191
38928
-2735
24389
-52809
-18340
670
-35854
-34896
62865
171192
-45080
47659
-29544
-14189
-2652
6474
-11357
-540
202
-18607
3024
-46103
2308
133644
624
-19587
-2440
44820
-41440
33438
-577
-25360
-9329
22818
-8407
17526
398
-10860
1755
-8014
-62478
-76716
6121
-85957
22535
1038
24152
-77664
-2013
-20438
-4408
-2438
-8216
15039
26407
-10552
-3510
-1988
4740
-44992
15696
-145238
66178
994
-12202
18020
141642
6749
-1052
3340
-111838
1974
75097
-17418
20024
7498
40518
-24536
4040
3546
169343
-57385
-37294
-23652
112142
-16942
-29754
12522
230370
-191808
-5609
6049
2283
45799
-3914
-8659
5434
-13942
2922
-36672
158089
-7050
-108376
25352
-39
-35624
7723
-4016
49516
-16338
62046
81024
-14970
-3536
-21572
39661
45491
58774
-46052
-30928
64458
-11604
-26100
-29856
84462
-15092
112178
-1828
-164268
-111092
-22164
38537
-8748
-6756
13938
10187
-54663
-35730
-138093
33428
34800
32896
-33675
-36827
2952
32810
8442
-57939
167948
123600
-1680
-4283
-10456
3630
-294
-97600
-653
-888
-3522
96800
22282
-25577
39840
-6575
20492
-6967
125471
-7191
-204
19644
70928
-97264
40488
5512
69717
9717
-41097
-1982
7470
-29943
-299893
-5775
-25246
-3128
2180
-19969
19099
-2222
77799
45276
608
16947
51091
18531
-10632
7740
-22172
-49115
8688
6653
-4052
-14905
-42656
15750
-103632
-1908
29728
7814
-25666
-5200
17064
-219
166046
35490
-58
36262
-86248
6818
-24332
-24202
33645
2633
-11560
-4797
30328
-19356
-65991
-15577
3285
43269
-54054
27425
101984
-27450
-346231
91457
85920
-11170
-29246
2592
36418
20229
-25427
-119746
15498
-11090
187636
-5556
2376
-53220
14364
-20916
5555
6374
16309
54413
-28868
10794
-61528
28878
-5756
116116
23607
39083
50288
-13346
-15469
20526
-13640
35395
74145
-53523
-454
68282
91838
28919
-18336
-186
10380
-35370
-1132
-146
18130
35856
-44209
-6345
20625
3553
-26004
-29676
60350
-82873
-6315
-14248
-78330
-7678
-26460
-96060
-59950
30377
-64602
11874
5624
5871
24202
3857
18612
48288
88308
-48872
-7644
-19416
10080
10264
37257
16320
-1887
-2590
34515
-6642
-56910
3944
-47064
13702
12611
32431
51163
66970
-12032
-30028
-42318
-5397
-27145
-11577
-23784
6177
-182835
190152
25436
6922
23400
-6326
10218
-60088
-53084
-6022
-63655
-22723
108390
-17947
31150
-5640
150923
7553
901
-4640
42657
-44622
-11813
-238
21036
-21460
2312
4210
4574
-42591
46944
-1603
-23106
180041
27552
2622
35384
35307
-30324
-98510
-6915
-5372
9492
137052
1380
88311
-88263
-25444
-26127
121111
-52075
3372
114097
61542
24980
-17349
111582
-16916
-4495
100120
614
83832
15672
10992
-5414
-10170
-1600
6776
107900
52632
629
117472
3588
1488
-15220
-2460
-27735
-8943
-1511
-10199
21096
-32217
142647
62802
31962
-2369
995
-8294
-33094
58280
6665
-63668
-29211
18215
2244
-76124
-19942
88659
173332
185794
67412
43120
15654
59874
33715
-11891
6156
8884
4885
-22218
5916
-3294
2480
-12980
2623
-19079
31090
-55803
-58258
-22968
-9506
-42510
-1148
106914
11913
-112286
3138
-24293
-9955
-11496
-41528
248673
-23356
-16699
-21495
-18282
-349540
-32638
50358
42380
-8192
-12372
-8096
6977
-863
-32500
-28003
-63613
9519
-4406
3601
36897
-74088
-4310
-3948
-2284
-68895
1600
67680
-56112
-4337
-5268
1033
-110114
7119
-14791
17700
-42122
2316
-3919
-9868
-1018
54765
-59094
-396
-3588
-32234
198769
-32777
-1525
-19668
-25500
28685
-10350
175003
-9905
-78190
-14537
11395
-83994
-2140
-148764
-1778
-34540
-53856
31159
8142
-15962
4643
-47572
-3185
213
-44135
9416
89950
-29386
-6505
13700
78660
-6828
134258
-27060
99853
60936
30599
2664
-10716
-8753
14638
1244
16992
-936
5334
14172
56134
8757
1877
-11144
-80676
-40558
267
-177090
-19008
-2227
6833
128838
-142196
15378
-22705
6141
7228
58359
-20245
33412
-22330
-6470
624136
-27663
13421
-39375
8072
2346
-6667
390
-23178
48738
14612
-15221
-4746
50940
-12012
-6646
-51380
10766
61312
2247
-12728
27964
47489
64836
4580
365
-53084
158949
67820
-21891
133292
-11852
73961
-9327
-6081
30562
-1177
2536
-41724
-5746
-59292
3036
-173
-20843
-5908
144146
-512329
10220
-2721
-9108
2490
6876
16706
-9584
-1720
2595
19668
-107848
-85287
31513
9971
30800
35351
-83823
20356
9285
-143667
-1680
-2588
11907
122494
11901
32436
70360
1200
16292
-22034
-48884
37476
51
138967
4888
-956
-34574
49510
-16515
250230
31406
7212
161270
-45792
-111892
55302
7662
36592
-79
26940
-6699
89359
7302
16904
-4571
-31450
31272
-2081
351
-1599
-26240
-384661
-140758
-36191
119874
26897
27152
-21150
-40204
-4073
-61008
15924
-914
28858
165551
54009
-37758
23684
-11985
6309
8410
1228
40724
-972
-45488
15340
4230
-16263
141290
-18362
3514
-24960
123684
-201396
-25255
-6052
61086
46401
-64676
6810
20455
-52725
-45949
-52488
2917
8484
-31143
-15812
-195328
1808
-27328
-164784
-11095
-31236
-25101
222238
10703
-17667
8802
269049
61397
-77430
29708
-11904
30411
-12790
93165
-49711
-610
134604
-4840
3342
-75962
-5670
-8156
131828
2424
-47988
-10632
-62864
-39546
-92033
99837
16073
-2616
8564
-179
-6843
12872
-160800
34555
16540
-8780
23212
22804
87096
22515
-24977
5764
-23170
15884
-9690
3237
6832
771
-36224
28224
91418
22634
-6638
-35266
-4791
49961
-4213
-108902
1959
2958
2316
10287
56228
71840
-22341
6744
-65702
84648
-49794
7246
-6989
1052
56410
-7749
-98887
19492
-181708
21510
74480
-7118
-4632
-1323
17414
165125
-16288
-1086
4062
-8406
-9
-10260
-128148
15780
18164
14196
276018
-2297
12307
-28368
12650
62942
9490
43356
-62336
-14244
-48780
72975
-41226
8498
225693
9828
2943
33277
-23083
16964
128376
-6781
3908
-43597
66447
142884
23008
-27906
-1905
63372
-1375
35805
-6181
-2290
20975
153358
-5428
-9907
-18821
3461
104006
-10732
720
-336
-37077
49208
66335
4158
67590
20027
-53606
48406
66120
-3138
58878
4317
116970
-59796
55764
41960
22716
-24519
-19537
1651
-67210
200
-23647
-5289
672
82358
14828
-17986
-3084
2232
-9460
35487
-9576
-17769
146053
-1987
9114
37144
-24731
5575
105043
-6552
10608
-112780
625
-11603
2701
4664
-81688
2902
2478
-99448
-62466
46935
42937
18984
6350
59682
57204
73320
-396
-56008
51314
9823
6848
-16020
62406
-47934
-5044
14882
36240
-2458
45690
-70941
-4128
-25928
10949
-122189
12048
-4673
-3675
-60590
2578
-3830
-428442
36185
-55068
-43850
-30383
-2190
-129308
26001
26881
4666
-13755
16692
-655
-14598
3988
86440
-3312
-17880
-241226
-188
9564
-23612
-34530
6671
1684
-132197
8036
6199
2640
8520
-41612
14430
2395
-7044
-1517
-16701
15944
-14774
-11282
-14374
-5280
-18222
54498
2725
-16060
-20092
62270
-44376
-10082
-7703
40244
-38531
19052
12102
-8967
-1682
-3787
5930
6563
-11109
-4500
-21485
-26800
-66333
14097
-18304
-37859
14443
4686
314145
-19944
-1834
-60060
-23133
515
-8294
-2102
28728
-7154
-1704
5574
-442
-2559
12168
35070
-34379
46454
-14651
-41002
-18649
8832
2672
12600
-5200
50969
8470
-9960
-13084
3568
105168
1160
16425
10004
13427
112156
-65304
23461
-32248
-20827
18188
-5770
82816
-10224
914
-7596
-26286
22323
25389
154216
-23958
1664
8484
46779
11263
-1016
32652
-66695
-37195
-2390
-36892
-75326
31122
-10088
135256
-1876
-191057
-39437
-53512
-9543
11176
13434
67869
115898
153371
-40912
-7413
207
-7024
-107428
-62914
-14467
-6016
-33928
71905
68532
8543
-13662
-3692
-13015
60725
80452
28348
8386
-20907
19116
-12792
-12796
34880
-51108
-53449
5428
-9088
21118
14121
-5215
2891
36936
-6069
-183135
-30709
7852
-32165
41688
6331
-7528
-3328
23873
-84394
270600
-10463
28164
-271148
19256
-74772
-25662
-51444
881
258216
-103158
67448
7866
-39844
-35498
14805
-11850
14500
-1340
-50366
-89698
43836
-26271
-12941
15457
-8806
16715
-8676
-25625
-14958
4589
2536
-16186
21724
2178
17437
-22405
91697
45768
-15942
-5436
-3766
-33354
-35174
-18652
11005
-510
-44405
-22026
-2659
-37251
-34840
-46231
1912
-20959
53142
-8850
9286
-76313
1620
18061
-49605
-62947
88023
99320
-68039
-29348
-10830
-40937
67178
43959
187565
-34993
-25410
-34428
-49287
-208346
-19020
19965
-130690
-80691
-77729
-3500
303
9358
65280
-236562
6510
-13842
-111942
130956
49562
63137
-19296
-7652
7467
3066
16081
-7775
113408
-4754
5206
-18621
8014
-9757
-66570
2812
53814
-55620
375390
13980
16220
-3111
4100
-5311
-17149
-9064
116612
-39699
-15778
-6840
-6260
-38438
-303
-384
101922
-11855
-9516
-27048
-19976
134648
67
53838
-1992
45540
-13904
-95340
-46806
16269
-53664
-127512
-4456
-16577
32098
9534
-16864
-4788
164070
50014
13636
-4527
25122
-33294
-17110
-3009
-13886
-4480
-128560
10452
-16987
-66568
57873
14277
236460
-7341
-16932
-153686
-6250
-3846
986
5732
-86028
902
30729
-80240
17447
2450
28029
-15693
-36300
18652
11772
-2962
-198656
-84183
-28314
-34086
53540
-9709
161
16402
-8336
-7562
13356
-41503
48778
-1269
7491
38097
-888
104082
-59044
-52554
16006
2208
407
7282
104124
67552
66479
-53566
-502
-59964
-51697
-6362
-9212
-23334
92478
-2920
55789
-70335
11908
975
-8334
20040
5239
-10858
-22195
-16004
-15023
3593
-11730
38270
-107940
-7666
-7062
-3508
-233
47086
1675
2798
-16776
-27151
11946
-3566
6670
-40515
29039
-111892
-296322
-5652
99882
53127
44076
238372
-17853
-1246
-124468
504
7464
27727
1788
-88116
15300
-6151
-3663
-1860
-29886
1108
-13455
-19977
46328
21632
14451
-20052
-21912
62106
-49564
10492
53604
-63732
17233
-24383
7607
-27597
-10020
7540
2897
1644
8091
-33497
-21339
-67890
59465
-59880
20265
-186660
-13811
-34304
-17120
46688
-24516
-19775
29065
1979
5155
-2445
-8277
-43826
27213
21057
-22260
2354
14336
-45152
-3241
-23270
-11112
29088
-22460
-43822
100320
-22688
43122
63625
26510
-26661
-73836
-21708
12617
29076
-4616
-25594
-20393
3963
-96888
9890
30066
2010
-57693
39375
125995
-117807
5641
112745
41615
1303
-68382
22646
-1692
-8436
28872
-24457
10324
-1905
77276
35575
-22726
12551
