

================================================================
== Vitis HLS Report for 'matrixcalc'
================================================================
* Date:           Tue Jan  6 12:05:21 2026

* Version:        2023.1 (Build 3854077 on May  4 2023)
* Project:        Proyecto_Final
* Solution:       minimos_recursos (Vivado IP Flow Target)
* Product family: zynq
* Target device:  xc7z020-clg400-1


================================================================
== Performance Estimates
================================================================
+ Timing: 
    * Summary: 
    +--------+---------+----------+------------+
    |  Clock |  Target | Estimated| Uncertainty|
    +--------+---------+----------+------------+
    |ap_clk  |  8.00 ns|  5.792 ns|     2.16 ns|
    +--------+---------+----------+------------+

+ Latency: 
    * Summary: 
    +---------+---------+----------+----------+-----+-----+---------+
    |  Latency (cycles) |  Latency (absolute) |  Interval | Pipeline|
    |   min   |   max   |    min   |    max   | min | max |   Type  |
    +---------+---------+----------+----------+-----+-----+---------+
    |      312|      312|  2.496 us|  2.496 us|  313|  313|       no|
    +---------+---------+----------+----------+-----+-----+---------+

    + Detail: 
        * Instance: 
        N/A

        * Loop: 
        +--------------+---------+---------+----------+-----------+-----------+------+----------+
        |              |  Latency (cycles) | Iteration|  Initiation Interval  | Trip |          |
        |   Loop Name  |   min   |   max   |  Latency |  achieved |   target  | Count| Pipelined|
        +--------------+---------+---------+----------+-----------+-----------+------+----------+
        |- Row         |      189|      189|        63|          -|          -|     3|        no|
        | + Col        |       61|       61|        20|          -|          -|     3|        no|
        |  ++ Product  |       17|       17|         5|          -|          -|     3|        no|
        |- Row         |       45|       45|        15|          -|          -|     3|        no|
        | + Col        |       13|       13|         4|          -|          -|     3|        no|
        |- Init        |       75|       75|        25|          -|          -|     3|        no|
        | + Calc       |       22|       22|         7|          -|          -|     3|        no|
        +--------------+---------+---------+----------+-----------+-----------+------+----------+

============================================================
+ Verbose Summary: Synthesis Manager
============================================================
InlineROM: 1
ExposeGlobal: 0
============================================================
+ Verbose Summary: CDFG Model
============================================================
IsTopModel: 1
ResetActiveHigh: 1
IsCombinational: 0
IsDatapathOnly: 0
HasWiredReturn: 1
HasMFsm: 0
HasVarLatency: 1
IsPipeline: 0
IsRtlPipelined: 0
IsInstanceOverlapped: 0
IsDontTouch: 0
HasImplIP: 0
IsGatedGlobalClock: 0


============================================================
+ Verbose Summary: Schedule
============================================================
* Number of FSM states : 23
* Pipeline : 0
* Dataflow Pipeline: 0

* FSM state transitions: 
1 --> 2 
2 --> 3 10 
3 --> 4 
4 --> 5 2 
5 --> 6 
6 --> 7 
7 --> 8 3 
8 --> 9 
9 --> 5 
10 --> 11 15 
11 --> 12 
12 --> 13 10 
13 --> 14 
14 --> 11 
15 --> 16 
16 --> 17 
17 --> 18 23 
18 --> 19 
19 --> 20 
20 --> 21 
21 --> 22 
22 --> 16 
23 --> 15 

* FSM state operations: 

State 1 <SV = 0> <Delay = 2.32>
ST_1 : Operation 24 [1/1] (0.00ns)   --->   "%i = alloca i32 1"   --->   Operation 24 'alloca' 'i' <Predicate = true> <Delay = 0.00>
ST_1 : Operation 25 [1/1] (0.00ns)   --->   "%specbitsmap_ln0 = specbitsmap void @_ssdm_op_SpecBitsMap, i32 0"   --->   Operation 25 'specbitsmap' 'specbitsmap_ln0' <Predicate = true> <Delay = 0.00>
ST_1 : Operation 26 [1/1] (0.00ns)   --->   "%spectopmodule_ln64 = spectopmodule void @_ssdm_op_SpecTopModule, void @empty_3" [matrixcalc.cpp:64]   --->   Operation 26 'spectopmodule' 'spectopmodule_ln64' <Predicate = true> <Delay = 0.00>
ST_1 : Operation 27 [1/1] (0.00ns)   --->   "%specinterface_ln0 = specinterface void @_ssdm_op_SpecInterface, i4 %a, void @empty, i32 0, i32 0, void @empty_0, i32 4294967295, i32 0, void @empty_0, void @empty_0, void @empty_0, i32 0, i32 0, i32 0, i32 0, void @empty_0, void @empty_0, i32 4294967295, i32 0"   --->   Operation 27 'specinterface' 'specinterface_ln0' <Predicate = true> <Delay = 0.00>
ST_1 : Operation 28 [1/1] (0.00ns)   --->   "%specbitsmap_ln0 = specbitsmap void @_ssdm_op_SpecBitsMap, i4 %a"   --->   Operation 28 'specbitsmap' 'specbitsmap_ln0' <Predicate = true> <Delay = 0.00>
ST_1 : Operation 29 [1/1] (0.00ns)   --->   "%specinterface_ln0 = specinterface void @_ssdm_op_SpecInterface, i4 %b, void @empty, i32 0, i32 0, void @empty_0, i32 4294967295, i32 0, void @empty_0, void @empty_0, void @empty_0, i32 0, i32 0, i32 0, i32 0, void @empty_0, void @empty_0, i32 4294967295, i32 0"   --->   Operation 29 'specinterface' 'specinterface_ln0' <Predicate = true> <Delay = 0.00>
ST_1 : Operation 30 [1/1] (0.00ns)   --->   "%specbitsmap_ln0 = specbitsmap void @_ssdm_op_SpecBitsMap, i4 %b"   --->   Operation 30 'specbitsmap' 'specbitsmap_ln0' <Predicate = true> <Delay = 0.00>
ST_1 : Operation 31 [1/1] (0.00ns)   --->   "%specinterface_ln0 = specinterface void @_ssdm_op_SpecInterface, i4 %c, void @empty, i32 0, i32 0, void @empty_0, i32 4294967295, i32 0, void @empty_0, void @empty_0, void @empty_0, i32 0, i32 0, i32 0, i32 0, void @empty_0, void @empty_0, i32 4294967295, i32 0"   --->   Operation 31 'specinterface' 'specinterface_ln0' <Predicate = true> <Delay = 0.00>
ST_1 : Operation 32 [1/1] (0.00ns)   --->   "%specbitsmap_ln0 = specbitsmap void @_ssdm_op_SpecBitsMap, i4 %c"   --->   Operation 32 'specbitsmap' 'specbitsmap_ln0' <Predicate = true> <Delay = 0.00>
ST_1 : Operation 33 [1/1] (2.32ns)   --->   "%aux = alloca i64 1" [matrixcalc.cpp:77]   --->   Operation 33 'alloca' 'aux' <Predicate = true> <Delay = 2.32> <CoreInst = "RAM">   --->   Core 82 'RAM' <Latency = 1> <II = 1> <Delay = 2.32> <Storage> <Opcode : 'load' 'store'> <Ports = 2> <Width = 4> <Depth = 9> <RAM>
ST_1 : Operation 34 [1/1] (2.32ns)   --->   "%aux2 = alloca i64 1" [matrixcalc.cpp:77]   --->   Operation 34 'alloca' 'aux2' <Predicate = true> <Delay = 2.32> <CoreInst = "RAM">   --->   Core 82 'RAM' <Latency = 1> <II = 1> <Delay = 2.32> <Storage> <Opcode : 'load' 'store'> <Ports = 2> <Width = 4> <Depth = 9> <RAM>
ST_1 : Operation 35 [1/1] (0.00ns)   --->   "%specresourcelimit_ln11 = specresourcelimit void @_ssdm_op_SpecResourceLimit, i64 1, void @empty_1, void @empty_0, void @empty_0, void @empty_0" [C:/Users/javie/Desktop/HLS/Proyecto_Final/minimos_recursos/directives.tcl:11]   --->   Operation 35 'specresourcelimit' 'specresourcelimit_ln11' <Predicate = true> <Delay = 0.00>
ST_1 : Operation 36 [1/1] (0.00ns)   --->   "%specresourcelimit_ln12 = specresourcelimit void @_ssdm_op_SpecResourceLimit, i64 1, void @empty_2, void @empty_0, void @empty_0, void @empty_0" [C:/Users/javie/Desktop/HLS/Proyecto_Final/minimos_recursos/directives.tcl:12]   --->   Operation 36 'specresourcelimit' 'specresourcelimit_ln12' <Predicate = true> <Delay = 0.00>
ST_1 : Operation 37 [1/1] (1.58ns)   --->   "%store_ln37 = store i2 0, i2 %i" [matrixcalc.cpp:37->matrixcalc.cpp:86]   --->   Operation 37 'store' 'store_ln37' <Predicate = true> <Delay = 1.58>
ST_1 : Operation 38 [1/1] (0.00ns)   --->   "%br_ln37 = br void %Col.i" [matrixcalc.cpp:37->matrixcalc.cpp:86]   --->   Operation 38 'br' 'br_ln37' <Predicate = true> <Delay = 0.00>

State 2 <SV = 1> <Delay = 3.15>
ST_2 : Operation 39 [1/1] (0.00ns)   --->   "%i_3 = load i2 %i" [matrixcalc.cpp:37->matrixcalc.cpp:86]   --->   Operation 39 'load' 'i_3' <Predicate = true> <Delay = 0.00>
ST_2 : Operation 40 [1/1] (0.00ns)   --->   "%zext_ln43 = zext i2 %i_3" [matrixcalc.cpp:43->matrixcalc.cpp:86]   --->   Operation 40 'zext' 'zext_ln43' <Predicate = true> <Delay = 0.00>
ST_2 : Operation 41 [1/1] (0.00ns)   --->   "%tmp = bitconcatenate i4 @_ssdm_op_BitConcatenate.i4.i2.i2, i2 %i_3, i2 0" [matrixcalc.cpp:43->matrixcalc.cpp:86]   --->   Operation 41 'bitconcatenate' 'tmp' <Predicate = true> <Delay = 0.00>
ST_2 : Operation 42 [1/1] (1.73ns)   --->   "%sub_ln43 = sub i4 %tmp, i4 %zext_ln43" [matrixcalc.cpp:43->matrixcalc.cpp:86]   --->   Operation 42 'sub' 'sub_ln43' <Predicate = true> <Delay = 1.73> <CoreInst = "Adder">   --->   Core 1 'Adder' <Latency = 0> <II = 1> <Delay = 1.73> <FuncUnit> <Opcode : 'add' 'sub'> <InPorts = 2> <OutPorts = 1>
ST_2 : Operation 43 [1/1] (1.56ns)   --->   "%icmp_ln37 = icmp_eq  i2 %i_3, i2 3" [matrixcalc.cpp:37->matrixcalc.cpp:86]   --->   Operation 43 'icmp' 'icmp_ln37' <Predicate = true> <Delay = 1.56> <CoreInst = "Cmp">   --->   Core 9 'Cmp' <Latency = 0> <II = 1> <Delay = 1.56> <FuncUnit> <Opcode : 'icmp'> <InPorts = 2> <OutPorts = 1>
ST_2 : Operation 44 [1/1] (1.56ns)   --->   "%add_ln37 = add i2 %i_3, i2 1" [matrixcalc.cpp:37->matrixcalc.cpp:86]   --->   Operation 44 'add' 'add_ln37' <Predicate = true> <Delay = 1.56> <CoreInst = "Adder">   --->   Core 1 'Adder' <Latency = 0> <II = 1> <Delay = 1.73> <FuncUnit> <Opcode : 'add' 'sub'> <InPorts = 2> <OutPorts = 1>
ST_2 : Operation 45 [1/1] (0.00ns)   --->   "%br_ln37 = br i1 %icmp_ln37, void %Col.i.split, void %Col.i10.preheader" [matrixcalc.cpp:37->matrixcalc.cpp:86]   --->   Operation 45 'br' 'br_ln37' <Predicate = true> <Delay = 0.00>
ST_2 : Operation 46 [1/1] (0.00ns)   --->   "%speclooptripcount_ln37 = speclooptripcount void @_ssdm_op_SpecLoopTripCount, i64 3, i64 3, i64 3" [matrixcalc.cpp:37->matrixcalc.cpp:86]   --->   Operation 46 'speclooptripcount' 'speclooptripcount_ln37' <Predicate = (!icmp_ln37)> <Delay = 0.00>
ST_2 : Operation 47 [1/1] (0.00ns)   --->   "%specloopname_ln37 = specloopname void @_ssdm_op_SpecLoopName, void @empty_7" [matrixcalc.cpp:37->matrixcalc.cpp:86]   --->   Operation 47 'specloopname' 'specloopname_ln37' <Predicate = (!icmp_ln37)> <Delay = 0.00>
ST_2 : Operation 48 [1/1] (1.58ns)   --->   "%br_ln39 = br void %Product.i" [matrixcalc.cpp:39->matrixcalc.cpp:86]   --->   Operation 48 'br' 'br_ln39' <Predicate = (!icmp_ln37)> <Delay = 1.58>
ST_2 : Operation 49 [1/1] (0.00ns)   --->   "%i_1 = alloca i32 1"   --->   Operation 49 'alloca' 'i_1' <Predicate = (icmp_ln37)> <Delay = 0.00>
ST_2 : Operation 50 [1/1] (1.58ns)   --->   "%store_ln59 = store i2 0, i2 %i_1" [matrixcalc.cpp:59->matrixcalc.cpp:87]   --->   Operation 50 'store' 'store_ln59' <Predicate = (icmp_ln37)> <Delay = 1.58>
ST_2 : Operation 51 [1/1] (0.00ns)   --->   "%br_ln59 = br void %Col.i10" [matrixcalc.cpp:59->matrixcalc.cpp:87]   --->   Operation 51 'br' 'br_ln59' <Predicate = (icmp_ln37)> <Delay = 0.00>

State 3 <SV = 2> <Delay = 1.73>
ST_3 : Operation 52 [1/1] (0.00ns)   --->   "%j = phi i2 %add_ln39, void %for.inc24.i, i2 0, void %Col.i.split" [matrixcalc.cpp:39->matrixcalc.cpp:86]   --->   Operation 52 'phi' 'j' <Predicate = true> <Delay = 0.00>
ST_3 : Operation 53 [1/1] (0.00ns)   --->   "%zext_ln41 = zext i2 %j" [matrixcalc.cpp:41->matrixcalc.cpp:86]   --->   Operation 53 'zext' 'zext_ln41' <Predicate = true> <Delay = 0.00>
ST_3 : Operation 54 [1/1] (1.73ns)   --->   "%add_ln41 = add i4 %sub_ln43, i4 %zext_ln41" [matrixcalc.cpp:41->matrixcalc.cpp:86]   --->   Operation 54 'add' 'add_ln41' <Predicate = true> <Delay = 1.73> <CoreInst = "Adder">   --->   Core 1 'Adder' <Latency = 0> <II = 1> <Delay = 1.73> <FuncUnit> <Opcode : 'add' 'sub'> <InPorts = 2> <OutPorts = 1>

State 4 <SV = 3> <Delay = 3.15>
ST_4 : Operation 55 [1/1] (0.00ns)   --->   "%zext_ln41_1 = zext i4 %add_ln41" [matrixcalc.cpp:41->matrixcalc.cpp:86]   --->   Operation 55 'zext' 'zext_ln41_1' <Predicate = true> <Delay = 0.00>
ST_4 : Operation 56 [1/1] (0.00ns)   --->   "%res_addr = getelementptr i4 %aux, i64 0, i64 %zext_ln41_1" [matrixcalc.cpp:41->matrixcalc.cpp:86]   --->   Operation 56 'getelementptr' 'res_addr' <Predicate = true> <Delay = 0.00>
ST_4 : Operation 57 [1/1] (1.56ns)   --->   "%icmp_ln39 = icmp_eq  i2 %j, i2 3" [matrixcalc.cpp:39->matrixcalc.cpp:86]   --->   Operation 57 'icmp' 'icmp_ln39' <Predicate = true> <Delay = 1.56> <CoreInst = "Cmp">   --->   Core 9 'Cmp' <Latency = 0> <II = 1> <Delay = 1.56> <FuncUnit> <Opcode : 'icmp'> <InPorts = 2> <OutPorts = 1>
ST_4 : Operation 58 [1/1] (1.56ns)   --->   "%add_ln39 = add i2 %j, i2 1" [matrixcalc.cpp:39->matrixcalc.cpp:86]   --->   Operation 58 'add' 'add_ln39' <Predicate = true> <Delay = 1.56> <CoreInst = "Adder">   --->   Core 1 'Adder' <Latency = 0> <II = 1> <Delay = 1.73> <FuncUnit> <Opcode : 'add' 'sub'> <InPorts = 2> <OutPorts = 1>
ST_4 : Operation 59 [1/1] (0.00ns)   --->   "%br_ln39 = br i1 %icmp_ln39, void %Product.i.split, void %for.inc27.i" [matrixcalc.cpp:39->matrixcalc.cpp:86]   --->   Operation 59 'br' 'br_ln39' <Predicate = true> <Delay = 0.00>
ST_4 : Operation 60 [1/1] (0.00ns)   --->   "%speclooptripcount_ln39 = speclooptripcount void @_ssdm_op_SpecLoopTripCount, i64 3, i64 3, i64 3" [matrixcalc.cpp:39->matrixcalc.cpp:86]   --->   Operation 60 'speclooptripcount' 'speclooptripcount_ln39' <Predicate = (!icmp_ln39)> <Delay = 0.00>
ST_4 : Operation 61 [1/1] (0.00ns)   --->   "%specloopname_ln39 = specloopname void @_ssdm_op_SpecLoopName, void @empty_6" [matrixcalc.cpp:39->matrixcalc.cpp:86]   --->   Operation 61 'specloopname' 'specloopname_ln39' <Predicate = (!icmp_ln39)> <Delay = 0.00>
ST_4 : Operation 62 [1/1] (1.58ns)   --->   "%br_ln42 = br void %for.inc.i" [matrixcalc.cpp:42->matrixcalc.cpp:86]   --->   Operation 62 'br' 'br_ln42' <Predicate = (!icmp_ln39)> <Delay = 1.58>
ST_4 : Operation 63 [1/1] (1.58ns)   --->   "%store_ln37 = store i2 %add_ln37, i2 %i" [matrixcalc.cpp:37->matrixcalc.cpp:86]   --->   Operation 63 'store' 'store_ln37' <Predicate = (icmp_ln39)> <Delay = 1.58>
ST_4 : Operation 64 [1/1] (0.00ns)   --->   "%br_ln37 = br void %Col.i" [matrixcalc.cpp:37->matrixcalc.cpp:86]   --->   Operation 64 'br' 'br_ln37' <Predicate = (icmp_ln39)> <Delay = 0.00>

State 5 <SV = 4> <Delay = 1.73>
ST_5 : Operation 65 [1/1] (0.00ns)   --->   "%k = phi i2 %add_ln42, void %for.inc.i.split, i2 0, void %Product.i.split" [matrixcalc.cpp:42->matrixcalc.cpp:86]   --->   Operation 65 'phi' 'k' <Predicate = true> <Delay = 0.00>
ST_5 : Operation 66 [1/1] (0.00ns)   --->   "%zext_ln43_1 = zext i2 %k" [matrixcalc.cpp:43->matrixcalc.cpp:86]   --->   Operation 66 'zext' 'zext_ln43_1' <Predicate = true> <Delay = 0.00>
ST_5 : Operation 67 [1/1] (1.73ns)   --->   "%add_ln43_1 = add i4 %sub_ln43, i4 %zext_ln43_1" [matrixcalc.cpp:43->matrixcalc.cpp:86]   --->   Operation 67 'add' 'add_ln43_1' <Predicate = true> <Delay = 1.73> <CoreInst = "Adder">   --->   Core 1 'Adder' <Latency = 0> <II = 1> <Delay = 1.73> <FuncUnit> <Opcode : 'add' 'sub'> <InPorts = 2> <OutPorts = 1>

State 6 <SV = 5> <Delay = 3.47>
ST_6 : Operation 68 [1/1] (0.00ns)   --->   "%tmp_2 = bitconcatenate i4 @_ssdm_op_BitConcatenate.i4.i2.i2, i2 %k, i2 0" [matrixcalc.cpp:43->matrixcalc.cpp:86]   --->   Operation 68 'bitconcatenate' 'tmp_2' <Predicate = true> <Delay = 0.00>
ST_6 : Operation 69 [1/1] (1.73ns)   --->   "%sub_ln43_1 = sub i4 %tmp_2, i4 %zext_ln43_1" [matrixcalc.cpp:43->matrixcalc.cpp:86]   --->   Operation 69 'sub' 'sub_ln43_1' <Predicate = true> <Delay = 1.73> <CoreInst = "Adder">   --->   Core 1 'Adder' <Latency = 0> <II = 1> <Delay = 1.73> <FuncUnit> <Opcode : 'add' 'sub'> <InPorts = 2> <OutPorts = 1>
ST_6 : Operation 70 [1/1] (1.73ns)   --->   "%add_ln43_2 = add i4 %sub_ln43_1, i4 %zext_ln41" [matrixcalc.cpp:43->matrixcalc.cpp:86]   --->   Operation 70 'add' 'add_ln43_2' <Predicate = true> <Delay = 1.73> <CoreInst = "Adder">   --->   Core 1 'Adder' <Latency = 0> <II = 1> <Delay = 1.73> <FuncUnit> <Opcode : 'add' 'sub'> <InPorts = 2> <OutPorts = 1>

State 7 <SV = 6> <Delay = 3.88>
ST_7 : Operation 71 [1/1] (0.00ns)   --->   "%conv4_i25_i = phi i4 %add_ln43, void %for.inc.i.split, i4 0, void %Product.i.split" [matrixcalc.cpp:43->matrixcalc.cpp:86]   --->   Operation 71 'phi' 'conv4_i25_i' <Predicate = true> <Delay = 0.00>
ST_7 : Operation 72 [1/1] (0.00ns)   --->   "%zext_ln43_2 = zext i4 %add_ln43_1" [matrixcalc.cpp:43->matrixcalc.cpp:86]   --->   Operation 72 'zext' 'zext_ln43_2' <Predicate = true> <Delay = 0.00>
ST_7 : Operation 73 [1/1] (0.00ns)   --->   "%a_addr = getelementptr i4 %a, i64 0, i64 %zext_ln43_2" [matrixcalc.cpp:43->matrixcalc.cpp:86]   --->   Operation 73 'getelementptr' 'a_addr' <Predicate = true> <Delay = 0.00>
ST_7 : Operation 74 [1/1] (0.00ns)   --->   "%zext_ln43_3 = zext i4 %add_ln43_2" [matrixcalc.cpp:43->matrixcalc.cpp:86]   --->   Operation 74 'zext' 'zext_ln43_3' <Predicate = true> <Delay = 0.00>
ST_7 : Operation 75 [1/1] (0.00ns)   --->   "%b_addr = getelementptr i4 %b, i64 0, i64 %zext_ln43_3" [matrixcalc.cpp:43->matrixcalc.cpp:86]   --->   Operation 75 'getelementptr' 'b_addr' <Predicate = true> <Delay = 0.00>
ST_7 : Operation 76 [1/1] (1.56ns)   --->   "%icmp_ln42 = icmp_eq  i2 %k, i2 3" [matrixcalc.cpp:42->matrixcalc.cpp:86]   --->   Operation 76 'icmp' 'icmp_ln42' <Predicate = true> <Delay = 1.56> <CoreInst = "Cmp">   --->   Core 9 'Cmp' <Latency = 0> <II = 1> <Delay = 1.56> <FuncUnit> <Opcode : 'icmp'> <InPorts = 2> <OutPorts = 1>
ST_7 : Operation 77 [1/1] (1.56ns)   --->   "%add_ln42 = add i2 %k, i2 1" [matrixcalc.cpp:42->matrixcalc.cpp:86]   --->   Operation 77 'add' 'add_ln42' <Predicate = true> <Delay = 1.56> <CoreInst = "Adder">   --->   Core 1 'Adder' <Latency = 0> <II = 1> <Delay = 1.73> <FuncUnit> <Opcode : 'add' 'sub'> <InPorts = 2> <OutPorts = 1>
ST_7 : Operation 78 [1/1] (0.00ns)   --->   "%br_ln42 = br i1 %icmp_ln42, void %for.inc.i.split, void %for.inc24.i" [matrixcalc.cpp:42->matrixcalc.cpp:86]   --->   Operation 78 'br' 'br_ln42' <Predicate = true> <Delay = 0.00>
ST_7 : Operation 79 [2/2] (2.32ns)   --->   "%a_load = load i4 %a_addr" [matrixcalc.cpp:43->matrixcalc.cpp:86]   --->   Operation 79 'load' 'a_load' <Predicate = (!icmp_ln42)> <Delay = 2.32> <CoreInst = "RAM">   --->   Core 82 'RAM' <Latency = 1> <II = 1> <Delay = 2.32> <Storage> <Opcode : 'load' 'store'> <Ports = 2> <Width = 4> <Depth = 9> <RAM>
ST_7 : Operation 80 [2/2] (2.32ns)   --->   "%b_load = load i4 %b_addr" [matrixcalc.cpp:43->matrixcalc.cpp:86]   --->   Operation 80 'load' 'b_load' <Predicate = (!icmp_ln42)> <Delay = 2.32> <CoreInst = "RAM">   --->   Core 82 'RAM' <Latency = 1> <II = 1> <Delay = 2.32> <Storage> <Opcode : 'load' 'store'> <Ports = 2> <Width = 4> <Depth = 9> <RAM>
ST_7 : Operation 81 [1/1] (2.32ns)   --->   "%store_ln43 = store i4 %conv4_i25_i, i4 %res_addr" [matrixcalc.cpp:43->matrixcalc.cpp:86]   --->   Operation 81 'store' 'store_ln43' <Predicate = (icmp_ln42)> <Delay = 2.32> <CoreInst = "RAM">   --->   Core 82 'RAM' <Latency = 1> <II = 1> <Delay = 2.32> <Storage> <Opcode : 'load' 'store'> <Ports = 2> <Width = 4> <Depth = 9> <RAM>
ST_7 : Operation 82 [1/1] (0.00ns)   --->   "%br_ln39 = br void %Product.i" [matrixcalc.cpp:39->matrixcalc.cpp:86]   --->   Operation 82 'br' 'br_ln39' <Predicate = (icmp_ln42)> <Delay = 0.00>

State 8 <SV = 7> <Delay = 4.66>
ST_8 : Operation 83 [1/2] (2.32ns)   --->   "%a_load = load i4 %a_addr" [matrixcalc.cpp:43->matrixcalc.cpp:86]   --->   Operation 83 'load' 'a_load' <Predicate = true> <Delay = 2.32> <CoreInst = "RAM">   --->   Core 82 'RAM' <Latency = 1> <II = 1> <Delay = 2.32> <Storage> <Opcode : 'load' 'store'> <Ports = 2> <Width = 4> <Depth = 9> <RAM>
ST_8 : Operation 84 [1/2] (2.32ns)   --->   "%b_load = load i4 %b_addr" [matrixcalc.cpp:43->matrixcalc.cpp:86]   --->   Operation 84 'load' 'b_load' <Predicate = true> <Delay = 2.32> <CoreInst = "RAM">   --->   Core 82 'RAM' <Latency = 1> <II = 1> <Delay = 2.32> <Storage> <Opcode : 'load' 'store'> <Ports = 2> <Width = 4> <Depth = 9> <RAM>
ST_8 : Operation 85 [1/1] (2.34ns)   --->   "%mul_ln43 = mul i4 %b_load, i4 %a_load" [matrixcalc.cpp:43->matrixcalc.cpp:86]   --->   Operation 85 'mul' 'mul_ln43' <Predicate = true> <Delay = 2.34> <CoreInst = "Multiplier">   --->   Core 3 'Multiplier' <Latency = 0> <II = 1> <Delay = 2.34> <FuncUnit> <Opcode : 'mul'> <InPorts = 2> <OutPorts = 1>

State 9 <SV = 8> <Delay = 1.73>
ST_9 : Operation 86 [1/1] (0.00ns)   --->   "%speclooptripcount_ln42 = speclooptripcount void @_ssdm_op_SpecLoopTripCount, i64 3, i64 3, i64 3" [matrixcalc.cpp:42->matrixcalc.cpp:86]   --->   Operation 86 'speclooptripcount' 'speclooptripcount_ln42' <Predicate = true> <Delay = 0.00>
ST_9 : Operation 87 [1/1] (0.00ns)   --->   "%specloopname_ln42 = specloopname void @_ssdm_op_SpecLoopName, void @empty_8" [matrixcalc.cpp:42->matrixcalc.cpp:86]   --->   Operation 87 'specloopname' 'specloopname_ln42' <Predicate = true> <Delay = 0.00>
ST_9 : Operation 88 [1/1] (1.73ns)   --->   "%add_ln43 = add i4 %mul_ln43, i4 %conv4_i25_i" [matrixcalc.cpp:43->matrixcalc.cpp:86]   --->   Operation 88 'add' 'add_ln43' <Predicate = true> <Delay = 1.73> <CoreInst = "Adder">   --->   Core 1 'Adder' <Latency = 0> <II = 1> <Delay = 1.73> <FuncUnit> <Opcode : 'add' 'sub'> <InPorts = 2> <OutPorts = 1>
ST_9 : Operation 89 [1/1] (0.00ns)   --->   "%br_ln42 = br void %for.inc.i" [matrixcalc.cpp:42->matrixcalc.cpp:86]   --->   Operation 89 'br' 'br_ln42' <Predicate = true> <Delay = 0.00>

State 10 <SV = 2> <Delay = 3.15>
ST_10 : Operation 90 [1/1] (0.00ns)   --->   "%i_4 = load i2 %i_1" [matrixcalc.cpp:56->matrixcalc.cpp:87]   --->   Operation 90 'load' 'i_4' <Predicate = true> <Delay = 0.00>
ST_10 : Operation 91 [1/1] (0.00ns)   --->   "%zext_ln59 = zext i2 %i_4" [matrixcalc.cpp:59->matrixcalc.cpp:87]   --->   Operation 91 'zext' 'zext_ln59' <Predicate = true> <Delay = 0.00>
ST_10 : Operation 92 [1/1] (0.00ns)   --->   "%tmp_1 = bitconcatenate i4 @_ssdm_op_BitConcatenate.i4.i2.i2, i2 %i_4, i2 0" [matrixcalc.cpp:59->matrixcalc.cpp:87]   --->   Operation 92 'bitconcatenate' 'tmp_1' <Predicate = true> <Delay = 0.00>
ST_10 : Operation 93 [1/1] (1.73ns)   --->   "%sub_ln59 = sub i4 %tmp_1, i4 %zext_ln59" [matrixcalc.cpp:59->matrixcalc.cpp:87]   --->   Operation 93 'sub' 'sub_ln59' <Predicate = true> <Delay = 1.73> <CoreInst = "Adder">   --->   Core 1 'Adder' <Latency = 0> <II = 1> <Delay = 1.73> <FuncUnit> <Opcode : 'add' 'sub'> <InPorts = 2> <OutPorts = 1>
ST_10 : Operation 94 [1/1] (1.56ns)   --->   "%icmp_ln56 = icmp_eq  i2 %i_4, i2 3" [matrixcalc.cpp:56->matrixcalc.cpp:87]   --->   Operation 94 'icmp' 'icmp_ln56' <Predicate = true> <Delay = 1.56> <CoreInst = "Cmp">   --->   Core 9 'Cmp' <Latency = 0> <II = 1> <Delay = 1.56> <FuncUnit> <Opcode : 'icmp'> <InPorts = 2> <OutPorts = 1>
ST_10 : Operation 95 [1/1] (1.56ns)   --->   "%add_ln56 = add i2 %i_4, i2 1" [matrixcalc.cpp:56->matrixcalc.cpp:87]   --->   Operation 95 'add' 'add_ln56' <Predicate = true> <Delay = 1.56> <CoreInst = "Adder">   --->   Core 1 'Adder' <Latency = 0> <II = 1> <Delay = 1.73> <FuncUnit> <Opcode : 'add' 'sub'> <InPorts = 2> <OutPorts = 1>
ST_10 : Operation 96 [1/1] (0.00ns)   --->   "%br_ln56 = br i1 %icmp_ln56, void %Col.i10.split, void %Calc.i.preheader" [matrixcalc.cpp:56->matrixcalc.cpp:87]   --->   Operation 96 'br' 'br_ln56' <Predicate = true> <Delay = 0.00>
ST_10 : Operation 97 [1/1] (0.00ns)   --->   "%speclooptripcount_ln56 = speclooptripcount void @_ssdm_op_SpecLoopTripCount, i64 3, i64 3, i64 3" [matrixcalc.cpp:56->matrixcalc.cpp:87]   --->   Operation 97 'speclooptripcount' 'speclooptripcount_ln56' <Predicate = (!icmp_ln56)> <Delay = 0.00>
ST_10 : Operation 98 [1/1] (0.00ns)   --->   "%specloopname_ln56 = specloopname void @_ssdm_op_SpecLoopName, void @empty_7" [matrixcalc.cpp:56->matrixcalc.cpp:87]   --->   Operation 98 'specloopname' 'specloopname_ln56' <Predicate = (!icmp_ln56)> <Delay = 0.00>
ST_10 : Operation 99 [1/1] (1.58ns)   --->   "%br_ln58 = br void %for.inc.i19" [matrixcalc.cpp:58->matrixcalc.cpp:87]   --->   Operation 99 'br' 'br_ln58' <Predicate = (!icmp_ln56)> <Delay = 1.58>
ST_10 : Operation 100 [1/1] (0.00ns)   --->   "%sumpos = alloca i32 1"   --->   Operation 100 'alloca' 'sumpos' <Predicate = (icmp_ln56)> <Delay = 0.00>
ST_10 : Operation 101 [1/1] (0.00ns)   --->   "%sumneg = alloca i32 1"   --->   Operation 101 'alloca' 'sumneg' <Predicate = (icmp_ln56)> <Delay = 0.00>
ST_10 : Operation 102 [1/1] (0.00ns)   --->   "%i_2 = alloca i32 1"   --->   Operation 102 'alloca' 'i_2' <Predicate = (icmp_ln56)> <Delay = 0.00>
ST_10 : Operation 103 [1/1] (1.58ns)   --->   "%store_ln11 = store i2 0, i2 %i_2" [matrixcalc.cpp:11->matrixcalc.cpp:88]   --->   Operation 103 'store' 'store_ln11' <Predicate = (icmp_ln56)> <Delay = 1.58>
ST_10 : Operation 104 [1/1] (1.58ns)   --->   "%store_ln11 = store i4 0, i4 %sumneg" [matrixcalc.cpp:11->matrixcalc.cpp:88]   --->   Operation 104 'store' 'store_ln11' <Predicate = (icmp_ln56)> <Delay = 1.58>
ST_10 : Operation 105 [1/1] (1.58ns)   --->   "%store_ln11 = store i4 0, i4 %sumpos" [matrixcalc.cpp:11->matrixcalc.cpp:88]   --->   Operation 105 'store' 'store_ln11' <Predicate = (icmp_ln56)> <Delay = 1.58>
ST_10 : Operation 106 [1/1] (0.00ns)   --->   "%br_ln11 = br void %Calc.i" [matrixcalc.cpp:11->matrixcalc.cpp:88]   --->   Operation 106 'br' 'br_ln11' <Predicate = (icmp_ln56)> <Delay = 0.00>

State 11 <SV = 3> <Delay = 1.73>
ST_11 : Operation 107 [1/1] (0.00ns)   --->   "%j_1 = phi i2 %add_ln58, void %for.inc.i19.split, i2 0, void %Col.i10.split" [matrixcalc.cpp:58->matrixcalc.cpp:87]   --->   Operation 107 'phi' 'j_1' <Predicate = true> <Delay = 0.00>
ST_11 : Operation 108 [1/1] (0.00ns)   --->   "%zext_ln59_1 = zext i2 %j_1" [matrixcalc.cpp:59->matrixcalc.cpp:87]   --->   Operation 108 'zext' 'zext_ln59_1' <Predicate = true> <Delay = 0.00>
ST_11 : Operation 109 [1/1] (1.73ns)   --->   "%add_ln59_1 = add i4 %sub_ln59, i4 %zext_ln59_1" [matrixcalc.cpp:59->matrixcalc.cpp:87]   --->   Operation 109 'add' 'add_ln59_1' <Predicate = true> <Delay = 1.73> <CoreInst = "Adder">   --->   Core 1 'Adder' <Latency = 0> <II = 1> <Delay = 1.73> <FuncUnit> <Opcode : 'add' 'sub'> <InPorts = 2> <OutPorts = 1>

State 12 <SV = 4> <Delay = 3.15>
ST_12 : Operation 110 [1/1] (0.00ns)   --->   "%zext_ln59_2 = zext i4 %add_ln59_1" [matrixcalc.cpp:59->matrixcalc.cpp:87]   --->   Operation 110 'zext' 'zext_ln59_2' <Predicate = true> <Delay = 0.00>
ST_12 : Operation 111 [1/1] (0.00ns)   --->   "%c_addr = getelementptr i4 %c, i64 0, i64 %zext_ln59_2" [matrixcalc.cpp:59->matrixcalc.cpp:87]   --->   Operation 111 'getelementptr' 'c_addr' <Predicate = true> <Delay = 0.00>
ST_12 : Operation 112 [1/1] (0.00ns)   --->   "%res_addr_1 = getelementptr i4 %aux, i64 0, i64 %zext_ln59_2" [matrixcalc.cpp:59->matrixcalc.cpp:87]   --->   Operation 112 'getelementptr' 'res_addr_1' <Predicate = true> <Delay = 0.00>
ST_12 : Operation 113 [1/1] (0.00ns)   --->   "%aux2_addr = getelementptr i4 %aux2, i64 0, i64 %zext_ln59_2" [matrixcalc.cpp:59->matrixcalc.cpp:87]   --->   Operation 113 'getelementptr' 'aux2_addr' <Predicate = true> <Delay = 0.00>
ST_12 : Operation 114 [1/1] (1.56ns)   --->   "%icmp_ln58 = icmp_eq  i2 %j_1, i2 3" [matrixcalc.cpp:58->matrixcalc.cpp:87]   --->   Operation 114 'icmp' 'icmp_ln58' <Predicate = true> <Delay = 1.56> <CoreInst = "Cmp">   --->   Core 9 'Cmp' <Latency = 0> <II = 1> <Delay = 1.56> <FuncUnit> <Opcode : 'icmp'> <InPorts = 2> <OutPorts = 1>
ST_12 : Operation 115 [1/1] (1.56ns)   --->   "%add_ln58 = add i2 %j_1, i2 1" [matrixcalc.cpp:58->matrixcalc.cpp:87]   --->   Operation 115 'add' 'add_ln58' <Predicate = true> <Delay = 1.56> <CoreInst = "Adder">   --->   Core 1 'Adder' <Latency = 0> <II = 1> <Delay = 1.73> <FuncUnit> <Opcode : 'add' 'sub'> <InPorts = 2> <OutPorts = 1>
ST_12 : Operation 116 [1/1] (0.00ns)   --->   "%br_ln58 = br i1 %icmp_ln58, void %for.inc.i19.split, void %for.inc16.i" [matrixcalc.cpp:58->matrixcalc.cpp:87]   --->   Operation 116 'br' 'br_ln58' <Predicate = true> <Delay = 0.00>
ST_12 : Operation 117 [2/2] (2.32ns)   --->   "%res_load = load i4 %res_addr_1" [matrixcalc.cpp:59->matrixcalc.cpp:87]   --->   Operation 117 'load' 'res_load' <Predicate = (!icmp_ln58)> <Delay = 2.32> <CoreInst = "RAM">   --->   Core 82 'RAM' <Latency = 1> <II = 1> <Delay = 2.32> <Storage> <Opcode : 'load' 'store'> <Ports = 2> <Width = 4> <Depth = 9> <RAM>
ST_12 : Operation 118 [2/2] (2.32ns)   --->   "%c_load = load i4 %c_addr" [matrixcalc.cpp:59->matrixcalc.cpp:87]   --->   Operation 118 'load' 'c_load' <Predicate = (!icmp_ln58)> <Delay = 2.32> <CoreInst = "RAM">   --->   Core 82 'RAM' <Latency = 1> <II = 1> <Delay = 2.32> <Storage> <Opcode : 'load' 'store'> <Ports = 2> <Width = 4> <Depth = 9> <RAM>
ST_12 : Operation 119 [1/1] (1.58ns)   --->   "%store_ln56 = store i2 %add_ln56, i2 %i_1" [matrixcalc.cpp:56->matrixcalc.cpp:87]   --->   Operation 119 'store' 'store_ln56' <Predicate = (icmp_ln58)> <Delay = 1.58>
ST_12 : Operation 120 [1/1] (0.00ns)   --->   "%br_ln56 = br void %Col.i10" [matrixcalc.cpp:56->matrixcalc.cpp:87]   --->   Operation 120 'br' 'br_ln56' <Predicate = (icmp_ln58)> <Delay = 0.00>

State 13 <SV = 5> <Delay = 4.05>
ST_13 : Operation 121 [1/2] (2.32ns)   --->   "%res_load = load i4 %res_addr_1" [matrixcalc.cpp:59->matrixcalc.cpp:87]   --->   Operation 121 'load' 'res_load' <Predicate = true> <Delay = 2.32> <CoreInst = "RAM">   --->   Core 82 'RAM' <Latency = 1> <II = 1> <Delay = 2.32> <Storage> <Opcode : 'load' 'store'> <Ports = 2> <Width = 4> <Depth = 9> <RAM>
ST_13 : Operation 122 [1/2] (2.32ns)   --->   "%c_load = load i4 %c_addr" [matrixcalc.cpp:59->matrixcalc.cpp:87]   --->   Operation 122 'load' 'c_load' <Predicate = true> <Delay = 2.32> <CoreInst = "RAM">   --->   Core 82 'RAM' <Latency = 1> <II = 1> <Delay = 2.32> <Storage> <Opcode : 'load' 'store'> <Ports = 2> <Width = 4> <Depth = 9> <RAM>
ST_13 : Operation 123 [1/1] (1.73ns)   --->   "%add_ln59 = add i4 %c_load, i4 %res_load" [matrixcalc.cpp:59->matrixcalc.cpp:87]   --->   Operation 123 'add' 'add_ln59' <Predicate = true> <Delay = 1.73> <CoreInst = "Adder">   --->   Core 1 'Adder' <Latency = 0> <II = 1> <Delay = 1.73> <FuncUnit> <Opcode : 'add' 'sub'> <InPorts = 2> <OutPorts = 1>

State 14 <SV = 6> <Delay = 2.32>
ST_14 : Operation 124 [1/1] (0.00ns)   --->   "%speclooptripcount_ln58 = speclooptripcount void @_ssdm_op_SpecLoopTripCount, i64 3, i64 3, i64 3" [matrixcalc.cpp:58->matrixcalc.cpp:87]   --->   Operation 124 'speclooptripcount' 'speclooptripcount_ln58' <Predicate = true> <Delay = 0.00>
ST_14 : Operation 125 [1/1] (0.00ns)   --->   "%specloopname_ln58 = specloopname void @_ssdm_op_SpecLoopName, void @empty_6" [matrixcalc.cpp:58->matrixcalc.cpp:87]   --->   Operation 125 'specloopname' 'specloopname_ln58' <Predicate = true> <Delay = 0.00>
ST_14 : Operation 126 [1/1] (2.32ns)   --->   "%store_ln59 = store i4 %add_ln59, i4 %aux2_addr" [matrixcalc.cpp:59->matrixcalc.cpp:87]   --->   Operation 126 'store' 'store_ln59' <Predicate = true> <Delay = 2.32> <CoreInst = "RAM">   --->   Core 82 'RAM' <Latency = 1> <II = 1> <Delay = 2.32> <Storage> <Opcode : 'load' 'store'> <Ports = 2> <Width = 4> <Depth = 9> <RAM>
ST_14 : Operation 127 [1/1] (0.00ns)   --->   "%br_ln58 = br void %for.inc.i19" [matrixcalc.cpp:58->matrixcalc.cpp:87]   --->   Operation 127 'br' 'br_ln58' <Predicate = true> <Delay = 0.00>

State 15 <SV = 3> <Delay = 1.73>
ST_15 : Operation 128 [1/1] (0.00ns)   --->   "%i_5 = load i2 %i_2" [matrixcalc.cpp:11->matrixcalc.cpp:88]   --->   Operation 128 'load' 'i_5' <Predicate = true> <Delay = 0.00>
ST_15 : Operation 129 [1/1] (0.00ns)   --->   "%zext_ln11 = zext i2 %i_5" [matrixcalc.cpp:11->matrixcalc.cpp:88]   --->   Operation 129 'zext' 'zext_ln11' <Predicate = true> <Delay = 0.00>
ST_15 : Operation 130 [1/1] (1.56ns)   --->   "%icmp_ln11 = icmp_eq  i2 %i_5, i2 3" [matrixcalc.cpp:11->matrixcalc.cpp:88]   --->   Operation 130 'icmp' 'icmp_ln11' <Predicate = true> <Delay = 1.56> <CoreInst = "Cmp">   --->   Core 9 'Cmp' <Latency = 0> <II = 1> <Delay = 1.56> <FuncUnit> <Opcode : 'icmp'> <InPorts = 2> <OutPorts = 1>
ST_15 : Operation 131 [1/1] (1.56ns)   --->   "%add_ln11 = add i2 %i_5, i2 1" [matrixcalc.cpp:11->matrixcalc.cpp:88]   --->   Operation 131 'add' 'add_ln11' <Predicate = true> <Delay = 1.56> <CoreInst = "Adder">   --->   Core 1 'Adder' <Latency = 0> <II = 1> <Delay = 1.73> <FuncUnit> <Opcode : 'add' 'sub'> <InPorts = 2> <OutPorts = 1>
ST_15 : Operation 132 [1/1] (0.00ns)   --->   "%br_ln11 = br i1 %icmp_ln11, void %Calc.i.split, void %_Z3detPA3_6ap_intILi4EE.exit" [matrixcalc.cpp:11->matrixcalc.cpp:88]   --->   Operation 132 'br' 'br_ln11' <Predicate = true> <Delay = 0.00>
ST_15 : Operation 133 [1/1] (0.00ns)   --->   "%speclooptripcount_ln7 = speclooptripcount void @_ssdm_op_SpecLoopTripCount, i64 3, i64 3, i64 3" [matrixcalc.cpp:7->matrixcalc.cpp:88]   --->   Operation 133 'speclooptripcount' 'speclooptripcount_ln7' <Predicate = (!icmp_ln11)> <Delay = 0.00>
ST_15 : Operation 134 [1/1] (0.00ns)   --->   "%specloopname_ln11 = specloopname void @_ssdm_op_SpecLoopName, void @empty_5" [matrixcalc.cpp:11->matrixcalc.cpp:88]   --->   Operation 134 'specloopname' 'specloopname_ln11' <Predicate = (!icmp_ln11)> <Delay = 0.00>
ST_15 : Operation 135 [1/1] (0.00ns)   --->   "%zext_ln15 = zext i2 %i_5" [matrixcalc.cpp:15->matrixcalc.cpp:88]   --->   Operation 135 'zext' 'zext_ln15' <Predicate = (!icmp_ln11)> <Delay = 0.00>
ST_15 : Operation 136 [1/1] (1.58ns)   --->   "%br_ln15 = br void %for.body7.i" [matrixcalc.cpp:15->matrixcalc.cpp:88]   --->   Operation 136 'br' 'br_ln15' <Predicate = (!icmp_ln11)> <Delay = 1.58>
ST_15 : Operation 137 [1/1] (0.00ns)   --->   "%sumpos_load_1 = load i4 %sumpos" [matrixcalc.cpp:26->matrixcalc.cpp:88]   --->   Operation 137 'load' 'sumpos_load_1' <Predicate = (icmp_ln11)> <Delay = 0.00>
ST_15 : Operation 138 [1/1] (0.00ns)   --->   "%sumneg_load_1 = load i4 %sumneg" [matrixcalc.cpp:26->matrixcalc.cpp:88]   --->   Operation 138 'load' 'sumneg_load_1' <Predicate = (icmp_ln11)> <Delay = 0.00>
ST_15 : Operation 139 [1/1] (1.73ns)   --->   "%sum = sub i4 %sumpos_load_1, i4 %sumneg_load_1" [matrixcalc.cpp:26->matrixcalc.cpp:88]   --->   Operation 139 'sub' 'sum' <Predicate = (icmp_ln11)> <Delay = 1.73> <CoreInst = "Adder">   --->   Core 1 'Adder' <Latency = 0> <II = 1> <Delay = 1.73> <FuncUnit> <Opcode : 'add' 'sub'> <InPorts = 2> <OutPorts = 1>
ST_15 : Operation 140 [1/1] (0.00ns)   --->   "%sext_ln89 = sext i4 %sum" [matrixcalc.cpp:89]   --->   Operation 140 'sext' 'sext_ln89' <Predicate = (icmp_ln11)> <Delay = 0.00>
ST_15 : Operation 141 [1/1] (0.00ns)   --->   "%ret_ln89 = ret i32 %sext_ln89" [matrixcalc.cpp:89]   --->   Operation 141 'ret' 'ret_ln89' <Predicate = (icmp_ln11)> <Delay = 0.00>

State 16 <SV = 4> <Delay = 1.56>
ST_16 : Operation 142 [1/1] (0.00ns)   --->   "%j_2 = phi i2 %j_3, void %for.body7.i.split, i2 0, void %Calc.i.split"   --->   Operation 142 'phi' 'j_2' <Predicate = true> <Delay = 0.00>
ST_16 : Operation 143 [1/1] (1.56ns)   --->   "%j_3 = add i2 %j_2, i2 1" [matrixcalc.cpp:15->matrixcalc.cpp:88]   --->   Operation 143 'add' 'j_3' <Predicate = true> <Delay = 1.56> <CoreInst = "Adder">   --->   Core 1 'Adder' <Latency = 0> <II = 1> <Delay = 1.73> <FuncUnit> <Opcode : 'add' 'sub'> <InPorts = 2> <OutPorts = 1>

State 17 <SV = 5> <Delay = 3.32>
ST_17 : Operation 144 [1/1] (0.00ns)   --->   "%product2 = phi i4 %product2_1, void %for.body7.i.split, i4 1, void %Calc.i.split"   --->   Operation 144 'phi' 'product2' <Predicate = true> <Delay = 0.00>
ST_17 : Operation 145 [1/1] (0.00ns)   --->   "%product1 = phi i4 %product1_1, void %for.body7.i.split, i4 1, void %Calc.i.split"   --->   Operation 145 'phi' 'product1' <Predicate = true> <Delay = 0.00>
ST_17 : Operation 146 [1/1] (0.00ns)   --->   "%zext_ln20 = zext i2 %j_2" [matrixcalc.cpp:20->matrixcalc.cpp:88]   --->   Operation 146 'zext' 'zext_ln20' <Predicate = true> <Delay = 0.00>
ST_17 : Operation 147 [1/1] (0.00ns)   --->   "%tmp_3 = bitconcatenate i4 @_ssdm_op_BitConcatenate.i4.i2.i2, i2 %j_2, i2 0" [matrixcalc.cpp:20->matrixcalc.cpp:88]   --->   Operation 147 'bitconcatenate' 'tmp_3' <Predicate = true> <Delay = 0.00>
ST_17 : Operation 148 [1/1] (1.73ns)   --->   "%sub_ln20 = sub i4 %tmp_3, i4 %zext_ln20" [matrixcalc.cpp:20->matrixcalc.cpp:88]   --->   Operation 148 'sub' 'sub_ln20' <Predicate = true> <Delay = 1.73> <CoreInst = "Adder">   --->   Core 1 'Adder' <Latency = 0> <II = 1> <Delay = 1.73> <FuncUnit> <Opcode : 'add' 'sub'> <InPorts = 2> <OutPorts = 1>
ST_17 : Operation 149 [1/1] (0.00ns)   --->   "%zext_ln15_1 = zext i2 %j_2" [matrixcalc.cpp:15->matrixcalc.cpp:88]   --->   Operation 149 'zext' 'zext_ln15_1' <Predicate = true> <Delay = 0.00>
ST_17 : Operation 150 [1/1] (1.56ns)   --->   "%icmp_ln15 = icmp_eq  i2 %j_2, i2 3" [matrixcalc.cpp:15->matrixcalc.cpp:88]   --->   Operation 150 'icmp' 'icmp_ln15' <Predicate = true> <Delay = 1.56> <CoreInst = "Cmp">   --->   Core 9 'Cmp' <Latency = 0> <II = 1> <Delay = 1.56> <FuncUnit> <Opcode : 'icmp'> <InPorts = 2> <OutPorts = 1>
ST_17 : Operation 151 [1/1] (0.00ns)   --->   "%br_ln15 = br i1 %icmp_ln15, void %for.body7.i.split, void %for.inc25.i" [matrixcalc.cpp:15->matrixcalc.cpp:88]   --->   Operation 151 'br' 'br_ln15' <Predicate = true> <Delay = 0.00>
ST_17 : Operation 152 [1/1] (1.56ns)   --->   "%add_ln17 = add i3 %zext_ln15_1, i3 %zext_ln11" [matrixcalc.cpp:17->matrixcalc.cpp:88]   --->   Operation 152 'add' 'add_ln17' <Predicate = (!icmp_ln15)> <Delay = 1.56> <CoreInst = "Adder">   --->   Core 1 'Adder' <Latency = 0> <II = 1> <Delay = 1.73> <FuncUnit> <Opcode : 'add' 'sub'> <InPorts = 2> <OutPorts = 1>
ST_17 : Operation 153 [1/1] (1.65ns)   --->   "%icmp_ln18 = icmp_ugt  i3 %add_ln17, i3 2" [matrixcalc.cpp:18->matrixcalc.cpp:88]   --->   Operation 153 'icmp' 'icmp_ln18' <Predicate = (!icmp_ln15)> <Delay = 1.65> <CoreInst = "Cmp">   --->   Core 9 'Cmp' <Latency = 0> <II = 1> <Delay = 1.65> <FuncUnit> <Opcode : 'icmp'> <InPorts = 2> <OutPorts = 1>
ST_17 : Operation 154 [1/1] (0.00ns)   --->   "%sumpos_load = load i4 %sumpos" [matrixcalc.cpp:23->matrixcalc.cpp:88]   --->   Operation 154 'load' 'sumpos_load' <Predicate = (icmp_ln15)> <Delay = 0.00>
ST_17 : Operation 155 [1/1] (1.73ns)   --->   "%sumpos_1 = add i4 %product1, i4 %sumpos_load" [matrixcalc.cpp:23->matrixcalc.cpp:88]   --->   Operation 155 'add' 'sumpos_1' <Predicate = (icmp_ln15)> <Delay = 1.73> <CoreInst = "Adder">   --->   Core 1 'Adder' <Latency = 0> <II = 1> <Delay = 1.73> <FuncUnit> <Opcode : 'add' 'sub'> <InPorts = 2> <OutPorts = 1>
ST_17 : Operation 156 [1/1] (1.58ns)   --->   "%store_ln11 = store i2 %add_ln11, i2 %i_2" [matrixcalc.cpp:11->matrixcalc.cpp:88]   --->   Operation 156 'store' 'store_ln11' <Predicate = (icmp_ln15)> <Delay = 1.58>
ST_17 : Operation 157 [1/1] (1.58ns)   --->   "%store_ln11 = store i4 %sumpos_1, i4 %sumpos" [matrixcalc.cpp:11->matrixcalc.cpp:88]   --->   Operation 157 'store' 'store_ln11' <Predicate = (icmp_ln15)> <Delay = 1.58>

State 18 <SV = 6> <Delay = 1.65>
ST_18 : Operation 158 [1/1] (1.65ns)   --->   "%add_ln19 = add i3 %zext_ln15_1, i3 5" [matrixcalc.cpp:19->matrixcalc.cpp:88]   --->   Operation 158 'add' 'add_ln19' <Predicate = (icmp_ln18)> <Delay = 1.65> <CoreInst = "Adder">   --->   Core 1 'Adder' <Latency = 0> <II = 1> <Delay = 1.73> <FuncUnit> <Opcode : 'add' 'sub'> <InPorts = 2> <OutPorts = 1>

State 19 <SV = 7> <Delay = 1.65>
ST_19 : Operation 159 [1/1] (0.00ns) (grouped into LUT with out node col)   --->   "%select_ln18 = select i1 %icmp_ln18, i3 %add_ln19, i3 %zext_ln15_1" [matrixcalc.cpp:18->matrixcalc.cpp:88]   --->   Operation 159 'select' 'select_ln18' <Predicate = true> <Delay = 0.00> <CoreInst = "Sel">   --->   Core 73 'Sel' <Latency = 0> <II = 1> <Delay = 0.98> <FuncUnit> <Opcode : 'select'> <InPorts = 3> <OutPorts = 1>
ST_19 : Operation 160 [1/1] (0.00ns) (grouped into LUT with out node col)   --->   "%sext_ln18 = sext i3 %select_ln18" [matrixcalc.cpp:18->matrixcalc.cpp:88]   --->   Operation 160 'sext' 'sext_ln18' <Predicate = true> <Delay = 0.00>
ST_19 : Operation 161 [1/1] (1.65ns) (out node of the LUT)   --->   "%col = add i4 %sext_ln18, i4 %zext_ln15" [matrixcalc.cpp:18->matrixcalc.cpp:88]   --->   Operation 161 'add' 'col' <Predicate = true> <Delay = 1.65> <CoreInst = "Adder">   --->   Core 1 'Adder' <Latency = 0> <II = 1> <Delay = 1.73> <FuncUnit> <Opcode : 'add' 'sub'> <InPorts = 2> <OutPorts = 1>

State 20 <SV = 8> <Delay = 4.05>
ST_20 : Operation 162 [1/1] (1.73ns)   --->   "%add_ln20 = add i4 %sub_ln20, i4 %col" [matrixcalc.cpp:20->matrixcalc.cpp:88]   --->   Operation 162 'add' 'add_ln20' <Predicate = true> <Delay = 1.73> <CoreInst = "Adder">   --->   Core 1 'Adder' <Latency = 0> <II = 1> <Delay = 1.73> <FuncUnit> <Opcode : 'add' 'sub'> <InPorts = 2> <OutPorts = 1>
ST_20 : Operation 163 [1/1] (0.00ns)   --->   "%zext_ln20_1 = zext i4 %add_ln20" [matrixcalc.cpp:20->matrixcalc.cpp:88]   --->   Operation 163 'zext' 'zext_ln20_1' <Predicate = true> <Delay = 0.00>
ST_20 : Operation 164 [1/1] (0.00ns)   --->   "%aux2_addr_1 = getelementptr i4 %aux2, i64 0, i64 %zext_ln20_1" [matrixcalc.cpp:20->matrixcalc.cpp:88]   --->   Operation 164 'getelementptr' 'aux2_addr_1' <Predicate = true> <Delay = 0.00>
ST_20 : Operation 165 [2/2] (2.32ns)   --->   "%aux2_load = load i4 %aux2_addr_1" [matrixcalc.cpp:20->matrixcalc.cpp:88]   --->   Operation 165 'load' 'aux2_load' <Predicate = true> <Delay = 2.32> <CoreInst = "RAM">   --->   Core 82 'RAM' <Latency = 1> <II = 1> <Delay = 2.32> <Storage> <Opcode : 'load' 'store'> <Ports = 2> <Width = 4> <Depth = 9> <RAM>
ST_20 : Operation 166 [1/1] (1.56ns)   --->   "%sub_ln21 = sub i2 2, i2 %j_2" [matrixcalc.cpp:21->matrixcalc.cpp:88]   --->   Operation 166 'sub' 'sub_ln21' <Predicate = true> <Delay = 1.56> <CoreInst = "Adder">   --->   Core 1 'Adder' <Latency = 0> <II = 1> <Delay = 1.56> <FuncUnit> <Opcode : 'add' 'sub'> <InPorts = 2> <OutPorts = 1>

State 21 <SV = 9> <Delay = 5.79>
ST_21 : Operation 167 [1/2] (2.32ns)   --->   "%aux2_load = load i4 %aux2_addr_1" [matrixcalc.cpp:20->matrixcalc.cpp:88]   --->   Operation 167 'load' 'aux2_load' <Predicate = true> <Delay = 2.32> <CoreInst = "RAM">   --->   Core 82 'RAM' <Latency = 1> <II = 1> <Delay = 2.32> <Storage> <Opcode : 'load' 'store'> <Ports = 2> <Width = 4> <Depth = 9> <RAM>
ST_21 : Operation 168 [1/1] (2.34ns)   --->   "%product1_1 = mul i4 %aux2_load, i4 %product1" [matrixcalc.cpp:20->matrixcalc.cpp:88]   --->   Operation 168 'mul' 'product1_1' <Predicate = true> <Delay = 2.34> <CoreInst = "Multiplier">   --->   Core 3 'Multiplier' <Latency = 0> <II = 1> <Delay = 2.34> <FuncUnit> <Opcode : 'mul'> <InPorts = 2> <OutPorts = 1>
ST_21 : Operation 169 [1/1] (0.00ns)   --->   "%zext_ln21 = zext i2 %sub_ln21" [matrixcalc.cpp:21->matrixcalc.cpp:88]   --->   Operation 169 'zext' 'zext_ln21' <Predicate = true> <Delay = 0.00>
ST_21 : Operation 170 [1/1] (0.00ns)   --->   "%tmp_4 = bitconcatenate i4 @_ssdm_op_BitConcatenate.i4.i2.i2, i2 %sub_ln21, i2 0" [matrixcalc.cpp:21->matrixcalc.cpp:88]   --->   Operation 170 'bitconcatenate' 'tmp_4' <Predicate = true> <Delay = 0.00>
ST_21 : Operation 171 [1/1] (1.73ns)   --->   "%sub_ln21_1 = sub i4 %tmp_4, i4 %zext_ln21" [matrixcalc.cpp:21->matrixcalc.cpp:88]   --->   Operation 171 'sub' 'sub_ln21_1' <Predicate = true> <Delay = 1.73> <CoreInst = "Adder">   --->   Core 1 'Adder' <Latency = 0> <II = 1> <Delay = 1.73> <FuncUnit> <Opcode : 'add' 'sub'> <InPorts = 2> <OutPorts = 1>
ST_21 : Operation 172 [1/1] (1.73ns)   --->   "%add_ln21 = add i4 %sub_ln21_1, i4 %col" [matrixcalc.cpp:21->matrixcalc.cpp:88]   --->   Operation 172 'add' 'add_ln21' <Predicate = true> <Delay = 1.73> <CoreInst = "Adder">   --->   Core 1 'Adder' <Latency = 0> <II = 1> <Delay = 1.73> <FuncUnit> <Opcode : 'add' 'sub'> <InPorts = 2> <OutPorts = 1>
ST_21 : Operation 173 [1/1] (0.00ns)   --->   "%zext_ln21_1 = zext i4 %add_ln21" [matrixcalc.cpp:21->matrixcalc.cpp:88]   --->   Operation 173 'zext' 'zext_ln21_1' <Predicate = true> <Delay = 0.00>
ST_21 : Operation 174 [1/1] (0.00ns)   --->   "%aux2_addr_2 = getelementptr i4 %aux2, i64 0, i64 %zext_ln21_1" [matrixcalc.cpp:21->matrixcalc.cpp:88]   --->   Operation 174 'getelementptr' 'aux2_addr_2' <Predicate = true> <Delay = 0.00>
ST_21 : Operation 175 [2/2] (2.32ns)   --->   "%aux2_load_1 = load i4 %aux2_addr_2" [matrixcalc.cpp:21->matrixcalc.cpp:88]   --->   Operation 175 'load' 'aux2_load_1' <Predicate = true> <Delay = 2.32> <CoreInst = "RAM">   --->   Core 82 'RAM' <Latency = 1> <II = 1> <Delay = 2.32> <Storage> <Opcode : 'load' 'store'> <Ports = 2> <Width = 4> <Depth = 9> <RAM>

State 22 <SV = 10> <Delay = 4.66>
ST_22 : Operation 176 [1/1] (0.00ns)   --->   "%speclooptripcount_ln7 = speclooptripcount void @_ssdm_op_SpecLoopTripCount, i64 3, i64 3, i64 3" [matrixcalc.cpp:7->matrixcalc.cpp:88]   --->   Operation 176 'speclooptripcount' 'speclooptripcount_ln7' <Predicate = true> <Delay = 0.00>
ST_22 : Operation 177 [1/1] (0.00ns)   --->   "%specloopname_ln15 = specloopname void @_ssdm_op_SpecLoopName, void @empty_4" [matrixcalc.cpp:15->matrixcalc.cpp:88]   --->   Operation 177 'specloopname' 'specloopname_ln15' <Predicate = true> <Delay = 0.00>
ST_22 : Operation 178 [1/2] (2.32ns)   --->   "%aux2_load_1 = load i4 %aux2_addr_2" [matrixcalc.cpp:21->matrixcalc.cpp:88]   --->   Operation 178 'load' 'aux2_load_1' <Predicate = true> <Delay = 2.32> <CoreInst = "RAM">   --->   Core 82 'RAM' <Latency = 1> <II = 1> <Delay = 2.32> <Storage> <Opcode : 'load' 'store'> <Ports = 2> <Width = 4> <Depth = 9> <RAM>
ST_22 : Operation 179 [1/1] (2.34ns)   --->   "%product2_1 = mul i4 %aux2_load_1, i4 %product2" [matrixcalc.cpp:21->matrixcalc.cpp:88]   --->   Operation 179 'mul' 'product2_1' <Predicate = true> <Delay = 2.34> <CoreInst = "Multiplier">   --->   Core 3 'Multiplier' <Latency = 0> <II = 1> <Delay = 2.34> <FuncUnit> <Opcode : 'mul'> <InPorts = 2> <OutPorts = 1>
ST_22 : Operation 180 [1/1] (0.00ns)   --->   "%br_ln15 = br void %for.body7.i" [matrixcalc.cpp:15->matrixcalc.cpp:88]   --->   Operation 180 'br' 'br_ln15' <Predicate = true> <Delay = 0.00>

State 23 <SV = 6> <Delay = 3.32>
ST_23 : Operation 181 [1/1] (0.00ns)   --->   "%sumneg_load = load i4 %sumneg" [matrixcalc.cpp:24->matrixcalc.cpp:88]   --->   Operation 181 'load' 'sumneg_load' <Predicate = true> <Delay = 0.00>
ST_23 : Operation 182 [1/1] (1.73ns)   --->   "%sumneg_1 = add i4 %product2, i4 %sumneg_load" [matrixcalc.cpp:24->matrixcalc.cpp:88]   --->   Operation 182 'add' 'sumneg_1' <Predicate = true> <Delay = 1.73> <CoreInst = "Adder">   --->   Core 1 'Adder' <Latency = 0> <II = 1> <Delay = 1.73> <FuncUnit> <Opcode : 'add' 'sub'> <InPorts = 2> <OutPorts = 1>
ST_23 : Operation 183 [1/1] (1.58ns)   --->   "%store_ln11 = store i4 %sumneg_1, i4 %sumneg" [matrixcalc.cpp:11->matrixcalc.cpp:88]   --->   Operation 183 'store' 'store_ln11' <Predicate = true> <Delay = 1.58>
ST_23 : Operation 184 [1/1] (0.00ns)   --->   "%br_ln11 = br void %Calc.i" [matrixcalc.cpp:11->matrixcalc.cpp:88]   --->   Operation 184 'br' 'br_ln11' <Predicate = true> <Delay = 0.00>


============================================================
+ Verbose Summary: Binding
============================================================
STG Binding: 
---------------- STG Properties BEGIN ----------------
- Is combinational: 0
- Is one-state seq: 0
- Is datapath-only: 0
- Is pipelined: 0
- Is top level: 1
Port [ Return ] is wired: 1; IO mode=ap_ctrl_hs:ce=0
Port [ a]:  wired=1; compound=1; hidden=0; nouse=0; global=0; static=0; extern=0; dir=0; type=1; pingpong=0; private_global=0; MemPort=[13]; IO mode=ap_memory:ce=0
Port [ b]:  wired=1; compound=1; hidden=0; nouse=0; global=0; static=0; extern=0; dir=0; type=1; pingpong=0; private_global=0; MemPort=[13]; IO mode=ap_memory:ce=0
Port [ c]:  wired=1; compound=1; hidden=0; nouse=0; global=0; static=0; extern=0; dir=0; type=1; pingpong=0; private_global=0; MemPort=[13]; IO mode=ap_memory:ce=0
---------------- STG Properties END ------------------

---------------- Datapath Model BEGIN ----------------

<LifeTime>
<method=bitvector/>
i                      (alloca           ) [ 011111111100000000000000]
specbitsmap_ln0        (specbitsmap      ) [ 000000000000000000000000]
spectopmodule_ln64     (spectopmodule    ) [ 000000000000000000000000]
specinterface_ln0      (specinterface    ) [ 000000000000000000000000]
specbitsmap_ln0        (specbitsmap      ) [ 000000000000000000000000]
specinterface_ln0      (specinterface    ) [ 000000000000000000000000]
specbitsmap_ln0        (specbitsmap      ) [ 000000000000000000000000]
specinterface_ln0      (specinterface    ) [ 000000000000000000000000]
specbitsmap_ln0        (specbitsmap      ) [ 000000000000000000000000]
aux                    (alloca           ) [ 001111111111111000000000]
aux2                   (alloca           ) [ 001111111111111111111111]
specresourcelimit_ln11 (specresourcelimit) [ 000000000000000000000000]
specresourcelimit_ln12 (specresourcelimit) [ 000000000000000000000000]
store_ln37             (store            ) [ 000000000000000000000000]
br_ln37                (br               ) [ 000000000000000000000000]
i_3                    (load             ) [ 000000000000000000000000]
zext_ln43              (zext             ) [ 000000000000000000000000]
tmp                    (bitconcatenate   ) [ 000000000000000000000000]
sub_ln43               (sub              ) [ 000111111100000000000000]
icmp_ln37              (icmp             ) [ 001111111100000000000000]
add_ln37               (add              ) [ 000111111100000000000000]
br_ln37                (br               ) [ 000000000000000000000000]
speclooptripcount_ln37 (speclooptripcount) [ 000000000000000000000000]
specloopname_ln37      (specloopname     ) [ 000000000000000000000000]
br_ln39                (br               ) [ 001111111100000000000000]
i_1                    (alloca           ) [ 001111111111111000000000]
store_ln59             (store            ) [ 000000000000000000000000]
br_ln59                (br               ) [ 000000000000000000000000]
j                      (phi              ) [ 000110000000000000000000]
zext_ln41              (zext             ) [ 000011111100000000000000]
add_ln41               (add              ) [ 000010000000000000000000]
zext_ln41_1            (zext             ) [ 000000000000000000000000]
res_addr               (getelementptr    ) [ 000001111100000000000000]
icmp_ln39              (icmp             ) [ 001111111100000000000000]
add_ln39               (add              ) [ 001101111100000000000000]
br_ln39                (br               ) [ 000000000000000000000000]
speclooptripcount_ln39 (speclooptripcount) [ 000000000000000000000000]
specloopname_ln39      (specloopname     ) [ 000000000000000000000000]
br_ln42                (br               ) [ 001111111100000000000000]
store_ln37             (store            ) [ 000000000000000000000000]
br_ln37                (br               ) [ 000000000000000000000000]
k                      (phi              ) [ 000001110000000000000000]
zext_ln43_1            (zext             ) [ 000000100000000000000000]
add_ln43_1             (add              ) [ 000000110000000000000000]
tmp_2                  (bitconcatenate   ) [ 000000000000000000000000]
sub_ln43_1             (sub              ) [ 000000000000000000000000]
add_ln43_2             (add              ) [ 000000010000000000000000]
conv4_i25_i            (phi              ) [ 000001111100000000000000]
zext_ln43_2            (zext             ) [ 000000000000000000000000]
a_addr                 (getelementptr    ) [ 000000001000000000000000]
zext_ln43_3            (zext             ) [ 000000000000000000000000]
b_addr                 (getelementptr    ) [ 000000001000000000000000]
icmp_ln42              (icmp             ) [ 001111111100000000000000]
add_ln42               (add              ) [ 001111001100000000000000]
br_ln42                (br               ) [ 000000000000000000000000]
store_ln43             (store            ) [ 000000000000000000000000]
br_ln39                (br               ) [ 001111111100000000000000]
a_load                 (load             ) [ 000000000000000000000000]
b_load                 (load             ) [ 000000000000000000000000]
mul_ln43               (mul              ) [ 000000000100000000000000]
speclooptripcount_ln42 (speclooptripcount) [ 000000000000000000000000]
specloopname_ln42      (specloopname     ) [ 000000000000000000000000]
add_ln43               (add              ) [ 001111111100000000000000]
br_ln42                (br               ) [ 001111111100000000000000]
i_4                    (load             ) [ 000000000000000000000000]
zext_ln59              (zext             ) [ 000000000000000000000000]
tmp_1                  (bitconcatenate   ) [ 000000000000000000000000]
sub_ln59               (sub              ) [ 000000000001111000000000]
icmp_ln56              (icmp             ) [ 000000000011111000000000]
add_ln56               (add              ) [ 000000000001111000000000]
br_ln56                (br               ) [ 000000000000000000000000]
speclooptripcount_ln56 (speclooptripcount) [ 000000000000000000000000]
specloopname_ln56      (specloopname     ) [ 000000000000000000000000]
br_ln58                (br               ) [ 000000000011111000000000]
sumpos                 (alloca           ) [ 000000000011111111111111]
sumneg                 (alloca           ) [ 000000000011111111111111]
i_2                    (alloca           ) [ 000000000011111111111111]
store_ln11             (store            ) [ 000000000000000000000000]
store_ln11             (store            ) [ 000000000000000000000000]
store_ln11             (store            ) [ 000000000000000000000000]
br_ln11                (br               ) [ 000000000000000000000000]
j_1                    (phi              ) [ 000000000001100000000000]
zext_ln59_1            (zext             ) [ 000000000000000000000000]
add_ln59_1             (add              ) [ 000000000000100000000000]
zext_ln59_2            (zext             ) [ 000000000000000000000000]
c_addr                 (getelementptr    ) [ 000000000000010000000000]
res_addr_1             (getelementptr    ) [ 000000000000010000000000]
aux2_addr              (getelementptr    ) [ 000000000000011000000000]
icmp_ln58              (icmp             ) [ 000000000011111000000000]
add_ln58               (add              ) [ 000000000011011000000000]
br_ln58                (br               ) [ 000000000000000000000000]
store_ln56             (store            ) [ 000000000000000000000000]
br_ln56                (br               ) [ 000000000000000000000000]
res_load               (load             ) [ 000000000000000000000000]
c_load                 (load             ) [ 000000000000000000000000]
add_ln59               (add              ) [ 000000000000001000000000]
speclooptripcount_ln58 (speclooptripcount) [ 000000000000000000000000]
specloopname_ln58      (specloopname     ) [ 000000000000000000000000]
store_ln59             (store            ) [ 000000000000000000000000]
br_ln58                (br               ) [ 000000000011111000000000]
i_5                    (load             ) [ 000000000000000000000000]
zext_ln11              (zext             ) [ 000000000000000011111110]
icmp_ln11              (icmp             ) [ 000000000000000111111111]
add_ln11               (add              ) [ 000000000000000011111110]
br_ln11                (br               ) [ 000000000000000000000000]
speclooptripcount_ln7  (speclooptripcount) [ 000000000000000000000000]
specloopname_ln11      (specloopname     ) [ 000000000000000000000000]
zext_ln15              (zext             ) [ 000000000000000011111110]
br_ln15                (br               ) [ 000000000000000111111111]
sumpos_load_1          (load             ) [ 000000000000000000000000]
sumneg_load_1          (load             ) [ 000000000000000000000000]
sum                    (sub              ) [ 000000000000000000000000]
sext_ln89              (sext             ) [ 000000000000000000000000]
ret_ln89               (ret              ) [ 000000000000000000000000]
j_2                    (phi              ) [ 000000000000000011111000]
j_3                    (add              ) [ 000000000000000111111111]
product2               (phi              ) [ 000000000000000011111111]
product1               (phi              ) [ 000000000000000011111100]
zext_ln20              (zext             ) [ 000000000000000000000000]
tmp_3                  (bitconcatenate   ) [ 000000000000000000000000]
sub_ln20               (sub              ) [ 000000000000000000111000]
zext_ln15_1            (zext             ) [ 000000000000000000110000]
icmp_ln15              (icmp             ) [ 000000000000000111111111]
br_ln15                (br               ) [ 000000000000000000000000]
add_ln17               (add              ) [ 000000000000000000000000]
icmp_ln18              (icmp             ) [ 000000000000000000110000]
sumpos_load            (load             ) [ 000000000000000000000000]
sumpos_1               (add              ) [ 000000000000000000000000]
store_ln11             (store            ) [ 000000000000000000000000]
store_ln11             (store            ) [ 000000000000000000000000]
add_ln19               (add              ) [ 000000000000000000010000]
select_ln18            (select           ) [ 000000000000000000000000]
sext_ln18              (sext             ) [ 000000000000000000000000]
col                    (add              ) [ 000000000000000000001100]
add_ln20               (add              ) [ 000000000000000000000000]
zext_ln20_1            (zext             ) [ 000000000000000000000000]
aux2_addr_1            (getelementptr    ) [ 000000000000000000000100]
sub_ln21               (sub              ) [ 000000000000000000000100]
aux2_load              (load             ) [ 000000000000000000000000]
product1_1             (mul              ) [ 000000000000000111000011]
zext_ln21              (zext             ) [ 000000000000000000000000]
tmp_4                  (bitconcatenate   ) [ 000000000000000000000000]
sub_ln21_1             (sub              ) [ 000000000000000000000000]
add_ln21               (add              ) [ 000000000000000000000000]
zext_ln21_1            (zext             ) [ 000000000000000000000000]
aux2_addr_2            (getelementptr    ) [ 000000000000000000000010]
speclooptripcount_ln7  (speclooptripcount) [ 000000000000000000000000]
specloopname_ln15      (specloopname     ) [ 000000000000000000000000]
aux2_load_1            (load             ) [ 000000000000000000000000]
product2_1             (mul              ) [ 000000000000000111111111]
br_ln15                (br               ) [ 000000000000000111111111]
sumneg_load            (load             ) [ 000000000000000000000000]
sumneg_1               (add              ) [ 000000000000000000000000]
store_ln11             (store            ) [ 000000000000000000000000]
br_ln11                (br               ) [ 000000000000000000000000]
</LifeTime>

<model>

<comp_list>
<comp id="0" class="1000" name="a">
<pin_list>
<pin id="1" dir="1" index="0" bw="1" slack="0"/>
</pin_list>
<bind>
<StgValue><ssdm name="a"/><MemPortTyVec>1 3 </MemPortTyVec>
</StgValue>
</bind>
</comp>

<comp id="2" class="1000" name="b">
<pin_list>
<pin id="3" dir="1" index="0" bw="1" slack="0"/>
</pin_list>
<bind>
<StgValue><ssdm name="b"/><MemPortTyVec>1 3 </MemPortTyVec>
</StgValue>
</bind>
</comp>

<comp id="4" class="1000" name="c">
<pin_list>
<pin id="5" dir="1" index="0" bw="1" slack="0"/>
</pin_list>
<bind>
<StgValue><ssdm name="c"/><MemPortTyVec>1 3 </MemPortTyVec>
</StgValue>
</bind>
</comp>

<comp id="6" class="1001" name="const_6">
<pin_list>
<pin id="7" dir="1" index="0" bw="1" slack="0"/>
</pin_list>
<bind>
<StgValue><ssdm name=""/></StgValue>
</bind>
</comp>

<comp id="8" class="1001" name="const_8">
<pin_list>
<pin id="9" dir="1" index="0" bw="1" slack="2147483647"/>
</pin_list>
<bind>
<StgValue><ssdm name="_ssdm_op_SpecBitsMap"/></StgValue>
</bind>
</comp>

<comp id="10" class="1001" name="const_10">
<pin_list>
<pin id="11" dir="1" index="0" bw="1" slack="2147483647"/>
</pin_list>
<bind>
<StgValue><ssdm name=""/></StgValue>
</bind>
</comp>

<comp id="12" class="1001" name="const_12">
<pin_list>
<pin id="13" dir="1" index="0" bw="1" slack="2147483647"/>
</pin_list>
<bind>
<StgValue><ssdm name="_ssdm_op_SpecTopModule"/></StgValue>
</bind>
</comp>

<comp id="14" class="1001" name="const_14">
<pin_list>
<pin id="15" dir="1" index="0" bw="1" slack="2147483647"/>
</pin_list>
<bind>
<StgValue><ssdm name="empty_3"/></StgValue>
</bind>
</comp>

<comp id="16" class="1001" name="const_16">
<pin_list>
<pin id="17" dir="1" index="0" bw="1" slack="2147483647"/>
</pin_list>
<bind>
<StgValue><ssdm name="_ssdm_op_SpecInterface"/></StgValue>
</bind>
</comp>

<comp id="18" class="1001" name="const_18">
<pin_list>
<pin id="19" dir="1" index="0" bw="1" slack="2147483647"/>
</pin_list>
<bind>
<StgValue><ssdm name="empty"/></StgValue>
</bind>
</comp>

<comp id="20" class="1001" name="const_20">
<pin_list>
<pin id="21" dir="1" index="0" bw="1" slack="2147483647"/>
</pin_list>
<bind>
<StgValue><ssdm name="empty_0"/></StgValue>
</bind>
</comp>

<comp id="22" class="1001" name="const_22">
<pin_list>
<pin id="23" dir="1" index="0" bw="1" slack="2147483647"/>
</pin_list>
<bind>
<StgValue><ssdm name=""/></StgValue>
</bind>
</comp>

<comp id="24" class="1001" name="const_24">
<pin_list>
<pin id="25" dir="1" index="0" bw="1" slack="0"/>
</pin_list>
<bind>
<StgValue><ssdm name=""/></StgValue>
</bind>
</comp>

<comp id="26" class="1001" name="const_26">
<pin_list>
<pin id="27" dir="1" index="0" bw="1" slack="2147483647"/>
</pin_list>
<bind>
<StgValue><ssdm name="_ssdm_op_SpecResourceLimit"/></StgValue>
</bind>
</comp>

<comp id="28" class="1001" name="const_28">
<pin_list>
<pin id="29" dir="1" index="0" bw="1" slack="2147483647"/>
</pin_list>
<bind>
<StgValue><ssdm name="empty_1"/></StgValue>
</bind>
</comp>

<comp id="30" class="1001" name="const_30">
<pin_list>
<pin id="31" dir="1" index="0" bw="1" slack="2147483647"/>
</pin_list>
<bind>
<StgValue><ssdm name="empty_2"/></StgValue>
</bind>
</comp>

<comp id="32" class="1001" name="const_32">
<pin_list>
<pin id="33" dir="1" index="0" bw="1" slack="0"/>
</pin_list>
<bind>
<StgValue><ssdm name=""/></StgValue>
</bind>
</comp>

<comp id="34" class="1001" name="const_34">
<pin_list>
<pin id="35" dir="1" index="0" bw="1" slack="0"/>
</pin_list>
<bind>
<StgValue><ssdm name="_ssdm_op_BitConcatenate.i4.i2.i2"/></StgValue>
</bind>
</comp>

<comp id="36" class="1001" name="const_36">
<pin_list>
<pin id="37" dir="1" index="0" bw="1" slack="0"/>
</pin_list>
<bind>
<StgValue><ssdm name=""/></StgValue>
</bind>
</comp>

<comp id="38" class="1001" name="const_38">
<pin_list>
<pin id="39" dir="1" index="0" bw="1" slack="0"/>
</pin_list>
<bind>
<StgValue><ssdm name=""/></StgValue>
</bind>
</comp>

<comp id="40" class="1001" name="const_40">
<pin_list>
<pin id="41" dir="1" index="0" bw="1" slack="2147483647"/>
</pin_list>
<bind>
<StgValue><ssdm name="_ssdm_op_SpecLoopTripCount"/></StgValue>
</bind>
</comp>

<comp id="42" class="1001" name="const_42">
<pin_list>
<pin id="43" dir="1" index="0" bw="1" slack="2147483647"/>
</pin_list>
<bind>
<StgValue><ssdm name=""/></StgValue>
</bind>
</comp>

<comp id="44" class="1001" name="const_44">
<pin_list>
<pin id="45" dir="1" index="0" bw="1" slack="2147483647"/>
</pin_list>
<bind>
<StgValue><ssdm name="_ssdm_op_SpecLoopName"/></StgValue>
</bind>
</comp>

<comp id="46" class="1001" name="const_46">
<pin_list>
<pin id="47" dir="1" index="0" bw="1" slack="2147483647"/>
</pin_list>
<bind>
<StgValue><ssdm name="empty_7"/></StgValue>
</bind>
</comp>

<comp id="48" class="1001" name="const_48">
<pin_list>
<pin id="49" dir="1" index="0" bw="1" slack="0"/>
</pin_list>
<bind>
<StgValue><ssdm name=""/></StgValue>
</bind>
</comp>

<comp id="50" class="1001" name="const_50">
<pin_list>
<pin id="51" dir="1" index="0" bw="1" slack="2147483647"/>
</pin_list>
<bind>
<StgValue><ssdm name="empty_6"/></StgValue>
</bind>
</comp>

<comp id="52" class="1001" name="const_52">
<pin_list>
<pin id="53" dir="1" index="0" bw="1" slack="0"/>
</pin_list>
<bind>
<StgValue><ssdm name=""/></StgValue>
</bind>
</comp>

<comp id="54" class="1001" name="const_54">
<pin_list>
<pin id="55" dir="1" index="0" bw="1" slack="2147483647"/>
</pin_list>
<bind>
<StgValue><ssdm name="empty_8"/></StgValue>
</bind>
</comp>

<comp id="56" class="1001" name="const_56">
<pin_list>
<pin id="57" dir="1" index="0" bw="1" slack="2147483647"/>
</pin_list>
<bind>
<StgValue><ssdm name="empty_5"/></StgValue>
</bind>
</comp>

<comp id="58" class="1001" name="const_58">
<pin_list>
<pin id="59" dir="1" index="0" bw="1" slack="2"/>
</pin_list>
<bind>
<StgValue><ssdm name=""/></StgValue>
</bind>
</comp>

<comp id="60" class="1001" name="const_60">
<pin_list>
<pin id="61" dir="1" index="0" bw="1" slack="0"/>
</pin_list>
<bind>
<StgValue><ssdm name=""/></StgValue>
</bind>
</comp>

<comp id="62" class="1001" name="const_62">
<pin_list>
<pin id="63" dir="1" index="0" bw="1" slack="0"/>
</pin_list>
<bind>
<StgValue><ssdm name=""/></StgValue>
</bind>
</comp>

<comp id="64" class="1001" name="const_64">
<pin_list>
<pin id="65" dir="1" index="0" bw="1" slack="0"/>
</pin_list>
<bind>
<StgValue><ssdm name=""/></StgValue>
</bind>
</comp>

<comp id="66" class="1001" name="const_66">
<pin_list>
<pin id="67" dir="1" index="0" bw="1" slack="2147483647"/>
</pin_list>
<bind>
<StgValue><ssdm name="empty_4"/></StgValue>
</bind>
</comp>

<comp id="68" class="1004" name="i_fu_68">
<pin_list>
<pin id="69" dir="0" index="0" bw="1" slack="0"/>
<pin id="70" dir="1" index="1" bw="2" slack="0"/>
</pin_list>
<bind>
<opcode="alloca(26) " fcode="alloca"/>
<opset="i/1 "/>
</bind>
</comp>

<comp id="72" class="1004" name="aux_alloca_fu_72">
<pin_list>
<pin id="73" dir="0" index="0" bw="1" slack="0"/>
<pin id="74" dir="1" index="1" bw="4" slack="2147483647"/>
</pin_list>
<bind>
<opcode="alloca(26) " fcode="alloca"/>
<opset="aux/1 "/>
</bind>
</comp>

<comp id="76" class="1004" name="aux2_alloca_fu_76">
<pin_list>
<pin id="77" dir="0" index="0" bw="1" slack="0"/>
<pin id="78" dir="1" index="1" bw="4" slack="2147483647"/>
</pin_list>
<bind>
<opcode="alloca(26) " fcode="alloca"/>
<opset="aux2/1 "/>
</bind>
</comp>

<comp id="80" class="1004" name="i_1_fu_80">
<pin_list>
<pin id="81" dir="0" index="0" bw="1" slack="0"/>
<pin id="82" dir="1" index="1" bw="2" slack="0"/>
</pin_list>
<bind>
<opcode="alloca(26) " fcode="alloca"/>
<opset="i_1/2 "/>
</bind>
</comp>

<comp id="84" class="1004" name="sumpos_fu_84">
<pin_list>
<pin id="85" dir="0" index="0" bw="1" slack="0"/>
<pin id="86" dir="1" index="1" bw="4" slack="0"/>
</pin_list>
<bind>
<opcode="alloca(26) " fcode="alloca"/>
<opset="sumpos/10 "/>
</bind>
</comp>

<comp id="88" class="1004" name="sumneg_fu_88">
<pin_list>
<pin id="89" dir="0" index="0" bw="1" slack="0"/>
<pin id="90" dir="1" index="1" bw="4" slack="0"/>
</pin_list>
<bind>
<opcode="alloca(26) " fcode="alloca"/>
<opset="sumneg/10 "/>
</bind>
</comp>

<comp id="92" class="1004" name="i_2_fu_92">
<pin_list>
<pin id="93" dir="0" index="0" bw="1" slack="0"/>
<pin id="94" dir="1" index="1" bw="2" slack="0"/>
</pin_list>
<bind>
<opcode="alloca(26) " fcode="alloca"/>
<opset="i_2/10 "/>
</bind>
</comp>

<comp id="96" class="1004" name="res_addr_gep_fu_96">
<pin_list>
<pin id="97" dir="0" index="0" bw="4" slack="2147483647"/>
<pin id="98" dir="0" index="1" bw="1" slack="0"/>
<pin id="99" dir="0" index="2" bw="4" slack="0"/>
<pin id="100" dir="1" index="3" bw="4" slack="3"/>
</pin_list>
<bind>
<opcode="getelementptr(29) " fcode="getelementptr"/>
<opset="res_addr/4 "/>
</bind>
</comp>

<comp id="102" class="1004" name="a_addr_gep_fu_102">
<pin_list>
<pin id="103" dir="0" index="0" bw="4" slack="0"/>
<pin id="104" dir="0" index="1" bw="1" slack="0"/>
<pin id="105" dir="0" index="2" bw="4" slack="0"/>
<pin id="106" dir="1" index="3" bw="4" slack="0"/>
</pin_list>
<bind>
<opcode="getelementptr(29) " fcode="getelementptr"/>
<opset="a_addr/7 "/>
</bind>
</comp>

<comp id="109" class="1004" name="b_addr_gep_fu_109">
<pin_list>
<pin id="110" dir="0" index="0" bw="4" slack="0"/>
<pin id="111" dir="0" index="1" bw="1" slack="0"/>
<pin id="112" dir="0" index="2" bw="4" slack="0"/>
<pin id="113" dir="1" index="3" bw="4" slack="0"/>
</pin_list>
<bind>
<opcode="getelementptr(29) " fcode="getelementptr"/>
<opset="b_addr/7 "/>
</bind>
</comp>

<comp id="116" class="1004" name="grp_access_fu_116">
<pin_list>
<pin id="117" dir="0" index="0" bw="4" slack="0"/>
<pin id="118" dir="0" index="1" bw="4" slack="2147483647"/>
<pin id="119" dir="0" index="2" bw="0" slack="2147483647"/>
<pin id="120" dir="1" index="3" bw="4" slack="0"/>
</pin_list>
<bind>
<opcode="load(27) " fcode="load"/>
<opset="a_load/7 "/>
</bind>
</comp>

<comp id="122" class="1004" name="grp_access_fu_122">
<pin_list>
<pin id="123" dir="0" index="0" bw="4" slack="0"/>
<pin id="124" dir="0" index="1" bw="4" slack="2147483647"/>
<pin id="125" dir="0" index="2" bw="0" slack="2147483647"/>
<pin id="126" dir="1" index="3" bw="4" slack="0"/>
</pin_list>
<bind>
<opcode="load(27) " fcode="load"/>
<opset="b_load/7 "/>
</bind>
</comp>

<comp id="128" class="1004" name="grp_access_fu_128">
<pin_list>
<pin id="129" dir="0" index="0" bw="4" slack="0"/>
<pin id="130" dir="0" index="1" bw="4" slack="0"/>
<pin id="131" dir="0" index="2" bw="0" slack="2147483647"/>
<pin id="132" dir="1" index="3" bw="4" slack="0"/>
</pin_list>
<bind>
<opcode="load(27) store(28) " fcode="load"/>
<opset="store_ln43/7 res_load/12 "/>
</bind>
</comp>

<comp id="133" class="1004" name="c_addr_gep_fu_133">
<pin_list>
<pin id="134" dir="0" index="0" bw="4" slack="0"/>
<pin id="135" dir="0" index="1" bw="1" slack="0"/>
<pin id="136" dir="0" index="2" bw="4" slack="0"/>
<pin id="137" dir="1" index="3" bw="4" slack="0"/>
</pin_list>
<bind>
<opcode="getelementptr(29) " fcode="getelementptr"/>
<opset="c_addr/12 "/>
</bind>
</comp>

<comp id="140" class="1004" name="res_addr_1_gep_fu_140">
<pin_list>
<pin id="141" dir="0" index="0" bw="4" slack="2147483647"/>
<pin id="142" dir="0" index="1" bw="1" slack="0"/>
<pin id="143" dir="0" index="2" bw="4" slack="0"/>
<pin id="144" dir="1" index="3" bw="4" slack="0"/>
</pin_list>
<bind>
<opcode="getelementptr(29) " fcode="getelementptr"/>
<opset="res_addr_1/12 "/>
</bind>
</comp>

<comp id="146" class="1004" name="aux2_addr_gep_fu_146">
<pin_list>
<pin id="147" dir="0" index="0" bw="4" slack="2147483647"/>
<pin id="148" dir="0" index="1" bw="1" slack="0"/>
<pin id="149" dir="0" index="2" bw="4" slack="0"/>
<pin id="150" dir="1" index="3" bw="4" slack="2"/>
</pin_list>
<bind>
<opcode="getelementptr(29) " fcode="getelementptr"/>
<opset="aux2_addr/12 "/>
</bind>
</comp>

<comp id="153" class="1004" name="grp_access_fu_153">
<pin_list>
<pin id="154" dir="0" index="0" bw="4" slack="0"/>
<pin id="155" dir="0" index="1" bw="4" slack="2147483647"/>
<pin id="156" dir="0" index="2" bw="0" slack="2147483647"/>
<pin id="157" dir="1" index="3" bw="4" slack="0"/>
</pin_list>
<bind>
<opcode="load(27) " fcode="load"/>
<opset="c_load/12 "/>
</bind>
</comp>

<comp id="159" class="1004" name="grp_access_fu_159">
<pin_list>
<pin id="160" dir="0" index="0" bw="4" slack="0"/>
<pin id="161" dir="0" index="1" bw="4" slack="1"/>
<pin id="162" dir="0" index="2" bw="0" slack="2147483647"/>
<pin id="163" dir="1" index="3" bw="4" slack="0"/>
</pin_list>
<bind>
<opcode="load(27) store(28) " fcode="load"/>
<opset="store_ln59/14 aux2_load/20 aux2_load_1/21 "/>
</bind>
</comp>

<comp id="164" class="1004" name="aux2_addr_1_gep_fu_164">
<pin_list>
<pin id="165" dir="0" index="0" bw="4" slack="2147483647"/>
<pin id="166" dir="0" index="1" bw="1" slack="0"/>
<pin id="167" dir="0" index="2" bw="4" slack="0"/>
<pin id="168" dir="1" index="3" bw="4" slack="0"/>
</pin_list>
<bind>
<opcode="getelementptr(29) " fcode="getelementptr"/>
<opset="aux2_addr_1/20 "/>
</bind>
</comp>

<comp id="171" class="1004" name="aux2_addr_2_gep_fu_171">
<pin_list>
<pin id="172" dir="0" index="0" bw="4" slack="2147483647"/>
<pin id="173" dir="0" index="1" bw="1" slack="0"/>
<pin id="174" dir="0" index="2" bw="4" slack="0"/>
<pin id="175" dir="1" index="3" bw="4" slack="0"/>
</pin_list>
<bind>
<opcode="getelementptr(29) " fcode="getelementptr"/>
<opset="aux2_addr_2/21 "/>
</bind>
</comp>

<comp id="178" class="1005" name="reg_178">
<pin_list>
<pin id="179" dir="0" index="0" bw="4" slack="0"/>
<pin id="180" dir="1" index="1" bw="4" slack="0"/>
</pin_list>
<bind>
<opset="j (phireg) add_ln43_2 j_3 mul_ln43 "/>
</bind>
</comp>

<comp id="182" class="1004" name="j_phi_fu_182">
<pin_list>
<pin id="183" dir="0" index="0" bw="2" slack="1"/>
<pin id="184" dir="0" index="1" bw="0" slack="2147483647"/>
<pin id="185" dir="0" index="2" bw="1" slack="1"/>
<pin id="186" dir="0" index="3" bw="0" slack="2147483647"/>
<pin id="187" dir="1" index="4" bw="2" slack="0"/>
</pin_list>
<bind>
<opcode="phi(47) " fcode="phi"/>
<opset="j/3 "/>
</bind>
</comp>

<comp id="190" class="1005" name="reg_190">
<pin_list>
<pin id="191" dir="0" index="0" bw="4" slack="1"/>
<pin id="192" dir="1" index="1" bw="4" slack="1"/>
</pin_list>
<bind>
<opset="k (phireg) product2_1 "/>
</bind>
</comp>

<comp id="194" class="1004" name="k_phi_fu_194">
<pin_list>
<pin id="195" dir="0" index="0" bw="2" slack="1"/>
<pin id="196" dir="0" index="1" bw="0" slack="2147483647"/>
<pin id="197" dir="0" index="2" bw="1" slack="1"/>
<pin id="198" dir="0" index="3" bw="0" slack="2147483647"/>
<pin id="199" dir="1" index="4" bw="2" slack="0"/>
</pin_list>
<bind>
<opcode="phi(47) " fcode="phi"/>
<opset="k/5 "/>
</bind>
</comp>

<comp id="202" class="1005" name="reg_202">
<pin_list>
<pin id="203" dir="0" index="0" bw="4" slack="1"/>
<pin id="204" dir="1" index="1" bw="4" slack="1"/>
</pin_list>
<bind>
<opset="conv4_i25_i (phireg) product1_1 "/>
</bind>
</comp>

<comp id="206" class="1004" name="conv4_i25_i_phi_fu_206">
<pin_list>
<pin id="207" dir="0" index="0" bw="4" slack="1"/>
<pin id="208" dir="0" index="1" bw="0" slack="2147483647"/>
<pin id="209" dir="0" index="2" bw="1" slack="3"/>
<pin id="210" dir="0" index="3" bw="0" slack="2147483647"/>
<pin id="211" dir="1" index="4" bw="4" slack="0"/>
</pin_list>
<bind>
<opcode="phi(47) " fcode="phi"/>
<opset="conv4_i25_i/7 "/>
</bind>
</comp>

<comp id="215" class="1005" name="reg_215">
<pin_list>
<pin id="216" dir="0" index="0" bw="4" slack="1"/>
<pin id="217" dir="1" index="1" bw="4" slack="1"/>
</pin_list>
<bind>
<opset="j_1 (phireg) add_ln43 add_ln59 add_ln11 "/>
</bind>
</comp>

<comp id="219" class="1004" name="j_1_phi_fu_219">
<pin_list>
<pin id="220" dir="0" index="0" bw="2" slack="1"/>
<pin id="221" dir="0" index="1" bw="0" slack="2147483647"/>
<pin id="222" dir="0" index="2" bw="1" slack="1"/>
<pin id="223" dir="0" index="3" bw="0" slack="2147483647"/>
<pin id="224" dir="1" index="4" bw="2" slack="0"/>
</pin_list>
<bind>
<opcode="phi(47) " fcode="phi"/>
<opset="j_1/11 "/>
</bind>
</comp>

<comp id="227" class="1005" name="reg_227">
<pin_list>
<pin id="228" dir="0" index="0" bw="2" slack="1"/>
<pin id="229" dir="1" index="1" bw="2" slack="1"/>
</pin_list>
<bind>
<opset="j_2 (phireg) add_ln37 add_ln56 "/>
</bind>
</comp>

<comp id="231" class="1004" name="j_2_phi_fu_231">
<pin_list>
<pin id="232" dir="0" index="0" bw="2" slack="0"/>
<pin id="233" dir="0" index="1" bw="0" slack="2147483647"/>
<pin id="234" dir="0" index="2" bw="1" slack="1"/>
<pin id="235" dir="0" index="3" bw="0" slack="2147483647"/>
<pin id="236" dir="1" index="4" bw="2" slack="0"/>
</pin_list>
<bind>
<opcode="phi(47) " fcode="phi"/>
<opset="j_2/16 "/>
</bind>
</comp>

<comp id="239" class="1005" name="reg_239">
<pin_list>
<pin id="240" dir="0" index="0" bw="4" slack="1"/>
<pin id="241" dir="1" index="1" bw="4" slack="1"/>
</pin_list>
<bind>
<opset="product2 (phireg) add_ln41 add_ln39 add_ln59_1 add_ln58 "/>
</bind>
</comp>

<comp id="243" class="1004" name="product2_phi_fu_243">
<pin_list>
<pin id="244" dir="0" index="0" bw="4" slack="1"/>
<pin id="245" dir="0" index="1" bw="0" slack="2147483647"/>
<pin id="246" dir="0" index="2" bw="1" slack="2"/>
<pin id="247" dir="0" index="3" bw="0" slack="2147483647"/>
<pin id="248" dir="1" index="4" bw="4" slack="1"/>
</pin_list>
<bind>
<opcode="phi(47) " fcode="phi"/>
<opset="product2/17 "/>
</bind>
</comp>

<comp id="251" class="1005" name="reg_251">
<pin_list>
<pin id="252" dir="0" index="0" bw="4" slack="1"/>
<pin id="253" dir="1" index="1" bw="4" slack="1"/>
</pin_list>
<bind>
<opset="product1 (phireg) add_ln43_1 add_ln42 "/>
</bind>
</comp>

<comp id="255" class="1004" name="product1_phi_fu_255">
<pin_list>
<pin id="256" dir="0" index="0" bw="4" slack="1"/>
<pin id="257" dir="0" index="1" bw="0" slack="2147483647"/>
<pin id="258" dir="0" index="2" bw="1" slack="2"/>
<pin id="259" dir="0" index="3" bw="0" slack="2147483647"/>
<pin id="260" dir="1" index="4" bw="4" slack="0"/>
</pin_list>
<bind>
<opcode="phi(47) " fcode="phi"/>
<opset="product1/17 "/>
</bind>
</comp>

<comp id="263" class="1004" name="grp_fu_263">
<pin_list>
<pin id="268" dir="0" index="0" bw="4" slack="0"/>
<pin id="269" dir="0" index="1" bw="4" slack="0"/>
<pin id="270" dir="1" index="2" bw="4" slack="0"/>
</pin_list>
<bind>
<opcode="add(8) " fcode="add"/>
<opset="add_ln37/2 add_ln41/3 add_ln39/4 add_ln43_1/5 add_ln43_2/6 add_ln42/7 add_ln43/9 add_ln56/10 add_ln59_1/11 add_ln58/12 add_ln59/13 add_ln11/15 j_3/16 add_ln17/17 sumpos_1/17 add_ln19/18 col/19 add_ln20/20 add_ln21/21 sumneg_1/23 "/>
</bind>
</comp>

<comp id="346" class="1005" name="col_reg_346">
<pin_list>
<pin id="347" dir="0" index="0" bw="4" slack="1"/>
<pin id="348" dir="1" index="1" bw="4" slack="1"/>
</pin_list>
<bind>
<opset="col "/>
</bind>
</comp>

<comp id="351" class="1005" name="add_ln19_reg_351">
<pin_list>
<pin id="352" dir="0" index="0" bw="3" slack="1"/>
<pin id="353" dir="1" index="1" bw="3" slack="1"/>
</pin_list>
<bind>
<opset="add_ln19 "/>
</bind>
</comp>

<comp id="378" class="1004" name="grp_fu_378">
<pin_list>
<pin id="384" dir="0" index="0" bw="4" slack="0"/>
<pin id="385" dir="0" index="1" bw="4" slack="0"/>
<pin id="386" dir="1" index="2" bw="4" slack="1"/>
</pin_list>
<bind>
<opcode="mul(12) " fcode="mul"/>
<opset="mul_ln43/8 product1_1/21 product2_1/22 "/>
</bind>
</comp>

<comp id="435" class="1004" name="grp_load_fu_435">
<pin_list>
<pin id="436" dir="0" index="0" bw="4" slack="1"/>
<pin id="437" dir="1" index="1" bw="4" slack="0"/>
</pin_list>
<bind>
<opcode="load(27) " fcode="load"/>
<opset="sumpos_load_1/15 sumpos_load/17 "/>
</bind>
</comp>

<comp id="439" class="1004" name="grp_load_fu_439">
<pin_list>
<pin id="440" dir="0" index="0" bw="4" slack="1"/>
<pin id="441" dir="1" index="1" bw="4" slack="0"/>
</pin_list>
<bind>
<opcode="load(27) " fcode="load"/>
<opset="sumneg_load_1/15 sumneg_load/23 "/>
</bind>
</comp>

<comp id="443" class="1004" name="store_ln37_store_fu_443">
<pin_list>
<pin id="444" dir="0" index="0" bw="1" slack="0"/>
<pin id="445" dir="0" index="1" bw="2" slack="0"/>
<pin id="446" dir="1" index="2" bw="0" slack="2147483647"/>
</pin_list>
<bind>
<opcode="store(28) " fcode="store"/>
<opset="store_ln37/1 "/>
</bind>
</comp>

<comp id="448" class="1004" name="i_3_load_fu_448">
<pin_list>
<pin id="449" dir="0" index="0" bw="2" slack="1"/>
<pin id="450" dir="1" index="1" bw="2" slack="0"/>
</pin_list>
<bind>
<opcode="load(27) " fcode="load"/>
<opset="i_3/2 "/>
</bind>
</comp>

<comp id="452" class="1004" name="zext_ln43_fu_452">
<pin_list>
<pin id="453" dir="0" index="0" bw="2" slack="0"/>
<pin id="454" dir="1" index="1" bw="4" slack="0"/>
</pin_list>
<bind>
<opcode="zext(34) " fcode="zext"/>
<opset="zext_ln43/2 "/>
</bind>
</comp>

<comp id="456" class="1004" name="tmp_fu_456">
<pin_list>
<pin id="457" dir="0" index="0" bw="4" slack="0"/>
<pin id="458" dir="0" index="1" bw="2" slack="0"/>
<pin id="459" dir="0" index="2" bw="1" slack="0"/>
<pin id="460" dir="1" index="3" bw="4" slack="0"/>
</pin_list>
<bind>
<opcode="bitconcatenate(1004) " fcode="bitconcatenate"/>
<opset="tmp/2 "/>
</bind>
</comp>

<comp id="464" class="1004" name="sub_ln43_fu_464">
<pin_list>
<pin id="465" dir="0" index="0" bw="4" slack="0"/>
<pin id="466" dir="0" index="1" bw="2" slack="0"/>
<pin id="467" dir="1" index="2" bw="4" slack="1"/>
</pin_list>
<bind>
<opcode="sub(10) " fcode="sub"/>
<opset="sub_ln43/2 "/>
</bind>
</comp>

<comp id="470" class="1004" name="icmp_ln37_fu_470">
<pin_list>
<pin id="471" dir="0" index="0" bw="2" slack="0"/>
<pin id="472" dir="0" index="1" bw="1" slack="0"/>
<pin id="473" dir="1" index="2" bw="1" slack="2147483647"/>
</pin_list>
<bind>
<opcode="icmp(45) " fcode="icmp"/>
<opset="icmp_ln37/2 "/>
</bind>
</comp>

<comp id="476" class="1004" name="store_ln59_store_fu_476">
<pin_list>
<pin id="477" dir="0" index="0" bw="1" slack="0"/>
<pin id="478" dir="0" index="1" bw="2" slack="0"/>
<pin id="479" dir="1" index="2" bw="0" slack="2147483647"/>
</pin_list>
<bind>
<opcode="store(28) " fcode="store"/>
<opset="store_ln59/2 "/>
</bind>
</comp>

<comp id="481" class="1004" name="zext_ln41_fu_481">
<pin_list>
<pin id="482" dir="0" index="0" bw="2" slack="0"/>
<pin id="483" dir="1" index="1" bw="4" slack="0"/>
</pin_list>
<bind>
<opcode="zext(34) " fcode="zext"/>
<opset="zext_ln41/3 "/>
</bind>
</comp>

<comp id="486" class="1004" name="zext_ln41_1_fu_486">
<pin_list>
<pin id="487" dir="0" index="0" bw="4" slack="1"/>
<pin id="488" dir="1" index="1" bw="64" slack="0"/>
</pin_list>
<bind>
<opcode="zext(34) " fcode="zext"/>
<opset="zext_ln41_1/4 "/>
</bind>
</comp>

<comp id="491" class="1004" name="icmp_ln39_fu_491">
<pin_list>
<pin id="492" dir="0" index="0" bw="2" slack="1"/>
<pin id="493" dir="0" index="1" bw="1" slack="0"/>
<pin id="494" dir="1" index="2" bw="1" slack="2147483647"/>
</pin_list>
<bind>
<opcode="icmp(45) " fcode="icmp"/>
<opset="icmp_ln39/4 "/>
</bind>
</comp>

<comp id="497" class="1004" name="store_ln37_store_fu_497">
<pin_list>
<pin id="498" dir="0" index="0" bw="2" slack="2"/>
<pin id="499" dir="0" index="1" bw="2" slack="3"/>
<pin id="500" dir="1" index="2" bw="0" slack="2147483647"/>
</pin_list>
<bind>
<opcode="store(28) " fcode="store"/>
<opset="store_ln37/4 "/>
</bind>
</comp>

<comp id="502" class="1004" name="zext_ln43_1_fu_502">
<pin_list>
<pin id="503" dir="0" index="0" bw="2" slack="0"/>
<pin id="504" dir="1" index="1" bw="4" slack="0"/>
</pin_list>
<bind>
<opcode="zext(34) " fcode="zext"/>
<opset="zext_ln43_1/5 "/>
</bind>
</comp>

<comp id="507" class="1004" name="tmp_2_fu_507">
<pin_list>
<pin id="508" dir="0" index="0" bw="4" slack="0"/>
<pin id="509" dir="0" index="1" bw="2" slack="1"/>
<pin id="510" dir="0" index="2" bw="1" slack="0"/>
<pin id="511" dir="1" index="3" bw="4" slack="0"/>
</pin_list>
<bind>
<opcode="bitconcatenate(1004) " fcode="bitconcatenate"/>
<opset="tmp_2/6 "/>
</bind>
</comp>

<comp id="515" class="1004" name="sub_ln43_1_fu_515">
<pin_list>
<pin id="516" dir="0" index="0" bw="4" slack="0"/>
<pin id="517" dir="0" index="1" bw="2" slack="1"/>
<pin id="518" dir="1" index="2" bw="4" slack="0"/>
</pin_list>
<bind>
<opcode="sub(10) " fcode="sub"/>
<opset="sub_ln43_1/6 "/>
</bind>
</comp>

<comp id="521" class="1004" name="zext_ln43_2_fu_521">
<pin_list>
<pin id="522" dir="0" index="0" bw="4" slack="2"/>
<pin id="523" dir="1" index="1" bw="64" slack="0"/>
</pin_list>
<bind>
<opcode="zext(34) " fcode="zext"/>
<opset="zext_ln43_2/7 "/>
</bind>
</comp>

<comp id="526" class="1004" name="zext_ln43_3_fu_526">
<pin_list>
<pin id="527" dir="0" index="0" bw="4" slack="1"/>
<pin id="528" dir="1" index="1" bw="64" slack="0"/>
</pin_list>
<bind>
<opcode="zext(34) " fcode="zext"/>
<opset="zext_ln43_3/7 "/>
</bind>
</comp>

<comp id="531" class="1004" name="icmp_ln42_fu_531">
<pin_list>
<pin id="532" dir="0" index="0" bw="2" slack="2"/>
<pin id="533" dir="0" index="1" bw="1" slack="0"/>
<pin id="534" dir="1" index="2" bw="1" slack="2147483647"/>
</pin_list>
<bind>
<opcode="icmp(45) " fcode="icmp"/>
<opset="icmp_ln42/7 "/>
</bind>
</comp>

<comp id="537" class="1004" name="i_4_load_fu_537">
<pin_list>
<pin id="538" dir="0" index="0" bw="2" slack="1"/>
<pin id="539" dir="1" index="1" bw="2" slack="0"/>
</pin_list>
<bind>
<opcode="load(27) " fcode="load"/>
<opset="i_4/10 "/>
</bind>
</comp>

<comp id="541" class="1004" name="zext_ln59_fu_541">
<pin_list>
<pin id="542" dir="0" index="0" bw="2" slack="0"/>
<pin id="543" dir="1" index="1" bw="4" slack="0"/>
</pin_list>
<bind>
<opcode="zext(34) " fcode="zext"/>
<opset="zext_ln59/10 "/>
</bind>
</comp>

<comp id="545" class="1004" name="tmp_1_fu_545">
<pin_list>
<pin id="546" dir="0" index="0" bw="4" slack="0"/>
<pin id="547" dir="0" index="1" bw="2" slack="0"/>
<pin id="548" dir="0" index="2" bw="1" slack="0"/>
<pin id="549" dir="1" index="3" bw="4" slack="0"/>
</pin_list>
<bind>
<opcode="bitconcatenate(1004) " fcode="bitconcatenate"/>
<opset="tmp_1/10 "/>
</bind>
</comp>

<comp id="553" class="1004" name="sub_ln59_fu_553">
<pin_list>
<pin id="554" dir="0" index="0" bw="4" slack="0"/>
<pin id="555" dir="0" index="1" bw="2" slack="0"/>
<pin id="556" dir="1" index="2" bw="4" slack="1"/>
</pin_list>
<bind>
<opcode="sub(10) " fcode="sub"/>
<opset="sub_ln59/10 "/>
</bind>
</comp>

<comp id="559" class="1004" name="icmp_ln56_fu_559">
<pin_list>
<pin id="560" dir="0" index="0" bw="2" slack="0"/>
<pin id="561" dir="0" index="1" bw="1" slack="0"/>
<pin id="562" dir="1" index="2" bw="1" slack="2147483647"/>
</pin_list>
<bind>
<opcode="icmp(45) " fcode="icmp"/>
<opset="icmp_ln56/10 "/>
</bind>
</comp>

<comp id="565" class="1004" name="store_ln11_store_fu_565">
<pin_list>
<pin id="566" dir="0" index="0" bw="1" slack="0"/>
<pin id="567" dir="0" index="1" bw="2" slack="0"/>
<pin id="568" dir="1" index="2" bw="0" slack="2147483647"/>
</pin_list>
<bind>
<opcode="store(28) " fcode="store"/>
<opset="store_ln11/10 "/>
</bind>
</comp>

<comp id="570" class="1004" name="store_ln11_store_fu_570">
<pin_list>
<pin id="571" dir="0" index="0" bw="1" slack="0"/>
<pin id="572" dir="0" index="1" bw="4" slack="0"/>
<pin id="573" dir="1" index="2" bw="0" slack="2147483647"/>
</pin_list>
<bind>
<opcode="store(28) " fcode="store"/>
<opset="store_ln11/10 "/>
</bind>
</comp>

<comp id="575" class="1004" name="store_ln11_store_fu_575">
<pin_list>
<pin id="576" dir="0" index="0" bw="1" slack="0"/>
<pin id="577" dir="0" index="1" bw="4" slack="0"/>
<pin id="578" dir="1" index="2" bw="0" slack="2147483647"/>
</pin_list>
<bind>
<opcode="store(28) " fcode="store"/>
<opset="store_ln11/10 "/>
</bind>
</comp>

<comp id="580" class="1004" name="zext_ln59_1_fu_580">
<pin_list>
<pin id="581" dir="0" index="0" bw="2" slack="0"/>
<pin id="582" dir="1" index="1" bw="4" slack="0"/>
</pin_list>
<bind>
<opcode="zext(34) " fcode="zext"/>
<opset="zext_ln59_1/11 "/>
</bind>
</comp>

<comp id="585" class="1004" name="zext_ln59_2_fu_585">
<pin_list>
<pin id="586" dir="0" index="0" bw="4" slack="1"/>
<pin id="587" dir="1" index="1" bw="64" slack="0"/>
</pin_list>
<bind>
<opcode="zext(34) " fcode="zext"/>
<opset="zext_ln59_2/12 "/>
</bind>
</comp>

<comp id="592" class="1004" name="icmp_ln58_fu_592">
<pin_list>
<pin id="593" dir="0" index="0" bw="2" slack="1"/>
<pin id="594" dir="0" index="1" bw="1" slack="0"/>
<pin id="595" dir="1" index="2" bw="1" slack="2147483647"/>
</pin_list>
<bind>
<opcode="icmp(45) " fcode="icmp"/>
<opset="icmp_ln58/12 "/>
</bind>
</comp>

<comp id="598" class="1004" name="store_ln56_store_fu_598">
<pin_list>
<pin id="599" dir="0" index="0" bw="2" slack="2"/>
<pin id="600" dir="0" index="1" bw="2" slack="3"/>
<pin id="601" dir="1" index="2" bw="0" slack="2147483647"/>
</pin_list>
<bind>
<opcode="store(28) " fcode="store"/>
<opset="store_ln56/12 "/>
</bind>
</comp>

<comp id="603" class="1004" name="i_5_load_fu_603">
<pin_list>
<pin id="604" dir="0" index="0" bw="2" slack="1"/>
<pin id="605" dir="1" index="1" bw="2" slack="0"/>
</pin_list>
<bind>
<opcode="load(27) " fcode="load"/>
<opset="i_5/15 "/>
</bind>
</comp>

<comp id="607" class="1004" name="zext_ln11_fu_607">
<pin_list>
<pin id="608" dir="0" index="0" bw="2" slack="0"/>
<pin id="609" dir="1" index="1" bw="3" slack="2"/>
</pin_list>
<bind>
<opcode="zext(34) " fcode="zext"/>
<opset="zext_ln11/15 "/>
</bind>
</comp>

<comp id="611" class="1004" name="icmp_ln11_fu_611">
<pin_list>
<pin id="612" dir="0" index="0" bw="2" slack="0"/>
<pin id="613" dir="0" index="1" bw="1" slack="0"/>
<pin id="614" dir="1" index="2" bw="1" slack="2147483647"/>
</pin_list>
<bind>
<opcode="icmp(45) " fcode="icmp"/>
<opset="icmp_ln11/15 "/>
</bind>
</comp>

<comp id="617" class="1004" name="zext_ln15_fu_617">
<pin_list>
<pin id="618" dir="0" index="0" bw="2" slack="0"/>
<pin id="619" dir="1" index="1" bw="4" slack="4"/>
</pin_list>
<bind>
<opcode="zext(34) " fcode="zext"/>
<opset="zext_ln15/15 "/>
</bind>
</comp>

<comp id="621" class="1004" name="sum_fu_621">
<pin_list>
<pin id="622" dir="0" index="0" bw="4" slack="0"/>
<pin id="623" dir="0" index="1" bw="4" slack="0"/>
<pin id="624" dir="1" index="2" bw="4" slack="0"/>
</pin_list>
<bind>
<opcode="sub(10) " fcode="sub"/>
<opset="sum/15 "/>
</bind>
</comp>

<comp id="627" class="1004" name="sext_ln89_fu_627">
<pin_list>
<pin id="628" dir="0" index="0" bw="4" slack="0"/>
<pin id="629" dir="1" index="1" bw="32" slack="2147483647"/>
</pin_list>
<bind>
<opcode="sext(35) " fcode="sext"/>
<opset="sext_ln89/15 "/>
</bind>
</comp>

<comp id="631" class="1004" name="zext_ln20_fu_631">
<pin_list>
<pin id="632" dir="0" index="0" bw="2" slack="1"/>
<pin id="633" dir="1" index="1" bw="4" slack="0"/>
</pin_list>
<bind>
<opcode="zext(34) " fcode="zext"/>
<opset="zext_ln20/17 "/>
</bind>
</comp>

<comp id="635" class="1004" name="tmp_3_fu_635">
<pin_list>
<pin id="636" dir="0" index="0" bw="4" slack="0"/>
<pin id="637" dir="0" index="1" bw="2" slack="1"/>
<pin id="638" dir="0" index="2" bw="1" slack="0"/>
<pin id="639" dir="1" index="3" bw="4" slack="0"/>
</pin_list>
<bind>
<opcode="bitconcatenate(1004) " fcode="bitconcatenate"/>
<opset="tmp_3/17 "/>
</bind>
</comp>

<comp id="643" class="1004" name="sub_ln20_fu_643">
<pin_list>
<pin id="644" dir="0" index="0" bw="4" slack="0"/>
<pin id="645" dir="0" index="1" bw="2" slack="0"/>
<pin id="646" dir="1" index="2" bw="4" slack="3"/>
</pin_list>
<bind>
<opcode="sub(10) " fcode="sub"/>
<opset="sub_ln20/17 "/>
</bind>
</comp>

<comp id="649" class="1004" name="zext_ln15_1_fu_649">
<pin_list>
<pin id="650" dir="0" index="0" bw="2" slack="1"/>
<pin id="651" dir="1" index="1" bw="3" slack="0"/>
</pin_list>
<bind>
<opcode="zext(34) " fcode="zext"/>
<opset="zext_ln15_1/17 "/>
</bind>
</comp>

<comp id="654" class="1004" name="icmp_ln15_fu_654">
<pin_list>
<pin id="655" dir="0" index="0" bw="2" slack="1"/>
<pin id="656" dir="0" index="1" bw="1" slack="0"/>
<pin id="657" dir="1" index="2" bw="1" slack="2147483647"/>
</pin_list>
<bind>
<opcode="icmp(45) " fcode="icmp"/>
<opset="icmp_ln15/17 "/>
</bind>
</comp>

<comp id="660" class="1004" name="icmp_ln18_fu_660">
<pin_list>
<pin id="661" dir="0" index="0" bw="3" slack="0"/>
<pin id="662" dir="0" index="1" bw="3" slack="0"/>
<pin id="663" dir="1" index="2" bw="1" slack="1"/>
</pin_list>
<bind>
<opcode="icmp(45) " fcode="icmp"/>
<opset="icmp_ln18/17 "/>
</bind>
</comp>

<comp id="666" class="1004" name="store_ln11_store_fu_666">
<pin_list>
<pin id="667" dir="0" index="0" bw="2" slack="2"/>
<pin id="668" dir="0" index="1" bw="2" slack="3"/>
<pin id="669" dir="1" index="2" bw="0" slack="2147483647"/>
</pin_list>
<bind>
<opcode="store(28) " fcode="store"/>
<opset="store_ln11/17 "/>
</bind>
</comp>

<comp id="671" class="1004" name="store_ln11_store_fu_671">
<pin_list>
<pin id="672" dir="0" index="0" bw="4" slack="0"/>
<pin id="673" dir="0" index="1" bw="4" slack="3"/>
<pin id="674" dir="1" index="2" bw="0" slack="2147483647"/>
</pin_list>
<bind>
<opcode="store(28) " fcode="store"/>
<opset="store_ln11/17 "/>
</bind>
</comp>

<comp id="676" class="1004" name="select_ln18_fu_676">
<pin_list>
<pin id="677" dir="0" index="0" bw="1" slack="2"/>
<pin id="678" dir="0" index="1" bw="3" slack="1"/>
<pin id="679" dir="0" index="2" bw="2" slack="2"/>
<pin id="680" dir="1" index="3" bw="3" slack="0"/>
</pin_list>
<bind>
<opcode="select(49) " fcode="select"/>
<opset="select_ln18/19 "/>
</bind>
</comp>

<comp id="682" class="1004" name="sext_ln18_fu_682">
<pin_list>
<pin id="683" dir="0" index="0" bw="3" slack="0"/>
<pin id="684" dir="1" index="1" bw="4" slack="0"/>
</pin_list>
<bind>
<opcode="sext(35) " fcode="sext"/>
<opset="sext_ln18/19 "/>
</bind>
</comp>

<comp id="687" class="1004" name="zext_ln20_1_fu_687">
<pin_list>
<pin id="688" dir="0" index="0" bw="4" slack="0"/>
<pin id="689" dir="1" index="1" bw="64" slack="0"/>
</pin_list>
<bind>
<opcode="zext(34) " fcode="zext"/>
<opset="zext_ln20_1/20 "/>
</bind>
</comp>

<comp id="692" class="1004" name="sub_ln21_fu_692">
<pin_list>
<pin id="693" dir="0" index="0" bw="2" slack="0"/>
<pin id="694" dir="0" index="1" bw="2" slack="4"/>
<pin id="695" dir="1" index="2" bw="2" slack="1"/>
</pin_list>
<bind>
<opcode="sub(10) " fcode="sub"/>
<opset="sub_ln21/20 "/>
</bind>
</comp>

<comp id="698" class="1004" name="zext_ln21_fu_698">
<pin_list>
<pin id="699" dir="0" index="0" bw="2" slack="1"/>
<pin id="700" dir="1" index="1" bw="4" slack="0"/>
</pin_list>
<bind>
<opcode="zext(34) " fcode="zext"/>
<opset="zext_ln21/21 "/>
</bind>
</comp>

<comp id="701" class="1004" name="tmp_4_fu_701">
<pin_list>
<pin id="702" dir="0" index="0" bw="4" slack="0"/>
<pin id="703" dir="0" index="1" bw="2" slack="1"/>
<pin id="704" dir="0" index="2" bw="1" slack="0"/>
<pin id="705" dir="1" index="3" bw="4" slack="0"/>
</pin_list>
<bind>
<opcode="bitconcatenate(1004) " fcode="bitconcatenate"/>
<opset="tmp_4/21 "/>
</bind>
</comp>

<comp id="708" class="1004" name="sub_ln21_1_fu_708">
<pin_list>
<pin id="709" dir="0" index="0" bw="4" slack="0"/>
<pin id="710" dir="0" index="1" bw="2" slack="0"/>
<pin id="711" dir="1" index="2" bw="4" slack="0"/>
</pin_list>
<bind>
<opcode="sub(10) " fcode="sub"/>
<opset="sub_ln21_1/21 "/>
</bind>
</comp>

<comp id="715" class="1004" name="zext_ln21_1_fu_715">
<pin_list>
<pin id="716" dir="0" index="0" bw="4" slack="0"/>
<pin id="717" dir="1" index="1" bw="64" slack="0"/>
</pin_list>
<bind>
<opcode="zext(34) " fcode="zext"/>
<opset="zext_ln21_1/21 "/>
</bind>
</comp>

<comp id="720" class="1004" name="store_ln11_store_fu_720">
<pin_list>
<pin id="721" dir="0" index="0" bw="4" slack="0"/>
<pin id="722" dir="0" index="1" bw="4" slack="4"/>
<pin id="723" dir="1" index="2" bw="0" slack="2147483647"/>
</pin_list>
<bind>
<opcode="store(28) " fcode="store"/>
<opset="store_ln11/23 "/>
</bind>
</comp>

<comp id="725" class="1005" name="i_reg_725">
<pin_list>
<pin id="726" dir="0" index="0" bw="2" slack="0"/>
<pin id="727" dir="1" index="1" bw="2" slack="0"/>
</pin_list>
<bind>
<opset="i "/>
</bind>
</comp>

<comp id="732" class="1005" name="sub_ln43_reg_732">
<pin_list>
<pin id="733" dir="0" index="0" bw="4" slack="1"/>
<pin id="734" dir="1" index="1" bw="4" slack="1"/>
</pin_list>
<bind>
<opset="sub_ln43 "/>
</bind>
</comp>

<comp id="740" class="1005" name="i_1_reg_740">
<pin_list>
<pin id="741" dir="0" index="0" bw="2" slack="0"/>
<pin id="742" dir="1" index="1" bw="2" slack="0"/>
</pin_list>
<bind>
<opset="i_1 "/>
</bind>
</comp>

<comp id="747" class="1005" name="zext_ln41_reg_747">
<pin_list>
<pin id="748" dir="0" index="0" bw="4" slack="3"/>
<pin id="749" dir="1" index="1" bw="4" slack="3"/>
</pin_list>
<bind>
<opset="zext_ln41 "/>
</bind>
</comp>

<comp id="752" class="1005" name="res_addr_reg_752">
<pin_list>
<pin id="753" dir="0" index="0" bw="4" slack="3"/>
<pin id="754" dir="1" index="1" bw="4" slack="3"/>
</pin_list>
<bind>
<opset="res_addr "/>
</bind>
</comp>

<comp id="760" class="1005" name="zext_ln43_1_reg_760">
<pin_list>
<pin id="761" dir="0" index="0" bw="4" slack="1"/>
<pin id="762" dir="1" index="1" bw="4" slack="1"/>
</pin_list>
<bind>
<opset="zext_ln43_1 "/>
</bind>
</comp>

<comp id="765" class="1005" name="a_addr_reg_765">
<pin_list>
<pin id="766" dir="0" index="0" bw="4" slack="1"/>
<pin id="767" dir="1" index="1" bw="4" slack="1"/>
</pin_list>
<bind>
<opset="a_addr "/>
</bind>
</comp>

<comp id="770" class="1005" name="b_addr_reg_770">
<pin_list>
<pin id="771" dir="0" index="0" bw="4" slack="1"/>
<pin id="772" dir="1" index="1" bw="4" slack="1"/>
</pin_list>
<bind>
<opset="b_addr "/>
</bind>
</comp>

<comp id="778" class="1005" name="sub_ln59_reg_778">
<pin_list>
<pin id="779" dir="0" index="0" bw="4" slack="1"/>
<pin id="780" dir="1" index="1" bw="4" slack="1"/>
</pin_list>
<bind>
<opset="sub_ln59 "/>
</bind>
</comp>

<comp id="786" class="1005" name="sumpos_reg_786">
<pin_list>
<pin id="787" dir="0" index="0" bw="4" slack="0"/>
<pin id="788" dir="1" index="1" bw="4" slack="0"/>
</pin_list>
<bind>
<opset="sumpos "/>
</bind>
</comp>

<comp id="793" class="1005" name="sumneg_reg_793">
<pin_list>
<pin id="794" dir="0" index="0" bw="4" slack="0"/>
<pin id="795" dir="1" index="1" bw="4" slack="0"/>
</pin_list>
<bind>
<opset="sumneg "/>
</bind>
</comp>

<comp id="800" class="1005" name="i_2_reg_800">
<pin_list>
<pin id="801" dir="0" index="0" bw="2" slack="0"/>
<pin id="802" dir="1" index="1" bw="2" slack="0"/>
</pin_list>
<bind>
<opset="i_2 "/>
</bind>
</comp>

<comp id="807" class="1005" name="c_addr_reg_807">
<pin_list>
<pin id="808" dir="0" index="0" bw="4" slack="1"/>
<pin id="809" dir="1" index="1" bw="4" slack="1"/>
</pin_list>
<bind>
<opset="c_addr "/>
</bind>
</comp>

<comp id="812" class="1005" name="res_addr_1_reg_812">
<pin_list>
<pin id="813" dir="0" index="0" bw="4" slack="1"/>
<pin id="814" dir="1" index="1" bw="4" slack="1"/>
</pin_list>
<bind>
<opset="res_addr_1 "/>
</bind>
</comp>

<comp id="817" class="1005" name="aux2_addr_reg_817">
<pin_list>
<pin id="818" dir="0" index="0" bw="4" slack="2"/>
<pin id="819" dir="1" index="1" bw="4" slack="2"/>
</pin_list>
<bind>
<opset="aux2_addr "/>
</bind>
</comp>

<comp id="825" class="1005" name="zext_ln11_reg_825">
<pin_list>
<pin id="826" dir="0" index="0" bw="3" slack="2"/>
<pin id="827" dir="1" index="1" bw="3" slack="2"/>
</pin_list>
<bind>
<opset="zext_ln11 "/>
</bind>
</comp>

<comp id="833" class="1005" name="zext_ln15_reg_833">
<pin_list>
<pin id="834" dir="0" index="0" bw="4" slack="4"/>
<pin id="835" dir="1" index="1" bw="4" slack="4"/>
</pin_list>
<bind>
<opset="zext_ln15 "/>
</bind>
</comp>

<comp id="838" class="1005" name="sub_ln20_reg_838">
<pin_list>
<pin id="839" dir="0" index="0" bw="4" slack="3"/>
<pin id="840" dir="1" index="1" bw="4" slack="3"/>
</pin_list>
<bind>
<opset="sub_ln20 "/>
</bind>
</comp>

<comp id="843" class="1005" name="zext_ln15_1_reg_843">
<pin_list>
<pin id="844" dir="0" index="0" bw="3" slack="1"/>
<pin id="845" dir="1" index="1" bw="3" slack="1"/>
</pin_list>
<bind>
<opset="zext_ln15_1 "/>
</bind>
</comp>

<comp id="852" class="1005" name="icmp_ln18_reg_852">
<pin_list>
<pin id="853" dir="0" index="0" bw="1" slack="1"/>
<pin id="854" dir="1" index="1" bw="1" slack="2"/>
</pin_list>
<bind>
<opset="icmp_ln18 "/>
</bind>
</comp>

<comp id="857" class="1005" name="aux2_addr_1_reg_857">
<pin_list>
<pin id="858" dir="0" index="0" bw="4" slack="1"/>
<pin id="859" dir="1" index="1" bw="4" slack="1"/>
</pin_list>
<bind>
<opset="aux2_addr_1 "/>
</bind>
</comp>

<comp id="862" class="1005" name="sub_ln21_reg_862">
<pin_list>
<pin id="863" dir="0" index="0" bw="2" slack="1"/>
<pin id="864" dir="1" index="1" bw="2" slack="1"/>
</pin_list>
<bind>
<opset="sub_ln21 "/>
</bind>
</comp>

<comp id="868" class="1005" name="aux2_addr_2_reg_868">
<pin_list>
<pin id="869" dir="0" index="0" bw="4" slack="1"/>
<pin id="870" dir="1" index="1" bw="4" slack="1"/>
</pin_list>
<bind>
<opset="aux2_addr_2 "/>
</bind>
</comp>

</comp_list>

<net_list>
<net id="71"><net_src comp="6" pin="0"/><net_sink comp="68" pin=0"/></net>

<net id="75"><net_src comp="24" pin="0"/><net_sink comp="72" pin=0"/></net>

<net id="79"><net_src comp="24" pin="0"/><net_sink comp="76" pin=0"/></net>

<net id="83"><net_src comp="6" pin="0"/><net_sink comp="80" pin=0"/></net>

<net id="87"><net_src comp="6" pin="0"/><net_sink comp="84" pin=0"/></net>

<net id="91"><net_src comp="6" pin="0"/><net_sink comp="88" pin=0"/></net>

<net id="95"><net_src comp="6" pin="0"/><net_sink comp="92" pin=0"/></net>

<net id="101"><net_src comp="48" pin="0"/><net_sink comp="96" pin=1"/></net>

<net id="107"><net_src comp="0" pin="0"/><net_sink comp="102" pin=0"/></net>

<net id="108"><net_src comp="48" pin="0"/><net_sink comp="102" pin=1"/></net>

<net id="114"><net_src comp="2" pin="0"/><net_sink comp="109" pin=0"/></net>

<net id="115"><net_src comp="48" pin="0"/><net_sink comp="109" pin=1"/></net>

<net id="121"><net_src comp="102" pin="3"/><net_sink comp="116" pin=0"/></net>

<net id="127"><net_src comp="109" pin="3"/><net_sink comp="122" pin=0"/></net>

<net id="138"><net_src comp="4" pin="0"/><net_sink comp="133" pin=0"/></net>

<net id="139"><net_src comp="48" pin="0"/><net_sink comp="133" pin=1"/></net>

<net id="145"><net_src comp="48" pin="0"/><net_sink comp="140" pin=1"/></net>

<net id="151"><net_src comp="48" pin="0"/><net_sink comp="146" pin=1"/></net>

<net id="152"><net_src comp="140" pin="3"/><net_sink comp="128" pin=0"/></net>

<net id="158"><net_src comp="133" pin="3"/><net_sink comp="153" pin=0"/></net>

<net id="169"><net_src comp="48" pin="0"/><net_sink comp="164" pin=1"/></net>

<net id="170"><net_src comp="164" pin="3"/><net_sink comp="159" pin=0"/></net>

<net id="176"><net_src comp="48" pin="0"/><net_sink comp="171" pin=1"/></net>

<net id="177"><net_src comp="171" pin="3"/><net_sink comp="159" pin=0"/></net>

<net id="181"><net_src comp="32" pin="0"/><net_sink comp="178" pin=0"/></net>

<net id="188"><net_src comp="178" pin="1"/><net_sink comp="182" pin=2"/></net>

<net id="189"><net_src comp="182" pin="4"/><net_sink comp="178" pin=0"/></net>

<net id="193"><net_src comp="32" pin="0"/><net_sink comp="190" pin=0"/></net>

<net id="200"><net_src comp="190" pin="1"/><net_sink comp="194" pin=2"/></net>

<net id="201"><net_src comp="194" pin="4"/><net_sink comp="190" pin=0"/></net>

<net id="205"><net_src comp="52" pin="0"/><net_sink comp="202" pin=0"/></net>

<net id="212"><net_src comp="202" pin="1"/><net_sink comp="206" pin=2"/></net>

<net id="213"><net_src comp="206" pin="4"/><net_sink comp="128" pin=1"/></net>

<net id="214"><net_src comp="206" pin="4"/><net_sink comp="202" pin=0"/></net>

<net id="218"><net_src comp="32" pin="0"/><net_sink comp="215" pin=0"/></net>

<net id="225"><net_src comp="215" pin="1"/><net_sink comp="219" pin=2"/></net>

<net id="226"><net_src comp="219" pin="4"/><net_sink comp="215" pin=0"/></net>

<net id="230"><net_src comp="32" pin="0"/><net_sink comp="227" pin=0"/></net>

<net id="237"><net_src comp="227" pin="1"/><net_sink comp="231" pin=2"/></net>

<net id="238"><net_src comp="231" pin="4"/><net_sink comp="227" pin=0"/></net>

<net id="242"><net_src comp="58" pin="0"/><net_sink comp="239" pin=0"/></net>

<net id="249"><net_src comp="239" pin="1"/><net_sink comp="243" pin=2"/></net>

<net id="250"><net_src comp="243" pin="4"/><net_sink comp="239" pin=0"/></net>

<net id="254"><net_src comp="58" pin="0"/><net_sink comp="251" pin=0"/></net>

<net id="261"><net_src comp="251" pin="1"/><net_sink comp="255" pin=2"/></net>

<net id="262"><net_src comp="255" pin="4"/><net_sink comp="251" pin=0"/></net>

<net id="271"><net_src comp="38" pin="0"/><net_sink comp="263" pin=1"/></net>

<net id="276"><net_src comp="263" pin="2"/><net_sink comp="227" pin=0"/></net>

<net id="282"><net_src comp="263" pin="2"/><net_sink comp="239" pin=0"/></net>

<net id="284"><net_src comp="178" pin="1"/><net_sink comp="263" pin=0"/></net>

<net id="290"><net_src comp="239" pin="1"/><net_sink comp="182" pin=0"/></net>

<net id="294"><net_src comp="263" pin="2"/><net_sink comp="251" pin=0"/></net>

<net id="297"><net_src comp="263" pin="2"/><net_sink comp="178" pin=0"/></net>

<net id="299"><net_src comp="190" pin="1"/><net_sink comp="263" pin=0"/></net>

<net id="303"><net_src comp="251" pin="1"/><net_sink comp="194" pin=0"/></net>

<net id="305"><net_src comp="202" pin="1"/><net_sink comp="263" pin=1"/></net>

<net id="308"><net_src comp="263" pin="2"/><net_sink comp="215" pin=0"/></net>

<net id="309"><net_src comp="215" pin="1"/><net_sink comp="206" pin=0"/></net>

<net id="315"><net_src comp="215" pin="1"/><net_sink comp="263" pin=0"/></net>

<net id="323"><net_src comp="239" pin="1"/><net_sink comp="219" pin=0"/></net>

<net id="326"><net_src comp="153" pin="3"/><net_sink comp="263" pin=0"/></net>

<net id="327"><net_src comp="128" pin="3"/><net_sink comp="263" pin=1"/></net>

<net id="335"><net_src comp="215" pin="1"/><net_sink comp="159" pin=1"/></net>

<net id="339"><net_src comp="231" pin="4"/><net_sink comp="263" pin=0"/></net>

<net id="345"><net_src comp="178" pin="1"/><net_sink comp="231" pin=0"/></net>

<net id="350"><net_src comp="255" pin="4"/><net_sink comp="263" pin=0"/></net>

<net id="355"><net_src comp="62" pin="0"/><net_sink comp="263" pin=1"/></net>

<net id="360"><net_src comp="263" pin="2"/><net_sink comp="351" pin=0"/></net>

<net id="364"><net_src comp="263" pin="2"/><net_sink comp="346" pin=0"/></net>

<net id="366"><net_src comp="346" pin="1"/><net_sink comp="263" pin=1"/></net>

<net id="374"><net_src comp="239" pin="1"/><net_sink comp="263" pin=0"/></net>

<net id="387"><net_src comp="122" pin="3"/><net_sink comp="378" pin=0"/></net>

<net id="388"><net_src comp="116" pin="3"/><net_sink comp="378" pin=1"/></net>

<net id="401"><net_src comp="378" pin="2"/><net_sink comp="178" pin=0"/></net>

<net id="404"><net_src comp="159" pin="3"/><net_sink comp="378" pin=0"/></net>

<net id="405"><net_src comp="251" pin="1"/><net_sink comp="378" pin=1"/></net>

<net id="420"><net_src comp="378" pin="2"/><net_sink comp="202" pin=0"/></net>

<net id="421"><net_src comp="202" pin="1"/><net_sink comp="255" pin=0"/></net>

<net id="423"><net_src comp="239" pin="1"/><net_sink comp="378" pin=1"/></net>

<net id="432"><net_src comp="378" pin="2"/><net_sink comp="190" pin=0"/></net>

<net id="433"><net_src comp="190" pin="1"/><net_sink comp="243" pin=0"/></net>

<net id="438"><net_src comp="435" pin="1"/><net_sink comp="263" pin=1"/></net>

<net id="442"><net_src comp="439" pin="1"/><net_sink comp="263" pin=1"/></net>

<net id="447"><net_src comp="32" pin="0"/><net_sink comp="443" pin=0"/></net>

<net id="451"><net_src comp="448" pin="1"/><net_sink comp="263" pin=0"/></net>

<net id="455"><net_src comp="448" pin="1"/><net_sink comp="452" pin=0"/></net>

<net id="461"><net_src comp="34" pin="0"/><net_sink comp="456" pin=0"/></net>

<net id="462"><net_src comp="448" pin="1"/><net_sink comp="456" pin=1"/></net>

<net id="463"><net_src comp="32" pin="0"/><net_sink comp="456" pin=2"/></net>

<net id="468"><net_src comp="456" pin="3"/><net_sink comp="464" pin=0"/></net>

<net id="469"><net_src comp="452" pin="1"/><net_sink comp="464" pin=1"/></net>

<net id="474"><net_src comp="448" pin="1"/><net_sink comp="470" pin=0"/></net>

<net id="475"><net_src comp="36" pin="0"/><net_sink comp="470" pin=1"/></net>

<net id="480"><net_src comp="32" pin="0"/><net_sink comp="476" pin=0"/></net>

<net id="484"><net_src comp="182" pin="4"/><net_sink comp="481" pin=0"/></net>

<net id="485"><net_src comp="481" pin="1"/><net_sink comp="263" pin=1"/></net>

<net id="489"><net_src comp="239" pin="1"/><net_sink comp="486" pin=0"/></net>

<net id="490"><net_src comp="486" pin="1"/><net_sink comp="96" pin=2"/></net>

<net id="495"><net_src comp="178" pin="1"/><net_sink comp="491" pin=0"/></net>

<net id="496"><net_src comp="36" pin="0"/><net_sink comp="491" pin=1"/></net>

<net id="501"><net_src comp="227" pin="1"/><net_sink comp="497" pin=0"/></net>

<net id="505"><net_src comp="194" pin="4"/><net_sink comp="502" pin=0"/></net>

<net id="506"><net_src comp="502" pin="1"/><net_sink comp="263" pin=1"/></net>

<net id="512"><net_src comp="34" pin="0"/><net_sink comp="507" pin=0"/></net>

<net id="513"><net_src comp="190" pin="1"/><net_sink comp="507" pin=1"/></net>

<net id="514"><net_src comp="32" pin="0"/><net_sink comp="507" pin=2"/></net>

<net id="519"><net_src comp="507" pin="3"/><net_sink comp="515" pin=0"/></net>

<net id="520"><net_src comp="515" pin="2"/><net_sink comp="263" pin=0"/></net>

<net id="524"><net_src comp="251" pin="1"/><net_sink comp="521" pin=0"/></net>

<net id="525"><net_src comp="521" pin="1"/><net_sink comp="102" pin=2"/></net>

<net id="529"><net_src comp="178" pin="1"/><net_sink comp="526" pin=0"/></net>

<net id="530"><net_src comp="526" pin="1"/><net_sink comp="109" pin=2"/></net>

<net id="535"><net_src comp="190" pin="1"/><net_sink comp="531" pin=0"/></net>

<net id="536"><net_src comp="36" pin="0"/><net_sink comp="531" pin=1"/></net>

<net id="540"><net_src comp="537" pin="1"/><net_sink comp="263" pin=0"/></net>

<net id="544"><net_src comp="537" pin="1"/><net_sink comp="541" pin=0"/></net>

<net id="550"><net_src comp="34" pin="0"/><net_sink comp="545" pin=0"/></net>

<net id="551"><net_src comp="537" pin="1"/><net_sink comp="545" pin=1"/></net>

<net id="552"><net_src comp="32" pin="0"/><net_sink comp="545" pin=2"/></net>

<net id="557"><net_src comp="545" pin="3"/><net_sink comp="553" pin=0"/></net>

<net id="558"><net_src comp="541" pin="1"/><net_sink comp="553" pin=1"/></net>

<net id="563"><net_src comp="537" pin="1"/><net_sink comp="559" pin=0"/></net>

<net id="564"><net_src comp="36" pin="0"/><net_sink comp="559" pin=1"/></net>

<net id="569"><net_src comp="32" pin="0"/><net_sink comp="565" pin=0"/></net>

<net id="574"><net_src comp="52" pin="0"/><net_sink comp="570" pin=0"/></net>

<net id="579"><net_src comp="52" pin="0"/><net_sink comp="575" pin=0"/></net>

<net id="583"><net_src comp="219" pin="4"/><net_sink comp="580" pin=0"/></net>

<net id="584"><net_src comp="580" pin="1"/><net_sink comp="263" pin=1"/></net>

<net id="588"><net_src comp="239" pin="1"/><net_sink comp="585" pin=0"/></net>

<net id="589"><net_src comp="585" pin="1"/><net_sink comp="133" pin=2"/></net>

<net id="590"><net_src comp="585" pin="1"/><net_sink comp="140" pin=2"/></net>

<net id="591"><net_src comp="585" pin="1"/><net_sink comp="146" pin=2"/></net>

<net id="596"><net_src comp="215" pin="1"/><net_sink comp="592" pin=0"/></net>

<net id="597"><net_src comp="36" pin="0"/><net_sink comp="592" pin=1"/></net>

<net id="602"><net_src comp="227" pin="1"/><net_sink comp="598" pin=0"/></net>

<net id="606"><net_src comp="603" pin="1"/><net_sink comp="263" pin=0"/></net>

<net id="610"><net_src comp="603" pin="1"/><net_sink comp="607" pin=0"/></net>

<net id="615"><net_src comp="603" pin="1"/><net_sink comp="611" pin=0"/></net>

<net id="616"><net_src comp="36" pin="0"/><net_sink comp="611" pin=1"/></net>

<net id="620"><net_src comp="603" pin="1"/><net_sink comp="617" pin=0"/></net>

<net id="625"><net_src comp="435" pin="1"/><net_sink comp="621" pin=0"/></net>

<net id="626"><net_src comp="439" pin="1"/><net_sink comp="621" pin=1"/></net>

<net id="630"><net_src comp="621" pin="2"/><net_sink comp="627" pin=0"/></net>

<net id="634"><net_src comp="227" pin="1"/><net_sink comp="631" pin=0"/></net>

<net id="640"><net_src comp="34" pin="0"/><net_sink comp="635" pin=0"/></net>

<net id="641"><net_src comp="227" pin="1"/><net_sink comp="635" pin=1"/></net>

<net id="642"><net_src comp="32" pin="0"/><net_sink comp="635" pin=2"/></net>

<net id="647"><net_src comp="635" pin="3"/><net_sink comp="643" pin=0"/></net>

<net id="648"><net_src comp="631" pin="1"/><net_sink comp="643" pin=1"/></net>

<net id="652"><net_src comp="227" pin="1"/><net_sink comp="649" pin=0"/></net>

<net id="653"><net_src comp="649" pin="1"/><net_sink comp="263" pin=0"/></net>

<net id="658"><net_src comp="227" pin="1"/><net_sink comp="654" pin=0"/></net>

<net id="659"><net_src comp="36" pin="0"/><net_sink comp="654" pin=1"/></net>

<net id="664"><net_src comp="263" pin="2"/><net_sink comp="660" pin=0"/></net>

<net id="665"><net_src comp="60" pin="0"/><net_sink comp="660" pin=1"/></net>

<net id="670"><net_src comp="215" pin="1"/><net_sink comp="666" pin=0"/></net>

<net id="675"><net_src comp="263" pin="2"/><net_sink comp="671" pin=0"/></net>

<net id="681"><net_src comp="351" pin="1"/><net_sink comp="676" pin=1"/></net>

<net id="685"><net_src comp="676" pin="3"/><net_sink comp="682" pin=0"/></net>

<net id="686"><net_src comp="682" pin="1"/><net_sink comp="263" pin=0"/></net>

<net id="690"><net_src comp="263" pin="2"/><net_sink comp="687" pin=0"/></net>

<net id="691"><net_src comp="687" pin="1"/><net_sink comp="164" pin=2"/></net>

<net id="696"><net_src comp="64" pin="0"/><net_sink comp="692" pin=0"/></net>

<net id="697"><net_src comp="227" pin="1"/><net_sink comp="692" pin=1"/></net>

<net id="706"><net_src comp="34" pin="0"/><net_sink comp="701" pin=0"/></net>

<net id="707"><net_src comp="32" pin="0"/><net_sink comp="701" pin=2"/></net>

<net id="712"><net_src comp="701" pin="3"/><net_sink comp="708" pin=0"/></net>

<net id="713"><net_src comp="698" pin="1"/><net_sink comp="708" pin=1"/></net>

<net id="714"><net_src comp="708" pin="2"/><net_sink comp="263" pin=0"/></net>

<net id="718"><net_src comp="263" pin="2"/><net_sink comp="715" pin=0"/></net>

<net id="719"><net_src comp="715" pin="1"/><net_sink comp="171" pin=2"/></net>

<net id="724"><net_src comp="263" pin="2"/><net_sink comp="720" pin=0"/></net>

<net id="728"><net_src comp="68" pin="1"/><net_sink comp="725" pin=0"/></net>

<net id="729"><net_src comp="725" pin="1"/><net_sink comp="443" pin=1"/></net>

<net id="730"><net_src comp="725" pin="1"/><net_sink comp="448" pin=0"/></net>

<net id="731"><net_src comp="725" pin="1"/><net_sink comp="497" pin=1"/></net>

<net id="735"><net_src comp="464" pin="2"/><net_sink comp="732" pin=0"/></net>

<net id="736"><net_src comp="732" pin="1"/><net_sink comp="263" pin=0"/></net>

<net id="743"><net_src comp="80" pin="1"/><net_sink comp="740" pin=0"/></net>

<net id="744"><net_src comp="740" pin="1"/><net_sink comp="476" pin=1"/></net>

<net id="745"><net_src comp="740" pin="1"/><net_sink comp="537" pin=0"/></net>

<net id="746"><net_src comp="740" pin="1"/><net_sink comp="598" pin=1"/></net>

<net id="750"><net_src comp="481" pin="1"/><net_sink comp="747" pin=0"/></net>

<net id="751"><net_src comp="747" pin="1"/><net_sink comp="263" pin=1"/></net>

<net id="755"><net_src comp="96" pin="3"/><net_sink comp="752" pin=0"/></net>

<net id="756"><net_src comp="752" pin="1"/><net_sink comp="128" pin=0"/></net>

<net id="763"><net_src comp="502" pin="1"/><net_sink comp="760" pin=0"/></net>

<net id="764"><net_src comp="760" pin="1"/><net_sink comp="515" pin=1"/></net>

<net id="768"><net_src comp="102" pin="3"/><net_sink comp="765" pin=0"/></net>

<net id="769"><net_src comp="765" pin="1"/><net_sink comp="116" pin=0"/></net>

<net id="773"><net_src comp="109" pin="3"/><net_sink comp="770" pin=0"/></net>

<net id="774"><net_src comp="770" pin="1"/><net_sink comp="122" pin=0"/></net>

<net id="781"><net_src comp="553" pin="2"/><net_sink comp="778" pin=0"/></net>

<net id="782"><net_src comp="778" pin="1"/><net_sink comp="263" pin=0"/></net>

<net id="789"><net_src comp="84" pin="1"/><net_sink comp="786" pin=0"/></net>

<net id="790"><net_src comp="786" pin="1"/><net_sink comp="575" pin=1"/></net>

<net id="791"><net_src comp="786" pin="1"/><net_sink comp="435" pin=0"/></net>

<net id="792"><net_src comp="786" pin="1"/><net_sink comp="671" pin=1"/></net>

<net id="796"><net_src comp="88" pin="1"/><net_sink comp="793" pin=0"/></net>

<net id="797"><net_src comp="793" pin="1"/><net_sink comp="570" pin=1"/></net>

<net id="798"><net_src comp="793" pin="1"/><net_sink comp="439" pin=0"/></net>

<net id="799"><net_src comp="793" pin="1"/><net_sink comp="720" pin=1"/></net>

<net id="803"><net_src comp="92" pin="1"/><net_sink comp="800" pin=0"/></net>

<net id="804"><net_src comp="800" pin="1"/><net_sink comp="565" pin=1"/></net>

<net id="805"><net_src comp="800" pin="1"/><net_sink comp="603" pin=0"/></net>

<net id="806"><net_src comp="800" pin="1"/><net_sink comp="666" pin=1"/></net>

<net id="810"><net_src comp="133" pin="3"/><net_sink comp="807" pin=0"/></net>

<net id="811"><net_src comp="807" pin="1"/><net_sink comp="153" pin=0"/></net>

<net id="815"><net_src comp="140" pin="3"/><net_sink comp="812" pin=0"/></net>

<net id="816"><net_src comp="812" pin="1"/><net_sink comp="128" pin=0"/></net>

<net id="820"><net_src comp="146" pin="3"/><net_sink comp="817" pin=0"/></net>

<net id="821"><net_src comp="817" pin="1"/><net_sink comp="159" pin=0"/></net>

<net id="828"><net_src comp="607" pin="1"/><net_sink comp="825" pin=0"/></net>

<net id="829"><net_src comp="825" pin="1"/><net_sink comp="263" pin=1"/></net>

<net id="836"><net_src comp="617" pin="1"/><net_sink comp="833" pin=0"/></net>

<net id="837"><net_src comp="833" pin="1"/><net_sink comp="263" pin=1"/></net>

<net id="841"><net_src comp="643" pin="2"/><net_sink comp="838" pin=0"/></net>

<net id="842"><net_src comp="838" pin="1"/><net_sink comp="263" pin=0"/></net>

<net id="846"><net_src comp="649" pin="1"/><net_sink comp="843" pin=0"/></net>

<net id="847"><net_src comp="843" pin="1"/><net_sink comp="263" pin=0"/></net>

<net id="848"><net_src comp="843" pin="1"/><net_sink comp="676" pin=2"/></net>

<net id="855"><net_src comp="660" pin="2"/><net_sink comp="852" pin=0"/></net>

<net id="856"><net_src comp="852" pin="1"/><net_sink comp="676" pin=0"/></net>

<net id="860"><net_src comp="164" pin="3"/><net_sink comp="857" pin=0"/></net>

<net id="861"><net_src comp="857" pin="1"/><net_sink comp="159" pin=0"/></net>

<net id="865"><net_src comp="692" pin="2"/><net_sink comp="862" pin=0"/></net>

<net id="866"><net_src comp="862" pin="1"/><net_sink comp="698" pin=0"/></net>

<net id="867"><net_src comp="862" pin="1"/><net_sink comp="701" pin=1"/></net>

<net id="871"><net_src comp="171" pin="3"/><net_sink comp="868" pin=0"/></net>

<net id="872"><net_src comp="868" pin="1"/><net_sink comp="159" pin=0"/></net>

</net_list>

</model> 
---------------- Datapath Model END ------------------

* FSMD analyzer results:
  - Output states:
 - Input state : 
	Port: matrixcalc : a | {7 8 }
	Port: matrixcalc : b | {7 8 }
	Port: matrixcalc : c | {12 13 }
  - Chain level:
	State 1
		store_ln37 : 1
	State 2
		zext_ln43 : 1
		tmp : 1
		sub_ln43 : 2
		icmp_ln37 : 1
		add_ln37 : 1
		br_ln37 : 2
		store_ln59 : 1
	State 3
		zext_ln41 : 1
		add_ln41 : 2
	State 4
		res_addr : 1
		br_ln39 : 1
	State 5
		zext_ln43_1 : 1
		add_ln43_1 : 2
	State 6
		sub_ln43_1 : 1
		add_ln43_2 : 2
	State 7
		a_addr : 1
		b_addr : 1
		br_ln42 : 1
		a_load : 2
		b_load : 2
		store_ln43 : 1
	State 8
		mul_ln43 : 1
	State 9
	State 10
		zext_ln59 : 1
		tmp_1 : 1
		sub_ln59 : 2
		icmp_ln56 : 1
		add_ln56 : 1
		br_ln56 : 2
		store_ln11 : 1
		store_ln11 : 1
		store_ln11 : 1
	State 11
		zext_ln59_1 : 1
		add_ln59_1 : 2
	State 12
		c_addr : 1
		res_addr_1 : 1
		aux2_addr : 1
		br_ln58 : 1
		res_load : 2
		c_load : 2
	State 13
		add_ln59 : 1
	State 14
	State 15
		zext_ln11 : 1
		icmp_ln11 : 1
		add_ln11 : 1
		br_ln11 : 2
		zext_ln15 : 1
		sum : 1
		sext_ln89 : 2
		ret_ln89 : 3
	State 16
		j_3 : 1
	State 17
		sub_ln20 : 1
		br_ln15 : 1
		add_ln17 : 1
		icmp_ln18 : 2
		sumpos_1 : 1
		store_ln11 : 2
	State 18
	State 19
		sext_ln18 : 1
		col : 2
	State 20
		zext_ln20_1 : 1
		aux2_addr_1 : 2
		aux2_load : 3
	State 21
		product1_1 : 1
		sub_ln21_1 : 1
		add_ln21 : 2
		zext_ln21_1 : 3
		aux2_addr_2 : 4
		aux2_load_1 : 5
	State 22
		product2_1 : 1
	State 23
		sumneg_1 : 1
		store_ln11 : 2


============================================================
+ Verbose Summary: Datapath Resource usage 
============================================================

* Functional unit list:
|----------|--------------------|---------|---------|---------|
| Operation|   Functional Unit  |   DSP   |    FF   |   LUT   |
|----------|--------------------|---------|---------|---------|
|          |   sub_ln43_fu_464  |    0    |    0    |    13   |
|          |  sub_ln43_1_fu_515 |    0    |    0    |    13   |
|          |   sub_ln59_fu_553  |    0    |    0    |    13   |
|    sub   |     sum_fu_621     |    0    |    0    |    13   |
|          |   sub_ln20_fu_643  |    0    |    0    |    13   |
|          |   sub_ln21_fu_692  |    0    |    0    |    10   |
|          |  sub_ln21_1_fu_708 |    0    |    0    |    13   |
|----------|--------------------|---------|---------|---------|
|          |  icmp_ln37_fu_470  |    0    |    0    |    10   |
|          |  icmp_ln39_fu_491  |    0    |    0    |    10   |
|          |  icmp_ln42_fu_531  |    0    |    0    |    10   |
|   icmp   |  icmp_ln56_fu_559  |    0    |    0    |    10   |
|          |  icmp_ln58_fu_592  |    0    |    0    |    10   |
|          |  icmp_ln11_fu_611  |    0    |    0    |    10   |
|          |  icmp_ln15_fu_654  |    0    |    0    |    10   |
|          |  icmp_ln18_fu_660  |    0    |    0    |    11   |
|----------|--------------------|---------|---------|---------|
|    add   |     grp_fu_263     |    0    |    0    |    13   |
|----------|--------------------|---------|---------|---------|
|    mul   |     grp_fu_378     |    0    |    0    |    13   |
|----------|--------------------|---------|---------|---------|
|  select  | select_ln18_fu_676 |    0    |    0    |    3    |
|----------|--------------------|---------|---------|---------|
|          |  zext_ln43_fu_452  |    0    |    0    |    0    |
|          |  zext_ln41_fu_481  |    0    |    0    |    0    |
|          | zext_ln41_1_fu_486 |    0    |    0    |    0    |
|          | zext_ln43_1_fu_502 |    0    |    0    |    0    |
|          | zext_ln43_2_fu_521 |    0    |    0    |    0    |
|          | zext_ln43_3_fu_526 |    0    |    0    |    0    |
|          |  zext_ln59_fu_541  |    0    |    0    |    0    |
|   zext   | zext_ln59_1_fu_580 |    0    |    0    |    0    |
|          | zext_ln59_2_fu_585 |    0    |    0    |    0    |
|          |  zext_ln11_fu_607  |    0    |    0    |    0    |
|          |  zext_ln15_fu_617  |    0    |    0    |    0    |
|          |  zext_ln20_fu_631  |    0    |    0    |    0    |
|          | zext_ln15_1_fu_649 |    0    |    0    |    0    |
|          | zext_ln20_1_fu_687 |    0    |    0    |    0    |
|          |  zext_ln21_fu_698  |    0    |    0    |    0    |
|          | zext_ln21_1_fu_715 |    0    |    0    |    0    |
|----------|--------------------|---------|---------|---------|
|          |     tmp_fu_456     |    0    |    0    |    0    |
|          |    tmp_2_fu_507    |    0    |    0    |    0    |
|bitconcatenate|    tmp_1_fu_545    |    0    |    0    |    0    |
|          |    tmp_3_fu_635    |    0    |    0    |    0    |
|          |    tmp_4_fu_701    |    0    |    0    |    0    |
|----------|--------------------|---------|---------|---------|
|   sext   |  sext_ln89_fu_627  |    0    |    0    |    0    |
|          |  sext_ln18_fu_682  |    0    |    0    |    0    |
|----------|--------------------|---------|---------|---------|
|   Total  |                    |    0    |    0    |   198   |
|----------|--------------------|---------|---------|---------|

Memories:
+----+--------+--------+--------+--------+
|    |  BRAM  |   FF   |   LUT  |  URAM  |
+----+--------+--------+--------+--------+
| aux|    0   |    4   |    1   |    0   |
|aux2|    0   |    4   |    1   |    0   |
+----+--------+--------+--------+--------+
|Total|    0   |    8   |    2   |    0   |
+----+--------+--------+--------+--------+

* Register list:
+-------------------+--------+
|                   |   FF   |
+-------------------+--------+
|   a_addr_reg_765  |    4   |
|  add_ln19_reg_351 |    3   |
|aux2_addr_1_reg_857|    4   |
|aux2_addr_2_reg_868|    4   |
| aux2_addr_reg_817 |    4   |
|   b_addr_reg_770  |    4   |
|   c_addr_reg_807  |    4   |
|    col_reg_346    |    4   |
|    i_1_reg_740    |    2   |
|    i_2_reg_800    |    2   |
|     i_reg_725     |    2   |
| icmp_ln18_reg_852 |    1   |
|      reg_178      |    4   |
|      reg_190      |    4   |
|      reg_202      |    4   |
|      reg_215      |    4   |
|      reg_227      |    2   |
|      reg_239      |    4   |
|      reg_251      |    4   |
| res_addr_1_reg_812|    4   |
|  res_addr_reg_752 |    4   |
|  sub_ln20_reg_838 |    4   |
|  sub_ln21_reg_862 |    2   |
|  sub_ln43_reg_732 |    4   |
|  sub_ln59_reg_778 |    4   |
|   sumneg_reg_793  |    4   |
|   sumpos_reg_786  |    4   |
| zext_ln11_reg_825 |    3   |
|zext_ln15_1_reg_843|    3   |
| zext_ln15_reg_833 |    4   |
| zext_ln41_reg_747 |    4   |
|zext_ln43_1_reg_760|    4   |
+-------------------+--------+
|       Total       |   112  |
+-------------------+--------+

* Multiplexer (MUX) list: 
|-------------------|------|------|------|--------||---------||---------|
|        Comp       |  Pin | Size |  BW  | S x BW ||  Delay  ||   LUT   |
|-------------------|------|------|------|--------||---------||---------|
| grp_access_fu_116 |  p0  |   2  |   4  |    8   ||    9    |
| grp_access_fu_122 |  p0  |   2  |   4  |    8   ||    9    |
| grp_access_fu_128 |  p0  |   3  |   4  |   12   ||    14   |
| grp_access_fu_153 |  p0  |   2  |   4  |    8   ||    9    |
| grp_access_fu_159 |  p0  |   5  |   4  |   20   ||    25   |
|      reg_178      |  p0  |   4  |   4  |   16   ||    20   |
|      reg_190      |  p0  |   3  |   4  |   12   ||    14   |
|      reg_202      |  p0  |   3  |   4  |   12   ||    14   |
|      reg_215      |  p0  |   3  |   4  |   12   ||    14   |
|      reg_227      |  p0  |   3  |   2  |    6   ||    14   |
|      reg_239      |  p0  |   3  |   4  |   12   ||    14   |
|      reg_251      |  p0  |   3  |   4  |   12   ||    14   |
|     grp_fu_263    |  p0  |  18  |   4  |   72   ||    87   |
|     grp_fu_263    |  p1  |  13  |   4  |   52   ||    65   |
|     grp_fu_378    |  p0  |   2  |   4  |    8   ||    9    |
|     grp_fu_378    |  p1  |   3  |   4  |   12   ||    14   |
|-------------------|------|------|------|--------||---------||---------|
|       Total       |      |      |      |   282  || 29.2261 ||   345   |
|-------------------|------|------|------|--------||---------||---------|



* Summary:
+-----------+--------+--------+--------+--------+--------+--------+
|           |  BRAM  |   DSP  |  Delay |   FF   |   LUT  |  URAM  |
+-----------+--------+--------+--------+--------+--------+--------+
|  Function |    -   |    0   |    -   |    0   |   198  |    -   |
|   Memory  |    0   |    -   |    -   |    8   |    2   |    0   |
|Multiplexer|    -   |    -   |   29   |    -   |   345  |    -   |
|  Register |    -   |    -   |    -   |   112  |    -   |    -   |
+-----------+--------+--------+--------+--------+--------+--------+
|   Total   |    0   |    0   |   29   |   120  |   545  |    0   |
+-----------+--------+--------+--------+--------+--------+--------+
