

================================================================
== Vitis HLS Report for 'matrixcalc'
================================================================
* Date:           Tue Jan  6 12:19:55 2026

* Version:        2023.1 (Build 3854077 on May  4 2023)
* Project:        Proyecto_Final
* Solution:       minima_latencia (Vivado IP Flow Target)
* Product family: zynq
* Target device:  xc7z020-clg400-1


================================================================
== Performance Estimates
================================================================
+ Timing: 
    * Summary: 
    +--------+---------+----------+------------+
    |  Clock |  Target | Estimated| Uncertainty|
    +--------+---------+----------+------------+
    |ap_clk  |  8.00 ns|  5.810 ns|     2.16 ns|
    +--------+---------+----------+------------+

+ Latency: 
    * Summary: 
    +---------+---------+-----------+-----------+-----+-----+---------+
    |  Latency (cycles) |   Latency (absolute)  |  Interval | Pipeline|
    |   min   |   max   |    min    |    max    | min | max |   Type  |
    +---------+---------+-----------+-----------+-----+-----+---------+
    |        3|        3|  24.000 ns|  24.000 ns|    1|    1|      yes|
    +---------+---------+-----------+-----------+-----+-----+---------+

    + Detail: 
        * Instance: 
        N/A

        * Loop: 
        N/A

============================================================
+ Verbose Summary: Synthesis Manager
============================================================
InlineROM: 1
ExposeGlobal: 0
============================================================
+ Verbose Summary: CDFG Model
============================================================
IsTopModel: 1
ResetActiveHigh: 1
IsCombinational: 0
IsDatapathOnly: 0
HasWiredReturn: 1
HasMFsm: 2
HasVarLatency: 0
IsPipeline: 1
IsRtlPipelined: 1
IsInstanceOverlapped: 0
IsDontTouch: 0
HasImplIP: 0
IsGatedGlobalClock: 0

+ Individual pipeline summary: 
  * Pipeline-0: initiation interval (II) = 1, depth = 4


============================================================
+ Verbose Summary: Schedule
============================================================
* Number of FSM states : 4
* Pipeline : 1
  Pipeline-0 : II = 1, D = 4, States = { 1 2 3 4 }
* Dataflow Pipeline: 0

* FSM state transitions: 
1 --> 2 
2 --> 3 
3 --> 4 
4 --> 

* FSM state operations: 

State 1 <SV = 0> <Delay = 4.07>
ST_1 : Operation 5 [1/1] (0.00ns)   --->   "%a_0_0_read = read i4 @_ssdm_op_Read.ap_auto.i4P0A, i4 %a_0_0" [matrixcalc.cpp:43->matrixcalc.cpp:86]   --->   Operation 5 'read' 'a_0_0_read' <Predicate = true> <Delay = 0.00>
ST_1 : Operation 6 [1/1] (0.00ns)   --->   "%b_0_0_read = read i4 @_ssdm_op_Read.ap_auto.i4P0A, i4 %b_0_0" [matrixcalc.cpp:43->matrixcalc.cpp:86]   --->   Operation 6 'read' 'b_0_0_read' <Predicate = true> <Delay = 0.00>
ST_1 : Operation 7 [1/1] (2.34ns)   --->   "%mul_ln43 = mul i4 %b_0_0_read, i4 %a_0_0_read" [matrixcalc.cpp:43->matrixcalc.cpp:86]   --->   Operation 7 'mul' 'mul_ln43' <Predicate = true> <Delay = 2.34> <CoreInst = "Multiplier">   --->   Core 3 'Multiplier' <Latency = 0> <II = 1> <Delay = 2.34> <FuncUnit> <Opcode : 'mul'> <InPorts = 2> <OutPorts = 1>
ST_1 : Operation 8 [1/1] (0.00ns)   --->   "%a_0_1_read = read i4 @_ssdm_op_Read.ap_auto.i4P0A, i4 %a_0_1" [matrixcalc.cpp:43->matrixcalc.cpp:86]   --->   Operation 8 'read' 'a_0_1_read' <Predicate = true> <Delay = 0.00>
ST_1 : Operation 9 [1/1] (0.00ns)   --->   "%b_1_0_read = read i4 @_ssdm_op_Read.ap_auto.i4P0A, i4 %b_1_0" [matrixcalc.cpp:43->matrixcalc.cpp:86]   --->   Operation 9 'read' 'b_1_0_read' <Predicate = true> <Delay = 0.00>
ST_1 : Operation 10 [1/1] (2.34ns)   --->   "%mul_ln43_1 = mul i4 %b_1_0_read, i4 %a_0_1_read" [matrixcalc.cpp:43->matrixcalc.cpp:86]   --->   Operation 10 'mul' 'mul_ln43_1' <Predicate = true> <Delay = 2.34> <CoreInst = "Multiplier">   --->   Core 3 'Multiplier' <Latency = 0> <II = 1> <Delay = 2.34> <FuncUnit> <Opcode : 'mul'> <InPorts = 2> <OutPorts = 1>
ST_1 : Operation 11 [1/1] (0.00ns)   --->   "%a_0_2_read = read i4 @_ssdm_op_Read.ap_auto.i4P0A, i4 %a_0_2" [matrixcalc.cpp:43->matrixcalc.cpp:86]   --->   Operation 11 'read' 'a_0_2_read' <Predicate = true> <Delay = 0.00>
ST_1 : Operation 12 [1/1] (0.00ns)   --->   "%b_2_0_read = read i4 @_ssdm_op_Read.ap_auto.i4P0A, i4 %b_2_0" [matrixcalc.cpp:43->matrixcalc.cpp:86]   --->   Operation 12 'read' 'b_2_0_read' <Predicate = true> <Delay = 0.00>
ST_1 : Operation 13 [1/1] (2.34ns)   --->   "%mul_ln43_2 = mul i4 %b_2_0_read, i4 %a_0_2_read" [matrixcalc.cpp:43->matrixcalc.cpp:86]   --->   Operation 13 'mul' 'mul_ln43_2' <Predicate = true> <Delay = 2.34> <CoreInst = "Multiplier">   --->   Core 3 'Multiplier' <Latency = 0> <II = 1> <Delay = 2.34> <FuncUnit> <Opcode : 'mul'> <InPorts = 2> <OutPorts = 1>
ST_1 : Operation 14 [1/1] (0.00ns)   --->   "%b_0_1_read = read i4 @_ssdm_op_Read.ap_auto.i4P0A, i4 %b_0_1" [matrixcalc.cpp:43->matrixcalc.cpp:86]   --->   Operation 14 'read' 'b_0_1_read' <Predicate = true> <Delay = 0.00>
ST_1 : Operation 15 [1/1] (2.34ns)   --->   "%mul_ln43_3 = mul i4 %b_0_1_read, i4 %a_0_0_read" [matrixcalc.cpp:43->matrixcalc.cpp:86]   --->   Operation 15 'mul' 'mul_ln43_3' <Predicate = true> <Delay = 2.34> <CoreInst = "Multiplier">   --->   Core 3 'Multiplier' <Latency = 0> <II = 1> <Delay = 2.34> <FuncUnit> <Opcode : 'mul'> <InPorts = 2> <OutPorts = 1>
ST_1 : Operation 16 [1/1] (0.00ns)   --->   "%b_1_1_read = read i4 @_ssdm_op_Read.ap_auto.i4P0A, i4 %b_1_1" [matrixcalc.cpp:43->matrixcalc.cpp:86]   --->   Operation 16 'read' 'b_1_1_read' <Predicate = true> <Delay = 0.00>
ST_1 : Operation 17 [1/1] (2.34ns)   --->   "%mul_ln43_4 = mul i4 %b_1_1_read, i4 %a_0_1_read" [matrixcalc.cpp:43->matrixcalc.cpp:86]   --->   Operation 17 'mul' 'mul_ln43_4' <Predicate = true> <Delay = 2.34> <CoreInst = "Multiplier">   --->   Core 3 'Multiplier' <Latency = 0> <II = 1> <Delay = 2.34> <FuncUnit> <Opcode : 'mul'> <InPorts = 2> <OutPorts = 1>
ST_1 : Operation 18 [1/1] (0.00ns)   --->   "%b_2_1_read = read i4 @_ssdm_op_Read.ap_auto.i4P0A, i4 %b_2_1" [matrixcalc.cpp:43->matrixcalc.cpp:86]   --->   Operation 18 'read' 'b_2_1_read' <Predicate = true> <Delay = 0.00>
ST_1 : Operation 19 [1/1] (2.34ns)   --->   "%mul_ln43_5 = mul i4 %b_2_1_read, i4 %a_0_2_read" [matrixcalc.cpp:43->matrixcalc.cpp:86]   --->   Operation 19 'mul' 'mul_ln43_5' <Predicate = true> <Delay = 2.34> <CoreInst = "Multiplier">   --->   Core 3 'Multiplier' <Latency = 0> <II = 1> <Delay = 2.34> <FuncUnit> <Opcode : 'mul'> <InPorts = 2> <OutPorts = 1>
ST_1 : Operation 20 [1/1] (0.00ns)   --->   "%b_0_2_read = read i4 @_ssdm_op_Read.ap_auto.i4P0A, i4 %b_0_2" [matrixcalc.cpp:43->matrixcalc.cpp:86]   --->   Operation 20 'read' 'b_0_2_read' <Predicate = true> <Delay = 0.00>
ST_1 : Operation 21 [1/1] (2.34ns)   --->   "%mul_ln43_6 = mul i4 %b_0_2_read, i4 %a_0_0_read" [matrixcalc.cpp:43->matrixcalc.cpp:86]   --->   Operation 21 'mul' 'mul_ln43_6' <Predicate = true> <Delay = 2.34> <CoreInst = "Multiplier">   --->   Core 3 'Multiplier' <Latency = 0> <II = 1> <Delay = 2.34> <FuncUnit> <Opcode : 'mul'> <InPorts = 2> <OutPorts = 1>
ST_1 : Operation 22 [1/1] (0.00ns)   --->   "%b_1_2_read = read i4 @_ssdm_op_Read.ap_auto.i4P0A, i4 %b_1_2" [matrixcalc.cpp:43->matrixcalc.cpp:86]   --->   Operation 22 'read' 'b_1_2_read' <Predicate = true> <Delay = 0.00>
ST_1 : Operation 23 [1/1] (2.34ns)   --->   "%mul_ln43_7 = mul i4 %b_1_2_read, i4 %a_0_1_read" [matrixcalc.cpp:43->matrixcalc.cpp:86]   --->   Operation 23 'mul' 'mul_ln43_7' <Predicate = true> <Delay = 2.34> <CoreInst = "Multiplier">   --->   Core 3 'Multiplier' <Latency = 0> <II = 1> <Delay = 2.34> <FuncUnit> <Opcode : 'mul'> <InPorts = 2> <OutPorts = 1>
ST_1 : Operation 24 [1/1] (0.00ns)   --->   "%b_2_2_read = read i4 @_ssdm_op_Read.ap_auto.i4P0A, i4 %b_2_2" [matrixcalc.cpp:43->matrixcalc.cpp:86]   --->   Operation 24 'read' 'b_2_2_read' <Predicate = true> <Delay = 0.00>
ST_1 : Operation 25 [1/1] (2.34ns)   --->   "%mul_ln43_8 = mul i4 %b_2_2_read, i4 %a_0_2_read" [matrixcalc.cpp:43->matrixcalc.cpp:86]   --->   Operation 25 'mul' 'mul_ln43_8' <Predicate = true> <Delay = 2.34> <CoreInst = "Multiplier">   --->   Core 3 'Multiplier' <Latency = 0> <II = 1> <Delay = 2.34> <FuncUnit> <Opcode : 'mul'> <InPorts = 2> <OutPorts = 1>
ST_1 : Operation 26 [1/1] (0.00ns)   --->   "%a_1_0_read = read i4 @_ssdm_op_Read.ap_auto.i4P0A, i4 %a_1_0" [matrixcalc.cpp:43->matrixcalc.cpp:86]   --->   Operation 26 'read' 'a_1_0_read' <Predicate = true> <Delay = 0.00>
ST_1 : Operation 27 [1/1] (2.34ns)   --->   "%mul_ln43_9 = mul i4 %a_1_0_read, i4 %b_0_0_read" [matrixcalc.cpp:43->matrixcalc.cpp:86]   --->   Operation 27 'mul' 'mul_ln43_9' <Predicate = true> <Delay = 2.34> <CoreInst = "Multiplier">   --->   Core 3 'Multiplier' <Latency = 0> <II = 1> <Delay = 2.34> <FuncUnit> <Opcode : 'mul'> <InPorts = 2> <OutPorts = 1>
ST_1 : Operation 28 [1/1] (0.00ns)   --->   "%a_1_1_read = read i4 @_ssdm_op_Read.ap_auto.i4P0A, i4 %a_1_1" [matrixcalc.cpp:43->matrixcalc.cpp:86]   --->   Operation 28 'read' 'a_1_1_read' <Predicate = true> <Delay = 0.00>
ST_1 : Operation 29 [1/1] (2.34ns)   --->   "%mul_ln43_10 = mul i4 %a_1_1_read, i4 %b_1_0_read" [matrixcalc.cpp:43->matrixcalc.cpp:86]   --->   Operation 29 'mul' 'mul_ln43_10' <Predicate = true> <Delay = 2.34> <CoreInst = "Multiplier">   --->   Core 3 'Multiplier' <Latency = 0> <II = 1> <Delay = 2.34> <FuncUnit> <Opcode : 'mul'> <InPorts = 2> <OutPorts = 1>
ST_1 : Operation 30 [1/1] (0.00ns)   --->   "%a_1_2_read = read i4 @_ssdm_op_Read.ap_auto.i4P0A, i4 %a_1_2" [matrixcalc.cpp:43->matrixcalc.cpp:86]   --->   Operation 30 'read' 'a_1_2_read' <Predicate = true> <Delay = 0.00>
ST_1 : Operation 31 [1/1] (2.34ns)   --->   "%mul_ln43_11 = mul i4 %a_1_2_read, i4 %b_2_0_read" [matrixcalc.cpp:43->matrixcalc.cpp:86]   --->   Operation 31 'mul' 'mul_ln43_11' <Predicate = true> <Delay = 2.34> <CoreInst = "Multiplier">   --->   Core 3 'Multiplier' <Latency = 0> <II = 1> <Delay = 2.34> <FuncUnit> <Opcode : 'mul'> <InPorts = 2> <OutPorts = 1>
ST_1 : Operation 32 [1/1] (2.34ns)   --->   "%mul_ln43_12 = mul i4 %a_1_0_read, i4 %b_0_1_read" [matrixcalc.cpp:43->matrixcalc.cpp:86]   --->   Operation 32 'mul' 'mul_ln43_12' <Predicate = true> <Delay = 2.34> <CoreInst = "Multiplier">   --->   Core 3 'Multiplier' <Latency = 0> <II = 1> <Delay = 2.34> <FuncUnit> <Opcode : 'mul'> <InPorts = 2> <OutPorts = 1>
ST_1 : Operation 33 [1/1] (2.34ns)   --->   "%mul_ln43_13 = mul i4 %a_1_1_read, i4 %b_1_1_read" [matrixcalc.cpp:43->matrixcalc.cpp:86]   --->   Operation 33 'mul' 'mul_ln43_13' <Predicate = true> <Delay = 2.34> <CoreInst = "Multiplier">   --->   Core 3 'Multiplier' <Latency = 0> <II = 1> <Delay = 2.34> <FuncUnit> <Opcode : 'mul'> <InPorts = 2> <OutPorts = 1>
ST_1 : Operation 34 [1/1] (2.34ns)   --->   "%mul_ln43_14 = mul i4 %a_1_2_read, i4 %b_2_1_read" [matrixcalc.cpp:43->matrixcalc.cpp:86]   --->   Operation 34 'mul' 'mul_ln43_14' <Predicate = true> <Delay = 2.34> <CoreInst = "Multiplier">   --->   Core 3 'Multiplier' <Latency = 0> <II = 1> <Delay = 2.34> <FuncUnit> <Opcode : 'mul'> <InPorts = 2> <OutPorts = 1>
ST_1 : Operation 35 [1/1] (2.34ns)   --->   "%mul_ln43_15 = mul i4 %a_1_0_read, i4 %b_0_2_read" [matrixcalc.cpp:43->matrixcalc.cpp:86]   --->   Operation 35 'mul' 'mul_ln43_15' <Predicate = true> <Delay = 2.34> <CoreInst = "Multiplier">   --->   Core 3 'Multiplier' <Latency = 0> <II = 1> <Delay = 2.34> <FuncUnit> <Opcode : 'mul'> <InPorts = 2> <OutPorts = 1>
ST_1 : Operation 36 [1/1] (2.34ns)   --->   "%mul_ln43_16 = mul i4 %a_1_1_read, i4 %b_1_2_read" [matrixcalc.cpp:43->matrixcalc.cpp:86]   --->   Operation 36 'mul' 'mul_ln43_16' <Predicate = true> <Delay = 2.34> <CoreInst = "Multiplier">   --->   Core 3 'Multiplier' <Latency = 0> <II = 1> <Delay = 2.34> <FuncUnit> <Opcode : 'mul'> <InPorts = 2> <OutPorts = 1>
ST_1 : Operation 37 [1/1] (2.34ns)   --->   "%mul_ln43_17 = mul i4 %a_1_2_read, i4 %b_2_2_read" [matrixcalc.cpp:43->matrixcalc.cpp:86]   --->   Operation 37 'mul' 'mul_ln43_17' <Predicate = true> <Delay = 2.34> <CoreInst = "Multiplier">   --->   Core 3 'Multiplier' <Latency = 0> <II = 1> <Delay = 2.34> <FuncUnit> <Opcode : 'mul'> <InPorts = 2> <OutPorts = 1>
ST_1 : Operation 38 [1/1] (0.00ns)   --->   "%a_2_0_read = read i4 @_ssdm_op_Read.ap_auto.i4P0A, i4 %a_2_0" [matrixcalc.cpp:43->matrixcalc.cpp:86]   --->   Operation 38 'read' 'a_2_0_read' <Predicate = true> <Delay = 0.00>
ST_1 : Operation 39 [1/1] (2.34ns)   --->   "%mul_ln43_18 = mul i4 %a_2_0_read, i4 %b_0_0_read" [matrixcalc.cpp:43->matrixcalc.cpp:86]   --->   Operation 39 'mul' 'mul_ln43_18' <Predicate = true> <Delay = 2.34> <CoreInst = "Multiplier">   --->   Core 3 'Multiplier' <Latency = 0> <II = 1> <Delay = 2.34> <FuncUnit> <Opcode : 'mul'> <InPorts = 2> <OutPorts = 1>
ST_1 : Operation 40 [1/1] (0.00ns)   --->   "%a_2_1_read = read i4 @_ssdm_op_Read.ap_auto.i4P0A, i4 %a_2_1" [matrixcalc.cpp:43->matrixcalc.cpp:86]   --->   Operation 40 'read' 'a_2_1_read' <Predicate = true> <Delay = 0.00>
ST_1 : Operation 41 [1/1] (2.34ns)   --->   "%mul_ln43_19 = mul i4 %a_2_1_read, i4 %b_1_0_read" [matrixcalc.cpp:43->matrixcalc.cpp:86]   --->   Operation 41 'mul' 'mul_ln43_19' <Predicate = true> <Delay = 2.34> <CoreInst = "Multiplier">   --->   Core 3 'Multiplier' <Latency = 0> <II = 1> <Delay = 2.34> <FuncUnit> <Opcode : 'mul'> <InPorts = 2> <OutPorts = 1>
ST_1 : Operation 42 [1/1] (0.00ns)   --->   "%a_2_2_read = read i4 @_ssdm_op_Read.ap_auto.i4P0A, i4 %a_2_2" [matrixcalc.cpp:43->matrixcalc.cpp:86]   --->   Operation 42 'read' 'a_2_2_read' <Predicate = true> <Delay = 0.00>
ST_1 : Operation 43 [1/1] (2.34ns)   --->   "%mul_ln43_20 = mul i4 %a_2_2_read, i4 %b_2_0_read" [matrixcalc.cpp:43->matrixcalc.cpp:86]   --->   Operation 43 'mul' 'mul_ln43_20' <Predicate = true> <Delay = 2.34> <CoreInst = "Multiplier">   --->   Core 3 'Multiplier' <Latency = 0> <II = 1> <Delay = 2.34> <FuncUnit> <Opcode : 'mul'> <InPorts = 2> <OutPorts = 1>
ST_1 : Operation 44 [1/1] (2.34ns)   --->   "%mul_ln43_21 = mul i4 %a_2_0_read, i4 %b_0_1_read" [matrixcalc.cpp:43->matrixcalc.cpp:86]   --->   Operation 44 'mul' 'mul_ln43_21' <Predicate = true> <Delay = 2.34> <CoreInst = "Multiplier">   --->   Core 3 'Multiplier' <Latency = 0> <II = 1> <Delay = 2.34> <FuncUnit> <Opcode : 'mul'> <InPorts = 2> <OutPorts = 1>
ST_1 : Operation 45 [1/1] (2.34ns)   --->   "%mul_ln43_22 = mul i4 %a_2_1_read, i4 %b_1_1_read" [matrixcalc.cpp:43->matrixcalc.cpp:86]   --->   Operation 45 'mul' 'mul_ln43_22' <Predicate = true> <Delay = 2.34> <CoreInst = "Multiplier">   --->   Core 3 'Multiplier' <Latency = 0> <II = 1> <Delay = 2.34> <FuncUnit> <Opcode : 'mul'> <InPorts = 2> <OutPorts = 1>
ST_1 : Operation 46 [1/1] (2.34ns)   --->   "%mul_ln43_23 = mul i4 %a_2_2_read, i4 %b_2_1_read" [matrixcalc.cpp:43->matrixcalc.cpp:86]   --->   Operation 46 'mul' 'mul_ln43_23' <Predicate = true> <Delay = 2.34> <CoreInst = "Multiplier">   --->   Core 3 'Multiplier' <Latency = 0> <II = 1> <Delay = 2.34> <FuncUnit> <Opcode : 'mul'> <InPorts = 2> <OutPorts = 1>
ST_1 : Operation 47 [1/1] (2.34ns)   --->   "%mul_ln43_24 = mul i4 %a_2_0_read, i4 %b_0_2_read" [matrixcalc.cpp:43->matrixcalc.cpp:86]   --->   Operation 47 'mul' 'mul_ln43_24' <Predicate = true> <Delay = 2.34> <CoreInst = "Multiplier">   --->   Core 3 'Multiplier' <Latency = 0> <II = 1> <Delay = 2.34> <FuncUnit> <Opcode : 'mul'> <InPorts = 2> <OutPorts = 1>
ST_1 : Operation 48 [1/1] (2.34ns)   --->   "%mul_ln43_25 = mul i4 %a_2_1_read, i4 %b_1_2_read" [matrixcalc.cpp:43->matrixcalc.cpp:86]   --->   Operation 48 'mul' 'mul_ln43_25' <Predicate = true> <Delay = 2.34> <CoreInst = "Multiplier">   --->   Core 3 'Multiplier' <Latency = 0> <II = 1> <Delay = 2.34> <FuncUnit> <Opcode : 'mul'> <InPorts = 2> <OutPorts = 1>
ST_1 : Operation 49 [1/1] (2.34ns)   --->   "%mul_ln43_26 = mul i4 %a_2_2_read, i4 %b_2_2_read" [matrixcalc.cpp:43->matrixcalc.cpp:86]   --->   Operation 49 'mul' 'mul_ln43_26' <Predicate = true> <Delay = 2.34> <CoreInst = "Multiplier">   --->   Core 3 'Multiplier' <Latency = 0> <II = 1> <Delay = 2.34> <FuncUnit> <Opcode : 'mul'> <InPorts = 2> <OutPorts = 1>
ST_1 : Operation 50 [1/1] (0.00ns)   --->   "%c_0_0_read = read i4 @_ssdm_op_Read.ap_auto.i4P0A, i4 %c_0_0" [matrixcalc.cpp:59->matrixcalc.cpp:87]   --->   Operation 50 'read' 'c_0_0_read' <Predicate = true> <Delay = 0.00>
ST_1 : Operation 51 [1/1] (1.73ns)   --->   "%add_ln59_1 = add i4 %mul_ln43_2, i4 %mul_ln43_1" [matrixcalc.cpp:59->matrixcalc.cpp:87]   --->   Operation 51 'add' 'add_ln59_1' <Predicate = true> <Delay = 1.73> <CoreInst = "Adder">   --->   Core 1 'Adder' <Latency = 0> <II = 1> <Delay = 1.73> <FuncUnit> <Opcode : 'add' 'sub'> <InPorts = 2> <OutPorts = 1>
ST_1 : Operation 52 [1/1] (0.00ns)   --->   "%c_0_1_read = read i4 @_ssdm_op_Read.ap_auto.i4P0A, i4 %c_0_1" [matrixcalc.cpp:59->matrixcalc.cpp:87]   --->   Operation 52 'read' 'c_0_1_read' <Predicate = true> <Delay = 0.00>
ST_1 : Operation 53 [1/1] (1.73ns)   --->   "%add_ln59_7 = add i4 %mul_ln43_5, i4 %mul_ln43_4" [matrixcalc.cpp:59->matrixcalc.cpp:87]   --->   Operation 53 'add' 'add_ln59_7' <Predicate = true> <Delay = 1.73> <CoreInst = "Adder">   --->   Core 1 'Adder' <Latency = 0> <II = 1> <Delay = 1.73> <FuncUnit> <Opcode : 'add' 'sub'> <InPorts = 2> <OutPorts = 1>
ST_1 : Operation 54 [1/1] (0.00ns)   --->   "%c_0_2_read = read i4 @_ssdm_op_Read.ap_auto.i4P0A, i4 %c_0_2" [matrixcalc.cpp:59->matrixcalc.cpp:87]   --->   Operation 54 'read' 'c_0_2_read' <Predicate = true> <Delay = 0.00>
ST_1 : Operation 55 [1/1] (1.73ns)   --->   "%add_ln59_10 = add i4 %mul_ln43_8, i4 %mul_ln43_7" [matrixcalc.cpp:59->matrixcalc.cpp:87]   --->   Operation 55 'add' 'add_ln59_10' <Predicate = true> <Delay = 1.73> <CoreInst = "Adder">   --->   Core 1 'Adder' <Latency = 0> <II = 1> <Delay = 1.73> <FuncUnit> <Opcode : 'add' 'sub'> <InPorts = 2> <OutPorts = 1>
ST_1 : Operation 56 [1/1] (0.00ns)   --->   "%c_1_0_read = read i4 @_ssdm_op_Read.ap_auto.i4P0A, i4 %c_1_0" [matrixcalc.cpp:59->matrixcalc.cpp:87]   --->   Operation 56 'read' 'c_1_0_read' <Predicate = true> <Delay = 0.00>
ST_1 : Operation 57 [1/1] (1.73ns)   --->   "%add_ln59_13 = add i4 %mul_ln43_11, i4 %mul_ln43_10" [matrixcalc.cpp:59->matrixcalc.cpp:87]   --->   Operation 57 'add' 'add_ln59_13' <Predicate = true> <Delay = 1.73> <CoreInst = "Adder">   --->   Core 1 'Adder' <Latency = 0> <II = 1> <Delay = 1.73> <FuncUnit> <Opcode : 'add' 'sub'> <InPorts = 2> <OutPorts = 1>
ST_1 : Operation 58 [1/1] (0.00ns)   --->   "%c_1_1_read = read i4 @_ssdm_op_Read.ap_auto.i4P0A, i4 %c_1_1" [matrixcalc.cpp:59->matrixcalc.cpp:87]   --->   Operation 58 'read' 'c_1_1_read' <Predicate = true> <Delay = 0.00>
ST_1 : Operation 59 [1/1] (1.73ns)   --->   "%add_ln59_15 = add i4 %mul_ln43_14, i4 %mul_ln43_13" [matrixcalc.cpp:59->matrixcalc.cpp:87]   --->   Operation 59 'add' 'add_ln59_15' <Predicate = true> <Delay = 1.73> <CoreInst = "Adder">   --->   Core 1 'Adder' <Latency = 0> <II = 1> <Delay = 1.73> <FuncUnit> <Opcode : 'add' 'sub'> <InPorts = 2> <OutPorts = 1>
ST_1 : Operation 60 [1/1] (0.00ns)   --->   "%c_1_2_read = read i4 @_ssdm_op_Read.ap_auto.i4P0A, i4 %c_1_2" [matrixcalc.cpp:59->matrixcalc.cpp:87]   --->   Operation 60 'read' 'c_1_2_read' <Predicate = true> <Delay = 0.00>
ST_1 : Operation 61 [1/1] (1.73ns)   --->   "%add_ln59_17 = add i4 %mul_ln43_17, i4 %mul_ln43_16" [matrixcalc.cpp:59->matrixcalc.cpp:87]   --->   Operation 61 'add' 'add_ln59_17' <Predicate = true> <Delay = 1.73> <CoreInst = "Adder">   --->   Core 1 'Adder' <Latency = 0> <II = 1> <Delay = 1.73> <FuncUnit> <Opcode : 'add' 'sub'> <InPorts = 2> <OutPorts = 1>
ST_1 : Operation 62 [1/1] (0.00ns)   --->   "%c_2_0_read = read i4 @_ssdm_op_Read.ap_auto.i4P0A, i4 %c_2_0" [matrixcalc.cpp:59->matrixcalc.cpp:87]   --->   Operation 62 'read' 'c_2_0_read' <Predicate = true> <Delay = 0.00>
ST_1 : Operation 63 [1/1] (1.73ns)   --->   "%add_ln59_19 = add i4 %mul_ln43_18, i4 %mul_ln43_20" [matrixcalc.cpp:59->matrixcalc.cpp:87]   --->   Operation 63 'add' 'add_ln59_19' <Predicate = true> <Delay = 1.73> <CoreInst = "Adder">   --->   Core 1 'Adder' <Latency = 0> <II = 1> <Delay = 1.73> <FuncUnit> <Opcode : 'add' 'sub'> <InPorts = 2> <OutPorts = 1>
ST_1 : Operation 64 [1/1] (0.00ns)   --->   "%c_2_1_read = read i4 @_ssdm_op_Read.ap_auto.i4P0A, i4 %c_2_1" [matrixcalc.cpp:59->matrixcalc.cpp:87]   --->   Operation 64 'read' 'c_2_1_read' <Predicate = true> <Delay = 0.00>
ST_1 : Operation 65 [1/1] (1.73ns)   --->   "%add_ln59_22 = add i4 %mul_ln43_21, i4 %mul_ln43_23" [matrixcalc.cpp:59->matrixcalc.cpp:87]   --->   Operation 65 'add' 'add_ln59_22' <Predicate = true> <Delay = 1.73> <CoreInst = "Adder">   --->   Core 1 'Adder' <Latency = 0> <II = 1> <Delay = 1.73> <FuncUnit> <Opcode : 'add' 'sub'> <InPorts = 2> <OutPorts = 1>
ST_1 : Operation 66 [1/1] (0.00ns)   --->   "%c_2_2_read = read i4 @_ssdm_op_Read.ap_auto.i4P0A, i4 %c_2_2" [matrixcalc.cpp:59->matrixcalc.cpp:87]   --->   Operation 66 'read' 'c_2_2_read' <Predicate = true> <Delay = 0.00>
ST_1 : Operation 67 [1/1] (1.73ns)   --->   "%add_ln59_25 = add i4 %mul_ln43_26, i4 %mul_ln43_25" [matrixcalc.cpp:59->matrixcalc.cpp:87]   --->   Operation 67 'add' 'add_ln59_25' <Predicate = true> <Delay = 1.73> <CoreInst = "Adder">   --->   Core 1 'Adder' <Latency = 0> <II = 1> <Delay = 1.73> <FuncUnit> <Opcode : 'add' 'sub'> <InPorts = 2> <OutPorts = 1>

State 2 <SV = 1> <Delay = 5.65>
ST_2 : Operation 68 [1/1] (0.00ns) (grouped into TernaryAdder)   --->   "%add_ln59 = add i4 %c_0_0_read, i4 %mul_ln43" [matrixcalc.cpp:59->matrixcalc.cpp:87]   --->   Operation 68 'add' 'add_ln59' <Predicate = true> <Delay = 0.00> <CoreInst = "TAddSub">   --->   Core 10 'TAddSub' <Latency = 0> <II = 1> <Delay = 1.65> <IPBlock> <Opcode : '<invalid operator> ' 'add' 'sub'> <InPorts = 3> <OutPorts = 1> <Sync> <CReg>
ST_2 : Operation 69 [1/1] (3.31ns) (root node of TernaryAdder)   --->   "%product1 = add i4 %add_ln59_1, i4 %add_ln59" [matrixcalc.cpp:59->matrixcalc.cpp:87]   --->   Operation 69 'add' 'product1' <Predicate = true> <Delay = 3.31> <CoreInst = "TAddSub">   --->   Core 10 'TAddSub' <Latency = 0> <II = 1> <Delay = 1.65> <IPBlock> <Opcode : '<invalid operator> ' 'add' 'sub'> <InPorts = 3> <OutPorts = 1> <Sync> <CReg>
ST_2 : Operation 70 [1/1] (0.00ns) (grouped into TernaryAdder)   --->   "%add_ln59_6 = add i4 %c_0_1_read, i4 %mul_ln43_3" [matrixcalc.cpp:59->matrixcalc.cpp:87]   --->   Operation 70 'add' 'add_ln59_6' <Predicate = true> <Delay = 0.00> <CoreInst = "TAddSub">   --->   Core 10 'TAddSub' <Latency = 0> <II = 1> <Delay = 1.65> <IPBlock> <Opcode : '<invalid operator> ' 'add' 'sub'> <InPorts = 3> <OutPorts = 1> <Sync> <CReg>
ST_2 : Operation 71 [1/1] (3.31ns) (root node of TernaryAdder)   --->   "%product1_2 = add i4 %add_ln59_7, i4 %add_ln59_6" [matrixcalc.cpp:59->matrixcalc.cpp:87]   --->   Operation 71 'add' 'product1_2' <Predicate = true> <Delay = 3.31> <CoreInst = "TAddSub">   --->   Core 10 'TAddSub' <Latency = 0> <II = 1> <Delay = 1.65> <IPBlock> <Opcode : '<invalid operator> ' 'add' 'sub'> <InPorts = 3> <OutPorts = 1> <Sync> <CReg>
ST_2 : Operation 72 [1/1] (0.00ns) (grouped into TernaryAdder)   --->   "%add_ln59_9 = add i4 %c_0_2_read, i4 %mul_ln43_6" [matrixcalc.cpp:59->matrixcalc.cpp:87]   --->   Operation 72 'add' 'add_ln59_9' <Predicate = true> <Delay = 0.00> <CoreInst = "TAddSub">   --->   Core 10 'TAddSub' <Latency = 0> <II = 1> <Delay = 1.65> <IPBlock> <Opcode : '<invalid operator> ' 'add' 'sub'> <InPorts = 3> <OutPorts = 1> <Sync> <CReg>
ST_2 : Operation 73 [1/1] (3.31ns) (root node of TernaryAdder)   --->   "%product1_4 = add i4 %add_ln59_10, i4 %add_ln59_9" [matrixcalc.cpp:59->matrixcalc.cpp:87]   --->   Operation 73 'add' 'product1_4' <Predicate = true> <Delay = 3.31> <CoreInst = "TAddSub">   --->   Core 10 'TAddSub' <Latency = 0> <II = 1> <Delay = 1.65> <IPBlock> <Opcode : '<invalid operator> ' 'add' 'sub'> <InPorts = 3> <OutPorts = 1> <Sync> <CReg>
ST_2 : Operation 74 [1/1] (0.00ns) (grouped into TernaryAdder)   --->   "%add_ln59_12 = add i4 %c_1_0_read, i4 %mul_ln43_9" [matrixcalc.cpp:59->matrixcalc.cpp:87]   --->   Operation 74 'add' 'add_ln59_12' <Predicate = true> <Delay = 0.00> <CoreInst = "TAddSub">   --->   Core 10 'TAddSub' <Latency = 0> <II = 1> <Delay = 1.65> <IPBlock> <Opcode : '<invalid operator> ' 'add' 'sub'> <InPorts = 3> <OutPorts = 1> <Sync> <CReg>
ST_2 : Operation 75 [1/1] (3.31ns) (root node of TernaryAdder)   --->   "%add_ln59_3 = add i4 %add_ln59_13, i4 %add_ln59_12" [matrixcalc.cpp:59->matrixcalc.cpp:87]   --->   Operation 75 'add' 'add_ln59_3' <Predicate = true> <Delay = 3.31> <CoreInst = "TAddSub">   --->   Core 10 'TAddSub' <Latency = 0> <II = 1> <Delay = 1.65> <IPBlock> <Opcode : '<invalid operator> ' 'add' 'sub'> <InPorts = 3> <OutPorts = 1> <Sync> <CReg>
ST_2 : Operation 76 [1/1] (0.00ns) (grouped into TernaryAdder)   --->   "%add_ln59_14 = add i4 %c_1_1_read, i4 %mul_ln43_12" [matrixcalc.cpp:59->matrixcalc.cpp:87]   --->   Operation 76 'add' 'add_ln59_14' <Predicate = true> <Delay = 0.00> <CoreInst = "TAddSub">   --->   Core 10 'TAddSub' <Latency = 0> <II = 1> <Delay = 1.65> <IPBlock> <Opcode : '<invalid operator> ' 'add' 'sub'> <InPorts = 3> <OutPorts = 1> <Sync> <CReg>
ST_2 : Operation 77 [1/1] (3.31ns) (root node of TernaryAdder)   --->   "%add_ln59_4 = add i4 %add_ln59_15, i4 %add_ln59_14" [matrixcalc.cpp:59->matrixcalc.cpp:87]   --->   Operation 77 'add' 'add_ln59_4' <Predicate = true> <Delay = 3.31> <CoreInst = "TAddSub">   --->   Core 10 'TAddSub' <Latency = 0> <II = 1> <Delay = 1.65> <IPBlock> <Opcode : '<invalid operator> ' 'add' 'sub'> <InPorts = 3> <OutPorts = 1> <Sync> <CReg>
ST_2 : Operation 78 [1/1] (0.00ns) (grouped into TernaryAdder)   --->   "%add_ln59_16 = add i4 %c_1_2_read, i4 %mul_ln43_15" [matrixcalc.cpp:59->matrixcalc.cpp:87]   --->   Operation 78 'add' 'add_ln59_16' <Predicate = true> <Delay = 0.00> <CoreInst = "TAddSub">   --->   Core 10 'TAddSub' <Latency = 0> <II = 1> <Delay = 1.65> <IPBlock> <Opcode : '<invalid operator> ' 'add' 'sub'> <InPorts = 3> <OutPorts = 1> <Sync> <CReg>
ST_2 : Operation 79 [1/1] (3.31ns) (root node of TernaryAdder)   --->   "%add_ln59_5 = add i4 %add_ln59_17, i4 %add_ln59_16" [matrixcalc.cpp:59->matrixcalc.cpp:87]   --->   Operation 79 'add' 'add_ln59_5' <Predicate = true> <Delay = 3.31> <CoreInst = "TAddSub">   --->   Core 10 'TAddSub' <Latency = 0> <II = 1> <Delay = 1.65> <IPBlock> <Opcode : '<invalid operator> ' 'add' 'sub'> <InPorts = 3> <OutPorts = 1> <Sync> <CReg>
ST_2 : Operation 80 [1/1] (0.00ns) (grouped into TernaryAdder)   --->   "%add_ln59_18 = add i4 %c_2_0_read, i4 %mul_ln43_19" [matrixcalc.cpp:59->matrixcalc.cpp:87]   --->   Operation 80 'add' 'add_ln59_18' <Predicate = true> <Delay = 0.00> <CoreInst = "TAddSub">   --->   Core 10 'TAddSub' <Latency = 0> <II = 1> <Delay = 1.65> <IPBlock> <Opcode : '<invalid operator> ' 'add' 'sub'> <InPorts = 3> <OutPorts = 1> <Sync> <CReg>
ST_2 : Operation 81 [1/1] (3.31ns) (root node of TernaryAdder)   --->   "%product2 = add i4 %add_ln59_19, i4 %add_ln59_18" [matrixcalc.cpp:59->matrixcalc.cpp:87]   --->   Operation 81 'add' 'product2' <Predicate = true> <Delay = 3.31> <CoreInst = "TAddSub">   --->   Core 10 'TAddSub' <Latency = 0> <II = 1> <Delay = 1.65> <IPBlock> <Opcode : '<invalid operator> ' 'add' 'sub'> <InPorts = 3> <OutPorts = 1> <Sync> <CReg>
ST_2 : Operation 82 [1/1] (0.00ns) (grouped into TernaryAdder)   --->   "%add_ln59_21 = add i4 %c_2_1_read, i4 %mul_ln43_22" [matrixcalc.cpp:59->matrixcalc.cpp:87]   --->   Operation 82 'add' 'add_ln59_21' <Predicate = true> <Delay = 0.00> <CoreInst = "TAddSub">   --->   Core 10 'TAddSub' <Latency = 0> <II = 1> <Delay = 1.65> <IPBlock> <Opcode : '<invalid operator> ' 'add' 'sub'> <InPorts = 3> <OutPorts = 1> <Sync> <CReg>
ST_2 : Operation 83 [1/1] (3.31ns) (root node of TernaryAdder)   --->   "%product2_2 = add i4 %add_ln59_22, i4 %add_ln59_21" [matrixcalc.cpp:59->matrixcalc.cpp:87]   --->   Operation 83 'add' 'product2_2' <Predicate = true> <Delay = 3.31> <CoreInst = "TAddSub">   --->   Core 10 'TAddSub' <Latency = 0> <II = 1> <Delay = 1.65> <IPBlock> <Opcode : '<invalid operator> ' 'add' 'sub'> <InPorts = 3> <OutPorts = 1> <Sync> <CReg>
ST_2 : Operation 84 [1/1] (0.00ns) (grouped into TernaryAdder)   --->   "%add_ln59_24 = add i4 %c_2_2_read, i4 %mul_ln43_24" [matrixcalc.cpp:59->matrixcalc.cpp:87]   --->   Operation 84 'add' 'add_ln59_24' <Predicate = true> <Delay = 0.00> <CoreInst = "TAddSub">   --->   Core 10 'TAddSub' <Latency = 0> <II = 1> <Delay = 1.65> <IPBlock> <Opcode : '<invalid operator> ' 'add' 'sub'> <InPorts = 3> <OutPorts = 1> <Sync> <CReg>
ST_2 : Operation 85 [1/1] (3.31ns) (root node of TernaryAdder)   --->   "%product2_4 = add i4 %add_ln59_25, i4 %add_ln59_24" [matrixcalc.cpp:59->matrixcalc.cpp:87]   --->   Operation 85 'add' 'product2_4' <Predicate = true> <Delay = 3.31> <CoreInst = "TAddSub">   --->   Core 10 'TAddSub' <Latency = 0> <II = 1> <Delay = 1.65> <IPBlock> <Opcode : '<invalid operator> ' 'add' 'sub'> <InPorts = 3> <OutPorts = 1> <Sync> <CReg>
ST_2 : Operation 86 [1/1] (2.34ns)   --->   "%mul_ln20 = mul i4 %product1, i4 %product2_4" [matrixcalc.cpp:20->matrixcalc.cpp:88]   --->   Operation 86 'mul' 'mul_ln20' <Predicate = true> <Delay = 2.34> <CoreInst = "Multiplier">   --->   Core 3 'Multiplier' <Latency = 0> <II = 1> <Delay = 2.34> <FuncUnit> <Opcode : 'mul'> <InPorts = 2> <OutPorts = 1>
ST_2 : Operation 87 [1/1] (2.34ns)   --->   "%product2_6 = mul i4 %add_ln59_4, i4 %product1_4" [matrixcalc.cpp:21->matrixcalc.cpp:88]   --->   Operation 87 'mul' 'product2_6' <Predicate = true> <Delay = 2.34> <CoreInst = "Multiplier">   --->   Core 3 'Multiplier' <Latency = 0> <II = 1> <Delay = 2.34> <FuncUnit> <Opcode : 'mul'> <InPorts = 2> <OutPorts = 1>
ST_2 : Operation 88 [1/1] (2.34ns)   --->   "%product1_7 = mul i4 %add_ln59_5, i4 %product1_2" [matrixcalc.cpp:20->matrixcalc.cpp:88]   --->   Operation 88 'mul' 'product1_7' <Predicate = true> <Delay = 2.34> <CoreInst = "Multiplier">   --->   Core 3 'Multiplier' <Latency = 0> <II = 1> <Delay = 2.34> <FuncUnit> <Opcode : 'mul'> <InPorts = 2> <OutPorts = 1>
ST_2 : Operation 89 [1/1] (2.34ns)   --->   "%product2_7 = mul i4 %add_ln59_5, i4 %product1" [matrixcalc.cpp:21->matrixcalc.cpp:88]   --->   Operation 89 'mul' 'product2_7' <Predicate = true> <Delay = 2.34> <CoreInst = "Multiplier">   --->   Core 3 'Multiplier' <Latency = 0> <II = 1> <Delay = 2.34> <FuncUnit> <Opcode : 'mul'> <InPorts = 2> <OutPorts = 1>
ST_2 : Operation 90 [1/1] (2.34ns)   --->   "%product1_8 = mul i4 %add_ln59_3, i4 %product1_4" [matrixcalc.cpp:20->matrixcalc.cpp:88]   --->   Operation 90 'mul' 'product1_8' <Predicate = true> <Delay = 2.34> <CoreInst = "Multiplier">   --->   Core 3 'Multiplier' <Latency = 0> <II = 1> <Delay = 2.34> <FuncUnit> <Opcode : 'mul'> <InPorts = 2> <OutPorts = 1>
ST_2 : Operation 91 [1/1] (2.34ns)   --->   "%mul_ln21_2 = mul i4 %product1_2, i4 %product2_4" [matrixcalc.cpp:21->matrixcalc.cpp:88]   --->   Operation 91 'mul' 'mul_ln21_2' <Predicate = true> <Delay = 2.34> <CoreInst = "Multiplier">   --->   Core 3 'Multiplier' <Latency = 0> <II = 1> <Delay = 2.34> <FuncUnit> <Opcode : 'mul'> <InPorts = 2> <OutPorts = 1>

State 3 <SV = 2> <Delay = 5.81>
ST_3 : Operation 92 [1/1] (2.34ns)   --->   "%product1_6 = mul i4 %mul_ln20, i4 %add_ln59_4" [matrixcalc.cpp:20->matrixcalc.cpp:88]   --->   Operation 92 'mul' 'product1_6' <Predicate = true> <Delay = 2.34> <CoreInst = "Multiplier">   --->   Core 3 'Multiplier' <Latency = 0> <II = 1> <Delay = 2.34> <FuncUnit> <Opcode : 'mul'> <InPorts = 2> <OutPorts = 1>
ST_3 : Operation 93 [1/1] (2.34ns)   --->   "%product2_5 = mul i4 %mul_ln21_2, i4 %add_ln59_3" [matrixcalc.cpp:21->matrixcalc.cpp:88]   --->   Operation 93 'mul' 'product2_5' <Predicate = true> <Delay = 2.34> <CoreInst = "Multiplier">   --->   Core 3 'Multiplier' <Latency = 0> <II = 1> <Delay = 2.34> <FuncUnit> <Opcode : 'mul'> <InPorts = 2> <OutPorts = 1>
ST_3 : Operation 94 [1/1] (1.73ns)   --->   "%sub_ln23 = sub i4 %product1_7, i4 %product2_6" [matrixcalc.cpp:23->matrixcalc.cpp:88]   --->   Operation 94 'sub' 'sub_ln23' <Predicate = true> <Delay = 1.73> <CoreInst = "Adder">   --->   Core 1 'Adder' <Latency = 0> <II = 1> <Delay = 1.73> <FuncUnit> <Opcode : 'add' 'sub'> <InPorts = 2> <OutPorts = 1>
ST_3 : Operation 95 [1/1] (2.34ns)   --->   "%sumpos = mul i4 %sub_ln23, i4 %product2" [matrixcalc.cpp:23->matrixcalc.cpp:88]   --->   Operation 95 'mul' 'sumpos' <Predicate = true> <Delay = 2.34> <CoreInst = "Multiplier">   --->   Core 3 'Multiplier' <Latency = 0> <II = 1> <Delay = 2.34> <FuncUnit> <Opcode : 'mul'> <InPorts = 2> <OutPorts = 1>
ST_3 : Operation 96 [1/1] (1.73ns)   --->   "%sub_ln23_1 = sub i4 %product1_8, i4 %product2_7" [matrixcalc.cpp:23->matrixcalc.cpp:88]   --->   Operation 96 'sub' 'sub_ln23_1' <Predicate = true> <Delay = 1.73> <CoreInst = "Adder">   --->   Core 1 'Adder' <Latency = 0> <II = 1> <Delay = 1.73> <FuncUnit> <Opcode : 'add' 'sub'> <InPorts = 2> <OutPorts = 1>
ST_3 : Operation 97 [1/1] (2.34ns)   --->   "%sumpos_3 = mul i4 %sub_ln23_1, i4 %product2_2" [matrixcalc.cpp:23->matrixcalc.cpp:88]   --->   Operation 97 'mul' 'sumpos_3' <Predicate = true> <Delay = 2.34> <CoreInst = "Multiplier">   --->   Core 3 'Multiplier' <Latency = 0> <II = 1> <Delay = 2.34> <FuncUnit> <Opcode : 'mul'> <InPorts = 2> <OutPorts = 1>
ST_3 : Operation 98 [1/1] (1.73ns)   --->   "%add_ln24 = add i4 %sumpos, i4 %product1_6" [matrixcalc.cpp:24->matrixcalc.cpp:88]   --->   Operation 98 'add' 'add_ln24' <Predicate = true> <Delay = 1.73> <CoreInst = "Adder">   --->   Core 1 'Adder' <Latency = 0> <II = 1> <Delay = 1.73> <FuncUnit> <Opcode : 'add' 'sub'> <InPorts = 2> <OutPorts = 1>

State 4 <SV = 3> <Delay = 3.31>
ST_4 : Operation 99 [1/1] (0.00ns)   --->   "%specbitsmap_ln0 = specbitsmap void @_ssdm_op_SpecBitsMap, i32 0"   --->   Operation 99 'specbitsmap' 'specbitsmap_ln0' <Predicate = true> <Delay = 0.00>
ST_4 : Operation 100 [1/1] (0.00ns)   --->   "%specpipeline_ln84 = specpipeline void @_ssdm_op_SpecPipeline, i32 1, i32 0, i32 0, i32 0, void @empty_0" [matrixcalc.cpp:84]   --->   Operation 100 'specpipeline' 'specpipeline_ln84' <Predicate = true> <Delay = 0.00>
ST_4 : Operation 101 [1/1] (0.00ns)   --->   "%spectopmodule_ln64 = spectopmodule void @_ssdm_op_SpecTopModule, void @empty_1" [matrixcalc.cpp:64]   --->   Operation 101 'spectopmodule' 'spectopmodule_ln64' <Predicate = true> <Delay = 0.00>
ST_4 : Operation 102 [1/1] (0.00ns)   --->   "%specinterface_ln64 = specinterface void @_ssdm_op_SpecInterface, i32 0, void @empty_2, i32 0, i32 0, void @empty_0, i32 0, i32 0, void @empty_0, void @empty_0, void @empty_0, i32 0, i32 0, i32 0, i32 0, void @empty_0, void @empty_0, i32 4294967295, i32 0" [matrixcalc.cpp:64]   --->   Operation 102 'specinterface' 'specinterface_ln64' <Predicate = true> <Delay = 0.00>
ST_4 : Operation 103 [1/1] (0.00ns)   --->   "%specbitsmap_ln0 = specbitsmap void @_ssdm_op_SpecBitsMap, i4 %a_0_0"   --->   Operation 103 'specbitsmap' 'specbitsmap_ln0' <Predicate = true> <Delay = 0.00>
ST_4 : Operation 104 [1/1] (0.00ns)   --->   "%specinterface_ln0 = specinterface void @_ssdm_op_SpecInterface, i4 %a_0_0, void @empty, i32 0, i32 0, void @empty_0, i32 0, i32 0, void @empty_0, void @empty_0, void @empty_0, i32 0, i32 0, i32 0, i32 0, void @empty_0, void @empty_0, i32 4294967295, i32 0"   --->   Operation 104 'specinterface' 'specinterface_ln0' <Predicate = true> <Delay = 0.00>
ST_4 : Operation 105 [1/1] (0.00ns)   --->   "%specbitsmap_ln0 = specbitsmap void @_ssdm_op_SpecBitsMap, i4 %a_0_1"   --->   Operation 105 'specbitsmap' 'specbitsmap_ln0' <Predicate = true> <Delay = 0.00>
ST_4 : Operation 106 [1/1] (0.00ns)   --->   "%specinterface_ln0 = specinterface void @_ssdm_op_SpecInterface, i4 %a_0_1, void @empty, i32 0, i32 0, void @empty_0, i32 0, i32 0, void @empty_0, void @empty_0, void @empty_0, i32 0, i32 0, i32 0, i32 0, void @empty_0, void @empty_0, i32 4294967295, i32 0"   --->   Operation 106 'specinterface' 'specinterface_ln0' <Predicate = true> <Delay = 0.00>
ST_4 : Operation 107 [1/1] (0.00ns)   --->   "%specbitsmap_ln0 = specbitsmap void @_ssdm_op_SpecBitsMap, i4 %a_0_2"   --->   Operation 107 'specbitsmap' 'specbitsmap_ln0' <Predicate = true> <Delay = 0.00>
ST_4 : Operation 108 [1/1] (0.00ns)   --->   "%specinterface_ln0 = specinterface void @_ssdm_op_SpecInterface, i4 %a_0_2, void @empty, i32 0, i32 0, void @empty_0, i32 0, i32 0, void @empty_0, void @empty_0, void @empty_0, i32 0, i32 0, i32 0, i32 0, void @empty_0, void @empty_0, i32 4294967295, i32 0"   --->   Operation 108 'specinterface' 'specinterface_ln0' <Predicate = true> <Delay = 0.00>
ST_4 : Operation 109 [1/1] (0.00ns)   --->   "%specbitsmap_ln0 = specbitsmap void @_ssdm_op_SpecBitsMap, i4 %a_1_0"   --->   Operation 109 'specbitsmap' 'specbitsmap_ln0' <Predicate = true> <Delay = 0.00>
ST_4 : Operation 110 [1/1] (0.00ns)   --->   "%specinterface_ln0 = specinterface void @_ssdm_op_SpecInterface, i4 %a_1_0, void @empty, i32 0, i32 0, void @empty_0, i32 0, i32 0, void @empty_0, void @empty_0, void @empty_0, i32 0, i32 0, i32 0, i32 0, void @empty_0, void @empty_0, i32 4294967295, i32 0"   --->   Operation 110 'specinterface' 'specinterface_ln0' <Predicate = true> <Delay = 0.00>
ST_4 : Operation 111 [1/1] (0.00ns)   --->   "%specbitsmap_ln0 = specbitsmap void @_ssdm_op_SpecBitsMap, i4 %a_1_1"   --->   Operation 111 'specbitsmap' 'specbitsmap_ln0' <Predicate = true> <Delay = 0.00>
ST_4 : Operation 112 [1/1] (0.00ns)   --->   "%specinterface_ln0 = specinterface void @_ssdm_op_SpecInterface, i4 %a_1_1, void @empty, i32 0, i32 0, void @empty_0, i32 0, i32 0, void @empty_0, void @empty_0, void @empty_0, i32 0, i32 0, i32 0, i32 0, void @empty_0, void @empty_0, i32 4294967295, i32 0"   --->   Operation 112 'specinterface' 'specinterface_ln0' <Predicate = true> <Delay = 0.00>
ST_4 : Operation 113 [1/1] (0.00ns)   --->   "%specbitsmap_ln0 = specbitsmap void @_ssdm_op_SpecBitsMap, i4 %a_1_2"   --->   Operation 113 'specbitsmap' 'specbitsmap_ln0' <Predicate = true> <Delay = 0.00>
ST_4 : Operation 114 [1/1] (0.00ns)   --->   "%specinterface_ln0 = specinterface void @_ssdm_op_SpecInterface, i4 %a_1_2, void @empty, i32 0, i32 0, void @empty_0, i32 0, i32 0, void @empty_0, void @empty_0, void @empty_0, i32 0, i32 0, i32 0, i32 0, void @empty_0, void @empty_0, i32 4294967295, i32 0"   --->   Operation 114 'specinterface' 'specinterface_ln0' <Predicate = true> <Delay = 0.00>
ST_4 : Operation 115 [1/1] (0.00ns)   --->   "%specbitsmap_ln0 = specbitsmap void @_ssdm_op_SpecBitsMap, i4 %a_2_0"   --->   Operation 115 'specbitsmap' 'specbitsmap_ln0' <Predicate = true> <Delay = 0.00>
ST_4 : Operation 116 [1/1] (0.00ns)   --->   "%specinterface_ln0 = specinterface void @_ssdm_op_SpecInterface, i4 %a_2_0, void @empty, i32 0, i32 0, void @empty_0, i32 0, i32 0, void @empty_0, void @empty_0, void @empty_0, i32 0, i32 0, i32 0, i32 0, void @empty_0, void @empty_0, i32 4294967295, i32 0"   --->   Operation 116 'specinterface' 'specinterface_ln0' <Predicate = true> <Delay = 0.00>
ST_4 : Operation 117 [1/1] (0.00ns)   --->   "%specbitsmap_ln0 = specbitsmap void @_ssdm_op_SpecBitsMap, i4 %a_2_1"   --->   Operation 117 'specbitsmap' 'specbitsmap_ln0' <Predicate = true> <Delay = 0.00>
ST_4 : Operation 118 [1/1] (0.00ns)   --->   "%specinterface_ln0 = specinterface void @_ssdm_op_SpecInterface, i4 %a_2_1, void @empty, i32 0, i32 0, void @empty_0, i32 0, i32 0, void @empty_0, void @empty_0, void @empty_0, i32 0, i32 0, i32 0, i32 0, void @empty_0, void @empty_0, i32 4294967295, i32 0"   --->   Operation 118 'specinterface' 'specinterface_ln0' <Predicate = true> <Delay = 0.00>
ST_4 : Operation 119 [1/1] (0.00ns)   --->   "%specbitsmap_ln0 = specbitsmap void @_ssdm_op_SpecBitsMap, i4 %a_2_2"   --->   Operation 119 'specbitsmap' 'specbitsmap_ln0' <Predicate = true> <Delay = 0.00>
ST_4 : Operation 120 [1/1] (0.00ns)   --->   "%specinterface_ln0 = specinterface void @_ssdm_op_SpecInterface, i4 %a_2_2, void @empty, i32 0, i32 0, void @empty_0, i32 0, i32 0, void @empty_0, void @empty_0, void @empty_0, i32 0, i32 0, i32 0, i32 0, void @empty_0, void @empty_0, i32 4294967295, i32 0"   --->   Operation 120 'specinterface' 'specinterface_ln0' <Predicate = true> <Delay = 0.00>
ST_4 : Operation 121 [1/1] (0.00ns)   --->   "%specbitsmap_ln0 = specbitsmap void @_ssdm_op_SpecBitsMap, i4 %b_0_0"   --->   Operation 121 'specbitsmap' 'specbitsmap_ln0' <Predicate = true> <Delay = 0.00>
ST_4 : Operation 122 [1/1] (0.00ns)   --->   "%specinterface_ln0 = specinterface void @_ssdm_op_SpecInterface, i4 %b_0_0, void @empty, i32 0, i32 0, void @empty_0, i32 0, i32 0, void @empty_0, void @empty_0, void @empty_0, i32 0, i32 0, i32 0, i32 0, void @empty_0, void @empty_0, i32 4294967295, i32 0"   --->   Operation 122 'specinterface' 'specinterface_ln0' <Predicate = true> <Delay = 0.00>
ST_4 : Operation 123 [1/1] (0.00ns)   --->   "%specbitsmap_ln0 = specbitsmap void @_ssdm_op_SpecBitsMap, i4 %b_0_1"   --->   Operation 123 'specbitsmap' 'specbitsmap_ln0' <Predicate = true> <Delay = 0.00>
ST_4 : Operation 124 [1/1] (0.00ns)   --->   "%specinterface_ln0 = specinterface void @_ssdm_op_SpecInterface, i4 %b_0_1, void @empty, i32 0, i32 0, void @empty_0, i32 0, i32 0, void @empty_0, void @empty_0, void @empty_0, i32 0, i32 0, i32 0, i32 0, void @empty_0, void @empty_0, i32 4294967295, i32 0"   --->   Operation 124 'specinterface' 'specinterface_ln0' <Predicate = true> <Delay = 0.00>
ST_4 : Operation 125 [1/1] (0.00ns)   --->   "%specbitsmap_ln0 = specbitsmap void @_ssdm_op_SpecBitsMap, i4 %b_0_2"   --->   Operation 125 'specbitsmap' 'specbitsmap_ln0' <Predicate = true> <Delay = 0.00>
ST_4 : Operation 126 [1/1] (0.00ns)   --->   "%specinterface_ln0 = specinterface void @_ssdm_op_SpecInterface, i4 %b_0_2, void @empty, i32 0, i32 0, void @empty_0, i32 0, i32 0, void @empty_0, void @empty_0, void @empty_0, i32 0, i32 0, i32 0, i32 0, void @empty_0, void @empty_0, i32 4294967295, i32 0"   --->   Operation 126 'specinterface' 'specinterface_ln0' <Predicate = true> <Delay = 0.00>
ST_4 : Operation 127 [1/1] (0.00ns)   --->   "%specbitsmap_ln0 = specbitsmap void @_ssdm_op_SpecBitsMap, i4 %b_1_0"   --->   Operation 127 'specbitsmap' 'specbitsmap_ln0' <Predicate = true> <Delay = 0.00>
ST_4 : Operation 128 [1/1] (0.00ns)   --->   "%specinterface_ln0 = specinterface void @_ssdm_op_SpecInterface, i4 %b_1_0, void @empty, i32 0, i32 0, void @empty_0, i32 0, i32 0, void @empty_0, void @empty_0, void @empty_0, i32 0, i32 0, i32 0, i32 0, void @empty_0, void @empty_0, i32 4294967295, i32 0"   --->   Operation 128 'specinterface' 'specinterface_ln0' <Predicate = true> <Delay = 0.00>
ST_4 : Operation 129 [1/1] (0.00ns)   --->   "%specbitsmap_ln0 = specbitsmap void @_ssdm_op_SpecBitsMap, i4 %b_1_1"   --->   Operation 129 'specbitsmap' 'specbitsmap_ln0' <Predicate = true> <Delay = 0.00>
ST_4 : Operation 130 [1/1] (0.00ns)   --->   "%specinterface_ln0 = specinterface void @_ssdm_op_SpecInterface, i4 %b_1_1, void @empty, i32 0, i32 0, void @empty_0, i32 0, i32 0, void @empty_0, void @empty_0, void @empty_0, i32 0, i32 0, i32 0, i32 0, void @empty_0, void @empty_0, i32 4294967295, i32 0"   --->   Operation 130 'specinterface' 'specinterface_ln0' <Predicate = true> <Delay = 0.00>
ST_4 : Operation 131 [1/1] (0.00ns)   --->   "%specbitsmap_ln0 = specbitsmap void @_ssdm_op_SpecBitsMap, i4 %b_1_2"   --->   Operation 131 'specbitsmap' 'specbitsmap_ln0' <Predicate = true> <Delay = 0.00>
ST_4 : Operation 132 [1/1] (0.00ns)   --->   "%specinterface_ln0 = specinterface void @_ssdm_op_SpecInterface, i4 %b_1_2, void @empty, i32 0, i32 0, void @empty_0, i32 0, i32 0, void @empty_0, void @empty_0, void @empty_0, i32 0, i32 0, i32 0, i32 0, void @empty_0, void @empty_0, i32 4294967295, i32 0"   --->   Operation 132 'specinterface' 'specinterface_ln0' <Predicate = true> <Delay = 0.00>
ST_4 : Operation 133 [1/1] (0.00ns)   --->   "%specbitsmap_ln0 = specbitsmap void @_ssdm_op_SpecBitsMap, i4 %b_2_0"   --->   Operation 133 'specbitsmap' 'specbitsmap_ln0' <Predicate = true> <Delay = 0.00>
ST_4 : Operation 134 [1/1] (0.00ns)   --->   "%specinterface_ln0 = specinterface void @_ssdm_op_SpecInterface, i4 %b_2_0, void @empty, i32 0, i32 0, void @empty_0, i32 0, i32 0, void @empty_0, void @empty_0, void @empty_0, i32 0, i32 0, i32 0, i32 0, void @empty_0, void @empty_0, i32 4294967295, i32 0"   --->   Operation 134 'specinterface' 'specinterface_ln0' <Predicate = true> <Delay = 0.00>
ST_4 : Operation 135 [1/1] (0.00ns)   --->   "%specbitsmap_ln0 = specbitsmap void @_ssdm_op_SpecBitsMap, i4 %b_2_1"   --->   Operation 135 'specbitsmap' 'specbitsmap_ln0' <Predicate = true> <Delay = 0.00>
ST_4 : Operation 136 [1/1] (0.00ns)   --->   "%specinterface_ln0 = specinterface void @_ssdm_op_SpecInterface, i4 %b_2_1, void @empty, i32 0, i32 0, void @empty_0, i32 0, i32 0, void @empty_0, void @empty_0, void @empty_0, i32 0, i32 0, i32 0, i32 0, void @empty_0, void @empty_0, i32 4294967295, i32 0"   --->   Operation 136 'specinterface' 'specinterface_ln0' <Predicate = true> <Delay = 0.00>
ST_4 : Operation 137 [1/1] (0.00ns)   --->   "%specbitsmap_ln0 = specbitsmap void @_ssdm_op_SpecBitsMap, i4 %b_2_2"   --->   Operation 137 'specbitsmap' 'specbitsmap_ln0' <Predicate = true> <Delay = 0.00>
ST_4 : Operation 138 [1/1] (0.00ns)   --->   "%specinterface_ln0 = specinterface void @_ssdm_op_SpecInterface, i4 %b_2_2, void @empty, i32 0, i32 0, void @empty_0, i32 0, i32 0, void @empty_0, void @empty_0, void @empty_0, i32 0, i32 0, i32 0, i32 0, void @empty_0, void @empty_0, i32 4294967295, i32 0"   --->   Operation 138 'specinterface' 'specinterface_ln0' <Predicate = true> <Delay = 0.00>
ST_4 : Operation 139 [1/1] (0.00ns)   --->   "%specbitsmap_ln0 = specbitsmap void @_ssdm_op_SpecBitsMap, i4 %c_0_0"   --->   Operation 139 'specbitsmap' 'specbitsmap_ln0' <Predicate = true> <Delay = 0.00>
ST_4 : Operation 140 [1/1] (0.00ns)   --->   "%specinterface_ln0 = specinterface void @_ssdm_op_SpecInterface, i4 %c_0_0, void @empty, i32 0, i32 0, void @empty_0, i32 0, i32 0, void @empty_0, void @empty_0, void @empty_0, i32 0, i32 0, i32 0, i32 0, void @empty_0, void @empty_0, i32 4294967295, i32 0"   --->   Operation 140 'specinterface' 'specinterface_ln0' <Predicate = true> <Delay = 0.00>
ST_4 : Operation 141 [1/1] (0.00ns)   --->   "%specbitsmap_ln0 = specbitsmap void @_ssdm_op_SpecBitsMap, i4 %c_0_1"   --->   Operation 141 'specbitsmap' 'specbitsmap_ln0' <Predicate = true> <Delay = 0.00>
ST_4 : Operation 142 [1/1] (0.00ns)   --->   "%specinterface_ln0 = specinterface void @_ssdm_op_SpecInterface, i4 %c_0_1, void @empty, i32 0, i32 0, void @empty_0, i32 0, i32 0, void @empty_0, void @empty_0, void @empty_0, i32 0, i32 0, i32 0, i32 0, void @empty_0, void @empty_0, i32 4294967295, i32 0"   --->   Operation 142 'specinterface' 'specinterface_ln0' <Predicate = true> <Delay = 0.00>
ST_4 : Operation 143 [1/1] (0.00ns)   --->   "%specbitsmap_ln0 = specbitsmap void @_ssdm_op_SpecBitsMap, i4 %c_0_2"   --->   Operation 143 'specbitsmap' 'specbitsmap_ln0' <Predicate = true> <Delay = 0.00>
ST_4 : Operation 144 [1/1] (0.00ns)   --->   "%specinterface_ln0 = specinterface void @_ssdm_op_SpecInterface, i4 %c_0_2, void @empty, i32 0, i32 0, void @empty_0, i32 0, i32 0, void @empty_0, void @empty_0, void @empty_0, i32 0, i32 0, i32 0, i32 0, void @empty_0, void @empty_0, i32 4294967295, i32 0"   --->   Operation 144 'specinterface' 'specinterface_ln0' <Predicate = true> <Delay = 0.00>
ST_4 : Operation 145 [1/1] (0.00ns)   --->   "%specbitsmap_ln0 = specbitsmap void @_ssdm_op_SpecBitsMap, i4 %c_1_0"   --->   Operation 145 'specbitsmap' 'specbitsmap_ln0' <Predicate = true> <Delay = 0.00>
ST_4 : Operation 146 [1/1] (0.00ns)   --->   "%specinterface_ln0 = specinterface void @_ssdm_op_SpecInterface, i4 %c_1_0, void @empty, i32 0, i32 0, void @empty_0, i32 0, i32 0, void @empty_0, void @empty_0, void @empty_0, i32 0, i32 0, i32 0, i32 0, void @empty_0, void @empty_0, i32 4294967295, i32 0"   --->   Operation 146 'specinterface' 'specinterface_ln0' <Predicate = true> <Delay = 0.00>
ST_4 : Operation 147 [1/1] (0.00ns)   --->   "%specbitsmap_ln0 = specbitsmap void @_ssdm_op_SpecBitsMap, i4 %c_1_1"   --->   Operation 147 'specbitsmap' 'specbitsmap_ln0' <Predicate = true> <Delay = 0.00>
ST_4 : Operation 148 [1/1] (0.00ns)   --->   "%specinterface_ln0 = specinterface void @_ssdm_op_SpecInterface, i4 %c_1_1, void @empty, i32 0, i32 0, void @empty_0, i32 0, i32 0, void @empty_0, void @empty_0, void @empty_0, i32 0, i32 0, i32 0, i32 0, void @empty_0, void @empty_0, i32 4294967295, i32 0"   --->   Operation 148 'specinterface' 'specinterface_ln0' <Predicate = true> <Delay = 0.00>
ST_4 : Operation 149 [1/1] (0.00ns)   --->   "%specbitsmap_ln0 = specbitsmap void @_ssdm_op_SpecBitsMap, i4 %c_1_2"   --->   Operation 149 'specbitsmap' 'specbitsmap_ln0' <Predicate = true> <Delay = 0.00>
ST_4 : Operation 150 [1/1] (0.00ns)   --->   "%specinterface_ln0 = specinterface void @_ssdm_op_SpecInterface, i4 %c_1_2, void @empty, i32 0, i32 0, void @empty_0, i32 0, i32 0, void @empty_0, void @empty_0, void @empty_0, i32 0, i32 0, i32 0, i32 0, void @empty_0, void @empty_0, i32 4294967295, i32 0"   --->   Operation 150 'specinterface' 'specinterface_ln0' <Predicate = true> <Delay = 0.00>
ST_4 : Operation 151 [1/1] (0.00ns)   --->   "%specbitsmap_ln0 = specbitsmap void @_ssdm_op_SpecBitsMap, i4 %c_2_0"   --->   Operation 151 'specbitsmap' 'specbitsmap_ln0' <Predicate = true> <Delay = 0.00>
ST_4 : Operation 152 [1/1] (0.00ns)   --->   "%specinterface_ln0 = specinterface void @_ssdm_op_SpecInterface, i4 %c_2_0, void @empty, i32 0, i32 0, void @empty_0, i32 0, i32 0, void @empty_0, void @empty_0, void @empty_0, i32 0, i32 0, i32 0, i32 0, void @empty_0, void @empty_0, i32 4294967295, i32 0"   --->   Operation 152 'specinterface' 'specinterface_ln0' <Predicate = true> <Delay = 0.00>
ST_4 : Operation 153 [1/1] (0.00ns)   --->   "%specbitsmap_ln0 = specbitsmap void @_ssdm_op_SpecBitsMap, i4 %c_2_1"   --->   Operation 153 'specbitsmap' 'specbitsmap_ln0' <Predicate = true> <Delay = 0.00>
ST_4 : Operation 154 [1/1] (0.00ns)   --->   "%specinterface_ln0 = specinterface void @_ssdm_op_SpecInterface, i4 %c_2_1, void @empty, i32 0, i32 0, void @empty_0, i32 0, i32 0, void @empty_0, void @empty_0, void @empty_0, i32 0, i32 0, i32 0, i32 0, void @empty_0, void @empty_0, i32 4294967295, i32 0"   --->   Operation 154 'specinterface' 'specinterface_ln0' <Predicate = true> <Delay = 0.00>
ST_4 : Operation 155 [1/1] (0.00ns)   --->   "%specbitsmap_ln0 = specbitsmap void @_ssdm_op_SpecBitsMap, i4 %c_2_2"   --->   Operation 155 'specbitsmap' 'specbitsmap_ln0' <Predicate = true> <Delay = 0.00>
ST_4 : Operation 156 [1/1] (0.00ns)   --->   "%specinterface_ln0 = specinterface void @_ssdm_op_SpecInterface, i4 %c_2_2, void @empty, i32 0, i32 0, void @empty_0, i32 0, i32 0, void @empty_0, void @empty_0, void @empty_0, i32 0, i32 0, i32 0, i32 0, void @empty_0, void @empty_0, i32 4294967295, i32 0"   --->   Operation 156 'specinterface' 'specinterface_ln0' <Predicate = true> <Delay = 0.00>
ST_4 : Operation 157 [1/1] (0.00ns) (grouped into TernaryAdder)   --->   "%sumneg = add i4 %add_ln24, i4 %sumpos_3" [matrixcalc.cpp:24->matrixcalc.cpp:88]   --->   Operation 157 'add' 'sumneg' <Predicate = true> <Delay = 0.00> <CoreInst = "TAddSub">   --->   Core 10 'TAddSub' <Latency = 0> <II = 1> <Delay = 1.65> <IPBlock> <Opcode : '<invalid operator> ' 'add' 'sub'> <InPorts = 3> <OutPorts = 1> <Sync> <CReg>
ST_4 : Operation 158 [1/1] (3.31ns) (root node of TernaryAdder)   --->   "%sum = sub i4 %sumneg, i4 %product2_5" [matrixcalc.cpp:26->matrixcalc.cpp:88]   --->   Operation 158 'sub' 'sum' <Predicate = true> <Delay = 3.31> <CoreInst = "TAddSub">   --->   Core 10 'TAddSub' <Latency = 0> <II = 1> <Delay = 1.65> <IPBlock> <Opcode : '<invalid operator> ' 'add' 'sub'> <InPorts = 3> <OutPorts = 1> <Sync> <CReg>
ST_4 : Operation 159 [1/1] (0.00ns)   --->   "%sext_ln89 = sext i4 %sum" [matrixcalc.cpp:89]   --->   Operation 159 'sext' 'sext_ln89' <Predicate = true> <Delay = 0.00>
ST_4 : Operation 160 [1/1] (0.00ns)   --->   "%ret_ln89 = ret i32 %sext_ln89" [matrixcalc.cpp:89]   --->   Operation 160 'ret' 'ret_ln89' <Predicate = true> <Delay = 0.00>


============================================================
+ Verbose Summary: Binding
============================================================
STG Binding: 
---------------- STG Properties BEGIN ----------------
- Is combinational: 0
- Is one-state seq: 0
- Is datapath-only: 0
- Is pipelined: 1
- Is top level: 1
Port [ Return ] is wired: 1; IO mode=ap_ctrl_hs:ce=0
Port [ a_0_0]:  wired=1; compound=0; hidden=0; nouse=0; global=0; static=0; extern=0; dir=0; type=0; pingpong=0; private_global=0; IO mode=ap_none:ce=0
Port [ a_0_1]:  wired=1; compound=0; hidden=0; nouse=0; global=0; static=0; extern=0; dir=0; type=0; pingpong=0; private_global=0; IO mode=ap_none:ce=0
Port [ a_0_2]:  wired=1; compound=0; hidden=0; nouse=0; global=0; static=0; extern=0; dir=0; type=0; pingpong=0; private_global=0; IO mode=ap_none:ce=0
Port [ a_1_0]:  wired=1; compound=0; hidden=0; nouse=0; global=0; static=0; extern=0; dir=0; type=0; pingpong=0; private_global=0; IO mode=ap_none:ce=0
Port [ a_1_1]:  wired=1; compound=0; hidden=0; nouse=0; global=0; static=0; extern=0; dir=0; type=0; pingpong=0; private_global=0; IO mode=ap_none:ce=0
Port [ a_1_2]:  wired=1; compound=0; hidden=0; nouse=0; global=0; static=0; extern=0; dir=0; type=0; pingpong=0; private_global=0; IO mode=ap_none:ce=0
Port [ a_2_0]:  wired=1; compound=0; hidden=0; nouse=0; global=0; static=0; extern=0; dir=0; type=0; pingpong=0; private_global=0; IO mode=ap_none:ce=0
Port [ a_2_1]:  wired=1; compound=0; hidden=0; nouse=0; global=0; static=0; extern=0; dir=0; type=0; pingpong=0; private_global=0; IO mode=ap_none:ce=0
Port [ a_2_2]:  wired=1; compound=0; hidden=0; nouse=0; global=0; static=0; extern=0; dir=0; type=0; pingpong=0; private_global=0; IO mode=ap_none:ce=0
Port [ b_0_0]:  wired=1; compound=0; hidden=0; nouse=0; global=0; static=0; extern=0; dir=0; type=0; pingpong=0; private_global=0; IO mode=ap_none:ce=0
Port [ b_0_1]:  wired=1; compound=0; hidden=0; nouse=0; global=0; static=0; extern=0; dir=0; type=0; pingpong=0; private_global=0; IO mode=ap_none:ce=0
Port [ b_0_2]:  wired=1; compound=0; hidden=0; nouse=0; global=0; static=0; extern=0; dir=0; type=0; pingpong=0; private_global=0; IO mode=ap_none:ce=0
Port [ b_1_0]:  wired=1; compound=0; hidden=0; nouse=0; global=0; static=0; extern=0; dir=0; type=0; pingpong=0; private_global=0; IO mode=ap_none:ce=0
Port [ b_1_1]:  wired=1; compound=0; hidden=0; nouse=0; global=0; static=0; extern=0; dir=0; type=0; pingpong=0; private_global=0; IO mode=ap_none:ce=0
Port [ b_1_2]:  wired=1; compound=0; hidden=0; nouse=0; global=0; static=0; extern=0; dir=0; type=0; pingpong=0; private_global=0; IO mode=ap_none:ce=0
Port [ b_2_0]:  wired=1; compound=0; hidden=0; nouse=0; global=0; static=0; extern=0; dir=0; type=0; pingpong=0; private_global=0; IO mode=ap_none:ce=0
Port [ b_2_1]:  wired=1; compound=0; hidden=0; nouse=0; global=0; static=0; extern=0; dir=0; type=0; pingpong=0; private_global=0; IO mode=ap_none:ce=0
Port [ b_2_2]:  wired=1; compound=0; hidden=0; nouse=0; global=0; static=0; extern=0; dir=0; type=0; pingpong=0; private_global=0; IO mode=ap_none:ce=0
Port [ c_0_0]:  wired=1; compound=0; hidden=0; nouse=0; global=0; static=0; extern=0; dir=0; type=0; pingpong=0; private_global=0; IO mode=ap_none:ce=0
Port [ c_0_1]:  wired=1; compound=0; hidden=0; nouse=0; global=0; static=0; extern=0; dir=0; type=0; pingpong=0; private_global=0; IO mode=ap_none:ce=0
Port [ c_0_2]:  wired=1; compound=0; hidden=0; nouse=0; global=0; static=0; extern=0; dir=0; type=0; pingpong=0; private_global=0; IO mode=ap_none:ce=0
Port [ c_1_0]:  wired=1; compound=0; hidden=0; nouse=0; global=0; static=0; extern=0; dir=0; type=0; pingpong=0; private_global=0; IO mode=ap_none:ce=0
Port [ c_1_1]:  wired=1; compound=0; hidden=0; nouse=0; global=0; static=0; extern=0; dir=0; type=0; pingpong=0; private_global=0; IO mode=ap_none:ce=0
Port [ c_1_2]:  wired=1; compound=0; hidden=0; nouse=0; global=0; static=0; extern=0; dir=0; type=0; pingpong=0; private_global=0; IO mode=ap_none:ce=0
Port [ c_2_0]:  wired=1; compound=0; hidden=0; nouse=0; global=0; static=0; extern=0; dir=0; type=0; pingpong=0; private_global=0; IO mode=ap_none:ce=0
Port [ c_2_1]:  wired=1; compound=0; hidden=0; nouse=0; global=0; static=0; extern=0; dir=0; type=0; pingpong=0; private_global=0; IO mode=ap_none:ce=0
Port [ c_2_2]:  wired=1; compound=0; hidden=0; nouse=0; global=0; static=0; extern=0; dir=0; type=0; pingpong=0; private_global=0; IO mode=ap_none:ce=0
---------------- STG Properties END ------------------

---------------- Datapath Model BEGIN ----------------

<LifeTime>
<method=bitvector/>
a_0_0_read         (read         ) [ 00000]
b_0_0_read         (read         ) [ 00000]
mul_ln43           (mul          ) [ 01100]
a_0_1_read         (read         ) [ 00000]
b_1_0_read         (read         ) [ 00000]
mul_ln43_1         (mul          ) [ 00000]
a_0_2_read         (read         ) [ 00000]
b_2_0_read         (read         ) [ 00000]
mul_ln43_2         (mul          ) [ 00000]
b_0_1_read         (read         ) [ 00000]
mul_ln43_3         (mul          ) [ 01100]
b_1_1_read         (read         ) [ 00000]
mul_ln43_4         (mul          ) [ 00000]
b_2_1_read         (read         ) [ 00000]
mul_ln43_5         (mul          ) [ 00000]
b_0_2_read         (read         ) [ 00000]
mul_ln43_6         (mul          ) [ 01100]
b_1_2_read         (read         ) [ 00000]
mul_ln43_7         (mul          ) [ 00000]
b_2_2_read         (read         ) [ 00000]
mul_ln43_8         (mul          ) [ 00000]
a_1_0_read         (read         ) [ 00000]
mul_ln43_9         (mul          ) [ 01100]
a_1_1_read         (read         ) [ 00000]
mul_ln43_10        (mul          ) [ 00000]
a_1_2_read         (read         ) [ 00000]
mul_ln43_11        (mul          ) [ 00000]
mul_ln43_12        (mul          ) [ 01100]
mul_ln43_13        (mul          ) [ 00000]
mul_ln43_14        (mul          ) [ 00000]
mul_ln43_15        (mul          ) [ 01100]
mul_ln43_16        (mul          ) [ 00000]
mul_ln43_17        (mul          ) [ 00000]
a_2_0_read         (read         ) [ 00000]
mul_ln43_18        (mul          ) [ 00000]
a_2_1_read         (read         ) [ 00000]
mul_ln43_19        (mul          ) [ 01100]
a_2_2_read         (read         ) [ 00000]
mul_ln43_20        (mul          ) [ 00000]
mul_ln43_21        (mul          ) [ 00000]
mul_ln43_22        (mul          ) [ 01100]
mul_ln43_23        (mul          ) [ 00000]
mul_ln43_24        (mul          ) [ 01100]
mul_ln43_25        (mul          ) [ 00000]
mul_ln43_26        (mul          ) [ 00000]
c_0_0_read         (read         ) [ 01100]
add_ln59_1         (add          ) [ 01100]
c_0_1_read         (read         ) [ 01100]
add_ln59_7         (add          ) [ 01100]
c_0_2_read         (read         ) [ 01100]
add_ln59_10        (add          ) [ 01100]
c_1_0_read         (read         ) [ 01100]
add_ln59_13        (add          ) [ 01100]
c_1_1_read         (read         ) [ 01100]
add_ln59_15        (add          ) [ 01100]
c_1_2_read         (read         ) [ 01100]
add_ln59_17        (add          ) [ 01100]
c_2_0_read         (read         ) [ 01100]
add_ln59_19        (add          ) [ 01100]
c_2_1_read         (read         ) [ 01100]
add_ln59_22        (add          ) [ 01100]
c_2_2_read         (read         ) [ 01100]
add_ln59_25        (add          ) [ 01100]
add_ln59           (add          ) [ 00000]
product1           (add          ) [ 00000]
add_ln59_6         (add          ) [ 00000]
product1_2         (add          ) [ 00000]
add_ln59_9         (add          ) [ 00000]
product1_4         (add          ) [ 00000]
add_ln59_12        (add          ) [ 00000]
add_ln59_3         (add          ) [ 01010]
add_ln59_14        (add          ) [ 00000]
add_ln59_4         (add          ) [ 01010]
add_ln59_16        (add          ) [ 00000]
add_ln59_5         (add          ) [ 00000]
add_ln59_18        (add          ) [ 00000]
product2           (add          ) [ 01010]
add_ln59_21        (add          ) [ 00000]
product2_2         (add          ) [ 01010]
add_ln59_24        (add          ) [ 00000]
product2_4         (add          ) [ 00000]
mul_ln20           (mul          ) [ 01010]
product2_6         (mul          ) [ 01010]
product1_7         (mul          ) [ 01010]
product2_7         (mul          ) [ 01010]
product1_8         (mul          ) [ 01010]
mul_ln21_2         (mul          ) [ 01010]
product1_6         (mul          ) [ 00000]
product2_5         (mul          ) [ 01001]
sub_ln23           (sub          ) [ 00000]
sumpos             (mul          ) [ 00000]
sub_ln23_1         (sub          ) [ 00000]
sumpos_3           (mul          ) [ 01001]
add_ln24           (add          ) [ 01001]
specbitsmap_ln0    (specbitsmap  ) [ 00000]
specpipeline_ln84  (specpipeline ) [ 00000]
spectopmodule_ln64 (spectopmodule) [ 00000]
specinterface_ln64 (specinterface) [ 00000]
specbitsmap_ln0    (specbitsmap  ) [ 00000]
specinterface_ln0  (specinterface) [ 00000]
specbitsmap_ln0    (specbitsmap  ) [ 00000]
specinterface_ln0  (specinterface) [ 00000]
specbitsmap_ln0    (specbitsmap  ) [ 00000]
specinterface_ln0  (specinterface) [ 00000]
specbitsmap_ln0    (specbitsmap  ) [ 00000]
specinterface_ln0  (specinterface) [ 00000]
specbitsmap_ln0    (specbitsmap  ) [ 00000]
specinterface_ln0  (specinterface) [ 00000]
specbitsmap_ln0    (specbitsmap  ) [ 00000]
specinterface_ln0  (specinterface) [ 00000]
specbitsmap_ln0    (specbitsmap  ) [ 00000]
specinterface_ln0  (specinterface) [ 00000]
specbitsmap_ln0    (specbitsmap  ) [ 00000]
specinterface_ln0  (specinterface) [ 00000]
specbitsmap_ln0    (specbitsmap  ) [ 00000]
specinterface_ln0  (specinterface) [ 00000]
specbitsmap_ln0    (specbitsmap  ) [ 00000]
specinterface_ln0  (specinterface) [ 00000]
specbitsmap_ln0    (specbitsmap  ) [ 00000]
specinterface_ln0  (specinterface) [ 00000]
specbitsmap_ln0    (specbitsmap  ) [ 00000]
specinterface_ln0  (specinterface) [ 00000]
specbitsmap_ln0    (specbitsmap  ) [ 00000]
specinterface_ln0  (specinterface) [ 00000]
specbitsmap_ln0    (specbitsmap  ) [ 00000]
specinterface_ln0  (specinterface) [ 00000]
specbitsmap_ln0    (specbitsmap  ) [ 00000]
specinterface_ln0  (specinterface) [ 00000]
specbitsmap_ln0    (specbitsmap  ) [ 00000]
specinterface_ln0  (specinterface) [ 00000]
specbitsmap_ln0    (specbitsmap  ) [ 00000]
specinterface_ln0  (specinterface) [ 00000]
specbitsmap_ln0    (specbitsmap  ) [ 00000]
specinterface_ln0  (specinterface) [ 00000]
specbitsmap_ln0    (specbitsmap  ) [ 00000]
specinterface_ln0  (specinterface) [ 00000]
specbitsmap_ln0    (specbitsmap  ) [ 00000]
specinterface_ln0  (specinterface) [ 00000]
specbitsmap_ln0    (specbitsmap  ) [ 00000]
specinterface_ln0  (specinterface) [ 00000]
specbitsmap_ln0    (specbitsmap  ) [ 00000]
specinterface_ln0  (specinterface) [ 00000]
specbitsmap_ln0    (specbitsmap  ) [ 00000]
specinterface_ln0  (specinterface) [ 00000]
specbitsmap_ln0    (specbitsmap  ) [ 00000]
specinterface_ln0  (specinterface) [ 00000]
specbitsmap_ln0    (specbitsmap  ) [ 00000]
specinterface_ln0  (specinterface) [ 00000]
specbitsmap_ln0    (specbitsmap  ) [ 00000]
specinterface_ln0  (specinterface) [ 00000]
specbitsmap_ln0    (specbitsmap  ) [ 00000]
specinterface_ln0  (specinterface) [ 00000]
sumneg             (add          ) [ 00000]
sum                (sub          ) [ 00000]
sext_ln89          (sext         ) [ 00000]
ret_ln89           (ret          ) [ 00000]
</LifeTime>

<model>

<comp_list>
<comp id="0" class="1000" name="a_0_0">
<pin_list>
<pin id="1" dir="1" index="0" bw="1" slack="0"/>
</pin_list>
<bind>
<StgValue><ssdm name="a_0_0"/></StgValue>
</bind>
</comp>

<comp id="2" class="1000" name="a_0_1">
<pin_list>
<pin id="3" dir="1" index="0" bw="1" slack="0"/>
</pin_list>
<bind>
<StgValue><ssdm name="a_0_1"/></StgValue>
</bind>
</comp>

<comp id="4" class="1000" name="a_0_2">
<pin_list>
<pin id="5" dir="1" index="0" bw="1" slack="0"/>
</pin_list>
<bind>
<StgValue><ssdm name="a_0_2"/></StgValue>
</bind>
</comp>

<comp id="6" class="1000" name="a_1_0">
<pin_list>
<pin id="7" dir="1" index="0" bw="1" slack="0"/>
</pin_list>
<bind>
<StgValue><ssdm name="a_1_0"/></StgValue>
</bind>
</comp>

<comp id="8" class="1000" name="a_1_1">
<pin_list>
<pin id="9" dir="1" index="0" bw="1" slack="0"/>
</pin_list>
<bind>
<StgValue><ssdm name="a_1_1"/></StgValue>
</bind>
</comp>

<comp id="10" class="1000" name="a_1_2">
<pin_list>
<pin id="11" dir="1" index="0" bw="1" slack="0"/>
</pin_list>
<bind>
<StgValue><ssdm name="a_1_2"/></StgValue>
</bind>
</comp>

<comp id="12" class="1000" name="a_2_0">
<pin_list>
<pin id="13" dir="1" index="0" bw="1" slack="0"/>
</pin_list>
<bind>
<StgValue><ssdm name="a_2_0"/></StgValue>
</bind>
</comp>

<comp id="14" class="1000" name="a_2_1">
<pin_list>
<pin id="15" dir="1" index="0" bw="1" slack="0"/>
</pin_list>
<bind>
<StgValue><ssdm name="a_2_1"/></StgValue>
</bind>
</comp>

<comp id="16" class="1000" name="a_2_2">
<pin_list>
<pin id="17" dir="1" index="0" bw="1" slack="0"/>
</pin_list>
<bind>
<StgValue><ssdm name="a_2_2"/></StgValue>
</bind>
</comp>

<comp id="18" class="1000" name="b_0_0">
<pin_list>
<pin id="19" dir="1" index="0" bw="1" slack="0"/>
</pin_list>
<bind>
<StgValue><ssdm name="b_0_0"/></StgValue>
</bind>
</comp>

<comp id="20" class="1000" name="b_0_1">
<pin_list>
<pin id="21" dir="1" index="0" bw="1" slack="0"/>
</pin_list>
<bind>
<StgValue><ssdm name="b_0_1"/></StgValue>
</bind>
</comp>

<comp id="22" class="1000" name="b_0_2">
<pin_list>
<pin id="23" dir="1" index="0" bw="1" slack="0"/>
</pin_list>
<bind>
<StgValue><ssdm name="b_0_2"/></StgValue>
</bind>
</comp>

<comp id="24" class="1000" name="b_1_0">
<pin_list>
<pin id="25" dir="1" index="0" bw="1" slack="0"/>
</pin_list>
<bind>
<StgValue><ssdm name="b_1_0"/></StgValue>
</bind>
</comp>

<comp id="26" class="1000" name="b_1_1">
<pin_list>
<pin id="27" dir="1" index="0" bw="1" slack="0"/>
</pin_list>
<bind>
<StgValue><ssdm name="b_1_1"/></StgValue>
</bind>
</comp>

<comp id="28" class="1000" name="b_1_2">
<pin_list>
<pin id="29" dir="1" index="0" bw="1" slack="0"/>
</pin_list>
<bind>
<StgValue><ssdm name="b_1_2"/></StgValue>
</bind>
</comp>

<comp id="30" class="1000" name="b_2_0">
<pin_list>
<pin id="31" dir="1" index="0" bw="1" slack="0"/>
</pin_list>
<bind>
<StgValue><ssdm name="b_2_0"/></StgValue>
</bind>
</comp>

<comp id="32" class="1000" name="b_2_1">
<pin_list>
<pin id="33" dir="1" index="0" bw="1" slack="0"/>
</pin_list>
<bind>
<StgValue><ssdm name="b_2_1"/></StgValue>
</bind>
</comp>

<comp id="34" class="1000" name="b_2_2">
<pin_list>
<pin id="35" dir="1" index="0" bw="1" slack="0"/>
</pin_list>
<bind>
<StgValue><ssdm name="b_2_2"/></StgValue>
</bind>
</comp>

<comp id="36" class="1000" name="c_0_0">
<pin_list>
<pin id="37" dir="1" index="0" bw="1" slack="0"/>
</pin_list>
<bind>
<StgValue><ssdm name="c_0_0"/></StgValue>
</bind>
</comp>

<comp id="38" class="1000" name="c_0_1">
<pin_list>
<pin id="39" dir="1" index="0" bw="1" slack="0"/>
</pin_list>
<bind>
<StgValue><ssdm name="c_0_1"/></StgValue>
</bind>
</comp>

<comp id="40" class="1000" name="c_0_2">
<pin_list>
<pin id="41" dir="1" index="0" bw="1" slack="0"/>
</pin_list>
<bind>
<StgValue><ssdm name="c_0_2"/></StgValue>
</bind>
</comp>

<comp id="42" class="1000" name="c_1_0">
<pin_list>
<pin id="43" dir="1" index="0" bw="1" slack="0"/>
</pin_list>
<bind>
<StgValue><ssdm name="c_1_0"/></StgValue>
</bind>
</comp>

<comp id="44" class="1000" name="c_1_1">
<pin_list>
<pin id="45" dir="1" index="0" bw="1" slack="0"/>
</pin_list>
<bind>
<StgValue><ssdm name="c_1_1"/></StgValue>
</bind>
</comp>

<comp id="46" class="1000" name="c_1_2">
<pin_list>
<pin id="47" dir="1" index="0" bw="1" slack="0"/>
</pin_list>
<bind>
<StgValue><ssdm name="c_1_2"/></StgValue>
</bind>
</comp>

<comp id="48" class="1000" name="c_2_0">
<pin_list>
<pin id="49" dir="1" index="0" bw="1" slack="0"/>
</pin_list>
<bind>
<StgValue><ssdm name="c_2_0"/></StgValue>
</bind>
</comp>

<comp id="50" class="1000" name="c_2_1">
<pin_list>
<pin id="51" dir="1" index="0" bw="1" slack="0"/>
</pin_list>
<bind>
<StgValue><ssdm name="c_2_1"/></StgValue>
</bind>
</comp>

<comp id="52" class="1000" name="c_2_2">
<pin_list>
<pin id="53" dir="1" index="0" bw="1" slack="0"/>
</pin_list>
<bind>
<StgValue><ssdm name="c_2_2"/></StgValue>
</bind>
</comp>

<comp id="54" class="1001" name="const_54">
<pin_list>
<pin id="55" dir="1" index="0" bw="1" slack="0"/>
</pin_list>
<bind>
<StgValue><ssdm name="_ssdm_op_Read.ap_auto.i4P0A"/></StgValue>
</bind>
</comp>

<comp id="56" class="1001" name="const_56">
<pin_list>
<pin id="57" dir="1" index="0" bw="1" slack="2147483647"/>
</pin_list>
<bind>
<StgValue><ssdm name="_ssdm_op_SpecBitsMap"/></StgValue>
</bind>
</comp>

<comp id="58" class="1001" name="const_58">
<pin_list>
<pin id="59" dir="1" index="0" bw="1" slack="2147483647"/>
</pin_list>
<bind>
<StgValue><ssdm name=""/></StgValue>
</bind>
</comp>

<comp id="60" class="1001" name="const_60">
<pin_list>
<pin id="61" dir="1" index="0" bw="1" slack="2147483647"/>
</pin_list>
<bind>
<StgValue><ssdm name="_ssdm_op_SpecPipeline"/></StgValue>
</bind>
</comp>

<comp id="62" class="1001" name="const_62">
<pin_list>
<pin id="63" dir="1" index="0" bw="1" slack="2147483647"/>
</pin_list>
<bind>
<StgValue><ssdm name=""/></StgValue>
</bind>
</comp>

<comp id="64" class="1001" name="const_64">
<pin_list>
<pin id="65" dir="1" index="0" bw="1" slack="2147483647"/>
</pin_list>
<bind>
<StgValue><ssdm name="empty_0"/></StgValue>
</bind>
</comp>

<comp id="66" class="1001" name="const_66">
<pin_list>
<pin id="67" dir="1" index="0" bw="1" slack="2147483647"/>
</pin_list>
<bind>
<StgValue><ssdm name="_ssdm_op_SpecTopModule"/></StgValue>
</bind>
</comp>

<comp id="68" class="1001" name="const_68">
<pin_list>
<pin id="69" dir="1" index="0" bw="1" slack="2147483647"/>
</pin_list>
<bind>
<StgValue><ssdm name="empty_1"/></StgValue>
</bind>
</comp>

<comp id="70" class="1001" name="const_70">
<pin_list>
<pin id="71" dir="1" index="0" bw="1" slack="2147483647"/>
</pin_list>
<bind>
<StgValue><ssdm name="_ssdm_op_SpecInterface"/></StgValue>
</bind>
</comp>

<comp id="72" class="1001" name="const_72">
<pin_list>
<pin id="73" dir="1" index="0" bw="1" slack="2147483647"/>
</pin_list>
<bind>
<StgValue><ssdm name="empty_2"/></StgValue>
</bind>
</comp>

<comp id="74" class="1001" name="const_74">
<pin_list>
<pin id="75" dir="1" index="0" bw="1" slack="2147483647"/>
</pin_list>
<bind>
<StgValue><ssdm name=""/></StgValue>
</bind>
</comp>

<comp id="76" class="1001" name="const_76">
<pin_list>
<pin id="77" dir="1" index="0" bw="1" slack="2147483647"/>
</pin_list>
<bind>
<StgValue><ssdm name="empty"/></StgValue>
</bind>
</comp>

<comp id="78" class="1004" name="a_0_0_read_read_fu_78">
<pin_list>
<pin id="79" dir="0" index="0" bw="4" slack="0"/>
<pin id="80" dir="0" index="1" bw="4" slack="0"/>
<pin id="81" dir="1" index="2" bw="4" slack="0"/>
</pin_list>
<bind>
<opcode="read(1150) " fcode="read"/>
<opset="a_0_0_read/1 "/>
</bind>
</comp>

<comp id="84" class="1004" name="b_0_0_read_read_fu_84">
<pin_list>
<pin id="85" dir="0" index="0" bw="4" slack="0"/>
<pin id="86" dir="0" index="1" bw="4" slack="0"/>
<pin id="87" dir="1" index="2" bw="4" slack="0"/>
</pin_list>
<bind>
<opcode="read(1150) " fcode="read"/>
<opset="b_0_0_read/1 "/>
</bind>
</comp>

<comp id="90" class="1004" name="a_0_1_read_read_fu_90">
<pin_list>
<pin id="91" dir="0" index="0" bw="4" slack="0"/>
<pin id="92" dir="0" index="1" bw="4" slack="0"/>
<pin id="93" dir="1" index="2" bw="4" slack="0"/>
</pin_list>
<bind>
<opcode="read(1150) " fcode="read"/>
<opset="a_0_1_read/1 "/>
</bind>
</comp>

<comp id="96" class="1004" name="b_1_0_read_read_fu_96">
<pin_list>
<pin id="97" dir="0" index="0" bw="4" slack="0"/>
<pin id="98" dir="0" index="1" bw="4" slack="0"/>
<pin id="99" dir="1" index="2" bw="4" slack="0"/>
</pin_list>
<bind>
<opcode="read(1150) " fcode="read"/>
<opset="b_1_0_read/1 "/>
</bind>
</comp>

<comp id="102" class="1004" name="a_0_2_read_read_fu_102">
<pin_list>
<pin id="103" dir="0" index="0" bw="4" slack="0"/>
<pin id="104" dir="0" index="1" bw="4" slack="0"/>
<pin id="105" dir="1" index="2" bw="4" slack="0"/>
</pin_list>
<bind>
<opcode="read(1150) " fcode="read"/>
<opset="a_0_2_read/1 "/>
</bind>
</comp>

<comp id="108" class="1004" name="b_2_0_read_read_fu_108">
<pin_list>
<pin id="109" dir="0" index="0" bw="4" slack="0"/>
<pin id="110" dir="0" index="1" bw="4" slack="0"/>
<pin id="111" dir="1" index="2" bw="4" slack="0"/>
</pin_list>
<bind>
<opcode="read(1150) " fcode="read"/>
<opset="b_2_0_read/1 "/>
</bind>
</comp>

<comp id="114" class="1004" name="b_0_1_read_read_fu_114">
<pin_list>
<pin id="115" dir="0" index="0" bw="4" slack="0"/>
<pin id="116" dir="0" index="1" bw="4" slack="0"/>
<pin id="117" dir="1" index="2" bw="4" slack="0"/>
</pin_list>
<bind>
<opcode="read(1150) " fcode="read"/>
<opset="b_0_1_read/1 "/>
</bind>
</comp>

<comp id="120" class="1004" name="b_1_1_read_read_fu_120">
<pin_list>
<pin id="121" dir="0" index="0" bw="4" slack="0"/>
<pin id="122" dir="0" index="1" bw="4" slack="0"/>
<pin id="123" dir="1" index="2" bw="4" slack="0"/>
</pin_list>
<bind>
<opcode="read(1150) " fcode="read"/>
<opset="b_1_1_read/1 "/>
</bind>
</comp>

<comp id="126" class="1004" name="b_2_1_read_read_fu_126">
<pin_list>
<pin id="127" dir="0" index="0" bw="4" slack="0"/>
<pin id="128" dir="0" index="1" bw="4" slack="0"/>
<pin id="129" dir="1" index="2" bw="4" slack="0"/>
</pin_list>
<bind>
<opcode="read(1150) " fcode="read"/>
<opset="b_2_1_read/1 "/>
</bind>
</comp>

<comp id="132" class="1004" name="b_0_2_read_read_fu_132">
<pin_list>
<pin id="133" dir="0" index="0" bw="4" slack="0"/>
<pin id="134" dir="0" index="1" bw="4" slack="0"/>
<pin id="135" dir="1" index="2" bw="4" slack="0"/>
</pin_list>
<bind>
<opcode="read(1150) " fcode="read"/>
<opset="b_0_2_read/1 "/>
</bind>
</comp>

<comp id="138" class="1004" name="b_1_2_read_read_fu_138">
<pin_list>
<pin id="139" dir="0" index="0" bw="4" slack="0"/>
<pin id="140" dir="0" index="1" bw="4" slack="0"/>
<pin id="141" dir="1" index="2" bw="4" slack="0"/>
</pin_list>
<bind>
<opcode="read(1150) " fcode="read"/>
<opset="b_1_2_read/1 "/>
</bind>
</comp>

<comp id="144" class="1004" name="b_2_2_read_read_fu_144">
<pin_list>
<pin id="145" dir="0" index="0" bw="4" slack="0"/>
<pin id="146" dir="0" index="1" bw="4" slack="0"/>
<pin id="147" dir="1" index="2" bw="4" slack="0"/>
</pin_list>
<bind>
<opcode="read(1150) " fcode="read"/>
<opset="b_2_2_read/1 "/>
</bind>
</comp>

<comp id="150" class="1004" name="a_1_0_read_read_fu_150">
<pin_list>
<pin id="151" dir="0" index="0" bw="4" slack="0"/>
<pin id="152" dir="0" index="1" bw="4" slack="0"/>
<pin id="153" dir="1" index="2" bw="4" slack="0"/>
</pin_list>
<bind>
<opcode="read(1150) " fcode="read"/>
<opset="a_1_0_read/1 "/>
</bind>
</comp>

<comp id="156" class="1004" name="a_1_1_read_read_fu_156">
<pin_list>
<pin id="157" dir="0" index="0" bw="4" slack="0"/>
<pin id="158" dir="0" index="1" bw="4" slack="0"/>
<pin id="159" dir="1" index="2" bw="4" slack="0"/>
</pin_list>
<bind>
<opcode="read(1150) " fcode="read"/>
<opset="a_1_1_read/1 "/>
</bind>
</comp>

<comp id="162" class="1004" name="a_1_2_read_read_fu_162">
<pin_list>
<pin id="163" dir="0" index="0" bw="4" slack="0"/>
<pin id="164" dir="0" index="1" bw="4" slack="0"/>
<pin id="165" dir="1" index="2" bw="4" slack="0"/>
</pin_list>
<bind>
<opcode="read(1150) " fcode="read"/>
<opset="a_1_2_read/1 "/>
</bind>
</comp>

<comp id="168" class="1004" name="a_2_0_read_read_fu_168">
<pin_list>
<pin id="169" dir="0" index="0" bw="4" slack="0"/>
<pin id="170" dir="0" index="1" bw="4" slack="0"/>
<pin id="171" dir="1" index="2" bw="4" slack="0"/>
</pin_list>
<bind>
<opcode="read(1150) " fcode="read"/>
<opset="a_2_0_read/1 "/>
</bind>
</comp>

<comp id="174" class="1004" name="a_2_1_read_read_fu_174">
<pin_list>
<pin id="175" dir="0" index="0" bw="4" slack="0"/>
<pin id="176" dir="0" index="1" bw="4" slack="0"/>
<pin id="177" dir="1" index="2" bw="4" slack="0"/>
</pin_list>
<bind>
<opcode="read(1150) " fcode="read"/>
<opset="a_2_1_read/1 "/>
</bind>
</comp>

<comp id="180" class="1004" name="a_2_2_read_read_fu_180">
<pin_list>
<pin id="181" dir="0" index="0" bw="4" slack="0"/>
<pin id="182" dir="0" index="1" bw="4" slack="0"/>
<pin id="183" dir="1" index="2" bw="4" slack="0"/>
</pin_list>
<bind>
<opcode="read(1150) " fcode="read"/>
<opset="a_2_2_read/1 "/>
</bind>
</comp>

<comp id="186" class="1004" name="c_0_0_read_read_fu_186">
<pin_list>
<pin id="187" dir="0" index="0" bw="4" slack="0"/>
<pin id="188" dir="0" index="1" bw="4" slack="0"/>
<pin id="189" dir="1" index="2" bw="4" slack="1"/>
</pin_list>
<bind>
<opcode="read(1150) " fcode="read"/>
<opset="c_0_0_read/1 "/>
</bind>
</comp>

<comp id="192" class="1004" name="c_0_1_read_read_fu_192">
<pin_list>
<pin id="193" dir="0" index="0" bw="4" slack="0"/>
<pin id="194" dir="0" index="1" bw="4" slack="0"/>
<pin id="195" dir="1" index="2" bw="4" slack="1"/>
</pin_list>
<bind>
<opcode="read(1150) " fcode="read"/>
<opset="c_0_1_read/1 "/>
</bind>
</comp>

<comp id="198" class="1004" name="c_0_2_read_read_fu_198">
<pin_list>
<pin id="199" dir="0" index="0" bw="4" slack="0"/>
<pin id="200" dir="0" index="1" bw="4" slack="0"/>
<pin id="201" dir="1" index="2" bw="4" slack="1"/>
</pin_list>
<bind>
<opcode="read(1150) " fcode="read"/>
<opset="c_0_2_read/1 "/>
</bind>
</comp>

<comp id="204" class="1004" name="c_1_0_read_read_fu_204">
<pin_list>
<pin id="205" dir="0" index="0" bw="4" slack="0"/>
<pin id="206" dir="0" index="1" bw="4" slack="0"/>
<pin id="207" dir="1" index="2" bw="4" slack="1"/>
</pin_list>
<bind>
<opcode="read(1150) " fcode="read"/>
<opset="c_1_0_read/1 "/>
</bind>
</comp>

<comp id="210" class="1004" name="c_1_1_read_read_fu_210">
<pin_list>
<pin id="211" dir="0" index="0" bw="4" slack="0"/>
<pin id="212" dir="0" index="1" bw="4" slack="0"/>
<pin id="213" dir="1" index="2" bw="4" slack="1"/>
</pin_list>
<bind>
<opcode="read(1150) " fcode="read"/>
<opset="c_1_1_read/1 "/>
</bind>
</comp>

<comp id="216" class="1004" name="c_1_2_read_read_fu_216">
<pin_list>
<pin id="217" dir="0" index="0" bw="4" slack="0"/>
<pin id="218" dir="0" index="1" bw="4" slack="0"/>
<pin id="219" dir="1" index="2" bw="4" slack="1"/>
</pin_list>
<bind>
<opcode="read(1150) " fcode="read"/>
<opset="c_1_2_read/1 "/>
</bind>
</comp>

<comp id="222" class="1004" name="c_2_0_read_read_fu_222">
<pin_list>
<pin id="223" dir="0" index="0" bw="4" slack="0"/>
<pin id="224" dir="0" index="1" bw="4" slack="0"/>
<pin id="225" dir="1" index="2" bw="4" slack="1"/>
</pin_list>
<bind>
<opcode="read(1150) " fcode="read"/>
<opset="c_2_0_read/1 "/>
</bind>
</comp>

<comp id="228" class="1004" name="c_2_1_read_read_fu_228">
<pin_list>
<pin id="229" dir="0" index="0" bw="4" slack="0"/>
<pin id="230" dir="0" index="1" bw="4" slack="0"/>
<pin id="231" dir="1" index="2" bw="4" slack="1"/>
</pin_list>
<bind>
<opcode="read(1150) " fcode="read"/>
<opset="c_2_1_read/1 "/>
</bind>
</comp>

<comp id="234" class="1004" name="c_2_2_read_read_fu_234">
<pin_list>
<pin id="235" dir="0" index="0" bw="4" slack="0"/>
<pin id="236" dir="0" index="1" bw="4" slack="0"/>
<pin id="237" dir="1" index="2" bw="4" slack="1"/>
</pin_list>
<bind>
<opcode="read(1150) " fcode="read"/>
<opset="c_2_2_read/1 "/>
</bind>
</comp>

<comp id="240" class="1004" name="mul_ln43_fu_240">
<pin_list>
<pin id="241" dir="0" index="0" bw="4" slack="0"/>
<pin id="242" dir="0" index="1" bw="4" slack="0"/>
<pin id="243" dir="1" index="2" bw="4" slack="1"/>
</pin_list>
<bind>
<opcode="mul(12) " fcode="mul"/>
<opset="mul_ln43/1 "/>
</bind>
</comp>

<comp id="246" class="1004" name="mul_ln43_1_fu_246">
<pin_list>
<pin id="247" dir="0" index="0" bw="4" slack="0"/>
<pin id="248" dir="0" index="1" bw="4" slack="0"/>
<pin id="249" dir="1" index="2" bw="4" slack="0"/>
</pin_list>
<bind>
<opcode="mul(12) " fcode="mul"/>
<opset="mul_ln43_1/1 "/>
</bind>
</comp>

<comp id="252" class="1004" name="mul_ln43_2_fu_252">
<pin_list>
<pin id="253" dir="0" index="0" bw="4" slack="0"/>
<pin id="254" dir="0" index="1" bw="4" slack="0"/>
<pin id="255" dir="1" index="2" bw="4" slack="0"/>
</pin_list>
<bind>
<opcode="mul(12) " fcode="mul"/>
<opset="mul_ln43_2/1 "/>
</bind>
</comp>

<comp id="258" class="1004" name="mul_ln43_3_fu_258">
<pin_list>
<pin id="259" dir="0" index="0" bw="4" slack="0"/>
<pin id="260" dir="0" index="1" bw="4" slack="0"/>
<pin id="261" dir="1" index="2" bw="4" slack="1"/>
</pin_list>
<bind>
<opcode="mul(12) " fcode="mul"/>
<opset="mul_ln43_3/1 "/>
</bind>
</comp>

<comp id="264" class="1004" name="mul_ln43_4_fu_264">
<pin_list>
<pin id="265" dir="0" index="0" bw="4" slack="0"/>
<pin id="266" dir="0" index="1" bw="4" slack="0"/>
<pin id="267" dir="1" index="2" bw="4" slack="0"/>
</pin_list>
<bind>
<opcode="mul(12) " fcode="mul"/>
<opset="mul_ln43_4/1 "/>
</bind>
</comp>

<comp id="270" class="1004" name="mul_ln43_5_fu_270">
<pin_list>
<pin id="271" dir="0" index="0" bw="4" slack="0"/>
<pin id="272" dir="0" index="1" bw="4" slack="0"/>
<pin id="273" dir="1" index="2" bw="4" slack="0"/>
</pin_list>
<bind>
<opcode="mul(12) " fcode="mul"/>
<opset="mul_ln43_5/1 "/>
</bind>
</comp>

<comp id="276" class="1004" name="mul_ln43_6_fu_276">
<pin_list>
<pin id="277" dir="0" index="0" bw="4" slack="0"/>
<pin id="278" dir="0" index="1" bw="4" slack="0"/>
<pin id="279" dir="1" index="2" bw="4" slack="1"/>
</pin_list>
<bind>
<opcode="mul(12) " fcode="mul"/>
<opset="mul_ln43_6/1 "/>
</bind>
</comp>

<comp id="282" class="1004" name="mul_ln43_7_fu_282">
<pin_list>
<pin id="283" dir="0" index="0" bw="4" slack="0"/>
<pin id="284" dir="0" index="1" bw="4" slack="0"/>
<pin id="285" dir="1" index="2" bw="4" slack="0"/>
</pin_list>
<bind>
<opcode="mul(12) " fcode="mul"/>
<opset="mul_ln43_7/1 "/>
</bind>
</comp>

<comp id="288" class="1004" name="mul_ln43_8_fu_288">
<pin_list>
<pin id="289" dir="0" index="0" bw="4" slack="0"/>
<pin id="290" dir="0" index="1" bw="4" slack="0"/>
<pin id="291" dir="1" index="2" bw="4" slack="0"/>
</pin_list>
<bind>
<opcode="mul(12) " fcode="mul"/>
<opset="mul_ln43_8/1 "/>
</bind>
</comp>

<comp id="294" class="1004" name="mul_ln43_9_fu_294">
<pin_list>
<pin id="295" dir="0" index="0" bw="4" slack="0"/>
<pin id="296" dir="0" index="1" bw="4" slack="0"/>
<pin id="297" dir="1" index="2" bw="4" slack="1"/>
</pin_list>
<bind>
<opcode="mul(12) " fcode="mul"/>
<opset="mul_ln43_9/1 "/>
</bind>
</comp>

<comp id="300" class="1004" name="mul_ln43_10_fu_300">
<pin_list>
<pin id="301" dir="0" index="0" bw="4" slack="0"/>
<pin id="302" dir="0" index="1" bw="4" slack="0"/>
<pin id="303" dir="1" index="2" bw="4" slack="0"/>
</pin_list>
<bind>
<opcode="mul(12) " fcode="mul"/>
<opset="mul_ln43_10/1 "/>
</bind>
</comp>

<comp id="306" class="1004" name="mul_ln43_11_fu_306">
<pin_list>
<pin id="307" dir="0" index="0" bw="4" slack="0"/>
<pin id="308" dir="0" index="1" bw="4" slack="0"/>
<pin id="309" dir="1" index="2" bw="4" slack="0"/>
</pin_list>
<bind>
<opcode="mul(12) " fcode="mul"/>
<opset="mul_ln43_11/1 "/>
</bind>
</comp>

<comp id="312" class="1004" name="mul_ln43_12_fu_312">
<pin_list>
<pin id="313" dir="0" index="0" bw="4" slack="0"/>
<pin id="314" dir="0" index="1" bw="4" slack="0"/>
<pin id="315" dir="1" index="2" bw="4" slack="1"/>
</pin_list>
<bind>
<opcode="mul(12) " fcode="mul"/>
<opset="mul_ln43_12/1 "/>
</bind>
</comp>

<comp id="318" class="1004" name="mul_ln43_13_fu_318">
<pin_list>
<pin id="319" dir="0" index="0" bw="4" slack="0"/>
<pin id="320" dir="0" index="1" bw="4" slack="0"/>
<pin id="321" dir="1" index="2" bw="4" slack="0"/>
</pin_list>
<bind>
<opcode="mul(12) " fcode="mul"/>
<opset="mul_ln43_13/1 "/>
</bind>
</comp>

<comp id="324" class="1004" name="mul_ln43_14_fu_324">
<pin_list>
<pin id="325" dir="0" index="0" bw="4" slack="0"/>
<pin id="326" dir="0" index="1" bw="4" slack="0"/>
<pin id="327" dir="1" index="2" bw="4" slack="0"/>
</pin_list>
<bind>
<opcode="mul(12) " fcode="mul"/>
<opset="mul_ln43_14/1 "/>
</bind>
</comp>

<comp id="330" class="1004" name="mul_ln43_15_fu_330">
<pin_list>
<pin id="331" dir="0" index="0" bw="4" slack="0"/>
<pin id="332" dir="0" index="1" bw="4" slack="0"/>
<pin id="333" dir="1" index="2" bw="4" slack="1"/>
</pin_list>
<bind>
<opcode="mul(12) " fcode="mul"/>
<opset="mul_ln43_15/1 "/>
</bind>
</comp>

<comp id="336" class="1004" name="mul_ln43_16_fu_336">
<pin_list>
<pin id="337" dir="0" index="0" bw="4" slack="0"/>
<pin id="338" dir="0" index="1" bw="4" slack="0"/>
<pin id="339" dir="1" index="2" bw="4" slack="0"/>
</pin_list>
<bind>
<opcode="mul(12) " fcode="mul"/>
<opset="mul_ln43_16/1 "/>
</bind>
</comp>

<comp id="342" class="1004" name="mul_ln43_17_fu_342">
<pin_list>
<pin id="343" dir="0" index="0" bw="4" slack="0"/>
<pin id="344" dir="0" index="1" bw="4" slack="0"/>
<pin id="345" dir="1" index="2" bw="4" slack="0"/>
</pin_list>
<bind>
<opcode="mul(12) " fcode="mul"/>
<opset="mul_ln43_17/1 "/>
</bind>
</comp>

<comp id="348" class="1004" name="mul_ln43_18_fu_348">
<pin_list>
<pin id="349" dir="0" index="0" bw="4" slack="0"/>
<pin id="350" dir="0" index="1" bw="4" slack="0"/>
<pin id="351" dir="1" index="2" bw="4" slack="0"/>
</pin_list>
<bind>
<opcode="mul(12) " fcode="mul"/>
<opset="mul_ln43_18/1 "/>
</bind>
</comp>

<comp id="354" class="1004" name="mul_ln43_19_fu_354">
<pin_list>
<pin id="355" dir="0" index="0" bw="4" slack="0"/>
<pin id="356" dir="0" index="1" bw="4" slack="0"/>
<pin id="357" dir="1" index="2" bw="4" slack="1"/>
</pin_list>
<bind>
<opcode="mul(12) " fcode="mul"/>
<opset="mul_ln43_19/1 "/>
</bind>
</comp>

<comp id="360" class="1004" name="mul_ln43_20_fu_360">
<pin_list>
<pin id="361" dir="0" index="0" bw="4" slack="0"/>
<pin id="362" dir="0" index="1" bw="4" slack="0"/>
<pin id="363" dir="1" index="2" bw="4" slack="0"/>
</pin_list>
<bind>
<opcode="mul(12) " fcode="mul"/>
<opset="mul_ln43_20/1 "/>
</bind>
</comp>

<comp id="366" class="1004" name="mul_ln43_21_fu_366">
<pin_list>
<pin id="367" dir="0" index="0" bw="4" slack="0"/>
<pin id="368" dir="0" index="1" bw="4" slack="0"/>
<pin id="369" dir="1" index="2" bw="4" slack="0"/>
</pin_list>
<bind>
<opcode="mul(12) " fcode="mul"/>
<opset="mul_ln43_21/1 "/>
</bind>
</comp>

<comp id="372" class="1004" name="mul_ln43_22_fu_372">
<pin_list>
<pin id="373" dir="0" index="0" bw="4" slack="0"/>
<pin id="374" dir="0" index="1" bw="4" slack="0"/>
<pin id="375" dir="1" index="2" bw="4" slack="1"/>
</pin_list>
<bind>
<opcode="mul(12) " fcode="mul"/>
<opset="mul_ln43_22/1 "/>
</bind>
</comp>

<comp id="378" class="1004" name="mul_ln43_23_fu_378">
<pin_list>
<pin id="379" dir="0" index="0" bw="4" slack="0"/>
<pin id="380" dir="0" index="1" bw="4" slack="0"/>
<pin id="381" dir="1" index="2" bw="4" slack="0"/>
</pin_list>
<bind>
<opcode="mul(12) " fcode="mul"/>
<opset="mul_ln43_23/1 "/>
</bind>
</comp>

<comp id="384" class="1004" name="mul_ln43_24_fu_384">
<pin_list>
<pin id="385" dir="0" index="0" bw="4" slack="0"/>
<pin id="386" dir="0" index="1" bw="4" slack="0"/>
<pin id="387" dir="1" index="2" bw="4" slack="1"/>
</pin_list>
<bind>
<opcode="mul(12) " fcode="mul"/>
<opset="mul_ln43_24/1 "/>
</bind>
</comp>

<comp id="390" class="1004" name="mul_ln43_25_fu_390">
<pin_list>
<pin id="391" dir="0" index="0" bw="4" slack="0"/>
<pin id="392" dir="0" index="1" bw="4" slack="0"/>
<pin id="393" dir="1" index="2" bw="4" slack="0"/>
</pin_list>
<bind>
<opcode="mul(12) " fcode="mul"/>
<opset="mul_ln43_25/1 "/>
</bind>
</comp>

<comp id="396" class="1004" name="mul_ln43_26_fu_396">
<pin_list>
<pin id="397" dir="0" index="0" bw="4" slack="0"/>
<pin id="398" dir="0" index="1" bw="4" slack="0"/>
<pin id="399" dir="1" index="2" bw="4" slack="0"/>
</pin_list>
<bind>
<opcode="mul(12) " fcode="mul"/>
<opset="mul_ln43_26/1 "/>
</bind>
</comp>

<comp id="402" class="1004" name="add_ln59_1_fu_402">
<pin_list>
<pin id="403" dir="0" index="0" bw="4" slack="0"/>
<pin id="404" dir="0" index="1" bw="4" slack="0"/>
<pin id="405" dir="1" index="2" bw="4" slack="1"/>
</pin_list>
<bind>
<opcode="add(8) " fcode="add"/>
<opset="add_ln59_1/1 "/>
</bind>
</comp>

<comp id="408" class="1004" name="add_ln59_7_fu_408">
<pin_list>
<pin id="409" dir="0" index="0" bw="4" slack="0"/>
<pin id="410" dir="0" index="1" bw="4" slack="0"/>
<pin id="411" dir="1" index="2" bw="4" slack="1"/>
</pin_list>
<bind>
<opcode="add(8) " fcode="add"/>
<opset="add_ln59_7/1 "/>
</bind>
</comp>

<comp id="414" class="1004" name="add_ln59_10_fu_414">
<pin_list>
<pin id="415" dir="0" index="0" bw="4" slack="0"/>
<pin id="416" dir="0" index="1" bw="4" slack="0"/>
<pin id="417" dir="1" index="2" bw="4" slack="1"/>
</pin_list>
<bind>
<opcode="add(8) " fcode="add"/>
<opset="add_ln59_10/1 "/>
</bind>
</comp>

<comp id="420" class="1004" name="add_ln59_13_fu_420">
<pin_list>
<pin id="421" dir="0" index="0" bw="4" slack="0"/>
<pin id="422" dir="0" index="1" bw="4" slack="0"/>
<pin id="423" dir="1" index="2" bw="4" slack="1"/>
</pin_list>
<bind>
<opcode="add(8) " fcode="add"/>
<opset="add_ln59_13/1 "/>
</bind>
</comp>

<comp id="426" class="1004" name="add_ln59_15_fu_426">
<pin_list>
<pin id="427" dir="0" index="0" bw="4" slack="0"/>
<pin id="428" dir="0" index="1" bw="4" slack="0"/>
<pin id="429" dir="1" index="2" bw="4" slack="1"/>
</pin_list>
<bind>
<opcode="add(8) " fcode="add"/>
<opset="add_ln59_15/1 "/>
</bind>
</comp>

<comp id="432" class="1004" name="add_ln59_17_fu_432">
<pin_list>
<pin id="433" dir="0" index="0" bw="4" slack="0"/>
<pin id="434" dir="0" index="1" bw="4" slack="0"/>
<pin id="435" dir="1" index="2" bw="4" slack="1"/>
</pin_list>
<bind>
<opcode="add(8) " fcode="add"/>
<opset="add_ln59_17/1 "/>
</bind>
</comp>

<comp id="438" class="1004" name="add_ln59_19_fu_438">
<pin_list>
<pin id="439" dir="0" index="0" bw="4" slack="0"/>
<pin id="440" dir="0" index="1" bw="4" slack="0"/>
<pin id="441" dir="1" index="2" bw="4" slack="1"/>
</pin_list>
<bind>
<opcode="add(8) " fcode="add"/>
<opset="add_ln59_19/1 "/>
</bind>
</comp>

<comp id="444" class="1004" name="add_ln59_22_fu_444">
<pin_list>
<pin id="445" dir="0" index="0" bw="4" slack="0"/>
<pin id="446" dir="0" index="1" bw="4" slack="0"/>
<pin id="447" dir="1" index="2" bw="4" slack="1"/>
</pin_list>
<bind>
<opcode="add(8) " fcode="add"/>
<opset="add_ln59_22/1 "/>
</bind>
</comp>

<comp id="450" class="1004" name="add_ln59_25_fu_450">
<pin_list>
<pin id="451" dir="0" index="0" bw="4" slack="0"/>
<pin id="452" dir="0" index="1" bw="4" slack="0"/>
<pin id="453" dir="1" index="2" bw="4" slack="1"/>
</pin_list>
<bind>
<opcode="add(8) " fcode="add"/>
<opset="add_ln59_25/1 "/>
</bind>
</comp>

<comp id="456" class="1004" name="add_ln59_fu_456">
<pin_list>
<pin id="457" dir="0" index="0" bw="4" slack="1"/>
<pin id="458" dir="0" index="1" bw="4" slack="1"/>
<pin id="459" dir="1" index="2" bw="4" slack="0"/>
</pin_list>
<bind>
<opcode="add(8) " fcode="add"/>
<opset="add_ln59/2 "/>
</bind>
</comp>

<comp id="460" class="1004" name="product1_fu_460">
<pin_list>
<pin id="461" dir="0" index="0" bw="4" slack="1"/>
<pin id="462" dir="0" index="1" bw="4" slack="0"/>
<pin id="463" dir="1" index="2" bw="4" slack="0"/>
</pin_list>
<bind>
<opcode="add(8) " fcode="add"/>
<opset="product1/2 "/>
</bind>
</comp>

<comp id="465" class="1004" name="add_ln59_6_fu_465">
<pin_list>
<pin id="466" dir="0" index="0" bw="4" slack="1"/>
<pin id="467" dir="0" index="1" bw="4" slack="1"/>
<pin id="468" dir="1" index="2" bw="4" slack="0"/>
</pin_list>
<bind>
<opcode="add(8) " fcode="add"/>
<opset="add_ln59_6/2 "/>
</bind>
</comp>

<comp id="469" class="1004" name="product1_2_fu_469">
<pin_list>
<pin id="470" dir="0" index="0" bw="4" slack="1"/>
<pin id="471" dir="0" index="1" bw="4" slack="0"/>
<pin id="472" dir="1" index="2" bw="4" slack="0"/>
</pin_list>
<bind>
<opcode="add(8) " fcode="add"/>
<opset="product1_2/2 "/>
</bind>
</comp>

<comp id="474" class="1004" name="add_ln59_9_fu_474">
<pin_list>
<pin id="475" dir="0" index="0" bw="4" slack="1"/>
<pin id="476" dir="0" index="1" bw="4" slack="1"/>
<pin id="477" dir="1" index="2" bw="4" slack="0"/>
</pin_list>
<bind>
<opcode="add(8) " fcode="add"/>
<opset="add_ln59_9/2 "/>
</bind>
</comp>

<comp id="478" class="1004" name="product1_4_fu_478">
<pin_list>
<pin id="479" dir="0" index="0" bw="4" slack="1"/>
<pin id="480" dir="0" index="1" bw="4" slack="0"/>
<pin id="481" dir="1" index="2" bw="4" slack="0"/>
</pin_list>
<bind>
<opcode="add(8) " fcode="add"/>
<opset="product1_4/2 "/>
</bind>
</comp>

<comp id="483" class="1004" name="add_ln59_12_fu_483">
<pin_list>
<pin id="484" dir="0" index="0" bw="4" slack="1"/>
<pin id="485" dir="0" index="1" bw="4" slack="1"/>
<pin id="486" dir="1" index="2" bw="4" slack="0"/>
</pin_list>
<bind>
<opcode="add(8) " fcode="add"/>
<opset="add_ln59_12/2 "/>
</bind>
</comp>

<comp id="487" class="1004" name="add_ln59_3_fu_487">
<pin_list>
<pin id="488" dir="0" index="0" bw="4" slack="1"/>
<pin id="489" dir="0" index="1" bw="4" slack="0"/>
<pin id="490" dir="1" index="2" bw="4" slack="0"/>
</pin_list>
<bind>
<opcode="add(8) " fcode="add"/>
<opset="add_ln59_3/2 "/>
</bind>
</comp>

<comp id="492" class="1004" name="add_ln59_14_fu_492">
<pin_list>
<pin id="493" dir="0" index="0" bw="4" slack="1"/>
<pin id="494" dir="0" index="1" bw="4" slack="1"/>
<pin id="495" dir="1" index="2" bw="4" slack="0"/>
</pin_list>
<bind>
<opcode="add(8) " fcode="add"/>
<opset="add_ln59_14/2 "/>
</bind>
</comp>

<comp id="496" class="1004" name="add_ln59_4_fu_496">
<pin_list>
<pin id="497" dir="0" index="0" bw="4" slack="1"/>
<pin id="498" dir="0" index="1" bw="4" slack="0"/>
<pin id="499" dir="1" index="2" bw="4" slack="0"/>
</pin_list>
<bind>
<opcode="add(8) " fcode="add"/>
<opset="add_ln59_4/2 "/>
</bind>
</comp>

<comp id="501" class="1004" name="add_ln59_16_fu_501">
<pin_list>
<pin id="502" dir="0" index="0" bw="4" slack="1"/>
<pin id="503" dir="0" index="1" bw="4" slack="1"/>
<pin id="504" dir="1" index="2" bw="4" slack="0"/>
</pin_list>
<bind>
<opcode="add(8) " fcode="add"/>
<opset="add_ln59_16/2 "/>
</bind>
</comp>

<comp id="505" class="1004" name="add_ln59_5_fu_505">
<pin_list>
<pin id="506" dir="0" index="0" bw="4" slack="1"/>
<pin id="507" dir="0" index="1" bw="4" slack="0"/>
<pin id="508" dir="1" index="2" bw="4" slack="0"/>
</pin_list>
<bind>
<opcode="add(8) " fcode="add"/>
<opset="add_ln59_5/2 "/>
</bind>
</comp>

<comp id="510" class="1004" name="add_ln59_18_fu_510">
<pin_list>
<pin id="511" dir="0" index="0" bw="4" slack="1"/>
<pin id="512" dir="0" index="1" bw="4" slack="1"/>
<pin id="513" dir="1" index="2" bw="4" slack="0"/>
</pin_list>
<bind>
<opcode="add(8) " fcode="add"/>
<opset="add_ln59_18/2 "/>
</bind>
</comp>

<comp id="514" class="1004" name="product2_fu_514">
<pin_list>
<pin id="515" dir="0" index="0" bw="4" slack="1"/>
<pin id="516" dir="0" index="1" bw="4" slack="0"/>
<pin id="517" dir="1" index="2" bw="4" slack="1"/>
</pin_list>
<bind>
<opcode="add(8) " fcode="add"/>
<opset="product2/2 "/>
</bind>
</comp>

<comp id="519" class="1004" name="add_ln59_21_fu_519">
<pin_list>
<pin id="520" dir="0" index="0" bw="4" slack="1"/>
<pin id="521" dir="0" index="1" bw="4" slack="1"/>
<pin id="522" dir="1" index="2" bw="4" slack="0"/>
</pin_list>
<bind>
<opcode="add(8) " fcode="add"/>
<opset="add_ln59_21/2 "/>
</bind>
</comp>

<comp id="523" class="1004" name="product2_2_fu_523">
<pin_list>
<pin id="524" dir="0" index="0" bw="4" slack="1"/>
<pin id="525" dir="0" index="1" bw="4" slack="0"/>
<pin id="526" dir="1" index="2" bw="4" slack="1"/>
</pin_list>
<bind>
<opcode="add(8) " fcode="add"/>
<opset="product2_2/2 "/>
</bind>
</comp>

<comp id="528" class="1004" name="add_ln59_24_fu_528">
<pin_list>
<pin id="529" dir="0" index="0" bw="4" slack="1"/>
<pin id="530" dir="0" index="1" bw="4" slack="1"/>
<pin id="531" dir="1" index="2" bw="4" slack="0"/>
</pin_list>
<bind>
<opcode="add(8) " fcode="add"/>
<opset="add_ln59_24/2 "/>
</bind>
</comp>

<comp id="532" class="1004" name="product2_4_fu_532">
<pin_list>
<pin id="533" dir="0" index="0" bw="4" slack="1"/>
<pin id="534" dir="0" index="1" bw="4" slack="0"/>
<pin id="535" dir="1" index="2" bw="4" slack="0"/>
</pin_list>
<bind>
<opcode="add(8) " fcode="add"/>
<opset="product2_4/2 "/>
</bind>
</comp>

<comp id="537" class="1004" name="mul_ln20_fu_537">
<pin_list>
<pin id="538" dir="0" index="0" bw="4" slack="0"/>
<pin id="539" dir="0" index="1" bw="4" slack="0"/>
<pin id="540" dir="1" index="2" bw="4" slack="1"/>
</pin_list>
<bind>
<opcode="mul(12) " fcode="mul"/>
<opset="mul_ln20/2 "/>
</bind>
</comp>

<comp id="543" class="1004" name="product2_6_fu_543">
<pin_list>
<pin id="544" dir="0" index="0" bw="4" slack="0"/>
<pin id="545" dir="0" index="1" bw="4" slack="0"/>
<pin id="546" dir="1" index="2" bw="4" slack="1"/>
</pin_list>
<bind>
<opcode="mul(12) " fcode="mul"/>
<opset="product2_6/2 "/>
</bind>
</comp>

<comp id="549" class="1004" name="product1_7_fu_549">
<pin_list>
<pin id="550" dir="0" index="0" bw="4" slack="0"/>
<pin id="551" dir="0" index="1" bw="4" slack="0"/>
<pin id="552" dir="1" index="2" bw="4" slack="1"/>
</pin_list>
<bind>
<opcode="mul(12) " fcode="mul"/>
<opset="product1_7/2 "/>
</bind>
</comp>

<comp id="555" class="1004" name="product2_7_fu_555">
<pin_list>
<pin id="556" dir="0" index="0" bw="4" slack="0"/>
<pin id="557" dir="0" index="1" bw="4" slack="0"/>
<pin id="558" dir="1" index="2" bw="4" slack="1"/>
</pin_list>
<bind>
<opcode="mul(12) " fcode="mul"/>
<opset="product2_7/2 "/>
</bind>
</comp>

<comp id="561" class="1004" name="product1_8_fu_561">
<pin_list>
<pin id="562" dir="0" index="0" bw="4" slack="0"/>
<pin id="563" dir="0" index="1" bw="4" slack="0"/>
<pin id="564" dir="1" index="2" bw="4" slack="1"/>
</pin_list>
<bind>
<opcode="mul(12) " fcode="mul"/>
<opset="product1_8/2 "/>
</bind>
</comp>

<comp id="567" class="1004" name="mul_ln21_2_fu_567">
<pin_list>
<pin id="568" dir="0" index="0" bw="4" slack="0"/>
<pin id="569" dir="0" index="1" bw="4" slack="0"/>
<pin id="570" dir="1" index="2" bw="4" slack="1"/>
</pin_list>
<bind>
<opcode="mul(12) " fcode="mul"/>
<opset="mul_ln21_2/2 "/>
</bind>
</comp>

<comp id="573" class="1004" name="product1_6_fu_573">
<pin_list>
<pin id="574" dir="0" index="0" bw="4" slack="1"/>
<pin id="575" dir="0" index="1" bw="4" slack="1"/>
<pin id="576" dir="1" index="2" bw="4" slack="0"/>
</pin_list>
<bind>
<opcode="mul(12) " fcode="mul"/>
<opset="product1_6/3 "/>
</bind>
</comp>

<comp id="577" class="1004" name="product2_5_fu_577">
<pin_list>
<pin id="578" dir="0" index="0" bw="4" slack="1"/>
<pin id="579" dir="0" index="1" bw="4" slack="1"/>
<pin id="580" dir="1" index="2" bw="4" slack="1"/>
</pin_list>
<bind>
<opcode="mul(12) " fcode="mul"/>
<opset="product2_5/3 "/>
</bind>
</comp>

<comp id="581" class="1004" name="sub_ln23_fu_581">
<pin_list>
<pin id="582" dir="0" index="0" bw="4" slack="1"/>
<pin id="583" dir="0" index="1" bw="4" slack="1"/>
<pin id="584" dir="1" index="2" bw="4" slack="0"/>
</pin_list>
<bind>
<opcode="sub(10) " fcode="sub"/>
<opset="sub_ln23/3 "/>
</bind>
</comp>

<comp id="585" class="1004" name="sumpos_fu_585">
<pin_list>
<pin id="586" dir="0" index="0" bw="4" slack="0"/>
<pin id="587" dir="0" index="1" bw="4" slack="1"/>
<pin id="588" dir="1" index="2" bw="4" slack="0"/>
</pin_list>
<bind>
<opcode="mul(12) " fcode="mul"/>
<opset="sumpos/3 "/>
</bind>
</comp>

<comp id="590" class="1004" name="sub_ln23_1_fu_590">
<pin_list>
<pin id="591" dir="0" index="0" bw="4" slack="1"/>
<pin id="592" dir="0" index="1" bw="4" slack="1"/>
<pin id="593" dir="1" index="2" bw="4" slack="0"/>
</pin_list>
<bind>
<opcode="sub(10) " fcode="sub"/>
<opset="sub_ln23_1/3 "/>
</bind>
</comp>

<comp id="594" class="1004" name="sumpos_3_fu_594">
<pin_list>
<pin id="595" dir="0" index="0" bw="4" slack="0"/>
<pin id="596" dir="0" index="1" bw="4" slack="1"/>
<pin id="597" dir="1" index="2" bw="4" slack="1"/>
</pin_list>
<bind>
<opcode="mul(12) " fcode="mul"/>
<opset="sumpos_3/3 "/>
</bind>
</comp>

<comp id="599" class="1004" name="add_ln24_fu_599">
<pin_list>
<pin id="600" dir="0" index="0" bw="4" slack="0"/>
<pin id="601" dir="0" index="1" bw="4" slack="0"/>
<pin id="602" dir="1" index="2" bw="4" slack="1"/>
</pin_list>
<bind>
<opcode="add(8) " fcode="add"/>
<opset="add_ln24/3 "/>
</bind>
</comp>

<comp id="605" class="1004" name="sumneg_fu_605">
<pin_list>
<pin id="606" dir="0" index="0" bw="4" slack="1"/>
<pin id="607" dir="0" index="1" bw="4" slack="1"/>
<pin id="608" dir="1" index="2" bw="4" slack="0"/>
</pin_list>
<bind>
<opcode="add(8) " fcode="add"/>
<opset="sumneg/4 "/>
</bind>
</comp>

<comp id="609" class="1004" name="sum_fu_609">
<pin_list>
<pin id="610" dir="0" index="0" bw="4" slack="0"/>
<pin id="611" dir="0" index="1" bw="4" slack="1"/>
<pin id="612" dir="1" index="2" bw="4" slack="0"/>
</pin_list>
<bind>
<opcode="sub(10) " fcode="sub"/>
<opset="sum/4 "/>
</bind>
</comp>

<comp id="614" class="1004" name="sext_ln89_fu_614">
<pin_list>
<pin id="615" dir="0" index="0" bw="4" slack="0"/>
<pin id="616" dir="1" index="1" bw="32" slack="2147483647"/>
</pin_list>
<bind>
<opcode="sext(35) " fcode="sext"/>
<opset="sext_ln89/4 "/>
</bind>
</comp>

<comp id="618" class="1005" name="mul_ln43_reg_618">
<pin_list>
<pin id="619" dir="0" index="0" bw="4" slack="1"/>
<pin id="620" dir="1" index="1" bw="4" slack="1"/>
</pin_list>
<bind>
<opset="mul_ln43 "/>
</bind>
</comp>

<comp id="623" class="1005" name="mul_ln43_3_reg_623">
<pin_list>
<pin id="624" dir="0" index="0" bw="4" slack="1"/>
<pin id="625" dir="1" index="1" bw="4" slack="1"/>
</pin_list>
<bind>
<opset="mul_ln43_3 "/>
</bind>
</comp>

<comp id="628" class="1005" name="mul_ln43_6_reg_628">
<pin_list>
<pin id="629" dir="0" index="0" bw="4" slack="1"/>
<pin id="630" dir="1" index="1" bw="4" slack="1"/>
</pin_list>
<bind>
<opset="mul_ln43_6 "/>
</bind>
</comp>

<comp id="633" class="1005" name="mul_ln43_9_reg_633">
<pin_list>
<pin id="634" dir="0" index="0" bw="4" slack="1"/>
<pin id="635" dir="1" index="1" bw="4" slack="1"/>
</pin_list>
<bind>
<opset="mul_ln43_9 "/>
</bind>
</comp>

<comp id="638" class="1005" name="mul_ln43_12_reg_638">
<pin_list>
<pin id="639" dir="0" index="0" bw="4" slack="1"/>
<pin id="640" dir="1" index="1" bw="4" slack="1"/>
</pin_list>
<bind>
<opset="mul_ln43_12 "/>
</bind>
</comp>

<comp id="643" class="1005" name="mul_ln43_15_reg_643">
<pin_list>
<pin id="644" dir="0" index="0" bw="4" slack="1"/>
<pin id="645" dir="1" index="1" bw="4" slack="1"/>
</pin_list>
<bind>
<opset="mul_ln43_15 "/>
</bind>
</comp>

<comp id="648" class="1005" name="mul_ln43_19_reg_648">
<pin_list>
<pin id="649" dir="0" index="0" bw="4" slack="1"/>
<pin id="650" dir="1" index="1" bw="4" slack="1"/>
</pin_list>
<bind>
<opset="mul_ln43_19 "/>
</bind>
</comp>

<comp id="653" class="1005" name="mul_ln43_22_reg_653">
<pin_list>
<pin id="654" dir="0" index="0" bw="4" slack="1"/>
<pin id="655" dir="1" index="1" bw="4" slack="1"/>
</pin_list>
<bind>
<opset="mul_ln43_22 "/>
</bind>
</comp>

<comp id="658" class="1005" name="mul_ln43_24_reg_658">
<pin_list>
<pin id="659" dir="0" index="0" bw="4" slack="1"/>
<pin id="660" dir="1" index="1" bw="4" slack="1"/>
</pin_list>
<bind>
<opset="mul_ln43_24 "/>
</bind>
</comp>

<comp id="663" class="1005" name="c_0_0_read_reg_663">
<pin_list>
<pin id="664" dir="0" index="0" bw="4" slack="1"/>
<pin id="665" dir="1" index="1" bw="4" slack="1"/>
</pin_list>
<bind>
<opset="c_0_0_read "/>
</bind>
</comp>

<comp id="668" class="1005" name="add_ln59_1_reg_668">
<pin_list>
<pin id="669" dir="0" index="0" bw="4" slack="1"/>
<pin id="670" dir="1" index="1" bw="4" slack="1"/>
</pin_list>
<bind>
<opset="add_ln59_1 "/>
</bind>
</comp>

<comp id="673" class="1005" name="c_0_1_read_reg_673">
<pin_list>
<pin id="674" dir="0" index="0" bw="4" slack="1"/>
<pin id="675" dir="1" index="1" bw="4" slack="1"/>
</pin_list>
<bind>
<opset="c_0_1_read "/>
</bind>
</comp>

<comp id="678" class="1005" name="add_ln59_7_reg_678">
<pin_list>
<pin id="679" dir="0" index="0" bw="4" slack="1"/>
<pin id="680" dir="1" index="1" bw="4" slack="1"/>
</pin_list>
<bind>
<opset="add_ln59_7 "/>
</bind>
</comp>

<comp id="683" class="1005" name="c_0_2_read_reg_683">
<pin_list>
<pin id="684" dir="0" index="0" bw="4" slack="1"/>
<pin id="685" dir="1" index="1" bw="4" slack="1"/>
</pin_list>
<bind>
<opset="c_0_2_read "/>
</bind>
</comp>

<comp id="688" class="1005" name="add_ln59_10_reg_688">
<pin_list>
<pin id="689" dir="0" index="0" bw="4" slack="1"/>
<pin id="690" dir="1" index="1" bw="4" slack="1"/>
</pin_list>
<bind>
<opset="add_ln59_10 "/>
</bind>
</comp>

<comp id="693" class="1005" name="c_1_0_read_reg_693">
<pin_list>
<pin id="694" dir="0" index="0" bw="4" slack="1"/>
<pin id="695" dir="1" index="1" bw="4" slack="1"/>
</pin_list>
<bind>
<opset="c_1_0_read "/>
</bind>
</comp>

<comp id="698" class="1005" name="add_ln59_13_reg_698">
<pin_list>
<pin id="699" dir="0" index="0" bw="4" slack="1"/>
<pin id="700" dir="1" index="1" bw="4" slack="1"/>
</pin_list>
<bind>
<opset="add_ln59_13 "/>
</bind>
</comp>

<comp id="703" class="1005" name="c_1_1_read_reg_703">
<pin_list>
<pin id="704" dir="0" index="0" bw="4" slack="1"/>
<pin id="705" dir="1" index="1" bw="4" slack="1"/>
</pin_list>
<bind>
<opset="c_1_1_read "/>
</bind>
</comp>

<comp id="708" class="1005" name="add_ln59_15_reg_708">
<pin_list>
<pin id="709" dir="0" index="0" bw="4" slack="1"/>
<pin id="710" dir="1" index="1" bw="4" slack="1"/>
</pin_list>
<bind>
<opset="add_ln59_15 "/>
</bind>
</comp>

<comp id="713" class="1005" name="c_1_2_read_reg_713">
<pin_list>
<pin id="714" dir="0" index="0" bw="4" slack="1"/>
<pin id="715" dir="1" index="1" bw="4" slack="1"/>
</pin_list>
<bind>
<opset="c_1_2_read "/>
</bind>
</comp>

<comp id="718" class="1005" name="add_ln59_17_reg_718">
<pin_list>
<pin id="719" dir="0" index="0" bw="4" slack="1"/>
<pin id="720" dir="1" index="1" bw="4" slack="1"/>
</pin_list>
<bind>
<opset="add_ln59_17 "/>
</bind>
</comp>

<comp id="723" class="1005" name="c_2_0_read_reg_723">
<pin_list>
<pin id="724" dir="0" index="0" bw="4" slack="1"/>
<pin id="725" dir="1" index="1" bw="4" slack="1"/>
</pin_list>
<bind>
<opset="c_2_0_read "/>
</bind>
</comp>

<comp id="728" class="1005" name="add_ln59_19_reg_728">
<pin_list>
<pin id="729" dir="0" index="0" bw="4" slack="1"/>
<pin id="730" dir="1" index="1" bw="4" slack="1"/>
</pin_list>
<bind>
<opset="add_ln59_19 "/>
</bind>
</comp>

<comp id="733" class="1005" name="c_2_1_read_reg_733">
<pin_list>
<pin id="734" dir="0" index="0" bw="4" slack="1"/>
<pin id="735" dir="1" index="1" bw="4" slack="1"/>
</pin_list>
<bind>
<opset="c_2_1_read "/>
</bind>
</comp>

<comp id="738" class="1005" name="add_ln59_22_reg_738">
<pin_list>
<pin id="739" dir="0" index="0" bw="4" slack="1"/>
<pin id="740" dir="1" index="1" bw="4" slack="1"/>
</pin_list>
<bind>
<opset="add_ln59_22 "/>
</bind>
</comp>

<comp id="743" class="1005" name="c_2_2_read_reg_743">
<pin_list>
<pin id="744" dir="0" index="0" bw="4" slack="1"/>
<pin id="745" dir="1" index="1" bw="4" slack="1"/>
</pin_list>
<bind>
<opset="c_2_2_read "/>
</bind>
</comp>

<comp id="748" class="1005" name="add_ln59_25_reg_748">
<pin_list>
<pin id="749" dir="0" index="0" bw="4" slack="1"/>
<pin id="750" dir="1" index="1" bw="4" slack="1"/>
</pin_list>
<bind>
<opset="add_ln59_25 "/>
</bind>
</comp>

<comp id="753" class="1005" name="add_ln59_3_reg_753">
<pin_list>
<pin id="754" dir="0" index="0" bw="4" slack="1"/>
<pin id="755" dir="1" index="1" bw="4" slack="1"/>
</pin_list>
<bind>
<opset="add_ln59_3 "/>
</bind>
</comp>

<comp id="758" class="1005" name="add_ln59_4_reg_758">
<pin_list>
<pin id="759" dir="0" index="0" bw="4" slack="1"/>
<pin id="760" dir="1" index="1" bw="4" slack="1"/>
</pin_list>
<bind>
<opset="add_ln59_4 "/>
</bind>
</comp>

<comp id="763" class="1005" name="product2_reg_763">
<pin_list>
<pin id="764" dir="0" index="0" bw="4" slack="1"/>
<pin id="765" dir="1" index="1" bw="4" slack="1"/>
</pin_list>
<bind>
<opset="product2 "/>
</bind>
</comp>

<comp id="768" class="1005" name="product2_2_reg_768">
<pin_list>
<pin id="769" dir="0" index="0" bw="4" slack="1"/>
<pin id="770" dir="1" index="1" bw="4" slack="1"/>
</pin_list>
<bind>
<opset="product2_2 "/>
</bind>
</comp>

<comp id="773" class="1005" name="mul_ln20_reg_773">
<pin_list>
<pin id="774" dir="0" index="0" bw="4" slack="1"/>
<pin id="775" dir="1" index="1" bw="4" slack="1"/>
</pin_list>
<bind>
<opset="mul_ln20 "/>
</bind>
</comp>

<comp id="778" class="1005" name="product2_6_reg_778">
<pin_list>
<pin id="779" dir="0" index="0" bw="4" slack="1"/>
<pin id="780" dir="1" index="1" bw="4" slack="1"/>
</pin_list>
<bind>
<opset="product2_6 "/>
</bind>
</comp>

<comp id="783" class="1005" name="product1_7_reg_783">
<pin_list>
<pin id="784" dir="0" index="0" bw="4" slack="1"/>
<pin id="785" dir="1" index="1" bw="4" slack="1"/>
</pin_list>
<bind>
<opset="product1_7 "/>
</bind>
</comp>

<comp id="788" class="1005" name="product2_7_reg_788">
<pin_list>
<pin id="789" dir="0" index="0" bw="4" slack="1"/>
<pin id="790" dir="1" index="1" bw="4" slack="1"/>
</pin_list>
<bind>
<opset="product2_7 "/>
</bind>
</comp>

<comp id="793" class="1005" name="product1_8_reg_793">
<pin_list>
<pin id="794" dir="0" index="0" bw="4" slack="1"/>
<pin id="795" dir="1" index="1" bw="4" slack="1"/>
</pin_list>
<bind>
<opset="product1_8 "/>
</bind>
</comp>

<comp id="798" class="1005" name="mul_ln21_2_reg_798">
<pin_list>
<pin id="799" dir="0" index="0" bw="4" slack="1"/>
<pin id="800" dir="1" index="1" bw="4" slack="1"/>
</pin_list>
<bind>
<opset="mul_ln21_2 "/>
</bind>
</comp>

<comp id="803" class="1005" name="product2_5_reg_803">
<pin_list>
<pin id="804" dir="0" index="0" bw="4" slack="1"/>
<pin id="805" dir="1" index="1" bw="4" slack="1"/>
</pin_list>
<bind>
<opset="product2_5 "/>
</bind>
</comp>

<comp id="808" class="1005" name="sumpos_3_reg_808">
<pin_list>
<pin id="809" dir="0" index="0" bw="4" slack="1"/>
<pin id="810" dir="1" index="1" bw="4" slack="1"/>
</pin_list>
<bind>
<opset="sumpos_3 "/>
</bind>
</comp>

<comp id="813" class="1005" name="add_ln24_reg_813">
<pin_list>
<pin id="814" dir="0" index="0" bw="4" slack="1"/>
<pin id="815" dir="1" index="1" bw="4" slack="1"/>
</pin_list>
<bind>
<opset="add_ln24 "/>
</bind>
</comp>

</comp_list>

<net_list>
<net id="82"><net_src comp="54" pin="0"/><net_sink comp="78" pin=0"/></net>

<net id="83"><net_src comp="0" pin="0"/><net_sink comp="78" pin=1"/></net>

<net id="88"><net_src comp="54" pin="0"/><net_sink comp="84" pin=0"/></net>

<net id="89"><net_src comp="18" pin="0"/><net_sink comp="84" pin=1"/></net>

<net id="94"><net_src comp="54" pin="0"/><net_sink comp="90" pin=0"/></net>

<net id="95"><net_src comp="2" pin="0"/><net_sink comp="90" pin=1"/></net>

<net id="100"><net_src comp="54" pin="0"/><net_sink comp="96" pin=0"/></net>

<net id="101"><net_src comp="24" pin="0"/><net_sink comp="96" pin=1"/></net>

<net id="106"><net_src comp="54" pin="0"/><net_sink comp="102" pin=0"/></net>

<net id="107"><net_src comp="4" pin="0"/><net_sink comp="102" pin=1"/></net>

<net id="112"><net_src comp="54" pin="0"/><net_sink comp="108" pin=0"/></net>

<net id="113"><net_src comp="30" pin="0"/><net_sink comp="108" pin=1"/></net>

<net id="118"><net_src comp="54" pin="0"/><net_sink comp="114" pin=0"/></net>

<net id="119"><net_src comp="20" pin="0"/><net_sink comp="114" pin=1"/></net>

<net id="124"><net_src comp="54" pin="0"/><net_sink comp="120" pin=0"/></net>

<net id="125"><net_src comp="26" pin="0"/><net_sink comp="120" pin=1"/></net>

<net id="130"><net_src comp="54" pin="0"/><net_sink comp="126" pin=0"/></net>

<net id="131"><net_src comp="32" pin="0"/><net_sink comp="126" pin=1"/></net>

<net id="136"><net_src comp="54" pin="0"/><net_sink comp="132" pin=0"/></net>

<net id="137"><net_src comp="22" pin="0"/><net_sink comp="132" pin=1"/></net>

<net id="142"><net_src comp="54" pin="0"/><net_sink comp="138" pin=0"/></net>

<net id="143"><net_src comp="28" pin="0"/><net_sink comp="138" pin=1"/></net>

<net id="148"><net_src comp="54" pin="0"/><net_sink comp="144" pin=0"/></net>

<net id="149"><net_src comp="34" pin="0"/><net_sink comp="144" pin=1"/></net>

<net id="154"><net_src comp="54" pin="0"/><net_sink comp="150" pin=0"/></net>

<net id="155"><net_src comp="6" pin="0"/><net_sink comp="150" pin=1"/></net>

<net id="160"><net_src comp="54" pin="0"/><net_sink comp="156" pin=0"/></net>

<net id="161"><net_src comp="8" pin="0"/><net_sink comp="156" pin=1"/></net>

<net id="166"><net_src comp="54" pin="0"/><net_sink comp="162" pin=0"/></net>

<net id="167"><net_src comp="10" pin="0"/><net_sink comp="162" pin=1"/></net>

<net id="172"><net_src comp="54" pin="0"/><net_sink comp="168" pin=0"/></net>

<net id="173"><net_src comp="12" pin="0"/><net_sink comp="168" pin=1"/></net>

<net id="178"><net_src comp="54" pin="0"/><net_sink comp="174" pin=0"/></net>

<net id="179"><net_src comp="14" pin="0"/><net_sink comp="174" pin=1"/></net>

<net id="184"><net_src comp="54" pin="0"/><net_sink comp="180" pin=0"/></net>

<net id="185"><net_src comp="16" pin="0"/><net_sink comp="180" pin=1"/></net>

<net id="190"><net_src comp="54" pin="0"/><net_sink comp="186" pin=0"/></net>

<net id="191"><net_src comp="36" pin="0"/><net_sink comp="186" pin=1"/></net>

<net id="196"><net_src comp="54" pin="0"/><net_sink comp="192" pin=0"/></net>

<net id="197"><net_src comp="38" pin="0"/><net_sink comp="192" pin=1"/></net>

<net id="202"><net_src comp="54" pin="0"/><net_sink comp="198" pin=0"/></net>

<net id="203"><net_src comp="40" pin="0"/><net_sink comp="198" pin=1"/></net>

<net id="208"><net_src comp="54" pin="0"/><net_sink comp="204" pin=0"/></net>

<net id="209"><net_src comp="42" pin="0"/><net_sink comp="204" pin=1"/></net>

<net id="214"><net_src comp="54" pin="0"/><net_sink comp="210" pin=0"/></net>

<net id="215"><net_src comp="44" pin="0"/><net_sink comp="210" pin=1"/></net>

<net id="220"><net_src comp="54" pin="0"/><net_sink comp="216" pin=0"/></net>

<net id="221"><net_src comp="46" pin="0"/><net_sink comp="216" pin=1"/></net>

<net id="226"><net_src comp="54" pin="0"/><net_sink comp="222" pin=0"/></net>

<net id="227"><net_src comp="48" pin="0"/><net_sink comp="222" pin=1"/></net>

<net id="232"><net_src comp="54" pin="0"/><net_sink comp="228" pin=0"/></net>

<net id="233"><net_src comp="50" pin="0"/><net_sink comp="228" pin=1"/></net>

<net id="238"><net_src comp="54" pin="0"/><net_sink comp="234" pin=0"/></net>

<net id="239"><net_src comp="52" pin="0"/><net_sink comp="234" pin=1"/></net>

<net id="244"><net_src comp="84" pin="2"/><net_sink comp="240" pin=0"/></net>

<net id="245"><net_src comp="78" pin="2"/><net_sink comp="240" pin=1"/></net>

<net id="250"><net_src comp="96" pin="2"/><net_sink comp="246" pin=0"/></net>

<net id="251"><net_src comp="90" pin="2"/><net_sink comp="246" pin=1"/></net>

<net id="256"><net_src comp="108" pin="2"/><net_sink comp="252" pin=0"/></net>

<net id="257"><net_src comp="102" pin="2"/><net_sink comp="252" pin=1"/></net>

<net id="262"><net_src comp="114" pin="2"/><net_sink comp="258" pin=0"/></net>

<net id="263"><net_src comp="78" pin="2"/><net_sink comp="258" pin=1"/></net>

<net id="268"><net_src comp="120" pin="2"/><net_sink comp="264" pin=0"/></net>

<net id="269"><net_src comp="90" pin="2"/><net_sink comp="264" pin=1"/></net>

<net id="274"><net_src comp="126" pin="2"/><net_sink comp="270" pin=0"/></net>

<net id="275"><net_src comp="102" pin="2"/><net_sink comp="270" pin=1"/></net>

<net id="280"><net_src comp="132" pin="2"/><net_sink comp="276" pin=0"/></net>

<net id="281"><net_src comp="78" pin="2"/><net_sink comp="276" pin=1"/></net>

<net id="286"><net_src comp="138" pin="2"/><net_sink comp="282" pin=0"/></net>

<net id="287"><net_src comp="90" pin="2"/><net_sink comp="282" pin=1"/></net>

<net id="292"><net_src comp="144" pin="2"/><net_sink comp="288" pin=0"/></net>

<net id="293"><net_src comp="102" pin="2"/><net_sink comp="288" pin=1"/></net>

<net id="298"><net_src comp="150" pin="2"/><net_sink comp="294" pin=0"/></net>

<net id="299"><net_src comp="84" pin="2"/><net_sink comp="294" pin=1"/></net>

<net id="304"><net_src comp="156" pin="2"/><net_sink comp="300" pin=0"/></net>

<net id="305"><net_src comp="96" pin="2"/><net_sink comp="300" pin=1"/></net>

<net id="310"><net_src comp="162" pin="2"/><net_sink comp="306" pin=0"/></net>

<net id="311"><net_src comp="108" pin="2"/><net_sink comp="306" pin=1"/></net>

<net id="316"><net_src comp="150" pin="2"/><net_sink comp="312" pin=0"/></net>

<net id="317"><net_src comp="114" pin="2"/><net_sink comp="312" pin=1"/></net>

<net id="322"><net_src comp="156" pin="2"/><net_sink comp="318" pin=0"/></net>

<net id="323"><net_src comp="120" pin="2"/><net_sink comp="318" pin=1"/></net>

<net id="328"><net_src comp="162" pin="2"/><net_sink comp="324" pin=0"/></net>

<net id="329"><net_src comp="126" pin="2"/><net_sink comp="324" pin=1"/></net>

<net id="334"><net_src comp="150" pin="2"/><net_sink comp="330" pin=0"/></net>

<net id="335"><net_src comp="132" pin="2"/><net_sink comp="330" pin=1"/></net>

<net id="340"><net_src comp="156" pin="2"/><net_sink comp="336" pin=0"/></net>

<net id="341"><net_src comp="138" pin="2"/><net_sink comp="336" pin=1"/></net>

<net id="346"><net_src comp="162" pin="2"/><net_sink comp="342" pin=0"/></net>

<net id="347"><net_src comp="144" pin="2"/><net_sink comp="342" pin=1"/></net>

<net id="352"><net_src comp="168" pin="2"/><net_sink comp="348" pin=0"/></net>

<net id="353"><net_src comp="84" pin="2"/><net_sink comp="348" pin=1"/></net>

<net id="358"><net_src comp="174" pin="2"/><net_sink comp="354" pin=0"/></net>

<net id="359"><net_src comp="96" pin="2"/><net_sink comp="354" pin=1"/></net>

<net id="364"><net_src comp="180" pin="2"/><net_sink comp="360" pin=0"/></net>

<net id="365"><net_src comp="108" pin="2"/><net_sink comp="360" pin=1"/></net>

<net id="370"><net_src comp="168" pin="2"/><net_sink comp="366" pin=0"/></net>

<net id="371"><net_src comp="114" pin="2"/><net_sink comp="366" pin=1"/></net>

<net id="376"><net_src comp="174" pin="2"/><net_sink comp="372" pin=0"/></net>

<net id="377"><net_src comp="120" pin="2"/><net_sink comp="372" pin=1"/></net>

<net id="382"><net_src comp="180" pin="2"/><net_sink comp="378" pin=0"/></net>

<net id="383"><net_src comp="126" pin="2"/><net_sink comp="378" pin=1"/></net>

<net id="388"><net_src comp="168" pin="2"/><net_sink comp="384" pin=0"/></net>

<net id="389"><net_src comp="132" pin="2"/><net_sink comp="384" pin=1"/></net>

<net id="394"><net_src comp="174" pin="2"/><net_sink comp="390" pin=0"/></net>

<net id="395"><net_src comp="138" pin="2"/><net_sink comp="390" pin=1"/></net>

<net id="400"><net_src comp="180" pin="2"/><net_sink comp="396" pin=0"/></net>

<net id="401"><net_src comp="144" pin="2"/><net_sink comp="396" pin=1"/></net>

<net id="406"><net_src comp="252" pin="2"/><net_sink comp="402" pin=0"/></net>

<net id="407"><net_src comp="246" pin="2"/><net_sink comp="402" pin=1"/></net>

<net id="412"><net_src comp="270" pin="2"/><net_sink comp="408" pin=0"/></net>

<net id="413"><net_src comp="264" pin="2"/><net_sink comp="408" pin=1"/></net>

<net id="418"><net_src comp="288" pin="2"/><net_sink comp="414" pin=0"/></net>

<net id="419"><net_src comp="282" pin="2"/><net_sink comp="414" pin=1"/></net>

<net id="424"><net_src comp="306" pin="2"/><net_sink comp="420" pin=0"/></net>

<net id="425"><net_src comp="300" pin="2"/><net_sink comp="420" pin=1"/></net>

<net id="430"><net_src comp="324" pin="2"/><net_sink comp="426" pin=0"/></net>

<net id="431"><net_src comp="318" pin="2"/><net_sink comp="426" pin=1"/></net>

<net id="436"><net_src comp="342" pin="2"/><net_sink comp="432" pin=0"/></net>

<net id="437"><net_src comp="336" pin="2"/><net_sink comp="432" pin=1"/></net>

<net id="442"><net_src comp="348" pin="2"/><net_sink comp="438" pin=0"/></net>

<net id="443"><net_src comp="360" pin="2"/><net_sink comp="438" pin=1"/></net>

<net id="448"><net_src comp="366" pin="2"/><net_sink comp="444" pin=0"/></net>

<net id="449"><net_src comp="378" pin="2"/><net_sink comp="444" pin=1"/></net>

<net id="454"><net_src comp="396" pin="2"/><net_sink comp="450" pin=0"/></net>

<net id="455"><net_src comp="390" pin="2"/><net_sink comp="450" pin=1"/></net>

<net id="464"><net_src comp="456" pin="2"/><net_sink comp="460" pin=1"/></net>

<net id="473"><net_src comp="465" pin="2"/><net_sink comp="469" pin=1"/></net>

<net id="482"><net_src comp="474" pin="2"/><net_sink comp="478" pin=1"/></net>

<net id="491"><net_src comp="483" pin="2"/><net_sink comp="487" pin=1"/></net>

<net id="500"><net_src comp="492" pin="2"/><net_sink comp="496" pin=1"/></net>

<net id="509"><net_src comp="501" pin="2"/><net_sink comp="505" pin=1"/></net>

<net id="518"><net_src comp="510" pin="2"/><net_sink comp="514" pin=1"/></net>

<net id="527"><net_src comp="519" pin="2"/><net_sink comp="523" pin=1"/></net>

<net id="536"><net_src comp="528" pin="2"/><net_sink comp="532" pin=1"/></net>

<net id="541"><net_src comp="460" pin="2"/><net_sink comp="537" pin=0"/></net>

<net id="542"><net_src comp="532" pin="2"/><net_sink comp="537" pin=1"/></net>

<net id="547"><net_src comp="496" pin="2"/><net_sink comp="543" pin=0"/></net>

<net id="548"><net_src comp="478" pin="2"/><net_sink comp="543" pin=1"/></net>

<net id="553"><net_src comp="505" pin="2"/><net_sink comp="549" pin=0"/></net>

<net id="554"><net_src comp="469" pin="2"/><net_sink comp="549" pin=1"/></net>

<net id="559"><net_src comp="505" pin="2"/><net_sink comp="555" pin=0"/></net>

<net id="560"><net_src comp="460" pin="2"/><net_sink comp="555" pin=1"/></net>

<net id="565"><net_src comp="487" pin="2"/><net_sink comp="561" pin=0"/></net>

<net id="566"><net_src comp="478" pin="2"/><net_sink comp="561" pin=1"/></net>

<net id="571"><net_src comp="469" pin="2"/><net_sink comp="567" pin=0"/></net>

<net id="572"><net_src comp="532" pin="2"/><net_sink comp="567" pin=1"/></net>

<net id="589"><net_src comp="581" pin="2"/><net_sink comp="585" pin=0"/></net>

<net id="598"><net_src comp="590" pin="2"/><net_sink comp="594" pin=0"/></net>

<net id="603"><net_src comp="585" pin="2"/><net_sink comp="599" pin=0"/></net>

<net id="604"><net_src comp="573" pin="2"/><net_sink comp="599" pin=1"/></net>

<net id="613"><net_src comp="605" pin="2"/><net_sink comp="609" pin=0"/></net>

<net id="617"><net_src comp="609" pin="2"/><net_sink comp="614" pin=0"/></net>

<net id="621"><net_src comp="240" pin="2"/><net_sink comp="618" pin=0"/></net>

<net id="622"><net_src comp="618" pin="1"/><net_sink comp="456" pin=1"/></net>

<net id="626"><net_src comp="258" pin="2"/><net_sink comp="623" pin=0"/></net>

<net id="627"><net_src comp="623" pin="1"/><net_sink comp="465" pin=1"/></net>

<net id="631"><net_src comp="276" pin="2"/><net_sink comp="628" pin=0"/></net>

<net id="632"><net_src comp="628" pin="1"/><net_sink comp="474" pin=1"/></net>

<net id="636"><net_src comp="294" pin="2"/><net_sink comp="633" pin=0"/></net>

<net id="637"><net_src comp="633" pin="1"/><net_sink comp="483" pin=1"/></net>

<net id="641"><net_src comp="312" pin="2"/><net_sink comp="638" pin=0"/></net>

<net id="642"><net_src comp="638" pin="1"/><net_sink comp="492" pin=1"/></net>

<net id="646"><net_src comp="330" pin="2"/><net_sink comp="643" pin=0"/></net>

<net id="647"><net_src comp="643" pin="1"/><net_sink comp="501" pin=1"/></net>

<net id="651"><net_src comp="354" pin="2"/><net_sink comp="648" pin=0"/></net>

<net id="652"><net_src comp="648" pin="1"/><net_sink comp="510" pin=1"/></net>

<net id="656"><net_src comp="372" pin="2"/><net_sink comp="653" pin=0"/></net>

<net id="657"><net_src comp="653" pin="1"/><net_sink comp="519" pin=1"/></net>

<net id="661"><net_src comp="384" pin="2"/><net_sink comp="658" pin=0"/></net>

<net id="662"><net_src comp="658" pin="1"/><net_sink comp="528" pin=1"/></net>

<net id="666"><net_src comp="186" pin="2"/><net_sink comp="663" pin=0"/></net>

<net id="667"><net_src comp="663" pin="1"/><net_sink comp="456" pin=0"/></net>

<net id="671"><net_src comp="402" pin="2"/><net_sink comp="668" pin=0"/></net>

<net id="672"><net_src comp="668" pin="1"/><net_sink comp="460" pin=0"/></net>

<net id="676"><net_src comp="192" pin="2"/><net_sink comp="673" pin=0"/></net>

<net id="677"><net_src comp="673" pin="1"/><net_sink comp="465" pin=0"/></net>

<net id="681"><net_src comp="408" pin="2"/><net_sink comp="678" pin=0"/></net>

<net id="682"><net_src comp="678" pin="1"/><net_sink comp="469" pin=0"/></net>

<net id="686"><net_src comp="198" pin="2"/><net_sink comp="683" pin=0"/></net>

<net id="687"><net_src comp="683" pin="1"/><net_sink comp="474" pin=0"/></net>

<net id="691"><net_src comp="414" pin="2"/><net_sink comp="688" pin=0"/></net>

<net id="692"><net_src comp="688" pin="1"/><net_sink comp="478" pin=0"/></net>

<net id="696"><net_src comp="204" pin="2"/><net_sink comp="693" pin=0"/></net>

<net id="697"><net_src comp="693" pin="1"/><net_sink comp="483" pin=0"/></net>

<net id="701"><net_src comp="420" pin="2"/><net_sink comp="698" pin=0"/></net>

<net id="702"><net_src comp="698" pin="1"/><net_sink comp="487" pin=0"/></net>

<net id="706"><net_src comp="210" pin="2"/><net_sink comp="703" pin=0"/></net>

<net id="707"><net_src comp="703" pin="1"/><net_sink comp="492" pin=0"/></net>

<net id="711"><net_src comp="426" pin="2"/><net_sink comp="708" pin=0"/></net>

<net id="712"><net_src comp="708" pin="1"/><net_sink comp="496" pin=0"/></net>

<net id="716"><net_src comp="216" pin="2"/><net_sink comp="713" pin=0"/></net>

<net id="717"><net_src comp="713" pin="1"/><net_sink comp="501" pin=0"/></net>

<net id="721"><net_src comp="432" pin="2"/><net_sink comp="718" pin=0"/></net>

<net id="722"><net_src comp="718" pin="1"/><net_sink comp="505" pin=0"/></net>

<net id="726"><net_src comp="222" pin="2"/><net_sink comp="723" pin=0"/></net>

<net id="727"><net_src comp="723" pin="1"/><net_sink comp="510" pin=0"/></net>

<net id="731"><net_src comp="438" pin="2"/><net_sink comp="728" pin=0"/></net>

<net id="732"><net_src comp="728" pin="1"/><net_sink comp="514" pin=0"/></net>

<net id="736"><net_src comp="228" pin="2"/><net_sink comp="733" pin=0"/></net>

<net id="737"><net_src comp="733" pin="1"/><net_sink comp="519" pin=0"/></net>

<net id="741"><net_src comp="444" pin="2"/><net_sink comp="738" pin=0"/></net>

<net id="742"><net_src comp="738" pin="1"/><net_sink comp="523" pin=0"/></net>

<net id="746"><net_src comp="234" pin="2"/><net_sink comp="743" pin=0"/></net>

<net id="747"><net_src comp="743" pin="1"/><net_sink comp="528" pin=0"/></net>

<net id="751"><net_src comp="450" pin="2"/><net_sink comp="748" pin=0"/></net>

<net id="752"><net_src comp="748" pin="1"/><net_sink comp="532" pin=0"/></net>

<net id="756"><net_src comp="487" pin="2"/><net_sink comp="753" pin=0"/></net>

<net id="757"><net_src comp="753" pin="1"/><net_sink comp="577" pin=1"/></net>

<net id="761"><net_src comp="496" pin="2"/><net_sink comp="758" pin=0"/></net>

<net id="762"><net_src comp="758" pin="1"/><net_sink comp="573" pin=1"/></net>

<net id="766"><net_src comp="514" pin="2"/><net_sink comp="763" pin=0"/></net>

<net id="767"><net_src comp="763" pin="1"/><net_sink comp="585" pin=1"/></net>

<net id="771"><net_src comp="523" pin="2"/><net_sink comp="768" pin=0"/></net>

<net id="772"><net_src comp="768" pin="1"/><net_sink comp="594" pin=1"/></net>

<net id="776"><net_src comp="537" pin="2"/><net_sink comp="773" pin=0"/></net>

<net id="777"><net_src comp="773" pin="1"/><net_sink comp="573" pin=0"/></net>

<net id="781"><net_src comp="543" pin="2"/><net_sink comp="778" pin=0"/></net>

<net id="782"><net_src comp="778" pin="1"/><net_sink comp="581" pin=1"/></net>

<net id="786"><net_src comp="549" pin="2"/><net_sink comp="783" pin=0"/></net>

<net id="787"><net_src comp="783" pin="1"/><net_sink comp="581" pin=0"/></net>

<net id="791"><net_src comp="555" pin="2"/><net_sink comp="788" pin=0"/></net>

<net id="792"><net_src comp="788" pin="1"/><net_sink comp="590" pin=1"/></net>

<net id="796"><net_src comp="561" pin="2"/><net_sink comp="793" pin=0"/></net>

<net id="797"><net_src comp="793" pin="1"/><net_sink comp="590" pin=0"/></net>

<net id="801"><net_src comp="567" pin="2"/><net_sink comp="798" pin=0"/></net>

<net id="802"><net_src comp="798" pin="1"/><net_sink comp="577" pin=0"/></net>

<net id="806"><net_src comp="577" pin="2"/><net_sink comp="803" pin=0"/></net>

<net id="807"><net_src comp="803" pin="1"/><net_sink comp="609" pin=1"/></net>

<net id="811"><net_src comp="594" pin="2"/><net_sink comp="808" pin=0"/></net>

<net id="812"><net_src comp="808" pin="1"/><net_sink comp="605" pin=1"/></net>

<net id="816"><net_src comp="599" pin="2"/><net_sink comp="813" pin=0"/></net>

<net id="817"><net_src comp="813" pin="1"/><net_sink comp="605" pin=0"/></net>

</net_list>

</model> 
---------------- Datapath Model END ------------------

* FSMD analyzer results:
  - Output states:
 - Input state : 
	Port: matrixcalc : a_0_0 | {1 }
	Port: matrixcalc : a_0_1 | {1 }
	Port: matrixcalc : a_0_2 | {1 }
	Port: matrixcalc : a_1_0 | {1 }
	Port: matrixcalc : a_1_1 | {1 }
	Port: matrixcalc : a_1_2 | {1 }
	Port: matrixcalc : a_2_0 | {1 }
	Port: matrixcalc : a_2_1 | {1 }
	Port: matrixcalc : a_2_2 | {1 }
	Port: matrixcalc : b_0_0 | {1 }
	Port: matrixcalc : b_0_1 | {1 }
	Port: matrixcalc : b_0_2 | {1 }
	Port: matrixcalc : b_1_0 | {1 }
	Port: matrixcalc : b_1_1 | {1 }
	Port: matrixcalc : b_1_2 | {1 }
	Port: matrixcalc : b_2_0 | {1 }
	Port: matrixcalc : b_2_1 | {1 }
	Port: matrixcalc : b_2_2 | {1 }
	Port: matrixcalc : c_0_0 | {1 }
	Port: matrixcalc : c_0_1 | {1 }
	Port: matrixcalc : c_0_2 | {1 }
	Port: matrixcalc : c_1_0 | {1 }
	Port: matrixcalc : c_1_1 | {1 }
	Port: matrixcalc : c_1_2 | {1 }
	Port: matrixcalc : c_2_0 | {1 }
	Port: matrixcalc : c_2_1 | {1 }
	Port: matrixcalc : c_2_2 | {1 }
  - Chain level:
	State 1
		add_ln59_1 : 1
		add_ln59_7 : 1
		add_ln59_10 : 1
		add_ln59_13 : 1
		add_ln59_15 : 1
		add_ln59_17 : 1
		add_ln59_19 : 1
		add_ln59_22 : 1
		add_ln59_25 : 1
	State 2
		product1 : 1
		product1_2 : 1
		product1_4 : 1
		add_ln59_3 : 1
		add_ln59_4 : 1
		add_ln59_5 : 1
		product2 : 1
		product2_2 : 1
		product2_4 : 1
		mul_ln20 : 2
		product2_6 : 2
		product1_7 : 2
		product2_7 : 2
		product1_8 : 2
		mul_ln21_2 : 2
	State 3
		sumpos : 1
		sumpos_3 : 1
		add_ln24 : 2
	State 4
		sum : 1
		sext_ln89 : 2
		ret_ln89 : 3


============================================================
+ Verbose Summary: Datapath Resource usage 
============================================================

* Functional unit list:
|----------|------------------------|---------|---------|---------|
| Operation|     Functional Unit    |   DSP   |    FF   |   LUT   |
|----------|------------------------|---------|---------|---------|
|          |     mul_ln43_fu_240    |    0    |    0    |    13   |
|          |    mul_ln43_1_fu_246   |    0    |    0    |    13   |
|          |    mul_ln43_2_fu_252   |    0    |    0    |    13   |
|          |    mul_ln43_3_fu_258   |    0    |    0    |    13   |
|          |    mul_ln43_4_fu_264   |    0    |    0    |    13   |
|          |    mul_ln43_5_fu_270   |    0    |    0    |    13   |
|          |    mul_ln43_6_fu_276   |    0    |    0    |    13   |
|          |    mul_ln43_7_fu_282   |    0    |    0    |    13   |
|          |    mul_ln43_8_fu_288   |    0    |    0    |    13   |
|          |    mul_ln43_9_fu_294   |    0    |    0    |    13   |
|          |   mul_ln43_10_fu_300   |    0    |    0    |    13   |
|          |   mul_ln43_11_fu_306   |    0    |    0    |    13   |
|          |   mul_ln43_12_fu_312   |    0    |    0    |    13   |
|          |   mul_ln43_13_fu_318   |    0    |    0    |    13   |
|          |   mul_ln43_14_fu_324   |    0    |    0    |    13   |
|          |   mul_ln43_15_fu_330   |    0    |    0    |    13   |
|          |   mul_ln43_16_fu_336   |    0    |    0    |    13   |
|          |   mul_ln43_17_fu_342   |    0    |    0    |    13   |
|    mul   |   mul_ln43_18_fu_348   |    0    |    0    |    13   |
|          |   mul_ln43_19_fu_354   |    0    |    0    |    13   |
|          |   mul_ln43_20_fu_360   |    0    |    0    |    13   |
|          |   mul_ln43_21_fu_366   |    0    |    0    |    13   |
|          |   mul_ln43_22_fu_372   |    0    |    0    |    13   |
|          |   mul_ln43_23_fu_378   |    0    |    0    |    13   |
|          |   mul_ln43_24_fu_384   |    0    |    0    |    13   |
|          |   mul_ln43_25_fu_390   |    0    |    0    |    13   |
|          |   mul_ln43_26_fu_396   |    0    |    0    |    13   |
|          |     mul_ln20_fu_537    |    0    |    0    |    13   |
|          |    product2_6_fu_543   |    0    |    0    |    13   |
|          |    product1_7_fu_549   |    0    |    0    |    13   |
|          |    product2_7_fu_555   |    0    |    0    |    13   |
|          |    product1_8_fu_561   |    0    |    0    |    13   |
|          |    mul_ln21_2_fu_567   |    0    |    0    |    13   |
|          |    product1_6_fu_573   |    0    |    0    |    13   |
|          |    product2_5_fu_577   |    0    |    0    |    13   |
|          |      sumpos_fu_585     |    0    |    0    |    13   |
|          |     sumpos_3_fu_594    |    0    |    0    |    13   |
|----------|------------------------|---------|---------|---------|
|          |    add_ln59_1_fu_402   |    0    |    0    |    13   |
|          |    add_ln59_7_fu_408   |    0    |    0    |    13   |
|          |   add_ln59_10_fu_414   |    0    |    0    |    13   |
|          |   add_ln59_13_fu_420   |    0    |    0    |    13   |
|          |   add_ln59_15_fu_426   |    0    |    0    |    13   |
|          |   add_ln59_17_fu_432   |    0    |    0    |    13   |
|          |   add_ln59_19_fu_438   |    0    |    0    |    13   |
|          |   add_ln59_22_fu_444   |    0    |    0    |    13   |
|          |   add_ln59_25_fu_450   |    0    |    0    |    13   |
|          |     add_ln59_fu_456    |    0    |    0    |    7    |
|          |     product1_fu_460    |    0    |    0    |    7    |
|          |    add_ln59_6_fu_465   |    0    |    0    |    7    |
|          |    product1_2_fu_469   |    0    |    0    |    7    |
|          |    add_ln59_9_fu_474   |    0    |    0    |    7    |
|    add   |    product1_4_fu_478   |    0    |    0    |    7    |
|          |   add_ln59_12_fu_483   |    0    |    0    |    7    |
|          |    add_ln59_3_fu_487   |    0    |    0    |    7    |
|          |   add_ln59_14_fu_492   |    0    |    0    |    7    |
|          |    add_ln59_4_fu_496   |    0    |    0    |    7    |
|          |   add_ln59_16_fu_501   |    0    |    0    |    7    |
|          |    add_ln59_5_fu_505   |    0    |    0    |    7    |
|          |   add_ln59_18_fu_510   |    0    |    0    |    7    |
|          |     product2_fu_514    |    0    |    0    |    7    |
|          |   add_ln59_21_fu_519   |    0    |    0    |    7    |
|          |    product2_2_fu_523   |    0    |    0    |    7    |
|          |   add_ln59_24_fu_528   |    0    |    0    |    7    |
|          |    product2_4_fu_532   |    0    |    0    |    7    |
|          |     add_ln24_fu_599    |    0    |    0    |    13   |
|          |      sumneg_fu_605     |    0    |    0    |    7    |
|----------|------------------------|---------|---------|---------|
|          |     sub_ln23_fu_581    |    0    |    0    |    13   |
|    sub   |    sub_ln23_1_fu_590   |    0    |    0    |    13   |
|          |       sum_fu_609       |    0    |    0    |    7    |
|----------|------------------------|---------|---------|---------|
|          |  a_0_0_read_read_fu_78 |    0    |    0    |    0    |
|          |  b_0_0_read_read_fu_84 |    0    |    0    |    0    |
|          |  a_0_1_read_read_fu_90 |    0    |    0    |    0    |
|          |  b_1_0_read_read_fu_96 |    0    |    0    |    0    |
|          | a_0_2_read_read_fu_102 |    0    |    0    |    0    |
|          | b_2_0_read_read_fu_108 |    0    |    0    |    0    |
|          | b_0_1_read_read_fu_114 |    0    |    0    |    0    |
|          | b_1_1_read_read_fu_120 |    0    |    0    |    0    |
|          | b_2_1_read_read_fu_126 |    0    |    0    |    0    |
|          | b_0_2_read_read_fu_132 |    0    |    0    |    0    |
|          | b_1_2_read_read_fu_138 |    0    |    0    |    0    |
|          | b_2_2_read_read_fu_144 |    0    |    0    |    0    |
|          | a_1_0_read_read_fu_150 |    0    |    0    |    0    |
|   read   | a_1_1_read_read_fu_156 |    0    |    0    |    0    |
|          | a_1_2_read_read_fu_162 |    0    |    0    |    0    |
|          | a_2_0_read_read_fu_168 |    0    |    0    |    0    |
|          | a_2_1_read_read_fu_174 |    0    |    0    |    0    |
|          | a_2_2_read_read_fu_180 |    0    |    0    |    0    |
|          | c_0_0_read_read_fu_186 |    0    |    0    |    0    |
|          | c_0_1_read_read_fu_192 |    0    |    0    |    0    |
|          | c_0_2_read_read_fu_198 |    0    |    0    |    0    |
|          | c_1_0_read_read_fu_204 |    0    |    0    |    0    |
|          | c_1_1_read_read_fu_210 |    0    |    0    |    0    |
|          | c_1_2_read_read_fu_216 |    0    |    0    |    0    |
|          | c_2_0_read_read_fu_222 |    0    |    0    |    0    |
|          | c_2_1_read_read_fu_228 |    0    |    0    |    0    |
|          | c_2_2_read_read_fu_234 |    0    |    0    |    0    |
|----------|------------------------|---------|---------|---------|
|   sext   |    sext_ln89_fu_614    |    0    |    0    |    0    |
|----------|------------------------|---------|---------|---------|
|   Total  |                        |    0    |    0    |   777   |
|----------|------------------------|---------|---------|---------|

Memories:
N/A

* Register list:
+-------------------+--------+
|                   |   FF   |
+-------------------+--------+
|  add_ln24_reg_813 |    4   |
|add_ln59_10_reg_688|    4   |
|add_ln59_13_reg_698|    4   |
|add_ln59_15_reg_708|    4   |
|add_ln59_17_reg_718|    4   |
|add_ln59_19_reg_728|    4   |
| add_ln59_1_reg_668|    4   |
|add_ln59_22_reg_738|    4   |
|add_ln59_25_reg_748|    4   |
| add_ln59_3_reg_753|    4   |
| add_ln59_4_reg_758|    4   |
| add_ln59_7_reg_678|    4   |
| c_0_0_read_reg_663|    4   |
| c_0_1_read_reg_673|    4   |
| c_0_2_read_reg_683|    4   |
| c_1_0_read_reg_693|    4   |
| c_1_1_read_reg_703|    4   |
| c_1_2_read_reg_713|    4   |
| c_2_0_read_reg_723|    4   |
| c_2_1_read_reg_733|    4   |
| c_2_2_read_reg_743|    4   |
|  mul_ln20_reg_773 |    4   |
| mul_ln21_2_reg_798|    4   |
|mul_ln43_12_reg_638|    4   |
|mul_ln43_15_reg_643|    4   |
|mul_ln43_19_reg_648|    4   |
|mul_ln43_22_reg_653|    4   |
|mul_ln43_24_reg_658|    4   |
| mul_ln43_3_reg_623|    4   |
| mul_ln43_6_reg_628|    4   |
| mul_ln43_9_reg_633|    4   |
|  mul_ln43_reg_618 |    4   |
| product1_7_reg_783|    4   |
| product1_8_reg_793|    4   |
| product2_2_reg_768|    4   |
| product2_5_reg_803|    4   |
| product2_6_reg_778|    4   |
| product2_7_reg_788|    4   |
|  product2_reg_763 |    4   |
|  sumpos_3_reg_808 |    4   |
+-------------------+--------+
|       Total       |   160  |
+-------------------+--------+

* Multiplexer (MUX) list: 
|--------|------|------|------|--------|
|  Comp  |  Pin | Size |  BW  | S x BW |
|--------|------|------|------|--------|
|  Total |      |      |      |    0   |
|--------|------|------|------|--------|



* Summary:
+-----------+--------+--------+--------+
|           |   DSP  |   FF   |   LUT  |
+-----------+--------+--------+--------+
|  Function |    0   |    0   |   777  |
|   Memory  |    -   |    -   |    -   |
|Multiplexer|    -   |    -   |    -   |
|  Register |    -   |   160  |    -   |
+-----------+--------+--------+--------+
|   Total   |    0   |   160  |   777  |
+-----------+--------+--------+--------+
