

================================================================
== Vitis HLS Report for 'matrixcalc'
================================================================
* Date:           Fri Jan  2 17:49:31 2026

* Version:        2023.1 (Build 3854077 on May  4 2023)
* Project:        Proyecto_Final
* Solution:       maximo_throughput (Vivado IP Flow Target)
* Product family: zynq
* Target device:  xc7z020-clg400-1


================================================================
== Performance Estimates
================================================================
+ Timing: 
    * Summary: 
    +--------+---------+----------+------------+
    |  Clock |  Target | Estimated| Uncertainty|
    +--------+---------+----------+------------+
    |ap_clk  |  8.00 ns|  5.810 ns|     2.16 ns|
    +--------+---------+----------+------------+

+ Latency: 
    * Summary: 
    +---------+---------+-----------+-----------+-----+-----+---------+
    |  Latency (cycles) |   Latency (absolute)  |  Interval | Pipeline|
    |   min   |   max   |    min    |    max    | min | max |   Type  |
    +---------+---------+-----------+-----------+-----+-----+---------+
    |        3|        3|  24.000 ns|  24.000 ns|    1|    1|      yes|
    +---------+---------+-----------+-----------+-----+-----+---------+

    + Detail: 
        * Instance: 
        N/A

        * Loop: 
        N/A



================================================================
== Utilization Estimates
================================================================
* Summary: 
+-----------------+---------+-----+--------+-------+-----+
|       Name      | BRAM_18K| DSP |   FF   |  LUT  | URAM|
+-----------------+---------+-----+--------+-------+-----+
|DSP              |        -|    -|       -|      -|    -|
|Expression       |        -|    -|       0|    298|    -|
|FIFO             |        -|    -|       -|      -|    -|
|Instance         |        -|    0|       0|    481|    -|
|Memory           |        -|    -|       -|      -|    -|
|Multiplexer      |        -|    -|       -|      -|    -|
|Register         |        -|    -|     164|      -|    -|
+-----------------+---------+-----+--------+-------+-----+
|Total            |        0|    0|     164|    779|    0|
+-----------------+---------+-----+--------+-------+-----+
|Available        |      280|  220|  106400|  53200|    0|
+-----------------+---------+-----+--------+-------+-----+
|Utilization (%)  |        0|    0|      ~0|      1|    0|
+-----------------+---------+-----+--------+-------+-----+

+ Detail: 
    * Instance: 
    +---------------------+-----------------+---------+----+---+----+-----+
    |       Instance      |      Module     | BRAM_18K| DSP| FF| LUT| URAM|
    +---------------------+-----------------+---------+----+---+----+-----+
    |mul_4s_4s_4_1_1_U1   |mul_4s_4s_4_1_1  |        0|   0|  0|  13|    0|
    |mul_4s_4s_4_1_1_U2   |mul_4s_4s_4_1_1  |        0|   0|  0|  13|    0|
    |mul_4s_4s_4_1_1_U3   |mul_4s_4s_4_1_1  |        0|   0|  0|  13|    0|
    |mul_4s_4s_4_1_1_U4   |mul_4s_4s_4_1_1  |        0|   0|  0|  13|    0|
    |mul_4s_4s_4_1_1_U5   |mul_4s_4s_4_1_1  |        0|   0|  0|  13|    0|
    |mul_4s_4s_4_1_1_U6   |mul_4s_4s_4_1_1  |        0|   0|  0|  13|    0|
    |mul_4s_4s_4_1_1_U7   |mul_4s_4s_4_1_1  |        0|   0|  0|  13|    0|
    |mul_4s_4s_4_1_1_U8   |mul_4s_4s_4_1_1  |        0|   0|  0|  13|    0|
    |mul_4s_4s_4_1_1_U9   |mul_4s_4s_4_1_1  |        0|   0|  0|  13|    0|
    |mul_4s_4s_4_1_1_U10  |mul_4s_4s_4_1_1  |        0|   0|  0|  13|    0|
    |mul_4s_4s_4_1_1_U11  |mul_4s_4s_4_1_1  |        0|   0|  0|  13|    0|
    |mul_4s_4s_4_1_1_U12  |mul_4s_4s_4_1_1  |        0|   0|  0|  13|    0|
    |mul_4s_4s_4_1_1_U13  |mul_4s_4s_4_1_1  |        0|   0|  0|  13|    0|
    |mul_4s_4s_4_1_1_U14  |mul_4s_4s_4_1_1  |        0|   0|  0|  13|    0|
    |mul_4s_4s_4_1_1_U15  |mul_4s_4s_4_1_1  |        0|   0|  0|  13|    0|
    |mul_4s_4s_4_1_1_U16  |mul_4s_4s_4_1_1  |        0|   0|  0|  13|    0|
    |mul_4s_4s_4_1_1_U17  |mul_4s_4s_4_1_1  |        0|   0|  0|  13|    0|
    |mul_4s_4s_4_1_1_U18  |mul_4s_4s_4_1_1  |        0|   0|  0|  13|    0|
    |mul_4s_4s_4_1_1_U19  |mul_4s_4s_4_1_1  |        0|   0|  0|  13|    0|
    |mul_4s_4s_4_1_1_U20  |mul_4s_4s_4_1_1  |        0|   0|  0|  13|    0|
    |mul_4s_4s_4_1_1_U21  |mul_4s_4s_4_1_1  |        0|   0|  0|  13|    0|
    |mul_4s_4s_4_1_1_U22  |mul_4s_4s_4_1_1  |        0|   0|  0|  13|    0|
    |mul_4s_4s_4_1_1_U23  |mul_4s_4s_4_1_1  |        0|   0|  0|  13|    0|
    |mul_4s_4s_4_1_1_U24  |mul_4s_4s_4_1_1  |        0|   0|  0|  13|    0|
    |mul_4s_4s_4_1_1_U25  |mul_4s_4s_4_1_1  |        0|   0|  0|  13|    0|
    |mul_4s_4s_4_1_1_U26  |mul_4s_4s_4_1_1  |        0|   0|  0|  13|    0|
    |mul_4s_4s_4_1_1_U27  |mul_4s_4s_4_1_1  |        0|   0|  0|  13|    0|
    |mul_4s_4s_4_1_1_U28  |mul_4s_4s_4_1_1  |        0|   0|  0|  13|    0|
    |mul_4s_4s_4_1_1_U29  |mul_4s_4s_4_1_1  |        0|   0|  0|  13|    0|
    |mul_4s_4s_4_1_1_U30  |mul_4s_4s_4_1_1  |        0|   0|  0|  13|    0|
    |mul_4s_4s_4_1_1_U31  |mul_4s_4s_4_1_1  |        0|   0|  0|  13|    0|
    |mul_4s_4s_4_1_1_U32  |mul_4s_4s_4_1_1  |        0|   0|  0|  13|    0|
    |mul_4s_4s_4_1_1_U33  |mul_4s_4s_4_1_1  |        0|   0|  0|  13|    0|
    |mul_4s_4s_4_1_1_U34  |mul_4s_4s_4_1_1  |        0|   0|  0|  13|    0|
    |mul_4s_4s_4_1_1_U35  |mul_4s_4s_4_1_1  |        0|   0|  0|  13|    0|
    |mul_4s_4s_4_1_1_U36  |mul_4s_4s_4_1_1  |        0|   0|  0|  13|    0|
    |mul_4s_4s_4_1_1_U37  |mul_4s_4s_4_1_1  |        0|   0|  0|  13|    0|
    +---------------------+-----------------+---------+----+---+----+-----+
    |Total                |                 |        0|   0|  0| 481|    0|
    +---------------------+-----------------+---------+----+---+----+-----+

    * DSP: 
    N/A

    * Memory: 
    N/A

    * FIFO: 
    N/A

    * Expression: 
    +-----------------------+----------+----+---+----+------------+------------+
    |     Variable Name     | Operation| DSP| FF| LUT| Bitwidth P0| Bitwidth P1|
    +-----------------------+----------+----+---+----+------------+------------+
    |add_ln24_fu_597_p2     |         +|   0|  0|  13|           4|           4|
    |add_ln59_10_fu_412_p2  |         +|   0|  0|  13|           4|           4|
    |add_ln59_12_fu_481_p2  |         +|   0|  0|   7|           4|           4|
    |add_ln59_13_fu_418_p2  |         +|   0|  0|  13|           4|           4|
    |add_ln59_14_fu_490_p2  |         +|   0|  0|   7|           4|           4|
    |add_ln59_15_fu_424_p2  |         +|   0|  0|  13|           4|           4|
    |add_ln59_16_fu_499_p2  |         +|   0|  0|   7|           4|           4|
    |add_ln59_17_fu_430_p2  |         +|   0|  0|  13|           4|           4|
    |add_ln59_18_fu_508_p2  |         +|   0|  0|   7|           4|           4|
    |add_ln59_19_fu_436_p2  |         +|   0|  0|  13|           4|           4|
    |add_ln59_1_fu_400_p2   |         +|   0|  0|  13|           4|           4|
    |add_ln59_21_fu_517_p2  |         +|   0|  0|   7|           4|           4|
    |add_ln59_22_fu_442_p2  |         +|   0|  0|  13|           4|           4|
    |add_ln59_24_fu_526_p2  |         +|   0|  0|   7|           4|           4|
    |add_ln59_25_fu_448_p2  |         +|   0|  0|  13|           4|           4|
    |add_ln59_3_fu_485_p2   |         +|   0|  0|   7|           4|           4|
    |add_ln59_4_fu_494_p2   |         +|   0|  0|   7|           4|           4|
    |add_ln59_5_fu_503_p2   |         +|   0|  0|   7|           4|           4|
    |add_ln59_6_fu_463_p2   |         +|   0|  0|   7|           4|           4|
    |add_ln59_7_fu_406_p2   |         +|   0|  0|  13|           4|           4|
    |add_ln59_9_fu_472_p2   |         +|   0|  0|   7|           4|           4|
    |add_ln59_fu_454_p2     |         +|   0|  0|   7|           4|           4|
    |product1_2_fu_467_p2   |         +|   0|  0|   7|           4|           4|
    |product1_4_fu_476_p2   |         +|   0|  0|   7|           4|           4|
    |product1_fu_458_p2     |         +|   0|  0|   7|           4|           4|
    |product2_2_fu_521_p2   |         +|   0|  0|   7|           4|           4|
    |product2_4_fu_530_p2   |         +|   0|  0|   7|           4|           4|
    |product2_fu_512_p2     |         +|   0|  0|   7|           4|           4|
    |sumneg_fu_603_p2       |         +|   0|  0|   7|           4|           4|
    |sum_fu_607_p2          |         -|   0|  0|   7|           4|           4|
    |sumpos_3_fu_592_p0     |         -|   0|  0|  13|           4|           4|
    |sumpos_fu_583_p0       |         -|   0|  0|  13|           4|           4|
    |ap_enable_pp0          |       xor|   0|  0|   2|           1|           2|
    +-----------------------+----------+----+---+----+------------+------------+
    |Total                  |          |   0|  0| 298|         129|         130|
    +-----------------------+----------+----+---+----+------------+------------+

    * Multiplexer: 
    N/A

    * Register: 
    +-------------------------+---+----+-----+-----------+
    |           Name          | FF| LUT| Bits| Const Bits|
    +-------------------------+---+----+-----+-----------+
    |add_ln24_reg_811         |  4|   0|    4|          0|
    |add_ln59_10_reg_686      |  4|   0|    4|          0|
    |add_ln59_13_reg_696      |  4|   0|    4|          0|
    |add_ln59_15_reg_706      |  4|   0|    4|          0|
    |add_ln59_17_reg_716      |  4|   0|    4|          0|
    |add_ln59_19_reg_726      |  4|   0|    4|          0|
    |add_ln59_1_reg_666       |  4|   0|    4|          0|
    |add_ln59_22_reg_736      |  4|   0|    4|          0|
    |add_ln59_25_reg_746      |  4|   0|    4|          0|
    |add_ln59_3_reg_751       |  4|   0|    4|          0|
    |add_ln59_4_reg_756       |  4|   0|    4|          0|
    |add_ln59_7_reg_676       |  4|   0|    4|          0|
    |ap_CS_fsm                |  1|   0|    1|          0|
    |ap_enable_reg_pp0_iter1  |  1|   0|    1|          0|
    |ap_enable_reg_pp0_iter2  |  1|   0|    1|          0|
    |ap_enable_reg_pp0_iter3  |  1|   0|    1|          0|
    |c_0_0_read_reg_661       |  4|   0|    4|          0|
    |c_0_1_read_reg_671       |  4|   0|    4|          0|
    |c_0_2_read_reg_681       |  4|   0|    4|          0|
    |c_1_0_read_reg_691       |  4|   0|    4|          0|
    |c_1_1_read_reg_701       |  4|   0|    4|          0|
    |c_1_2_read_reg_711       |  4|   0|    4|          0|
    |c_2_0_read_reg_721       |  4|   0|    4|          0|
    |c_2_1_read_reg_731       |  4|   0|    4|          0|
    |c_2_2_read_reg_741       |  4|   0|    4|          0|
    |mul_ln20_reg_771         |  4|   0|    4|          0|
    |mul_ln21_2_reg_796       |  4|   0|    4|          0|
    |mul_ln43_12_reg_636      |  4|   0|    4|          0|
    |mul_ln43_15_reg_641      |  4|   0|    4|          0|
    |mul_ln43_19_reg_646      |  4|   0|    4|          0|
    |mul_ln43_22_reg_651      |  4|   0|    4|          0|
    |mul_ln43_24_reg_656      |  4|   0|    4|          0|
    |mul_ln43_3_reg_621       |  4|   0|    4|          0|
    |mul_ln43_6_reg_626       |  4|   0|    4|          0|
    |mul_ln43_9_reg_631       |  4|   0|    4|          0|
    |mul_ln43_reg_616         |  4|   0|    4|          0|
    |product1_7_reg_781       |  4|   0|    4|          0|
    |product1_8_reg_791       |  4|   0|    4|          0|
    |product2_2_reg_766       |  4|   0|    4|          0|
    |product2_5_reg_801       |  4|   0|    4|          0|
    |product2_6_reg_776       |  4|   0|    4|          0|
    |product2_7_reg_786       |  4|   0|    4|          0|
    |product2_reg_761         |  4|   0|    4|          0|
    |sumpos_3_reg_806         |  4|   0|    4|          0|
    +-------------------------+---+----+-----+-----------+
    |Total                    |164|   0|  164|          0|
    +-------------------------+---+----+-----+-----------+



================================================================
== Interface
================================================================
* Summary: 
+-----------+-----+-----+------------+--------------+--------------+
| RTL Ports | Dir | Bits|  Protocol  | Source Object|    C Type    |
+-----------+-----+-----+------------+--------------+--------------+
|ap_clk     |   in|    1|  ap_ctrl_hs|    matrixcalc|  return value|
|ap_rst     |   in|    1|  ap_ctrl_hs|    matrixcalc|  return value|
|ap_start   |   in|    1|  ap_ctrl_hs|    matrixcalc|  return value|
|ap_done    |  out|    1|  ap_ctrl_hs|    matrixcalc|  return value|
|ap_idle    |  out|    1|  ap_ctrl_hs|    matrixcalc|  return value|
|ap_ready   |  out|    1|  ap_ctrl_hs|    matrixcalc|  return value|
|ap_return  |  out|   32|  ap_ctrl_hs|    matrixcalc|  return value|
|a_0_0      |   in|    4|     ap_none|         a_0_0|       pointer|
|a_0_1      |   in|    4|     ap_none|         a_0_1|       pointer|
|a_0_2      |   in|    4|     ap_none|         a_0_2|       pointer|
|a_1_0      |   in|    4|     ap_none|         a_1_0|       pointer|
|a_1_1      |   in|    4|     ap_none|         a_1_1|       pointer|
|a_1_2      |   in|    4|     ap_none|         a_1_2|       pointer|
|a_2_0      |   in|    4|     ap_none|         a_2_0|       pointer|
|a_2_1      |   in|    4|     ap_none|         a_2_1|       pointer|
|a_2_2      |   in|    4|     ap_none|         a_2_2|       pointer|
|b_0_0      |   in|    4|     ap_none|         b_0_0|       pointer|
|b_0_1      |   in|    4|     ap_none|         b_0_1|       pointer|
|b_0_2      |   in|    4|     ap_none|         b_0_2|       pointer|
|b_1_0      |   in|    4|     ap_none|         b_1_0|       pointer|
|b_1_1      |   in|    4|     ap_none|         b_1_1|       pointer|
|b_1_2      |   in|    4|     ap_none|         b_1_2|       pointer|
|b_2_0      |   in|    4|     ap_none|         b_2_0|       pointer|
|b_2_1      |   in|    4|     ap_none|         b_2_1|       pointer|
|b_2_2      |   in|    4|     ap_none|         b_2_2|       pointer|
|c_0_0      |   in|    4|     ap_none|         c_0_0|       pointer|
|c_0_1      |   in|    4|     ap_none|         c_0_1|       pointer|
|c_0_2      |   in|    4|     ap_none|         c_0_2|       pointer|
|c_1_0      |   in|    4|     ap_none|         c_1_0|       pointer|
|c_1_1      |   in|    4|     ap_none|         c_1_1|       pointer|
|c_1_2      |   in|    4|     ap_none|         c_1_2|       pointer|
|c_2_0      |   in|    4|     ap_none|         c_2_0|       pointer|
|c_2_1      |   in|    4|     ap_none|         c_2_1|       pointer|
|c_2_2      |   in|    4|     ap_none|         c_2_2|       pointer|
+-----------+-----+-----+------------+--------------+--------------+

============================================================
+ Verbose Summary: Synthesis Manager
============================================================
InlineROM: 1
ExposeGlobal: 0
============================================================
+ Verbose Summary: CDFG Model
============================================================
IsTopModel: 1
ResetActiveHigh: 1
IsCombinational: 2
IsDatapathOnly: 2
HasWiredReturn: 1
HasMFsm: 2
HasVarLatency: 0
IsPipeline: 1
IsRtlPipelined: 1
IsInstanceOverlapped: 0
IsDontTouch: 0
HasImplIP: 0
IsGatedGlobalClock: 0

+ Individual pipeline summary: 
  * Pipeline-0: initiation interval (II) = 1, depth = 4


============================================================
+ Verbose Summary: Schedule
============================================================
* Number of FSM states : 4
* Pipeline : 1
  Pipeline-0 : II = 1, D = 4, States = { 1 2 3 4 }
* Dataflow Pipeline: 0

* FSM state transitions: 
1 --> 2 
2 --> 3 
3 --> 4 
4 --> 

* FSM state operations: 

State 1 <SV = 0> <Delay = 4.07>
ST_1 : Operation 5 [1/1] (0.00ns)   --->   "%a_0_0_read = read i4 @_ssdm_op_Read.ap_auto.i4P0A, i4 %a_0_0" [matrixcalc.cpp:43->matrixcalc.cpp:86]   --->   Operation 5 'read' 'a_0_0_read' <Predicate = true> <Delay = 0.00>
ST_1 : Operation 6 [1/1] (0.00ns)   --->   "%b_0_0_read = read i4 @_ssdm_op_Read.ap_auto.i4P0A, i4 %b_0_0" [matrixcalc.cpp:43->matrixcalc.cpp:86]   --->   Operation 6 'read' 'b_0_0_read' <Predicate = true> <Delay = 0.00>
ST_1 : Operation 7 [1/1] (2.34ns)   --->   "%mul_ln43 = mul i4 %b_0_0_read, i4 %a_0_0_read" [matrixcalc.cpp:43->matrixcalc.cpp:86]   --->   Operation 7 'mul' 'mul_ln43' <Predicate = true> <Delay = 2.34> <CoreInst = "Multiplier">   --->   Core 3 'Multiplier' <Latency = 0> <II = 1> <Delay = 2.34> <FuncUnit> <Opcode : 'mul'> <InPorts = 2> <OutPorts = 1>
ST_1 : Operation 8 [1/1] (0.00ns)   --->   "%a_0_1_read = read i4 @_ssdm_op_Read.ap_auto.i4P0A, i4 %a_0_1" [matrixcalc.cpp:43->matrixcalc.cpp:86]   --->   Operation 8 'read' 'a_0_1_read' <Predicate = true> <Delay = 0.00>
ST_1 : Operation 9 [1/1] (0.00ns)   --->   "%b_1_0_read = read i4 @_ssdm_op_Read.ap_auto.i4P0A, i4 %b_1_0" [matrixcalc.cpp:43->matrixcalc.cpp:86]   --->   Operation 9 'read' 'b_1_0_read' <Predicate = true> <Delay = 0.00>
ST_1 : Operation 10 [1/1] (2.34ns)   --->   "%mul_ln43_1 = mul i4 %b_1_0_read, i4 %a_0_1_read" [matrixcalc.cpp:43->matrixcalc.cpp:86]   --->   Operation 10 'mul' 'mul_ln43_1' <Predicate = true> <Delay = 2.34> <CoreInst = "Multiplier">   --->   Core 3 'Multiplier' <Latency = 0> <II = 1> <Delay = 2.34> <FuncUnit> <Opcode : 'mul'> <InPorts = 2> <OutPorts = 1>
ST_1 : Operation 11 [1/1] (0.00ns)   --->   "%a_0_2_read = read i4 @_ssdm_op_Read.ap_auto.i4P0A, i4 %a_0_2" [matrixcalc.cpp:43->matrixcalc.cpp:86]   --->   Operation 11 'read' 'a_0_2_read' <Predicate = true> <Delay = 0.00>
ST_1 : Operation 12 [1/1] (0.00ns)   --->   "%b_2_0_read = read i4 @_ssdm_op_Read.ap_auto.i4P0A, i4 %b_2_0" [matrixcalc.cpp:43->matrixcalc.cpp:86]   --->   Operation 12 'read' 'b_2_0_read' <Predicate = true> <Delay = 0.00>
ST_1 : Operation 13 [1/1] (2.34ns)   --->   "%mul_ln43_2 = mul i4 %b_2_0_read, i4 %a_0_2_read" [matrixcalc.cpp:43->matrixcalc.cpp:86]   --->   Operation 13 'mul' 'mul_ln43_2' <Predicate = true> <Delay = 2.34> <CoreInst = "Multiplier">   --->   Core 3 'Multiplier' <Latency = 0> <II = 1> <Delay = 2.34> <FuncUnit> <Opcode : 'mul'> <InPorts = 2> <OutPorts = 1>
ST_1 : Operation 14 [1/1] (0.00ns)   --->   "%b_0_1_read = read i4 @_ssdm_op_Read.ap_auto.i4P0A, i4 %b_0_1" [matrixcalc.cpp:43->matrixcalc.cpp:86]   --->   Operation 14 'read' 'b_0_1_read' <Predicate = true> <Delay = 0.00>
ST_1 : Operation 15 [1/1] (2.34ns)   --->   "%mul_ln43_3 = mul i4 %b_0_1_read, i4 %a_0_0_read" [matrixcalc.cpp:43->matrixcalc.cpp:86]   --->   Operation 15 'mul' 'mul_ln43_3' <Predicate = true> <Delay = 2.34> <CoreInst = "Multiplier">   --->   Core 3 'Multiplier' <Latency = 0> <II = 1> <Delay = 2.34> <FuncUnit> <Opcode : 'mul'> <InPorts = 2> <OutPorts = 1>
ST_1 : Operation 16 [1/1] (0.00ns)   --->   "%b_1_1_read = read i4 @_ssdm_op_Read.ap_auto.i4P0A, i4 %b_1_1" [matrixcalc.cpp:43->matrixcalc.cpp:86]   --->   Operation 16 'read' 'b_1_1_read' <Predicate = true> <Delay = 0.00>
ST_1 : Operation 17 [1/1] (2.34ns)   --->   "%mul_ln43_4 = mul i4 %b_1_1_read, i4 %a_0_1_read" [matrixcalc.cpp:43->matrixcalc.cpp:86]   --->   Operation 17 'mul' 'mul_ln43_4' <Predicate = true> <Delay = 2.34> <CoreInst = "Multiplier">   --->   Core 3 'Multiplier' <Latency = 0> <II = 1> <Delay = 2.34> <FuncUnit> <Opcode : 'mul'> <InPorts = 2> <OutPorts = 1>
ST_1 : Operation 18 [1/1] (0.00ns)   --->   "%b_2_1_read = read i4 @_ssdm_op_Read.ap_auto.i4P0A, i4 %b_2_1" [matrixcalc.cpp:43->matrixcalc.cpp:86]   --->   Operation 18 'read' 'b_2_1_read' <Predicate = true> <Delay = 0.00>
ST_1 : Operation 19 [1/1] (2.34ns)   --->   "%mul_ln43_5 = mul i4 %b_2_1_read, i4 %a_0_2_read" [matrixcalc.cpp:43->matrixcalc.cpp:86]   --->   Operation 19 'mul' 'mul_ln43_5' <Predicate = true> <Delay = 2.34> <CoreInst = "Multiplier">   --->   Core 3 'Multiplier' <Latency = 0> <II = 1> <Delay = 2.34> <FuncUnit> <Opcode : 'mul'> <InPorts = 2> <OutPorts = 1>
ST_1 : Operation 20 [1/1] (0.00ns)   --->   "%b_0_2_read = read i4 @_ssdm_op_Read.ap_auto.i4P0A, i4 %b_0_2" [matrixcalc.cpp:43->matrixcalc.cpp:86]   --->   Operation 20 'read' 'b_0_2_read' <Predicate = true> <Delay = 0.00>
ST_1 : Operation 21 [1/1] (2.34ns)   --->   "%mul_ln43_6 = mul i4 %b_0_2_read, i4 %a_0_0_read" [matrixcalc.cpp:43->matrixcalc.cpp:86]   --->   Operation 21 'mul' 'mul_ln43_6' <Predicate = true> <Delay = 2.34> <CoreInst = "Multiplier">   --->   Core 3 'Multiplier' <Latency = 0> <II = 1> <Delay = 2.34> <FuncUnit> <Opcode : 'mul'> <InPorts = 2> <OutPorts = 1>
ST_1 : Operation 22 [1/1] (0.00ns)   --->   "%b_1_2_read = read i4 @_ssdm_op_Read.ap_auto.i4P0A, i4 %b_1_2" [matrixcalc.cpp:43->matrixcalc.cpp:86]   --->   Operation 22 'read' 'b_1_2_read' <Predicate = true> <Delay = 0.00>
ST_1 : Operation 23 [1/1] (2.34ns)   --->   "%mul_ln43_7 = mul i4 %b_1_2_read, i4 %a_0_1_read" [matrixcalc.cpp:43->matrixcalc.cpp:86]   --->   Operation 23 'mul' 'mul_ln43_7' <Predicate = true> <Delay = 2.34> <CoreInst = "Multiplier">   --->   Core 3 'Multiplier' <Latency = 0> <II = 1> <Delay = 2.34> <FuncUnit> <Opcode : 'mul'> <InPorts = 2> <OutPorts = 1>
ST_1 : Operation 24 [1/1] (0.00ns)   --->   "%b_2_2_read = read i4 @_ssdm_op_Read.ap_auto.i4P0A, i4 %b_2_2" [matrixcalc.cpp:43->matrixcalc.cpp:86]   --->   Operation 24 'read' 'b_2_2_read' <Predicate = true> <Delay = 0.00>
ST_1 : Operation 25 [1/1] (2.34ns)   --->   "%mul_ln43_8 = mul i4 %b_2_2_read, i4 %a_0_2_read" [matrixcalc.cpp:43->matrixcalc.cpp:86]   --->   Operation 25 'mul' 'mul_ln43_8' <Predicate = true> <Delay = 2.34> <CoreInst = "Multiplier">   --->   Core 3 'Multiplier' <Latency = 0> <II = 1> <Delay = 2.34> <FuncUnit> <Opcode : 'mul'> <InPorts = 2> <OutPorts = 1>
ST_1 : Operation 26 [1/1] (0.00ns)   --->   "%a_1_0_read = read i4 @_ssdm_op_Read.ap_auto.i4P0A, i4 %a_1_0" [matrixcalc.cpp:43->matrixcalc.cpp:86]   --->   Operation 26 'read' 'a_1_0_read' <Predicate = true> <Delay = 0.00>
ST_1 : Operation 27 [1/1] (2.34ns)   --->   "%mul_ln43_9 = mul i4 %a_1_0_read, i4 %b_0_0_read" [matrixcalc.cpp:43->matrixcalc.cpp:86]   --->   Operation 27 'mul' 'mul_ln43_9' <Predicate = true> <Delay = 2.34> <CoreInst = "Multiplier">   --->   Core 3 'Multiplier' <Latency = 0> <II = 1> <Delay = 2.34> <FuncUnit> <Opcode : 'mul'> <InPorts = 2> <OutPorts = 1>
ST_1 : Operation 28 [1/1] (0.00ns)   --->   "%a_1_1_read = read i4 @_ssdm_op_Read.ap_auto.i4P0A, i4 %a_1_1" [matrixcalc.cpp:43->matrixcalc.cpp:86]   --->   Operation 28 'read' 'a_1_1_read' <Predicate = true> <Delay = 0.00>
ST_1 : Operation 29 [1/1] (2.34ns)   --->   "%mul_ln43_10 = mul i4 %a_1_1_read, i4 %b_1_0_read" [matrixcalc.cpp:43->matrixcalc.cpp:86]   --->   Operation 29 'mul' 'mul_ln43_10' <Predicate = true> <Delay = 2.34> <CoreInst = "Multiplier">   --->   Core 3 'Multiplier' <Latency = 0> <II = 1> <Delay = 2.34> <FuncUnit> <Opcode : 'mul'> <InPorts = 2> <OutPorts = 1>
ST_1 : Operation 30 [1/1] (0.00ns)   --->   "%a_1_2_read = read i4 @_ssdm_op_Read.ap_auto.i4P0A, i4 %a_1_2" [matrixcalc.cpp:43->matrixcalc.cpp:86]   --->   Operation 30 'read' 'a_1_2_read' <Predicate = true> <Delay = 0.00>
ST_1 : Operation 31 [1/1] (2.34ns)   --->   "%mul_ln43_11 = mul i4 %a_1_2_read, i4 %b_2_0_read" [matrixcalc.cpp:43->matrixcalc.cpp:86]   --->   Operation 31 'mul' 'mul_ln43_11' <Predicate = true> <Delay = 2.34> <CoreInst = "Multiplier">   --->   Core 3 'Multiplier' <Latency = 0> <II = 1> <Delay = 2.34> <FuncUnit> <Opcode : 'mul'> <InPorts = 2> <OutPorts = 1>
ST_1 : Operation 32 [1/1] (2.34ns)   --->   "%mul_ln43_12 = mul i4 %a_1_0_read, i4 %b_0_1_read" [matrixcalc.cpp:43->matrixcalc.cpp:86]   --->   Operation 32 'mul' 'mul_ln43_12' <Predicate = true> <Delay = 2.34> <CoreInst = "Multiplier">   --->   Core 3 'Multiplier' <Latency = 0> <II = 1> <Delay = 2.34> <FuncUnit> <Opcode : 'mul'> <InPorts = 2> <OutPorts = 1>
ST_1 : Operation 33 [1/1] (2.34ns)   --->   "%mul_ln43_13 = mul i4 %a_1_1_read, i4 %b_1_1_read" [matrixcalc.cpp:43->matrixcalc.cpp:86]   --->   Operation 33 'mul' 'mul_ln43_13' <Predicate = true> <Delay = 2.34> <CoreInst = "Multiplier">   --->   Core 3 'Multiplier' <Latency = 0> <II = 1> <Delay = 2.34> <FuncUnit> <Opcode : 'mul'> <InPorts = 2> <OutPorts = 1>
ST_1 : Operation 34 [1/1] (2.34ns)   --->   "%mul_ln43_14 = mul i4 %a_1_2_read, i4 %b_2_1_read" [matrixcalc.cpp:43->matrixcalc.cpp:86]   --->   Operation 34 'mul' 'mul_ln43_14' <Predicate = true> <Delay = 2.34> <CoreInst = "Multiplier">   --->   Core 3 'Multiplier' <Latency = 0> <II = 1> <Delay = 2.34> <FuncUnit> <Opcode : 'mul'> <InPorts = 2> <OutPorts = 1>
ST_1 : Operation 35 [1/1] (2.34ns)   --->   "%mul_ln43_15 = mul i4 %a_1_0_read, i4 %b_0_2_read" [matrixcalc.cpp:43->matrixcalc.cpp:86]   --->   Operation 35 'mul' 'mul_ln43_15' <Predicate = true> <Delay = 2.34> <CoreInst = "Multiplier">   --->   Core 3 'Multiplier' <Latency = 0> <II = 1> <Delay = 2.34> <FuncUnit> <Opcode : 'mul'> <InPorts = 2> <OutPorts = 1>
ST_1 : Operation 36 [1/1] (2.34ns)   --->   "%mul_ln43_16 = mul i4 %a_1_1_read, i4 %b_1_2_read" [matrixcalc.cpp:43->matrixcalc.cpp:86]   --->   Operation 36 'mul' 'mul_ln43_16' <Predicate = true> <Delay = 2.34> <CoreInst = "Multiplier">   --->   Core 3 'Multiplier' <Latency = 0> <II = 1> <Delay = 2.34> <FuncUnit> <Opcode : 'mul'> <InPorts = 2> <OutPorts = 1>
ST_1 : Operation 37 [1/1] (2.34ns)   --->   "%mul_ln43_17 = mul i4 %a_1_2_read, i4 %b_2_2_read" [matrixcalc.cpp:43->matrixcalc.cpp:86]   --->   Operation 37 'mul' 'mul_ln43_17' <Predicate = true> <Delay = 2.34> <CoreInst = "Multiplier">   --->   Core 3 'Multiplier' <Latency = 0> <II = 1> <Delay = 2.34> <FuncUnit> <Opcode : 'mul'> <InPorts = 2> <OutPorts = 1>
ST_1 : Operation 38 [1/1] (0.00ns)   --->   "%a_2_0_read = read i4 @_ssdm_op_Read.ap_auto.i4P0A, i4 %a_2_0" [matrixcalc.cpp:43->matrixcalc.cpp:86]   --->   Operation 38 'read' 'a_2_0_read' <Predicate = true> <Delay = 0.00>
ST_1 : Operation 39 [1/1] (2.34ns)   --->   "%mul_ln43_18 = mul i4 %a_2_0_read, i4 %b_0_0_read" [matrixcalc.cpp:43->matrixcalc.cpp:86]   --->   Operation 39 'mul' 'mul_ln43_18' <Predicate = true> <Delay = 2.34> <CoreInst = "Multiplier">   --->   Core 3 'Multiplier' <Latency = 0> <II = 1> <Delay = 2.34> <FuncUnit> <Opcode : 'mul'> <InPorts = 2> <OutPorts = 1>
ST_1 : Operation 40 [1/1] (0.00ns)   --->   "%a_2_1_read = read i4 @_ssdm_op_Read.ap_auto.i4P0A, i4 %a_2_1" [matrixcalc.cpp:43->matrixcalc.cpp:86]   --->   Operation 40 'read' 'a_2_1_read' <Predicate = true> <Delay = 0.00>
ST_1 : Operation 41 [1/1] (2.34ns)   --->   "%mul_ln43_19 = mul i4 %a_2_1_read, i4 %b_1_0_read" [matrixcalc.cpp:43->matrixcalc.cpp:86]   --->   Operation 41 'mul' 'mul_ln43_19' <Predicate = true> <Delay = 2.34> <CoreInst = "Multiplier">   --->   Core 3 'Multiplier' <Latency = 0> <II = 1> <Delay = 2.34> <FuncUnit> <Opcode : 'mul'> <InPorts = 2> <OutPorts = 1>
ST_1 : Operation 42 [1/1] (0.00ns)   --->   "%a_2_2_read = read i4 @_ssdm_op_Read.ap_auto.i4P0A, i4 %a_2_2" [matrixcalc.cpp:43->matrixcalc.cpp:86]   --->   Operation 42 'read' 'a_2_2_read' <Predicate = true> <Delay = 0.00>
ST_1 : Operation 43 [1/1] (2.34ns)   --->   "%mul_ln43_20 = mul i4 %a_2_2_read, i4 %b_2_0_read" [matrixcalc.cpp:43->matrixcalc.cpp:86]   --->   Operation 43 'mul' 'mul_ln43_20' <Predicate = true> <Delay = 2.34> <CoreInst = "Multiplier">   --->   Core 3 'Multiplier' <Latency = 0> <II = 1> <Delay = 2.34> <FuncUnit> <Opcode : 'mul'> <InPorts = 2> <OutPorts = 1>
ST_1 : Operation 44 [1/1] (2.34ns)   --->   "%mul_ln43_21 = mul i4 %a_2_0_read, i4 %b_0_1_read" [matrixcalc.cpp:43->matrixcalc.cpp:86]   --->   Operation 44 'mul' 'mul_ln43_21' <Predicate = true> <Delay = 2.34> <CoreInst = "Multiplier">   --->   Core 3 'Multiplier' <Latency = 0> <II = 1> <Delay = 2.34> <FuncUnit> <Opcode : 'mul'> <InPorts = 2> <OutPorts = 1>
ST_1 : Operation 45 [1/1] (2.34ns)   --->   "%mul_ln43_22 = mul i4 %a_2_1_read, i4 %b_1_1_read" [matrixcalc.cpp:43->matrixcalc.cpp:86]   --->   Operation 45 'mul' 'mul_ln43_22' <Predicate = true> <Delay = 2.34> <CoreInst = "Multiplier">   --->   Core 3 'Multiplier' <Latency = 0> <II = 1> <Delay = 2.34> <FuncUnit> <Opcode : 'mul'> <InPorts = 2> <OutPorts = 1>
ST_1 : Operation 46 [1/1] (2.34ns)   --->   "%mul_ln43_23 = mul i4 %a_2_2_read, i4 %b_2_1_read" [matrixcalc.cpp:43->matrixcalc.cpp:86]   --->   Operation 46 'mul' 'mul_ln43_23' <Predicate = true> <Delay = 2.34> <CoreInst = "Multiplier">   --->   Core 3 'Multiplier' <Latency = 0> <II = 1> <Delay = 2.34> <FuncUnit> <Opcode : 'mul'> <InPorts = 2> <OutPorts = 1>
ST_1 : Operation 47 [1/1] (2.34ns)   --->   "%mul_ln43_24 = mul i4 %a_2_0_read, i4 %b_0_2_read" [matrixcalc.cpp:43->matrixcalc.cpp:86]   --->   Operation 47 'mul' 'mul_ln43_24' <Predicate = true> <Delay = 2.34> <CoreInst = "Multiplier">   --->   Core 3 'Multiplier' <Latency = 0> <II = 1> <Delay = 2.34> <FuncUnit> <Opcode : 'mul'> <InPorts = 2> <OutPorts = 1>
ST_1 : Operation 48 [1/1] (2.34ns)   --->   "%mul_ln43_25 = mul i4 %a_2_1_read, i4 %b_1_2_read" [matrixcalc.cpp:43->matrixcalc.cpp:86]   --->   Operation 48 'mul' 'mul_ln43_25' <Predicate = true> <Delay = 2.34> <CoreInst = "Multiplier">   --->   Core 3 'Multiplier' <Latency = 0> <II = 1> <Delay = 2.34> <FuncUnit> <Opcode : 'mul'> <InPorts = 2> <OutPorts = 1>
ST_1 : Operation 49 [1/1] (2.34ns)   --->   "%mul_ln43_26 = mul i4 %a_2_2_read, i4 %b_2_2_read" [matrixcalc.cpp:43->matrixcalc.cpp:86]   --->   Operation 49 'mul' 'mul_ln43_26' <Predicate = true> <Delay = 2.34> <CoreInst = "Multiplier">   --->   Core 3 'Multiplier' <Latency = 0> <II = 1> <Delay = 2.34> <FuncUnit> <Opcode : 'mul'> <InPorts = 2> <OutPorts = 1>
ST_1 : Operation 50 [1/1] (0.00ns)   --->   "%c_0_0_read = read i4 @_ssdm_op_Read.ap_auto.i4P0A, i4 %c_0_0" [matrixcalc.cpp:59->matrixcalc.cpp:87]   --->   Operation 50 'read' 'c_0_0_read' <Predicate = true> <Delay = 0.00>
ST_1 : Operation 51 [1/1] (1.73ns)   --->   "%add_ln59_1 = add i4 %mul_ln43_2, i4 %mul_ln43_1" [matrixcalc.cpp:59->matrixcalc.cpp:87]   --->   Operation 51 'add' 'add_ln59_1' <Predicate = true> <Delay = 1.73> <CoreInst = "Adder">   --->   Core 1 'Adder' <Latency = 0> <II = 1> <Delay = 1.73> <FuncUnit> <Opcode : 'add' 'sub'> <InPorts = 2> <OutPorts = 1>
ST_1 : Operation 52 [1/1] (0.00ns)   --->   "%c_0_1_read = read i4 @_ssdm_op_Read.ap_auto.i4P0A, i4 %c_0_1" [matrixcalc.cpp:59->matrixcalc.cpp:87]   --->   Operation 52 'read' 'c_0_1_read' <Predicate = true> <Delay = 0.00>
ST_1 : Operation 53 [1/1] (1.73ns)   --->   "%add_ln59_7 = add i4 %mul_ln43_5, i4 %mul_ln43_4" [matrixcalc.cpp:59->matrixcalc.cpp:87]   --->   Operation 53 'add' 'add_ln59_7' <Predicate = true> <Delay = 1.73> <CoreInst = "Adder">   --->   Core 1 'Adder' <Latency = 0> <II = 1> <Delay = 1.73> <FuncUnit> <Opcode : 'add' 'sub'> <InPorts = 2> <OutPorts = 1>
ST_1 : Operation 54 [1/1] (0.00ns)   --->   "%c_0_2_read = read i4 @_ssdm_op_Read.ap_auto.i4P0A, i4 %c_0_2" [matrixcalc.cpp:59->matrixcalc.cpp:87]   --->   Operation 54 'read' 'c_0_2_read' <Predicate = true> <Delay = 0.00>
ST_1 : Operation 55 [1/1] (1.73ns)   --->   "%add_ln59_10 = add i4 %mul_ln43_8, i4 %mul_ln43_7" [matrixcalc.cpp:59->matrixcalc.cpp:87]   --->   Operation 55 'add' 'add_ln59_10' <Predicate = true> <Delay = 1.73> <CoreInst = "Adder">   --->   Core 1 'Adder' <Latency = 0> <II = 1> <Delay = 1.73> <FuncUnit> <Opcode : 'add' 'sub'> <InPorts = 2> <OutPorts = 1>
ST_1 : Operation 56 [1/1] (0.00ns)   --->   "%c_1_0_read = read i4 @_ssdm_op_Read.ap_auto.i4P0A, i4 %c_1_0" [matrixcalc.cpp:59->matrixcalc.cpp:87]   --->   Operation 56 'read' 'c_1_0_read' <Predicate = true> <Delay = 0.00>
ST_1 : Operation 57 [1/1] (1.73ns)   --->   "%add_ln59_13 = add i4 %mul_ln43_11, i4 %mul_ln43_10" [matrixcalc.cpp:59->matrixcalc.cpp:87]   --->   Operation 57 'add' 'add_ln59_13' <Predicate = true> <Delay = 1.73> <CoreInst = "Adder">   --->   Core 1 'Adder' <Latency = 0> <II = 1> <Delay = 1.73> <FuncUnit> <Opcode : 'add' 'sub'> <InPorts = 2> <OutPorts = 1>
ST_1 : Operation 58 [1/1] (0.00ns)   --->   "%c_1_1_read = read i4 @_ssdm_op_Read.ap_auto.i4P0A, i4 %c_1_1" [matrixcalc.cpp:59->matrixcalc.cpp:87]   --->   Operation 58 'read' 'c_1_1_read' <Predicate = true> <Delay = 0.00>
ST_1 : Operation 59 [1/1] (1.73ns)   --->   "%add_ln59_15 = add i4 %mul_ln43_14, i4 %mul_ln43_13" [matrixcalc.cpp:59->matrixcalc.cpp:87]   --->   Operation 59 'add' 'add_ln59_15' <Predicate = true> <Delay = 1.73> <CoreInst = "Adder">   --->   Core 1 'Adder' <Latency = 0> <II = 1> <Delay = 1.73> <FuncUnit> <Opcode : 'add' 'sub'> <InPorts = 2> <OutPorts = 1>
ST_1 : Operation 60 [1/1] (0.00ns)   --->   "%c_1_2_read = read i4 @_ssdm_op_Read.ap_auto.i4P0A, i4 %c_1_2" [matrixcalc.cpp:59->matrixcalc.cpp:87]   --->   Operation 60 'read' 'c_1_2_read' <Predicate = true> <Delay = 0.00>
ST_1 : Operation 61 [1/1] (1.73ns)   --->   "%add_ln59_17 = add i4 %mul_ln43_17, i4 %mul_ln43_16" [matrixcalc.cpp:59->matrixcalc.cpp:87]   --->   Operation 61 'add' 'add_ln59_17' <Predicate = true> <Delay = 1.73> <CoreInst = "Adder">   --->   Core 1 'Adder' <Latency = 0> <II = 1> <Delay = 1.73> <FuncUnit> <Opcode : 'add' 'sub'> <InPorts = 2> <OutPorts = 1>
ST_1 : Operation 62 [1/1] (0.00ns)   --->   "%c_2_0_read = read i4 @_ssdm_op_Read.ap_auto.i4P0A, i4 %c_2_0" [matrixcalc.cpp:59->matrixcalc.cpp:87]   --->   Operation 62 'read' 'c_2_0_read' <Predicate = true> <Delay = 0.00>
ST_1 : Operation 63 [1/1] (1.73ns)   --->   "%add_ln59_19 = add i4 %mul_ln43_18, i4 %mul_ln43_20" [matrixcalc.cpp:59->matrixcalc.cpp:87]   --->   Operation 63 'add' 'add_ln59_19' <Predicate = true> <Delay = 1.73> <CoreInst = "Adder">   --->   Core 1 'Adder' <Latency = 0> <II = 1> <Delay = 1.73> <FuncUnit> <Opcode : 'add' 'sub'> <InPorts = 2> <OutPorts = 1>
ST_1 : Operation 64 [1/1] (0.00ns)   --->   "%c_2_1_read = read i4 @_ssdm_op_Read.ap_auto.i4P0A, i4 %c_2_1" [matrixcalc.cpp:59->matrixcalc.cpp:87]   --->   Operation 64 'read' 'c_2_1_read' <Predicate = true> <Delay = 0.00>
ST_1 : Operation 65 [1/1] (1.73ns)   --->   "%add_ln59_22 = add i4 %mul_ln43_21, i4 %mul_ln43_23" [matrixcalc.cpp:59->matrixcalc.cpp:87]   --->   Operation 65 'add' 'add_ln59_22' <Predicate = true> <Delay = 1.73> <CoreInst = "Adder">   --->   Core 1 'Adder' <Latency = 0> <II = 1> <Delay = 1.73> <FuncUnit> <Opcode : 'add' 'sub'> <InPorts = 2> <OutPorts = 1>
ST_1 : Operation 66 [1/1] (0.00ns)   --->   "%c_2_2_read = read i4 @_ssdm_op_Read.ap_auto.i4P0A, i4 %c_2_2" [matrixcalc.cpp:59->matrixcalc.cpp:87]   --->   Operation 66 'read' 'c_2_2_read' <Predicate = true> <Delay = 0.00>
ST_1 : Operation 67 [1/1] (1.73ns)   --->   "%add_ln59_25 = add i4 %mul_ln43_26, i4 %mul_ln43_25" [matrixcalc.cpp:59->matrixcalc.cpp:87]   --->   Operation 67 'add' 'add_ln59_25' <Predicate = true> <Delay = 1.73> <CoreInst = "Adder">   --->   Core 1 'Adder' <Latency = 0> <II = 1> <Delay = 1.73> <FuncUnit> <Opcode : 'add' 'sub'> <InPorts = 2> <OutPorts = 1>

State 2 <SV = 1> <Delay = 5.65>
ST_2 : Operation 68 [1/1] (0.00ns) (grouped into TernaryAdder)   --->   "%add_ln59 = add i4 %c_0_0_read, i4 %mul_ln43" [matrixcalc.cpp:59->matrixcalc.cpp:87]   --->   Operation 68 'add' 'add_ln59' <Predicate = true> <Delay = 0.00> <CoreInst = "TAddSub">   --->   Core 10 'TAddSub' <Latency = 0> <II = 1> <Delay = 1.65> <IPBlock> <Opcode : '<invalid operator> ' 'add' 'sub'> <InPorts = 3> <OutPorts = 1> <Sync> <CReg>
ST_2 : Operation 69 [1/1] (3.31ns) (root node of TernaryAdder)   --->   "%product1 = add i4 %add_ln59_1, i4 %add_ln59" [matrixcalc.cpp:59->matrixcalc.cpp:87]   --->   Operation 69 'add' 'product1' <Predicate = true> <Delay = 3.31> <CoreInst = "TAddSub">   --->   Core 10 'TAddSub' <Latency = 0> <II = 1> <Delay = 1.65> <IPBlock> <Opcode : '<invalid operator> ' 'add' 'sub'> <InPorts = 3> <OutPorts = 1> <Sync> <CReg>
ST_2 : Operation 70 [1/1] (0.00ns) (grouped into TernaryAdder)   --->   "%add_ln59_6 = add i4 %c_0_1_read, i4 %mul_ln43_3" [matrixcalc.cpp:59->matrixcalc.cpp:87]   --->   Operation 70 'add' 'add_ln59_6' <Predicate = true> <Delay = 0.00> <CoreInst = "TAddSub">   --->   Core 10 'TAddSub' <Latency = 0> <II = 1> <Delay = 1.65> <IPBlock> <Opcode : '<invalid operator> ' 'add' 'sub'> <InPorts = 3> <OutPorts = 1> <Sync> <CReg>
ST_2 : Operation 71 [1/1] (3.31ns) (root node of TernaryAdder)   --->   "%product1_2 = add i4 %add_ln59_7, i4 %add_ln59_6" [matrixcalc.cpp:59->matrixcalc.cpp:87]   --->   Operation 71 'add' 'product1_2' <Predicate = true> <Delay = 3.31> <CoreInst = "TAddSub">   --->   Core 10 'TAddSub' <Latency = 0> <II = 1> <Delay = 1.65> <IPBlock> <Opcode : '<invalid operator> ' 'add' 'sub'> <InPorts = 3> <OutPorts = 1> <Sync> <CReg>
ST_2 : Operation 72 [1/1] (0.00ns) (grouped into TernaryAdder)   --->   "%add_ln59_9 = add i4 %c_0_2_read, i4 %mul_ln43_6" [matrixcalc.cpp:59->matrixcalc.cpp:87]   --->   Operation 72 'add' 'add_ln59_9' <Predicate = true> <Delay = 0.00> <CoreInst = "TAddSub">   --->   Core 10 'TAddSub' <Latency = 0> <II = 1> <Delay = 1.65> <IPBlock> <Opcode : '<invalid operator> ' 'add' 'sub'> <InPorts = 3> <OutPorts = 1> <Sync> <CReg>
ST_2 : Operation 73 [1/1] (3.31ns) (root node of TernaryAdder)   --->   "%product1_4 = add i4 %add_ln59_10, i4 %add_ln59_9" [matrixcalc.cpp:59->matrixcalc.cpp:87]   --->   Operation 73 'add' 'product1_4' <Predicate = true> <Delay = 3.31> <CoreInst = "TAddSub">   --->   Core 10 'TAddSub' <Latency = 0> <II = 1> <Delay = 1.65> <IPBlock> <Opcode : '<invalid operator> ' 'add' 'sub'> <InPorts = 3> <OutPorts = 1> <Sync> <CReg>
ST_2 : Operation 74 [1/1] (0.00ns) (grouped into TernaryAdder)   --->   "%add_ln59_12 = add i4 %c_1_0_read, i4 %mul_ln43_9" [matrixcalc.cpp:59->matrixcalc.cpp:87]   --->   Operation 74 'add' 'add_ln59_12' <Predicate = true> <Delay = 0.00> <CoreInst = "TAddSub">   --->   Core 10 'TAddSub' <Latency = 0> <II = 1> <Delay = 1.65> <IPBlock> <Opcode : '<invalid operator> ' 'add' 'sub'> <InPorts = 3> <OutPorts = 1> <Sync> <CReg>
ST_2 : Operation 75 [1/1] (3.31ns) (root node of TernaryAdder)   --->   "%add_ln59_3 = add i4 %add_ln59_13, i4 %add_ln59_12" [matrixcalc.cpp:59->matrixcalc.cpp:87]   --->   Operation 75 'add' 'add_ln59_3' <Predicate = true> <Delay = 3.31> <CoreInst = "TAddSub">   --->   Core 10 'TAddSub' <Latency = 0> <II = 1> <Delay = 1.65> <IPBlock> <Opcode : '<invalid operator> ' 'add' 'sub'> <InPorts = 3> <OutPorts = 1> <Sync> <CReg>
ST_2 : Operation 76 [1/1] (0.00ns) (grouped into TernaryAdder)   --->   "%add_ln59_14 = add i4 %c_1_1_read, i4 %mul_ln43_12" [matrixcalc.cpp:59->matrixcalc.cpp:87]   --->   Operation 76 'add' 'add_ln59_14' <Predicate = true> <Delay = 0.00> <CoreInst = "TAddSub">   --->   Core 10 'TAddSub' <Latency = 0> <II = 1> <Delay = 1.65> <IPBlock> <Opcode : '<invalid operator> ' 'add' 'sub'> <InPorts = 3> <OutPorts = 1> <Sync> <CReg>
ST_2 : Operation 77 [1/1] (3.31ns) (root node of TernaryAdder)   --->   "%add_ln59_4 = add i4 %add_ln59_15, i4 %add_ln59_14" [matrixcalc.cpp:59->matrixcalc.cpp:87]   --->   Operation 77 'add' 'add_ln59_4' <Predicate = true> <Delay = 3.31> <CoreInst = "TAddSub">   --->   Core 10 'TAddSub' <Latency = 0> <II = 1> <Delay = 1.65> <IPBlock> <Opcode : '<invalid operator> ' 'add' 'sub'> <InPorts = 3> <OutPorts = 1> <Sync> <CReg>
ST_2 : Operation 78 [1/1] (0.00ns) (grouped into TernaryAdder)   --->   "%add_ln59_16 = add i4 %c_1_2_read, i4 %mul_ln43_15" [matrixcalc.cpp:59->matrixcalc.cpp:87]   --->   Operation 78 'add' 'add_ln59_16' <Predicate = true> <Delay = 0.00> <CoreInst = "TAddSub">   --->   Core 10 'TAddSub' <Latency = 0> <II = 1> <Delay = 1.65> <IPBlock> <Opcode : '<invalid operator> ' 'add' 'sub'> <InPorts = 3> <OutPorts = 1> <Sync> <CReg>
ST_2 : Operation 79 [1/1] (3.31ns) (root node of TernaryAdder)   --->   "%add_ln59_5 = add i4 %add_ln59_17, i4 %add_ln59_16" [matrixcalc.cpp:59->matrixcalc.cpp:87]   --->   Operation 79 'add' 'add_ln59_5' <Predicate = true> <Delay = 3.31> <CoreInst = "TAddSub">   --->   Core 10 'TAddSub' <Latency = 0> <II = 1> <Delay = 1.65> <IPBlock> <Opcode : '<invalid operator> ' 'add' 'sub'> <InPorts = 3> <OutPorts = 1> <Sync> <CReg>
ST_2 : Operation 80 [1/1] (0.00ns) (grouped into TernaryAdder)   --->   "%add_ln59_18 = add i4 %c_2_0_read, i4 %mul_ln43_19" [matrixcalc.cpp:59->matrixcalc.cpp:87]   --->   Operation 80 'add' 'add_ln59_18' <Predicate = true> <Delay = 0.00> <CoreInst = "TAddSub">   --->   Core 10 'TAddSub' <Latency = 0> <II = 1> <Delay = 1.65> <IPBlock> <Opcode : '<invalid operator> ' 'add' 'sub'> <InPorts = 3> <OutPorts = 1> <Sync> <CReg>
ST_2 : Operation 81 [1/1] (3.31ns) (root node of TernaryAdder)   --->   "%product2 = add i4 %add_ln59_19, i4 %add_ln59_18" [matrixcalc.cpp:59->matrixcalc.cpp:87]   --->   Operation 81 'add' 'product2' <Predicate = true> <Delay = 3.31> <CoreInst = "TAddSub">   --->   Core 10 'TAddSub' <Latency = 0> <II = 1> <Delay = 1.65> <IPBlock> <Opcode : '<invalid operator> ' 'add' 'sub'> <InPorts = 3> <OutPorts = 1> <Sync> <CReg>
ST_2 : Operation 82 [1/1] (0.00ns) (grouped into TernaryAdder)   --->   "%add_ln59_21 = add i4 %c_2_1_read, i4 %mul_ln43_22" [matrixcalc.cpp:59->matrixcalc.cpp:87]   --->   Operation 82 'add' 'add_ln59_21' <Predicate = true> <Delay = 0.00> <CoreInst = "TAddSub">   --->   Core 10 'TAddSub' <Latency = 0> <II = 1> <Delay = 1.65> <IPBlock> <Opcode : '<invalid operator> ' 'add' 'sub'> <InPorts = 3> <OutPorts = 1> <Sync> <CReg>
ST_2 : Operation 83 [1/1] (3.31ns) (root node of TernaryAdder)   --->   "%product2_2 = add i4 %add_ln59_22, i4 %add_ln59_21" [matrixcalc.cpp:59->matrixcalc.cpp:87]   --->   Operation 83 'add' 'product2_2' <Predicate = true> <Delay = 3.31> <CoreInst = "TAddSub">   --->   Core 10 'TAddSub' <Latency = 0> <II = 1> <Delay = 1.65> <IPBlock> <Opcode : '<invalid operator> ' 'add' 'sub'> <InPorts = 3> <OutPorts = 1> <Sync> <CReg>
ST_2 : Operation 84 [1/1] (0.00ns) (grouped into TernaryAdder)   --->   "%add_ln59_24 = add i4 %c_2_2_read, i4 %mul_ln43_24" [matrixcalc.cpp:59->matrixcalc.cpp:87]   --->   Operation 84 'add' 'add_ln59_24' <Predicate = true> <Delay = 0.00> <CoreInst = "TAddSub">   --->   Core 10 'TAddSub' <Latency = 0> <II = 1> <Delay = 1.65> <IPBlock> <Opcode : '<invalid operator> ' 'add' 'sub'> <InPorts = 3> <OutPorts = 1> <Sync> <CReg>
ST_2 : Operation 85 [1/1] (3.31ns) (root node of TernaryAdder)   --->   "%product2_4 = add i4 %add_ln59_25, i4 %add_ln59_24" [matrixcalc.cpp:59->matrixcalc.cpp:87]   --->   Operation 85 'add' 'product2_4' <Predicate = true> <Delay = 3.31> <CoreInst = "TAddSub">   --->   Core 10 'TAddSub' <Latency = 0> <II = 1> <Delay = 1.65> <IPBlock> <Opcode : '<invalid operator> ' 'add' 'sub'> <InPorts = 3> <OutPorts = 1> <Sync> <CReg>
ST_2 : Operation 86 [1/1] (2.34ns)   --->   "%mul_ln20 = mul i4 %product1, i4 %product2_4" [matrixcalc.cpp:20->matrixcalc.cpp:88]   --->   Operation 86 'mul' 'mul_ln20' <Predicate = true> <Delay = 2.34> <CoreInst = "Multiplier">   --->   Core 3 'Multiplier' <Latency = 0> <II = 1> <Delay = 2.34> <FuncUnit> <Opcode : 'mul'> <InPorts = 2> <OutPorts = 1>
ST_2 : Operation 87 [1/1] (2.34ns)   --->   "%product2_6 = mul i4 %add_ln59_4, i4 %product1_4" [matrixcalc.cpp:21->matrixcalc.cpp:88]   --->   Operation 87 'mul' 'product2_6' <Predicate = true> <Delay = 2.34> <CoreInst = "Multiplier">   --->   Core 3 'Multiplier' <Latency = 0> <II = 1> <Delay = 2.34> <FuncUnit> <Opcode : 'mul'> <InPorts = 2> <OutPorts = 1>
ST_2 : Operation 88 [1/1] (2.34ns)   --->   "%product1_7 = mul i4 %add_ln59_5, i4 %product1_2" [matrixcalc.cpp:20->matrixcalc.cpp:88]   --->   Operation 88 'mul' 'product1_7' <Predicate = true> <Delay = 2.34> <CoreInst = "Multiplier">   --->   Core 3 'Multiplier' <Latency = 0> <II = 1> <Delay = 2.34> <FuncUnit> <Opcode : 'mul'> <InPorts = 2> <OutPorts = 1>
ST_2 : Operation 89 [1/1] (2.34ns)   --->   "%product2_7 = mul i4 %add_ln59_5, i4 %product1" [matrixcalc.cpp:21->matrixcalc.cpp:88]   --->   Operation 89 'mul' 'product2_7' <Predicate = true> <Delay = 2.34> <CoreInst = "Multiplier">   --->   Core 3 'Multiplier' <Latency = 0> <II = 1> <Delay = 2.34> <FuncUnit> <Opcode : 'mul'> <InPorts = 2> <OutPorts = 1>
ST_2 : Operation 90 [1/1] (2.34ns)   --->   "%product1_8 = mul i4 %add_ln59_3, i4 %product1_4" [matrixcalc.cpp:20->matrixcalc.cpp:88]   --->   Operation 90 'mul' 'product1_8' <Predicate = true> <Delay = 2.34> <CoreInst = "Multiplier">   --->   Core 3 'Multiplier' <Latency = 0> <II = 1> <Delay = 2.34> <FuncUnit> <Opcode : 'mul'> <InPorts = 2> <OutPorts = 1>
ST_2 : Operation 91 [1/1] (2.34ns)   --->   "%mul_ln21_2 = mul i4 %product1_2, i4 %product2_4" [matrixcalc.cpp:21->matrixcalc.cpp:88]   --->   Operation 91 'mul' 'mul_ln21_2' <Predicate = true> <Delay = 2.34> <CoreInst = "Multiplier">   --->   Core 3 'Multiplier' <Latency = 0> <II = 1> <Delay = 2.34> <FuncUnit> <Opcode : 'mul'> <InPorts = 2> <OutPorts = 1>

State 3 <SV = 2> <Delay = 5.81>
ST_3 : Operation 92 [1/1] (2.34ns)   --->   "%product1_6 = mul i4 %mul_ln20, i4 %add_ln59_4" [matrixcalc.cpp:20->matrixcalc.cpp:88]   --->   Operation 92 'mul' 'product1_6' <Predicate = true> <Delay = 2.34> <CoreInst = "Multiplier">   --->   Core 3 'Multiplier' <Latency = 0> <II = 1> <Delay = 2.34> <FuncUnit> <Opcode : 'mul'> <InPorts = 2> <OutPorts = 1>
ST_3 : Operation 93 [1/1] (2.34ns)   --->   "%product2_5 = mul i4 %mul_ln21_2, i4 %add_ln59_3" [matrixcalc.cpp:21->matrixcalc.cpp:88]   --->   Operation 93 'mul' 'product2_5' <Predicate = true> <Delay = 2.34> <CoreInst = "Multiplier">   --->   Core 3 'Multiplier' <Latency = 0> <II = 1> <Delay = 2.34> <FuncUnit> <Opcode : 'mul'> <InPorts = 2> <OutPorts = 1>
ST_3 : Operation 94 [1/1] (1.73ns)   --->   "%sub_ln23 = sub i4 %product1_7, i4 %product2_6" [matrixcalc.cpp:23->matrixcalc.cpp:88]   --->   Operation 94 'sub' 'sub_ln23' <Predicate = true> <Delay = 1.73> <CoreInst = "Adder">   --->   Core 1 'Adder' <Latency = 0> <II = 1> <Delay = 1.73> <FuncUnit> <Opcode : 'add' 'sub'> <InPorts = 2> <OutPorts = 1>
ST_3 : Operation 95 [1/1] (2.34ns)   --->   "%sumpos = mul i4 %sub_ln23, i4 %product2" [matrixcalc.cpp:23->matrixcalc.cpp:88]   --->   Operation 95 'mul' 'sumpos' <Predicate = true> <Delay = 2.34> <CoreInst = "Multiplier">   --->   Core 3 'Multiplier' <Latency = 0> <II = 1> <Delay = 2.34> <FuncUnit> <Opcode : 'mul'> <InPorts = 2> <OutPorts = 1>
ST_3 : Operation 96 [1/1] (1.73ns)   --->   "%sub_ln23_1 = sub i4 %product1_8, i4 %product2_7" [matrixcalc.cpp:23->matrixcalc.cpp:88]   --->   Operation 96 'sub' 'sub_ln23_1' <Predicate = true> <Delay = 1.73> <CoreInst = "Adder">   --->   Core 1 'Adder' <Latency = 0> <II = 1> <Delay = 1.73> <FuncUnit> <Opcode : 'add' 'sub'> <InPorts = 2> <OutPorts = 1>
ST_3 : Operation 97 [1/1] (2.34ns)   --->   "%sumpos_3 = mul i4 %sub_ln23_1, i4 %product2_2" [matrixcalc.cpp:23->matrixcalc.cpp:88]   --->   Operation 97 'mul' 'sumpos_3' <Predicate = true> <Delay = 2.34> <CoreInst = "Multiplier">   --->   Core 3 'Multiplier' <Latency = 0> <II = 1> <Delay = 2.34> <FuncUnit> <Opcode : 'mul'> <InPorts = 2> <OutPorts = 1>
ST_3 : Operation 98 [1/1] (1.73ns)   --->   "%add_ln24 = add i4 %sumpos, i4 %product1_6" [matrixcalc.cpp:24->matrixcalc.cpp:88]   --->   Operation 98 'add' 'add_ln24' <Predicate = true> <Delay = 1.73> <CoreInst = "Adder">   --->   Core 1 'Adder' <Latency = 0> <II = 1> <Delay = 1.73> <FuncUnit> <Opcode : 'add' 'sub'> <InPorts = 2> <OutPorts = 1>

State 4 <SV = 3> <Delay = 3.31>
ST_4 : Operation 99 [1/1] (0.00ns)   --->   "%specbitsmap_ln0 = specbitsmap void @_ssdm_op_SpecBitsMap, i32 0"   --->   Operation 99 'specbitsmap' 'specbitsmap_ln0' <Predicate = true> <Delay = 0.00>
ST_4 : Operation 100 [1/1] (0.00ns)   --->   "%specpipeline_ln84 = specpipeline void @_ssdm_op_SpecPipeline, i32 1, i32 0, i32 0, i32 0, void @empty_0" [matrixcalc.cpp:84]   --->   Operation 100 'specpipeline' 'specpipeline_ln84' <Predicate = true> <Delay = 0.00>
ST_4 : Operation 101 [1/1] (0.00ns)   --->   "%spectopmodule_ln64 = spectopmodule void @_ssdm_op_SpecTopModule, void @empty_1" [matrixcalc.cpp:64]   --->   Operation 101 'spectopmodule' 'spectopmodule_ln64' <Predicate = true> <Delay = 0.00>
ST_4 : Operation 102 [1/1] (0.00ns)   --->   "%specbitsmap_ln0 = specbitsmap void @_ssdm_op_SpecBitsMap, i4 %a_0_0"   --->   Operation 102 'specbitsmap' 'specbitsmap_ln0' <Predicate = true> <Delay = 0.00>
ST_4 : Operation 103 [1/1] (0.00ns)   --->   "%specinterface_ln0 = specinterface void @_ssdm_op_SpecInterface, i4 %a_0_0, void @empty, i32 0, i32 0, void @empty_0, i32 0, i32 0, void @empty_0, void @empty_0, void @empty_0, i32 0, i32 0, i32 0, i32 0, void @empty_0, void @empty_0, i32 4294967295, i32 0"   --->   Operation 103 'specinterface' 'specinterface_ln0' <Predicate = true> <Delay = 0.00>
ST_4 : Operation 104 [1/1] (0.00ns)   --->   "%specbitsmap_ln0 = specbitsmap void @_ssdm_op_SpecBitsMap, i4 %a_0_1"   --->   Operation 104 'specbitsmap' 'specbitsmap_ln0' <Predicate = true> <Delay = 0.00>
ST_4 : Operation 105 [1/1] (0.00ns)   --->   "%specinterface_ln0 = specinterface void @_ssdm_op_SpecInterface, i4 %a_0_1, void @empty, i32 0, i32 0, void @empty_0, i32 0, i32 0, void @empty_0, void @empty_0, void @empty_0, i32 0, i32 0, i32 0, i32 0, void @empty_0, void @empty_0, i32 4294967295, i32 0"   --->   Operation 105 'specinterface' 'specinterface_ln0' <Predicate = true> <Delay = 0.00>
ST_4 : Operation 106 [1/1] (0.00ns)   --->   "%specbitsmap_ln0 = specbitsmap void @_ssdm_op_SpecBitsMap, i4 %a_0_2"   --->   Operation 106 'specbitsmap' 'specbitsmap_ln0' <Predicate = true> <Delay = 0.00>
ST_4 : Operation 107 [1/1] (0.00ns)   --->   "%specinterface_ln0 = specinterface void @_ssdm_op_SpecInterface, i4 %a_0_2, void @empty, i32 0, i32 0, void @empty_0, i32 0, i32 0, void @empty_0, void @empty_0, void @empty_0, i32 0, i32 0, i32 0, i32 0, void @empty_0, void @empty_0, i32 4294967295, i32 0"   --->   Operation 107 'specinterface' 'specinterface_ln0' <Predicate = true> <Delay = 0.00>
ST_4 : Operation 108 [1/1] (0.00ns)   --->   "%specbitsmap_ln0 = specbitsmap void @_ssdm_op_SpecBitsMap, i4 %a_1_0"   --->   Operation 108 'specbitsmap' 'specbitsmap_ln0' <Predicate = true> <Delay = 0.00>
ST_4 : Operation 109 [1/1] (0.00ns)   --->   "%specinterface_ln0 = specinterface void @_ssdm_op_SpecInterface, i4 %a_1_0, void @empty, i32 0, i32 0, void @empty_0, i32 0, i32 0, void @empty_0, void @empty_0, void @empty_0, i32 0, i32 0, i32 0, i32 0, void @empty_0, void @empty_0, i32 4294967295, i32 0"   --->   Operation 109 'specinterface' 'specinterface_ln0' <Predicate = true> <Delay = 0.00>
ST_4 : Operation 110 [1/1] (0.00ns)   --->   "%specbitsmap_ln0 = specbitsmap void @_ssdm_op_SpecBitsMap, i4 %a_1_1"   --->   Operation 110 'specbitsmap' 'specbitsmap_ln0' <Predicate = true> <Delay = 0.00>
ST_4 : Operation 111 [1/1] (0.00ns)   --->   "%specinterface_ln0 = specinterface void @_ssdm_op_SpecInterface, i4 %a_1_1, void @empty, i32 0, i32 0, void @empty_0, i32 0, i32 0, void @empty_0, void @empty_0, void @empty_0, i32 0, i32 0, i32 0, i32 0, void @empty_0, void @empty_0, i32 4294967295, i32 0"   --->   Operation 111 'specinterface' 'specinterface_ln0' <Predicate = true> <Delay = 0.00>
ST_4 : Operation 112 [1/1] (0.00ns)   --->   "%specbitsmap_ln0 = specbitsmap void @_ssdm_op_SpecBitsMap, i4 %a_1_2"   --->   Operation 112 'specbitsmap' 'specbitsmap_ln0' <Predicate = true> <Delay = 0.00>
ST_4 : Operation 113 [1/1] (0.00ns)   --->   "%specinterface_ln0 = specinterface void @_ssdm_op_SpecInterface, i4 %a_1_2, void @empty, i32 0, i32 0, void @empty_0, i32 0, i32 0, void @empty_0, void @empty_0, void @empty_0, i32 0, i32 0, i32 0, i32 0, void @empty_0, void @empty_0, i32 4294967295, i32 0"   --->   Operation 113 'specinterface' 'specinterface_ln0' <Predicate = true> <Delay = 0.00>
ST_4 : Operation 114 [1/1] (0.00ns)   --->   "%specbitsmap_ln0 = specbitsmap void @_ssdm_op_SpecBitsMap, i4 %a_2_0"   --->   Operation 114 'specbitsmap' 'specbitsmap_ln0' <Predicate = true> <Delay = 0.00>
ST_4 : Operation 115 [1/1] (0.00ns)   --->   "%specinterface_ln0 = specinterface void @_ssdm_op_SpecInterface, i4 %a_2_0, void @empty, i32 0, i32 0, void @empty_0, i32 0, i32 0, void @empty_0, void @empty_0, void @empty_0, i32 0, i32 0, i32 0, i32 0, void @empty_0, void @empty_0, i32 4294967295, i32 0"   --->   Operation 115 'specinterface' 'specinterface_ln0' <Predicate = true> <Delay = 0.00>
ST_4 : Operation 116 [1/1] (0.00ns)   --->   "%specbitsmap_ln0 = specbitsmap void @_ssdm_op_SpecBitsMap, i4 %a_2_1"   --->   Operation 116 'specbitsmap' 'specbitsmap_ln0' <Predicate = true> <Delay = 0.00>
ST_4 : Operation 117 [1/1] (0.00ns)   --->   "%specinterface_ln0 = specinterface void @_ssdm_op_SpecInterface, i4 %a_2_1, void @empty, i32 0, i32 0, void @empty_0, i32 0, i32 0, void @empty_0, void @empty_0, void @empty_0, i32 0, i32 0, i32 0, i32 0, void @empty_0, void @empty_0, i32 4294967295, i32 0"   --->   Operation 117 'specinterface' 'specinterface_ln0' <Predicate = true> <Delay = 0.00>
ST_4 : Operation 118 [1/1] (0.00ns)   --->   "%specbitsmap_ln0 = specbitsmap void @_ssdm_op_SpecBitsMap, i4 %a_2_2"   --->   Operation 118 'specbitsmap' 'specbitsmap_ln0' <Predicate = true> <Delay = 0.00>
ST_4 : Operation 119 [1/1] (0.00ns)   --->   "%specinterface_ln0 = specinterface void @_ssdm_op_SpecInterface, i4 %a_2_2, void @empty, i32 0, i32 0, void @empty_0, i32 0, i32 0, void @empty_0, void @empty_0, void @empty_0, i32 0, i32 0, i32 0, i32 0, void @empty_0, void @empty_0, i32 4294967295, i32 0"   --->   Operation 119 'specinterface' 'specinterface_ln0' <Predicate = true> <Delay = 0.00>
ST_4 : Operation 120 [1/1] (0.00ns)   --->   "%specbitsmap_ln0 = specbitsmap void @_ssdm_op_SpecBitsMap, i4 %b_0_0"   --->   Operation 120 'specbitsmap' 'specbitsmap_ln0' <Predicate = true> <Delay = 0.00>
ST_4 : Operation 121 [1/1] (0.00ns)   --->   "%specinterface_ln0 = specinterface void @_ssdm_op_SpecInterface, i4 %b_0_0, void @empty, i32 0, i32 0, void @empty_0, i32 0, i32 0, void @empty_0, void @empty_0, void @empty_0, i32 0, i32 0, i32 0, i32 0, void @empty_0, void @empty_0, i32 4294967295, i32 0"   --->   Operation 121 'specinterface' 'specinterface_ln0' <Predicate = true> <Delay = 0.00>
ST_4 : Operation 122 [1/1] (0.00ns)   --->   "%specbitsmap_ln0 = specbitsmap void @_ssdm_op_SpecBitsMap, i4 %b_0_1"   --->   Operation 122 'specbitsmap' 'specbitsmap_ln0' <Predicate = true> <Delay = 0.00>
ST_4 : Operation 123 [1/1] (0.00ns)   --->   "%specinterface_ln0 = specinterface void @_ssdm_op_SpecInterface, i4 %b_0_1, void @empty, i32 0, i32 0, void @empty_0, i32 0, i32 0, void @empty_0, void @empty_0, void @empty_0, i32 0, i32 0, i32 0, i32 0, void @empty_0, void @empty_0, i32 4294967295, i32 0"   --->   Operation 123 'specinterface' 'specinterface_ln0' <Predicate = true> <Delay = 0.00>
ST_4 : Operation 124 [1/1] (0.00ns)   --->   "%specbitsmap_ln0 = specbitsmap void @_ssdm_op_SpecBitsMap, i4 %b_0_2"   --->   Operation 124 'specbitsmap' 'specbitsmap_ln0' <Predicate = true> <Delay = 0.00>
ST_4 : Operation 125 [1/1] (0.00ns)   --->   "%specinterface_ln0 = specinterface void @_ssdm_op_SpecInterface, i4 %b_0_2, void @empty, i32 0, i32 0, void @empty_0, i32 0, i32 0, void @empty_0, void @empty_0, void @empty_0, i32 0, i32 0, i32 0, i32 0, void @empty_0, void @empty_0, i32 4294967295, i32 0"   --->   Operation 125 'specinterface' 'specinterface_ln0' <Predicate = true> <Delay = 0.00>
ST_4 : Operation 126 [1/1] (0.00ns)   --->   "%specbitsmap_ln0 = specbitsmap void @_ssdm_op_SpecBitsMap, i4 %b_1_0"   --->   Operation 126 'specbitsmap' 'specbitsmap_ln0' <Predicate = true> <Delay = 0.00>
ST_4 : Operation 127 [1/1] (0.00ns)   --->   "%specinterface_ln0 = specinterface void @_ssdm_op_SpecInterface, i4 %b_1_0, void @empty, i32 0, i32 0, void @empty_0, i32 0, i32 0, void @empty_0, void @empty_0, void @empty_0, i32 0, i32 0, i32 0, i32 0, void @empty_0, void @empty_0, i32 4294967295, i32 0"   --->   Operation 127 'specinterface' 'specinterface_ln0' <Predicate = true> <Delay = 0.00>
ST_4 : Operation 128 [1/1] (0.00ns)   --->   "%specbitsmap_ln0 = specbitsmap void @_ssdm_op_SpecBitsMap, i4 %b_1_1"   --->   Operation 128 'specbitsmap' 'specbitsmap_ln0' <Predicate = true> <Delay = 0.00>
ST_4 : Operation 129 [1/1] (0.00ns)   --->   "%specinterface_ln0 = specinterface void @_ssdm_op_SpecInterface, i4 %b_1_1, void @empty, i32 0, i32 0, void @empty_0, i32 0, i32 0, void @empty_0, void @empty_0, void @empty_0, i32 0, i32 0, i32 0, i32 0, void @empty_0, void @empty_0, i32 4294967295, i32 0"   --->   Operation 129 'specinterface' 'specinterface_ln0' <Predicate = true> <Delay = 0.00>
ST_4 : Operation 130 [1/1] (0.00ns)   --->   "%specbitsmap_ln0 = specbitsmap void @_ssdm_op_SpecBitsMap, i4 %b_1_2"   --->   Operation 130 'specbitsmap' 'specbitsmap_ln0' <Predicate = true> <Delay = 0.00>
ST_4 : Operation 131 [1/1] (0.00ns)   --->   "%specinterface_ln0 = specinterface void @_ssdm_op_SpecInterface, i4 %b_1_2, void @empty, i32 0, i32 0, void @empty_0, i32 0, i32 0, void @empty_0, void @empty_0, void @empty_0, i32 0, i32 0, i32 0, i32 0, void @empty_0, void @empty_0, i32 4294967295, i32 0"   --->   Operation 131 'specinterface' 'specinterface_ln0' <Predicate = true> <Delay = 0.00>
ST_4 : Operation 132 [1/1] (0.00ns)   --->   "%specbitsmap_ln0 = specbitsmap void @_ssdm_op_SpecBitsMap, i4 %b_2_0"   --->   Operation 132 'specbitsmap' 'specbitsmap_ln0' <Predicate = true> <Delay = 0.00>
ST_4 : Operation 133 [1/1] (0.00ns)   --->   "%specinterface_ln0 = specinterface void @_ssdm_op_SpecInterface, i4 %b_2_0, void @empty, i32 0, i32 0, void @empty_0, i32 0, i32 0, void @empty_0, void @empty_0, void @empty_0, i32 0, i32 0, i32 0, i32 0, void @empty_0, void @empty_0, i32 4294967295, i32 0"   --->   Operation 133 'specinterface' 'specinterface_ln0' <Predicate = true> <Delay = 0.00>
ST_4 : Operation 134 [1/1] (0.00ns)   --->   "%specbitsmap_ln0 = specbitsmap void @_ssdm_op_SpecBitsMap, i4 %b_2_1"   --->   Operation 134 'specbitsmap' 'specbitsmap_ln0' <Predicate = true> <Delay = 0.00>
ST_4 : Operation 135 [1/1] (0.00ns)   --->   "%specinterface_ln0 = specinterface void @_ssdm_op_SpecInterface, i4 %b_2_1, void @empty, i32 0, i32 0, void @empty_0, i32 0, i32 0, void @empty_0, void @empty_0, void @empty_0, i32 0, i32 0, i32 0, i32 0, void @empty_0, void @empty_0, i32 4294967295, i32 0"   --->   Operation 135 'specinterface' 'specinterface_ln0' <Predicate = true> <Delay = 0.00>
ST_4 : Operation 136 [1/1] (0.00ns)   --->   "%specbitsmap_ln0 = specbitsmap void @_ssdm_op_SpecBitsMap, i4 %b_2_2"   --->   Operation 136 'specbitsmap' 'specbitsmap_ln0' <Predicate = true> <Delay = 0.00>
ST_4 : Operation 137 [1/1] (0.00ns)   --->   "%specinterface_ln0 = specinterface void @_ssdm_op_SpecInterface, i4 %b_2_2, void @empty, i32 0, i32 0, void @empty_0, i32 0, i32 0, void @empty_0, void @empty_0, void @empty_0, i32 0, i32 0, i32 0, i32 0, void @empty_0, void @empty_0, i32 4294967295, i32 0"   --->   Operation 137 'specinterface' 'specinterface_ln0' <Predicate = true> <Delay = 0.00>
ST_4 : Operation 138 [1/1] (0.00ns)   --->   "%specbitsmap_ln0 = specbitsmap void @_ssdm_op_SpecBitsMap, i4 %c_0_0"   --->   Operation 138 'specbitsmap' 'specbitsmap_ln0' <Predicate = true> <Delay = 0.00>
ST_4 : Operation 139 [1/1] (0.00ns)   --->   "%specinterface_ln0 = specinterface void @_ssdm_op_SpecInterface, i4 %c_0_0, void @empty, i32 0, i32 0, void @empty_0, i32 0, i32 0, void @empty_0, void @empty_0, void @empty_0, i32 0, i32 0, i32 0, i32 0, void @empty_0, void @empty_0, i32 4294967295, i32 0"   --->   Operation 139 'specinterface' 'specinterface_ln0' <Predicate = true> <Delay = 0.00>
ST_4 : Operation 140 [1/1] (0.00ns)   --->   "%specbitsmap_ln0 = specbitsmap void @_ssdm_op_SpecBitsMap, i4 %c_0_1"   --->   Operation 140 'specbitsmap' 'specbitsmap_ln0' <Predicate = true> <Delay = 0.00>
ST_4 : Operation 141 [1/1] (0.00ns)   --->   "%specinterface_ln0 = specinterface void @_ssdm_op_SpecInterface, i4 %c_0_1, void @empty, i32 0, i32 0, void @empty_0, i32 0, i32 0, void @empty_0, void @empty_0, void @empty_0, i32 0, i32 0, i32 0, i32 0, void @empty_0, void @empty_0, i32 4294967295, i32 0"   --->   Operation 141 'specinterface' 'specinterface_ln0' <Predicate = true> <Delay = 0.00>
ST_4 : Operation 142 [1/1] (0.00ns)   --->   "%specbitsmap_ln0 = specbitsmap void @_ssdm_op_SpecBitsMap, i4 %c_0_2"   --->   Operation 142 'specbitsmap' 'specbitsmap_ln0' <Predicate = true> <Delay = 0.00>
ST_4 : Operation 143 [1/1] (0.00ns)   --->   "%specinterface_ln0 = specinterface void @_ssdm_op_SpecInterface, i4 %c_0_2, void @empty, i32 0, i32 0, void @empty_0, i32 0, i32 0, void @empty_0, void @empty_0, void @empty_0, i32 0, i32 0, i32 0, i32 0, void @empty_0, void @empty_0, i32 4294967295, i32 0"   --->   Operation 143 'specinterface' 'specinterface_ln0' <Predicate = true> <Delay = 0.00>
ST_4 : Operation 144 [1/1] (0.00ns)   --->   "%specbitsmap_ln0 = specbitsmap void @_ssdm_op_SpecBitsMap, i4 %c_1_0"   --->   Operation 144 'specbitsmap' 'specbitsmap_ln0' <Predicate = true> <Delay = 0.00>
ST_4 : Operation 145 [1/1] (0.00ns)   --->   "%specinterface_ln0 = specinterface void @_ssdm_op_SpecInterface, i4 %c_1_0, void @empty, i32 0, i32 0, void @empty_0, i32 0, i32 0, void @empty_0, void @empty_0, void @empty_0, i32 0, i32 0, i32 0, i32 0, void @empty_0, void @empty_0, i32 4294967295, i32 0"   --->   Operation 145 'specinterface' 'specinterface_ln0' <Predicate = true> <Delay = 0.00>
ST_4 : Operation 146 [1/1] (0.00ns)   --->   "%specbitsmap_ln0 = specbitsmap void @_ssdm_op_SpecBitsMap, i4 %c_1_1"   --->   Operation 146 'specbitsmap' 'specbitsmap_ln0' <Predicate = true> <Delay = 0.00>
ST_4 : Operation 147 [1/1] (0.00ns)   --->   "%specinterface_ln0 = specinterface void @_ssdm_op_SpecInterface, i4 %c_1_1, void @empty, i32 0, i32 0, void @empty_0, i32 0, i32 0, void @empty_0, void @empty_0, void @empty_0, i32 0, i32 0, i32 0, i32 0, void @empty_0, void @empty_0, i32 4294967295, i32 0"   --->   Operation 147 'specinterface' 'specinterface_ln0' <Predicate = true> <Delay = 0.00>
ST_4 : Operation 148 [1/1] (0.00ns)   --->   "%specbitsmap_ln0 = specbitsmap void @_ssdm_op_SpecBitsMap, i4 %c_1_2"   --->   Operation 148 'specbitsmap' 'specbitsmap_ln0' <Predicate = true> <Delay = 0.00>
ST_4 : Operation 149 [1/1] (0.00ns)   --->   "%specinterface_ln0 = specinterface void @_ssdm_op_SpecInterface, i4 %c_1_2, void @empty, i32 0, i32 0, void @empty_0, i32 0, i32 0, void @empty_0, void @empty_0, void @empty_0, i32 0, i32 0, i32 0, i32 0, void @empty_0, void @empty_0, i32 4294967295, i32 0"   --->   Operation 149 'specinterface' 'specinterface_ln0' <Predicate = true> <Delay = 0.00>
ST_4 : Operation 150 [1/1] (0.00ns)   --->   "%specbitsmap_ln0 = specbitsmap void @_ssdm_op_SpecBitsMap, i4 %c_2_0"   --->   Operation 150 'specbitsmap' 'specbitsmap_ln0' <Predicate = true> <Delay = 0.00>
ST_4 : Operation 151 [1/1] (0.00ns)   --->   "%specinterface_ln0 = specinterface void @_ssdm_op_SpecInterface, i4 %c_2_0, void @empty, i32 0, i32 0, void @empty_0, i32 0, i32 0, void @empty_0, void @empty_0, void @empty_0, i32 0, i32 0, i32 0, i32 0, void @empty_0, void @empty_0, i32 4294967295, i32 0"   --->   Operation 151 'specinterface' 'specinterface_ln0' <Predicate = true> <Delay = 0.00>
ST_4 : Operation 152 [1/1] (0.00ns)   --->   "%specbitsmap_ln0 = specbitsmap void @_ssdm_op_SpecBitsMap, i4 %c_2_1"   --->   Operation 152 'specbitsmap' 'specbitsmap_ln0' <Predicate = true> <Delay = 0.00>
ST_4 : Operation 153 [1/1] (0.00ns)   --->   "%specinterface_ln0 = specinterface void @_ssdm_op_SpecInterface, i4 %c_2_1, void @empty, i32 0, i32 0, void @empty_0, i32 0, i32 0, void @empty_0, void @empty_0, void @empty_0, i32 0, i32 0, i32 0, i32 0, void @empty_0, void @empty_0, i32 4294967295, i32 0"   --->   Operation 153 'specinterface' 'specinterface_ln0' <Predicate = true> <Delay = 0.00>
ST_4 : Operation 154 [1/1] (0.00ns)   --->   "%specbitsmap_ln0 = specbitsmap void @_ssdm_op_SpecBitsMap, i4 %c_2_2"   --->   Operation 154 'specbitsmap' 'specbitsmap_ln0' <Predicate = true> <Delay = 0.00>
ST_4 : Operation 155 [1/1] (0.00ns)   --->   "%specinterface_ln0 = specinterface void @_ssdm_op_SpecInterface, i4 %c_2_2, void @empty, i32 0, i32 0, void @empty_0, i32 0, i32 0, void @empty_0, void @empty_0, void @empty_0, i32 0, i32 0, i32 0, i32 0, void @empty_0, void @empty_0, i32 4294967295, i32 0"   --->   Operation 155 'specinterface' 'specinterface_ln0' <Predicate = true> <Delay = 0.00>
ST_4 : Operation 156 [1/1] (0.00ns) (grouped into TernaryAdder)   --->   "%sumneg = add i4 %add_ln24, i4 %sumpos_3" [matrixcalc.cpp:24->matrixcalc.cpp:88]   --->   Operation 156 'add' 'sumneg' <Predicate = true> <Delay = 0.00> <CoreInst = "TAddSub">   --->   Core 10 'TAddSub' <Latency = 0> <II = 1> <Delay = 1.65> <IPBlock> <Opcode : '<invalid operator> ' 'add' 'sub'> <InPorts = 3> <OutPorts = 1> <Sync> <CReg>
ST_4 : Operation 157 [1/1] (3.31ns) (root node of TernaryAdder)   --->   "%sum = sub i4 %sumneg, i4 %product2_5" [matrixcalc.cpp:26->matrixcalc.cpp:88]   --->   Operation 157 'sub' 'sum' <Predicate = true> <Delay = 3.31> <CoreInst = "TAddSub">   --->   Core 10 'TAddSub' <Latency = 0> <II = 1> <Delay = 1.65> <IPBlock> <Opcode : '<invalid operator> ' 'add' 'sub'> <InPorts = 3> <OutPorts = 1> <Sync> <CReg>
ST_4 : Operation 158 [1/1] (0.00ns)   --->   "%sext_ln89 = sext i4 %sum" [matrixcalc.cpp:89]   --->   Operation 158 'sext' 'sext_ln89' <Predicate = true> <Delay = 0.00>
ST_4 : Operation 159 [1/1] (0.00ns)   --->   "%ret_ln89 = ret i32 %sext_ln89" [matrixcalc.cpp:89]   --->   Operation 159 'ret' 'ret_ln89' <Predicate = true> <Delay = 0.00>


============================================================
+ Verbose Summary: Binding
============================================================
STG Binding: 
---------------- STG Properties BEGIN ----------------
- Is combinational: 0
- Is one-state seq: 0
- Is datapath-only: 0
- Is pipelined: 1
- Is top level: 1
Port [ Return ] is wired: 1; IO mode=ap_ctrl_hs:ce=0
Port [ a_0_0]:  wired=1; compound=0; hidden=0; nouse=0; global=0; static=0; extern=0; dir=0; type=0; pingpong=0; private_global=0; IO mode=ap_none:ce=0
Port [ a_0_1]:  wired=1; compound=0; hidden=0; nouse=0; global=0; static=0; extern=0; dir=0; type=0; pingpong=0; private_global=0; IO mode=ap_none:ce=0
Port [ a_0_2]:  wired=1; compound=0; hidden=0; nouse=0; global=0; static=0; extern=0; dir=0; type=0; pingpong=0; private_global=0; IO mode=ap_none:ce=0
Port [ a_1_0]:  wired=1; compound=0; hidden=0; nouse=0; global=0; static=0; extern=0; dir=0; type=0; pingpong=0; private_global=0; IO mode=ap_none:ce=0
Port [ a_1_1]:  wired=1; compound=0; hidden=0; nouse=0; global=0; static=0; extern=0; dir=0; type=0; pingpong=0; private_global=0; IO mode=ap_none:ce=0
Port [ a_1_2]:  wired=1; compound=0; hidden=0; nouse=0; global=0; static=0; extern=0; dir=0; type=0; pingpong=0; private_global=0; IO mode=ap_none:ce=0
Port [ a_2_0]:  wired=1; compound=0; hidden=0; nouse=0; global=0; static=0; extern=0; dir=0; type=0; pingpong=0; private_global=0; IO mode=ap_none:ce=0
Port [ a_2_1]:  wired=1; compound=0; hidden=0; nouse=0; global=0; static=0; extern=0; dir=0; type=0; pingpong=0; private_global=0; IO mode=ap_none:ce=0
Port [ a_2_2]:  wired=1; compound=0; hidden=0; nouse=0; global=0; static=0; extern=0; dir=0; type=0; pingpong=0; private_global=0; IO mode=ap_none:ce=0
Port [ b_0_0]:  wired=1; compound=0; hidden=0; nouse=0; global=0; static=0; extern=0; dir=0; type=0; pingpong=0; private_global=0; IO mode=ap_none:ce=0
Port [ b_0_1]:  wired=1; compound=0; hidden=0; nouse=0; global=0; static=0; extern=0; dir=0; type=0; pingpong=0; private_global=0; IO mode=ap_none:ce=0
Port [ b_0_2]:  wired=1; compound=0; hidden=0; nouse=0; global=0; static=0; extern=0; dir=0; type=0; pingpong=0; private_global=0; IO mode=ap_none:ce=0
Port [ b_1_0]:  wired=1; compound=0; hidden=0; nouse=0; global=0; static=0; extern=0; dir=0; type=0; pingpong=0; private_global=0; IO mode=ap_none:ce=0
Port [ b_1_1]:  wired=1; compound=0; hidden=0; nouse=0; global=0; static=0; extern=0; dir=0; type=0; pingpong=0; private_global=0; IO mode=ap_none:ce=0
Port [ b_1_2]:  wired=1; compound=0; hidden=0; nouse=0; global=0; static=0; extern=0; dir=0; type=0; pingpong=0; private_global=0; IO mode=ap_none:ce=0
Port [ b_2_0]:  wired=1; compound=0; hidden=0; nouse=0; global=0; static=0; extern=0; dir=0; type=0; pingpong=0; private_global=0; IO mode=ap_none:ce=0
Port [ b_2_1]:  wired=1; compound=0; hidden=0; nouse=0; global=0; static=0; extern=0; dir=0; type=0; pingpong=0; private_global=0; IO mode=ap_none:ce=0
Port [ b_2_2]:  wired=1; compound=0; hidden=0; nouse=0; global=0; static=0; extern=0; dir=0; type=0; pingpong=0; private_global=0; IO mode=ap_none:ce=0
Port [ c_0_0]:  wired=1; compound=0; hidden=0; nouse=0; global=0; static=0; extern=0; dir=0; type=0; pingpong=0; private_global=0; IO mode=ap_none:ce=0
Port [ c_0_1]:  wired=1; compound=0; hidden=0; nouse=0; global=0; static=0; extern=0; dir=0; type=0; pingpong=0; private_global=0; IO mode=ap_none:ce=0
Port [ c_0_2]:  wired=1; compound=0; hidden=0; nouse=0; global=0; static=0; extern=0; dir=0; type=0; pingpong=0; private_global=0; IO mode=ap_none:ce=0
Port [ c_1_0]:  wired=1; compound=0; hidden=0; nouse=0; global=0; static=0; extern=0; dir=0; type=0; pingpong=0; private_global=0; IO mode=ap_none:ce=0
Port [ c_1_1]:  wired=1; compound=0; hidden=0; nouse=0; global=0; static=0; extern=0; dir=0; type=0; pingpong=0; private_global=0; IO mode=ap_none:ce=0
Port [ c_1_2]:  wired=1; compound=0; hidden=0; nouse=0; global=0; static=0; extern=0; dir=0; type=0; pingpong=0; private_global=0; IO mode=ap_none:ce=0
Port [ c_2_0]:  wired=1; compound=0; hidden=0; nouse=0; global=0; static=0; extern=0; dir=0; type=0; pingpong=0; private_global=0; IO mode=ap_none:ce=0
Port [ c_2_1]:  wired=1; compound=0; hidden=0; nouse=0; global=0; static=0; extern=0; dir=0; type=0; pingpong=0; private_global=0; IO mode=ap_none:ce=0
Port [ c_2_2]:  wired=1; compound=0; hidden=0; nouse=0; global=0; static=0; extern=0; dir=0; type=0; pingpong=0; private_global=0; IO mode=ap_none:ce=0
---------------- STG Properties END ------------------

---------------- Datapath Model BEGIN ----------------

<LifeTime>
<method=bitvector/>
a_0_0_read         (read         ) [ 00000]
b_0_0_read         (read         ) [ 00000]
mul_ln43           (mul          ) [ 01100]
a_0_1_read         (read         ) [ 00000]
b_1_0_read         (read         ) [ 00000]
mul_ln43_1         (mul          ) [ 00000]
a_0_2_read         (read         ) [ 00000]
b_2_0_read         (read         ) [ 00000]
mul_ln43_2         (mul          ) [ 00000]
b_0_1_read         (read         ) [ 00000]
mul_ln43_3         (mul          ) [ 01100]
b_1_1_read         (read         ) [ 00000]
mul_ln43_4         (mul          ) [ 00000]
b_2_1_read         (read         ) [ 00000]
mul_ln43_5         (mul          ) [ 00000]
b_0_2_read         (read         ) [ 00000]
mul_ln43_6         (mul          ) [ 01100]
b_1_2_read         (read         ) [ 00000]
mul_ln43_7         (mul          ) [ 00000]
b_2_2_read         (read         ) [ 00000]
mul_ln43_8         (mul          ) [ 00000]
a_1_0_read         (read         ) [ 00000]
mul_ln43_9         (mul          ) [ 01100]
a_1_1_read         (read         ) [ 00000]
mul_ln43_10        (mul          ) [ 00000]
a_1_2_read         (read         ) [ 00000]
mul_ln43_11        (mul          ) [ 00000]
mul_ln43_12        (mul          ) [ 01100]
mul_ln43_13        (mul          ) [ 00000]
mul_ln43_14        (mul          ) [ 00000]
mul_ln43_15        (mul          ) [ 01100]
mul_ln43_16        (mul          ) [ 00000]
mul_ln43_17        (mul          ) [ 00000]
a_2_0_read         (read         ) [ 00000]
mul_ln43_18        (mul          ) [ 00000]
a_2_1_read         (read         ) [ 00000]
mul_ln43_19        (mul          ) [ 01100]
a_2_2_read         (read         ) [ 00000]
mul_ln43_20        (mul          ) [ 00000]
mul_ln43_21        (mul          ) [ 00000]
mul_ln43_22        (mul          ) [ 01100]
mul_ln43_23        (mul          ) [ 00000]
mul_ln43_24        (mul          ) [ 01100]
mul_ln43_25        (mul          ) [ 00000]
mul_ln43_26        (mul          ) [ 00000]
c_0_0_read         (read         ) [ 01100]
add_ln59_1         (add          ) [ 01100]
c_0_1_read         (read         ) [ 01100]
add_ln59_7         (add          ) [ 01100]
c_0_2_read         (read         ) [ 01100]
add_ln59_10        (add          ) [ 01100]
c_1_0_read         (read         ) [ 01100]
add_ln59_13        (add          ) [ 01100]
c_1_1_read         (read         ) [ 01100]
add_ln59_15        (add          ) [ 01100]
c_1_2_read         (read         ) [ 01100]
add_ln59_17        (add          ) [ 01100]
c_2_0_read         (read         ) [ 01100]
add_ln59_19        (add          ) [ 01100]
c_2_1_read         (read         ) [ 01100]
add_ln59_22        (add          ) [ 01100]
c_2_2_read         (read         ) [ 01100]
add_ln59_25        (add          ) [ 01100]
add_ln59           (add          ) [ 00000]
product1           (add          ) [ 00000]
add_ln59_6         (add          ) [ 00000]
product1_2         (add          ) [ 00000]
add_ln59_9         (add          ) [ 00000]
product1_4         (add          ) [ 00000]
add_ln59_12        (add          ) [ 00000]
add_ln59_3         (add          ) [ 01010]
add_ln59_14        (add          ) [ 00000]
add_ln59_4         (add          ) [ 01010]
add_ln59_16        (add          ) [ 00000]
add_ln59_5         (add          ) [ 00000]
add_ln59_18        (add          ) [ 00000]
product2           (add          ) [ 01010]
add_ln59_21        (add          ) [ 00000]
product2_2         (add          ) [ 01010]
add_ln59_24        (add          ) [ 00000]
product2_4         (add          ) [ 00000]
mul_ln20           (mul          ) [ 01010]
product2_6         (mul          ) [ 01010]
product1_7         (mul          ) [ 01010]
product2_7         (mul          ) [ 01010]
product1_8         (mul          ) [ 01010]
mul_ln21_2         (mul          ) [ 01010]
product1_6         (mul          ) [ 00000]
product2_5         (mul          ) [ 01001]
sub_ln23           (sub          ) [ 00000]
sumpos             (mul          ) [ 00000]
sub_ln23_1         (sub          ) [ 00000]
sumpos_3           (mul          ) [ 01001]
add_ln24           (add          ) [ 01001]
specbitsmap_ln0    (specbitsmap  ) [ 00000]
specpipeline_ln84  (specpipeline ) [ 00000]
spectopmodule_ln64 (spectopmodule) [ 00000]
specbitsmap_ln0    (specbitsmap  ) [ 00000]
specinterface_ln0  (specinterface) [ 00000]
specbitsmap_ln0    (specbitsmap  ) [ 00000]
specinterface_ln0  (specinterface) [ 00000]
specbitsmap_ln0    (specbitsmap  ) [ 00000]
specinterface_ln0  (specinterface) [ 00000]
specbitsmap_ln0    (specbitsmap  ) [ 00000]
specinterface_ln0  (specinterface) [ 00000]
specbitsmap_ln0    (specbitsmap  ) [ 00000]
specinterface_ln0  (specinterface) [ 00000]
specbitsmap_ln0    (specbitsmap  ) [ 00000]
specinterface_ln0  (specinterface) [ 00000]
specbitsmap_ln0    (specbitsmap  ) [ 00000]
specinterface_ln0  (specinterface) [ 00000]
specbitsmap_ln0    (specbitsmap  ) [ 00000]
specinterface_ln0  (specinterface) [ 00000]
specbitsmap_ln0    (specbitsmap  ) [ 00000]
specinterface_ln0  (specinterface) [ 00000]
specbitsmap_ln0    (specbitsmap  ) [ 00000]
specinterface_ln0  (specinterface) [ 00000]
specbitsmap_ln0    (specbitsmap  ) [ 00000]
specinterface_ln0  (specinterface) [ 00000]
specbitsmap_ln0    (specbitsmap  ) [ 00000]
specinterface_ln0  (specinterface) [ 00000]
specbitsmap_ln0    (specbitsmap  ) [ 00000]
specinterface_ln0  (specinterface) [ 00000]
specbitsmap_ln0    (specbitsmap  ) [ 00000]
specinterface_ln0  (specinterface) [ 00000]
specbitsmap_ln0    (specbitsmap  ) [ 00000]
specinterface_ln0  (specinterface) [ 00000]
specbitsmap_ln0    (specbitsmap  ) [ 00000]
specinterface_ln0  (specinterface) [ 00000]
specbitsmap_ln0    (specbitsmap  ) [ 00000]
specinterface_ln0  (specinterface) [ 00000]
specbitsmap_ln0    (specbitsmap  ) [ 00000]
specinterface_ln0  (specinterface) [ 00000]
specbitsmap_ln0    (specbitsmap  ) [ 00000]
specinterface_ln0  (specinterface) [ 00000]
specbitsmap_ln0    (specbitsmap  ) [ 00000]
specinterface_ln0  (specinterface) [ 00000]
specbitsmap_ln0    (specbitsmap  ) [ 00000]
specinterface_ln0  (specinterface) [ 00000]
specbitsmap_ln0    (specbitsmap  ) [ 00000]
specinterface_ln0  (specinterface) [ 00000]
specbitsmap_ln0    (specbitsmap  ) [ 00000]
specinterface_ln0  (specinterface) [ 00000]
specbitsmap_ln0    (specbitsmap  ) [ 00000]
specinterface_ln0  (specinterface) [ 00000]
specbitsmap_ln0    (specbitsmap  ) [ 00000]
specinterface_ln0  (specinterface) [ 00000]
specbitsmap_ln0    (specbitsmap  ) [ 00000]
specinterface_ln0  (specinterface) [ 00000]
specbitsmap_ln0    (specbitsmap  ) [ 00000]
specinterface_ln0  (specinterface) [ 00000]
sumneg             (add          ) [ 00000]
sum                (sub          ) [ 00000]
sext_ln89          (sext         ) [ 00000]
ret_ln89           (ret          ) [ 00000]
</LifeTime>

<model>

<comp_list>
<comp id="0" class="1000" name="a_0_0">
<pin_list>
<pin id="1" dir="1" index="0" bw="1" slack="0"/>
</pin_list>
<bind>
<StgValue><ssdm name="a_0_0"/></StgValue>
</bind>
</comp>

<comp id="2" class="1000" name="a_0_1">
<pin_list>
<pin id="3" dir="1" index="0" bw="1" slack="0"/>
</pin_list>
<bind>
<StgValue><ssdm name="a_0_1"/></StgValue>
</bind>
</comp>

<comp id="4" class="1000" name="a_0_2">
<pin_list>
<pin id="5" dir="1" index="0" bw="1" slack="0"/>
</pin_list>
<bind>
<StgValue><ssdm name="a_0_2"/></StgValue>
</bind>
</comp>

<comp id="6" class="1000" name="a_1_0">
<pin_list>
<pin id="7" dir="1" index="0" bw="1" slack="0"/>
</pin_list>
<bind>
<StgValue><ssdm name="a_1_0"/></StgValue>
</bind>
</comp>

<comp id="8" class="1000" name="a_1_1">
<pin_list>
<pin id="9" dir="1" index="0" bw="1" slack="0"/>
</pin_list>
<bind>
<StgValue><ssdm name="a_1_1"/></StgValue>
</bind>
</comp>

<comp id="10" class="1000" name="a_1_2">
<pin_list>
<pin id="11" dir="1" index="0" bw="1" slack="0"/>
</pin_list>
<bind>
<StgValue><ssdm name="a_1_2"/></StgValue>
</bind>
</comp>

<comp id="12" class="1000" name="a_2_0">
<pin_list>
<pin id="13" dir="1" index="0" bw="1" slack="0"/>
</pin_list>
<bind>
<StgValue><ssdm name="a_2_0"/></StgValue>
</bind>
</comp>

<comp id="14" class="1000" name="a_2_1">
<pin_list>
<pin id="15" dir="1" index="0" bw="1" slack="0"/>
</pin_list>
<bind>
<StgValue><ssdm name="a_2_1"/></StgValue>
</bind>
</comp>

<comp id="16" class="1000" name="a_2_2">
<pin_list>
<pin id="17" dir="1" index="0" bw="1" slack="0"/>
</pin_list>
<bind>
<StgValue><ssdm name="a_2_2"/></StgValue>
</bind>
</comp>

<comp id="18" class="1000" name="b_0_0">
<pin_list>
<pin id="19" dir="1" index="0" bw="1" slack="0"/>
</pin_list>
<bind>
<StgValue><ssdm name="b_0_0"/></StgValue>
</bind>
</comp>

<comp id="20" class="1000" name="b_0_1">
<pin_list>
<pin id="21" dir="1" index="0" bw="1" slack="0"/>
</pin_list>
<bind>
<StgValue><ssdm name="b_0_1"/></StgValue>
</bind>
</comp>

<comp id="22" class="1000" name="b_0_2">
<pin_list>
<pin id="23" dir="1" index="0" bw="1" slack="0"/>
</pin_list>
<bind>
<StgValue><ssdm name="b_0_2"/></StgValue>
</bind>
</comp>

<comp id="24" class="1000" name="b_1_0">
<pin_list>
<pin id="25" dir="1" index="0" bw="1" slack="0"/>
</pin_list>
<bind>
<StgValue><ssdm name="b_1_0"/></StgValue>
</bind>
</comp>

<comp id="26" class="1000" name="b_1_1">
<pin_list>
<pin id="27" dir="1" index="0" bw="1" slack="0"/>
</pin_list>
<bind>
<StgValue><ssdm name="b_1_1"/></StgValue>
</bind>
</comp>

<comp id="28" class="1000" name="b_1_2">
<pin_list>
<pin id="29" dir="1" index="0" bw="1" slack="0"/>
</pin_list>
<bind>
<StgValue><ssdm name="b_1_2"/></StgValue>
</bind>
</comp>

<comp id="30" class="1000" name="b_2_0">
<pin_list>
<pin id="31" dir="1" index="0" bw="1" slack="0"/>
</pin_list>
<bind>
<StgValue><ssdm name="b_2_0"/></StgValue>
</bind>
</comp>

<comp id="32" class="1000" name="b_2_1">
<pin_list>
<pin id="33" dir="1" index="0" bw="1" slack="0"/>
</pin_list>
<bind>
<StgValue><ssdm name="b_2_1"/></StgValue>
</bind>
</comp>

<comp id="34" class="1000" name="b_2_2">
<pin_list>
<pin id="35" dir="1" index="0" bw="1" slack="0"/>
</pin_list>
<bind>
<StgValue><ssdm name="b_2_2"/></StgValue>
</bind>
</comp>

<comp id="36" class="1000" name="c_0_0">
<pin_list>
<pin id="37" dir="1" index="0" bw="1" slack="0"/>
</pin_list>
<bind>
<StgValue><ssdm name="c_0_0"/></StgValue>
</bind>
</comp>

<comp id="38" class="1000" name="c_0_1">
<pin_list>
<pin id="39" dir="1" index="0" bw="1" slack="0"/>
</pin_list>
<bind>
<StgValue><ssdm name="c_0_1"/></StgValue>
</bind>
</comp>

<comp id="40" class="1000" name="c_0_2">
<pin_list>
<pin id="41" dir="1" index="0" bw="1" slack="0"/>
</pin_list>
<bind>
<StgValue><ssdm name="c_0_2"/></StgValue>
</bind>
</comp>

<comp id="42" class="1000" name="c_1_0">
<pin_list>
<pin id="43" dir="1" index="0" bw="1" slack="0"/>
</pin_list>
<bind>
<StgValue><ssdm name="c_1_0"/></StgValue>
</bind>
</comp>

<comp id="44" class="1000" name="c_1_1">
<pin_list>
<pin id="45" dir="1" index="0" bw="1" slack="0"/>
</pin_list>
<bind>
<StgValue><ssdm name="c_1_1"/></StgValue>
</bind>
</comp>

<comp id="46" class="1000" name="c_1_2">
<pin_list>
<pin id="47" dir="1" index="0" bw="1" slack="0"/>
</pin_list>
<bind>
<StgValue><ssdm name="c_1_2"/></StgValue>
</bind>
</comp>

<comp id="48" class="1000" name="c_2_0">
<pin_list>
<pin id="49" dir="1" index="0" bw="1" slack="0"/>
</pin_list>
<bind>
<StgValue><ssdm name="c_2_0"/></StgValue>
</bind>
</comp>

<comp id="50" class="1000" name="c_2_1">
<pin_list>
<pin id="51" dir="1" index="0" bw="1" slack="0"/>
</pin_list>
<bind>
<StgValue><ssdm name="c_2_1"/></StgValue>
</bind>
</comp>

<comp id="52" class="1000" name="c_2_2">
<pin_list>
<pin id="53" dir="1" index="0" bw="1" slack="0"/>
</pin_list>
<bind>
<StgValue><ssdm name="c_2_2"/></StgValue>
</bind>
</comp>

<comp id="54" class="1001" name="const_54">
<pin_list>
<pin id="55" dir="1" index="0" bw="1" slack="0"/>
</pin_list>
<bind>
<StgValue><ssdm name="_ssdm_op_Read.ap_auto.i4P0A"/></StgValue>
</bind>
</comp>

<comp id="56" class="1001" name="const_56">
<pin_list>
<pin id="57" dir="1" index="0" bw="1" slack="2147483647"/>
</pin_list>
<bind>
<StgValue><ssdm name="_ssdm_op_SpecBitsMap"/></StgValue>
</bind>
</comp>

<comp id="58" class="1001" name="const_58">
<pin_list>
<pin id="59" dir="1" index="0" bw="1" slack="2147483647"/>
</pin_list>
<bind>
<StgValue><ssdm name=""/></StgValue>
</bind>
</comp>

<comp id="60" class="1001" name="const_60">
<pin_list>
<pin id="61" dir="1" index="0" bw="1" slack="2147483647"/>
</pin_list>
<bind>
<StgValue><ssdm name="_ssdm_op_SpecPipeline"/></StgValue>
</bind>
</comp>

<comp id="62" class="1001" name="const_62">
<pin_list>
<pin id="63" dir="1" index="0" bw="1" slack="2147483647"/>
</pin_list>
<bind>
<StgValue><ssdm name=""/></StgValue>
</bind>
</comp>

<comp id="64" class="1001" name="const_64">
<pin_list>
<pin id="65" dir="1" index="0" bw="1" slack="2147483647"/>
</pin_list>
<bind>
<StgValue><ssdm name="empty_0"/></StgValue>
</bind>
</comp>

<comp id="66" class="1001" name="const_66">
<pin_list>
<pin id="67" dir="1" index="0" bw="1" slack="2147483647"/>
</pin_list>
<bind>
<StgValue><ssdm name="_ssdm_op_SpecTopModule"/></StgValue>
</bind>
</comp>

<comp id="68" class="1001" name="const_68">
<pin_list>
<pin id="69" dir="1" index="0" bw="1" slack="2147483647"/>
</pin_list>
<bind>
<StgValue><ssdm name="empty_1"/></StgValue>
</bind>
</comp>

<comp id="70" class="1001" name="const_70">
<pin_list>
<pin id="71" dir="1" index="0" bw="1" slack="2147483647"/>
</pin_list>
<bind>
<StgValue><ssdm name="_ssdm_op_SpecInterface"/></StgValue>
</bind>
</comp>

<comp id="72" class="1001" name="const_72">
<pin_list>
<pin id="73" dir="1" index="0" bw="1" slack="2147483647"/>
</pin_list>
<bind>
<StgValue><ssdm name="empty"/></StgValue>
</bind>
</comp>

<comp id="74" class="1001" name="const_74">
<pin_list>
<pin id="75" dir="1" index="0" bw="1" slack="2147483647"/>
</pin_list>
<bind>
<StgValue><ssdm name=""/></StgValue>
</bind>
</comp>

<comp id="76" class="1004" name="a_0_0_read_read_fu_76">
<pin_list>
<pin id="77" dir="0" index="0" bw="4" slack="0"/>
<pin id="78" dir="0" index="1" bw="4" slack="0"/>
<pin id="79" dir="1" index="2" bw="4" slack="0"/>
</pin_list>
<bind>
<opcode="read(1150) " fcode="read"/>
<opset="a_0_0_read/1 "/>
</bind>
</comp>

<comp id="82" class="1004" name="b_0_0_read_read_fu_82">
<pin_list>
<pin id="83" dir="0" index="0" bw="4" slack="0"/>
<pin id="84" dir="0" index="1" bw="4" slack="0"/>
<pin id="85" dir="1" index="2" bw="4" slack="0"/>
</pin_list>
<bind>
<opcode="read(1150) " fcode="read"/>
<opset="b_0_0_read/1 "/>
</bind>
</comp>

<comp id="88" class="1004" name="a_0_1_read_read_fu_88">
<pin_list>
<pin id="89" dir="0" index="0" bw="4" slack="0"/>
<pin id="90" dir="0" index="1" bw="4" slack="0"/>
<pin id="91" dir="1" index="2" bw="4" slack="0"/>
</pin_list>
<bind>
<opcode="read(1150) " fcode="read"/>
<opset="a_0_1_read/1 "/>
</bind>
</comp>

<comp id="94" class="1004" name="b_1_0_read_read_fu_94">
<pin_list>
<pin id="95" dir="0" index="0" bw="4" slack="0"/>
<pin id="96" dir="0" index="1" bw="4" slack="0"/>
<pin id="97" dir="1" index="2" bw="4" slack="0"/>
</pin_list>
<bind>
<opcode="read(1150) " fcode="read"/>
<opset="b_1_0_read/1 "/>
</bind>
</comp>

<comp id="100" class="1004" name="a_0_2_read_read_fu_100">
<pin_list>
<pin id="101" dir="0" index="0" bw="4" slack="0"/>
<pin id="102" dir="0" index="1" bw="4" slack="0"/>
<pin id="103" dir="1" index="2" bw="4" slack="0"/>
</pin_list>
<bind>
<opcode="read(1150) " fcode="read"/>
<opset="a_0_2_read/1 "/>
</bind>
</comp>

<comp id="106" class="1004" name="b_2_0_read_read_fu_106">
<pin_list>
<pin id="107" dir="0" index="0" bw="4" slack="0"/>
<pin id="108" dir="0" index="1" bw="4" slack="0"/>
<pin id="109" dir="1" index="2" bw="4" slack="0"/>
</pin_list>
<bind>
<opcode="read(1150) " fcode="read"/>
<opset="b_2_0_read/1 "/>
</bind>
</comp>

<comp id="112" class="1004" name="b_0_1_read_read_fu_112">
<pin_list>
<pin id="113" dir="0" index="0" bw="4" slack="0"/>
<pin id="114" dir="0" index="1" bw="4" slack="0"/>
<pin id="115" dir="1" index="2" bw="4" slack="0"/>
</pin_list>
<bind>
<opcode="read(1150) " fcode="read"/>
<opset="b_0_1_read/1 "/>
</bind>
</comp>

<comp id="118" class="1004" name="b_1_1_read_read_fu_118">
<pin_list>
<pin id="119" dir="0" index="0" bw="4" slack="0"/>
<pin id="120" dir="0" index="1" bw="4" slack="0"/>
<pin id="121" dir="1" index="2" bw="4" slack="0"/>
</pin_list>
<bind>
<opcode="read(1150) " fcode="read"/>
<opset="b_1_1_read/1 "/>
</bind>
</comp>

<comp id="124" class="1004" name="b_2_1_read_read_fu_124">
<pin_list>
<pin id="125" dir="0" index="0" bw="4" slack="0"/>
<pin id="126" dir="0" index="1" bw="4" slack="0"/>
<pin id="127" dir="1" index="2" bw="4" slack="0"/>
</pin_list>
<bind>
<opcode="read(1150) " fcode="read"/>
<opset="b_2_1_read/1 "/>
</bind>
</comp>

<comp id="130" class="1004" name="b_0_2_read_read_fu_130">
<pin_list>
<pin id="131" dir="0" index="0" bw="4" slack="0"/>
<pin id="132" dir="0" index="1" bw="4" slack="0"/>
<pin id="133" dir="1" index="2" bw="4" slack="0"/>
</pin_list>
<bind>
<opcode="read(1150) " fcode="read"/>
<opset="b_0_2_read/1 "/>
</bind>
</comp>

<comp id="136" class="1004" name="b_1_2_read_read_fu_136">
<pin_list>
<pin id="137" dir="0" index="0" bw="4" slack="0"/>
<pin id="138" dir="0" index="1" bw="4" slack="0"/>
<pin id="139" dir="1" index="2" bw="4" slack="0"/>
</pin_list>
<bind>
<opcode="read(1150) " fcode="read"/>
<opset="b_1_2_read/1 "/>
</bind>
</comp>

<comp id="142" class="1004" name="b_2_2_read_read_fu_142">
<pin_list>
<pin id="143" dir="0" index="0" bw="4" slack="0"/>
<pin id="144" dir="0" index="1" bw="4" slack="0"/>
<pin id="145" dir="1" index="2" bw="4" slack="0"/>
</pin_list>
<bind>
<opcode="read(1150) " fcode="read"/>
<opset="b_2_2_read/1 "/>
</bind>
</comp>

<comp id="148" class="1004" name="a_1_0_read_read_fu_148">
<pin_list>
<pin id="149" dir="0" index="0" bw="4" slack="0"/>
<pin id="150" dir="0" index="1" bw="4" slack="0"/>
<pin id="151" dir="1" index="2" bw="4" slack="0"/>
</pin_list>
<bind>
<opcode="read(1150) " fcode="read"/>
<opset="a_1_0_read/1 "/>
</bind>
</comp>

<comp id="154" class="1004" name="a_1_1_read_read_fu_154">
<pin_list>
<pin id="155" dir="0" index="0" bw="4" slack="0"/>
<pin id="156" dir="0" index="1" bw="4" slack="0"/>
<pin id="157" dir="1" index="2" bw="4" slack="0"/>
</pin_list>
<bind>
<opcode="read(1150) " fcode="read"/>
<opset="a_1_1_read/1 "/>
</bind>
</comp>

<comp id="160" class="1004" name="a_1_2_read_read_fu_160">
<pin_list>
<pin id="161" dir="0" index="0" bw="4" slack="0"/>
<pin id="162" dir="0" index="1" bw="4" slack="0"/>
<pin id="163" dir="1" index="2" bw="4" slack="0"/>
</pin_list>
<bind>
<opcode="read(1150) " fcode="read"/>
<opset="a_1_2_read/1 "/>
</bind>
</comp>

<comp id="166" class="1004" name="a_2_0_read_read_fu_166">
<pin_list>
<pin id="167" dir="0" index="0" bw="4" slack="0"/>
<pin id="168" dir="0" index="1" bw="4" slack="0"/>
<pin id="169" dir="1" index="2" bw="4" slack="0"/>
</pin_list>
<bind>
<opcode="read(1150) " fcode="read"/>
<opset="a_2_0_read/1 "/>
</bind>
</comp>

<comp id="172" class="1004" name="a_2_1_read_read_fu_172">
<pin_list>
<pin id="173" dir="0" index="0" bw="4" slack="0"/>
<pin id="174" dir="0" index="1" bw="4" slack="0"/>
<pin id="175" dir="1" index="2" bw="4" slack="0"/>
</pin_list>
<bind>
<opcode="read(1150) " fcode="read"/>
<opset="a_2_1_read/1 "/>
</bind>
</comp>

<comp id="178" class="1004" name="a_2_2_read_read_fu_178">
<pin_list>
<pin id="179" dir="0" index="0" bw="4" slack="0"/>
<pin id="180" dir="0" index="1" bw="4" slack="0"/>
<pin id="181" dir="1" index="2" bw="4" slack="0"/>
</pin_list>
<bind>
<opcode="read(1150) " fcode="read"/>
<opset="a_2_2_read/1 "/>
</bind>
</comp>

<comp id="184" class="1004" name="c_0_0_read_read_fu_184">
<pin_list>
<pin id="185" dir="0" index="0" bw="4" slack="0"/>
<pin id="186" dir="0" index="1" bw="4" slack="0"/>
<pin id="187" dir="1" index="2" bw="4" slack="1"/>
</pin_list>
<bind>
<opcode="read(1150) " fcode="read"/>
<opset="c_0_0_read/1 "/>
</bind>
</comp>

<comp id="190" class="1004" name="c_0_1_read_read_fu_190">
<pin_list>
<pin id="191" dir="0" index="0" bw="4" slack="0"/>
<pin id="192" dir="0" index="1" bw="4" slack="0"/>
<pin id="193" dir="1" index="2" bw="4" slack="1"/>
</pin_list>
<bind>
<opcode="read(1150) " fcode="read"/>
<opset="c_0_1_read/1 "/>
</bind>
</comp>

<comp id="196" class="1004" name="c_0_2_read_read_fu_196">
<pin_list>
<pin id="197" dir="0" index="0" bw="4" slack="0"/>
<pin id="198" dir="0" index="1" bw="4" slack="0"/>
<pin id="199" dir="1" index="2" bw="4" slack="1"/>
</pin_list>
<bind>
<opcode="read(1150) " fcode="read"/>
<opset="c_0_2_read/1 "/>
</bind>
</comp>

<comp id="202" class="1004" name="c_1_0_read_read_fu_202">
<pin_list>
<pin id="203" dir="0" index="0" bw="4" slack="0"/>
<pin id="204" dir="0" index="1" bw="4" slack="0"/>
<pin id="205" dir="1" index="2" bw="4" slack="1"/>
</pin_list>
<bind>
<opcode="read(1150) " fcode="read"/>
<opset="c_1_0_read/1 "/>
</bind>
</comp>

<comp id="208" class="1004" name="c_1_1_read_read_fu_208">
<pin_list>
<pin id="209" dir="0" index="0" bw="4" slack="0"/>
<pin id="210" dir="0" index="1" bw="4" slack="0"/>
<pin id="211" dir="1" index="2" bw="4" slack="1"/>
</pin_list>
<bind>
<opcode="read(1150) " fcode="read"/>
<opset="c_1_1_read/1 "/>
</bind>
</comp>

<comp id="214" class="1004" name="c_1_2_read_read_fu_214">
<pin_list>
<pin id="215" dir="0" index="0" bw="4" slack="0"/>
<pin id="216" dir="0" index="1" bw="4" slack="0"/>
<pin id="217" dir="1" index="2" bw="4" slack="1"/>
</pin_list>
<bind>
<opcode="read(1150) " fcode="read"/>
<opset="c_1_2_read/1 "/>
</bind>
</comp>

<comp id="220" class="1004" name="c_2_0_read_read_fu_220">
<pin_list>
<pin id="221" dir="0" index="0" bw="4" slack="0"/>
<pin id="222" dir="0" index="1" bw="4" slack="0"/>
<pin id="223" dir="1" index="2" bw="4" slack="1"/>
</pin_list>
<bind>
<opcode="read(1150) " fcode="read"/>
<opset="c_2_0_read/1 "/>
</bind>
</comp>

<comp id="226" class="1004" name="c_2_1_read_read_fu_226">
<pin_list>
<pin id="227" dir="0" index="0" bw="4" slack="0"/>
<pin id="228" dir="0" index="1" bw="4" slack="0"/>
<pin id="229" dir="1" index="2" bw="4" slack="1"/>
</pin_list>
<bind>
<opcode="read(1150) " fcode="read"/>
<opset="c_2_1_read/1 "/>
</bind>
</comp>

<comp id="232" class="1004" name="c_2_2_read_read_fu_232">
<pin_list>
<pin id="233" dir="0" index="0" bw="4" slack="0"/>
<pin id="234" dir="0" index="1" bw="4" slack="0"/>
<pin id="235" dir="1" index="2" bw="4" slack="1"/>
</pin_list>
<bind>
<opcode="read(1150) " fcode="read"/>
<opset="c_2_2_read/1 "/>
</bind>
</comp>

<comp id="238" class="1004" name="mul_ln43_fu_238">
<pin_list>
<pin id="239" dir="0" index="0" bw="4" slack="0"/>
<pin id="240" dir="0" index="1" bw="4" slack="0"/>
<pin id="241" dir="1" index="2" bw="4" slack="1"/>
</pin_list>
<bind>
<opcode="mul(12) " fcode="mul"/>
<opset="mul_ln43/1 "/>
</bind>
</comp>

<comp id="244" class="1004" name="mul_ln43_1_fu_244">
<pin_list>
<pin id="245" dir="0" index="0" bw="4" slack="0"/>
<pin id="246" dir="0" index="1" bw="4" slack="0"/>
<pin id="247" dir="1" index="2" bw="4" slack="0"/>
</pin_list>
<bind>
<opcode="mul(12) " fcode="mul"/>
<opset="mul_ln43_1/1 "/>
</bind>
</comp>

<comp id="250" class="1004" name="mul_ln43_2_fu_250">
<pin_list>
<pin id="251" dir="0" index="0" bw="4" slack="0"/>
<pin id="252" dir="0" index="1" bw="4" slack="0"/>
<pin id="253" dir="1" index="2" bw="4" slack="0"/>
</pin_list>
<bind>
<opcode="mul(12) " fcode="mul"/>
<opset="mul_ln43_2/1 "/>
</bind>
</comp>

<comp id="256" class="1004" name="mul_ln43_3_fu_256">
<pin_list>
<pin id="257" dir="0" index="0" bw="4" slack="0"/>
<pin id="258" dir="0" index="1" bw="4" slack="0"/>
<pin id="259" dir="1" index="2" bw="4" slack="1"/>
</pin_list>
<bind>
<opcode="mul(12) " fcode="mul"/>
<opset="mul_ln43_3/1 "/>
</bind>
</comp>

<comp id="262" class="1004" name="mul_ln43_4_fu_262">
<pin_list>
<pin id="263" dir="0" index="0" bw="4" slack="0"/>
<pin id="264" dir="0" index="1" bw="4" slack="0"/>
<pin id="265" dir="1" index="2" bw="4" slack="0"/>
</pin_list>
<bind>
<opcode="mul(12) " fcode="mul"/>
<opset="mul_ln43_4/1 "/>
</bind>
</comp>

<comp id="268" class="1004" name="mul_ln43_5_fu_268">
<pin_list>
<pin id="269" dir="0" index="0" bw="4" slack="0"/>
<pin id="270" dir="0" index="1" bw="4" slack="0"/>
<pin id="271" dir="1" index="2" bw="4" slack="0"/>
</pin_list>
<bind>
<opcode="mul(12) " fcode="mul"/>
<opset="mul_ln43_5/1 "/>
</bind>
</comp>

<comp id="274" class="1004" name="mul_ln43_6_fu_274">
<pin_list>
<pin id="275" dir="0" index="0" bw="4" slack="0"/>
<pin id="276" dir="0" index="1" bw="4" slack="0"/>
<pin id="277" dir="1" index="2" bw="4" slack="1"/>
</pin_list>
<bind>
<opcode="mul(12) " fcode="mul"/>
<opset="mul_ln43_6/1 "/>
</bind>
</comp>

<comp id="280" class="1004" name="mul_ln43_7_fu_280">
<pin_list>
<pin id="281" dir="0" index="0" bw="4" slack="0"/>
<pin id="282" dir="0" index="1" bw="4" slack="0"/>
<pin id="283" dir="1" index="2" bw="4" slack="0"/>
</pin_list>
<bind>
<opcode="mul(12) " fcode="mul"/>
<opset="mul_ln43_7/1 "/>
</bind>
</comp>

<comp id="286" class="1004" name="mul_ln43_8_fu_286">
<pin_list>
<pin id="287" dir="0" index="0" bw="4" slack="0"/>
<pin id="288" dir="0" index="1" bw="4" slack="0"/>
<pin id="289" dir="1" index="2" bw="4" slack="0"/>
</pin_list>
<bind>
<opcode="mul(12) " fcode="mul"/>
<opset="mul_ln43_8/1 "/>
</bind>
</comp>

<comp id="292" class="1004" name="mul_ln43_9_fu_292">
<pin_list>
<pin id="293" dir="0" index="0" bw="4" slack="0"/>
<pin id="294" dir="0" index="1" bw="4" slack="0"/>
<pin id="295" dir="1" index="2" bw="4" slack="1"/>
</pin_list>
<bind>
<opcode="mul(12) " fcode="mul"/>
<opset="mul_ln43_9/1 "/>
</bind>
</comp>

<comp id="298" class="1004" name="mul_ln43_10_fu_298">
<pin_list>
<pin id="299" dir="0" index="0" bw="4" slack="0"/>
<pin id="300" dir="0" index="1" bw="4" slack="0"/>
<pin id="301" dir="1" index="2" bw="4" slack="0"/>
</pin_list>
<bind>
<opcode="mul(12) " fcode="mul"/>
<opset="mul_ln43_10/1 "/>
</bind>
</comp>

<comp id="304" class="1004" name="mul_ln43_11_fu_304">
<pin_list>
<pin id="305" dir="0" index="0" bw="4" slack="0"/>
<pin id="306" dir="0" index="1" bw="4" slack="0"/>
<pin id="307" dir="1" index="2" bw="4" slack="0"/>
</pin_list>
<bind>
<opcode="mul(12) " fcode="mul"/>
<opset="mul_ln43_11/1 "/>
</bind>
</comp>

<comp id="310" class="1004" name="mul_ln43_12_fu_310">
<pin_list>
<pin id="311" dir="0" index="0" bw="4" slack="0"/>
<pin id="312" dir="0" index="1" bw="4" slack="0"/>
<pin id="313" dir="1" index="2" bw="4" slack="1"/>
</pin_list>
<bind>
<opcode="mul(12) " fcode="mul"/>
<opset="mul_ln43_12/1 "/>
</bind>
</comp>

<comp id="316" class="1004" name="mul_ln43_13_fu_316">
<pin_list>
<pin id="317" dir="0" index="0" bw="4" slack="0"/>
<pin id="318" dir="0" index="1" bw="4" slack="0"/>
<pin id="319" dir="1" index="2" bw="4" slack="0"/>
</pin_list>
<bind>
<opcode="mul(12) " fcode="mul"/>
<opset="mul_ln43_13/1 "/>
</bind>
</comp>

<comp id="322" class="1004" name="mul_ln43_14_fu_322">
<pin_list>
<pin id="323" dir="0" index="0" bw="4" slack="0"/>
<pin id="324" dir="0" index="1" bw="4" slack="0"/>
<pin id="325" dir="1" index="2" bw="4" slack="0"/>
</pin_list>
<bind>
<opcode="mul(12) " fcode="mul"/>
<opset="mul_ln43_14/1 "/>
</bind>
</comp>

<comp id="328" class="1004" name="mul_ln43_15_fu_328">
<pin_list>
<pin id="329" dir="0" index="0" bw="4" slack="0"/>
<pin id="330" dir="0" index="1" bw="4" slack="0"/>
<pin id="331" dir="1" index="2" bw="4" slack="1"/>
</pin_list>
<bind>
<opcode="mul(12) " fcode="mul"/>
<opset="mul_ln43_15/1 "/>
</bind>
</comp>

<comp id="334" class="1004" name="mul_ln43_16_fu_334">
<pin_list>
<pin id="335" dir="0" index="0" bw="4" slack="0"/>
<pin id="336" dir="0" index="1" bw="4" slack="0"/>
<pin id="337" dir="1" index="2" bw="4" slack="0"/>
</pin_list>
<bind>
<opcode="mul(12) " fcode="mul"/>
<opset="mul_ln43_16/1 "/>
</bind>
</comp>

<comp id="340" class="1004" name="mul_ln43_17_fu_340">
<pin_list>
<pin id="341" dir="0" index="0" bw="4" slack="0"/>
<pin id="342" dir="0" index="1" bw="4" slack="0"/>
<pin id="343" dir="1" index="2" bw="4" slack="0"/>
</pin_list>
<bind>
<opcode="mul(12) " fcode="mul"/>
<opset="mul_ln43_17/1 "/>
</bind>
</comp>

<comp id="346" class="1004" name="mul_ln43_18_fu_346">
<pin_list>
<pin id="347" dir="0" index="0" bw="4" slack="0"/>
<pin id="348" dir="0" index="1" bw="4" slack="0"/>
<pin id="349" dir="1" index="2" bw="4" slack="0"/>
</pin_list>
<bind>
<opcode="mul(12) " fcode="mul"/>
<opset="mul_ln43_18/1 "/>
</bind>
</comp>

<comp id="352" class="1004" name="mul_ln43_19_fu_352">
<pin_list>
<pin id="353" dir="0" index="0" bw="4" slack="0"/>
<pin id="354" dir="0" index="1" bw="4" slack="0"/>
<pin id="355" dir="1" index="2" bw="4" slack="1"/>
</pin_list>
<bind>
<opcode="mul(12) " fcode="mul"/>
<opset="mul_ln43_19/1 "/>
</bind>
</comp>

<comp id="358" class="1004" name="mul_ln43_20_fu_358">
<pin_list>
<pin id="359" dir="0" index="0" bw="4" slack="0"/>
<pin id="360" dir="0" index="1" bw="4" slack="0"/>
<pin id="361" dir="1" index="2" bw="4" slack="0"/>
</pin_list>
<bind>
<opcode="mul(12) " fcode="mul"/>
<opset="mul_ln43_20/1 "/>
</bind>
</comp>

<comp id="364" class="1004" name="mul_ln43_21_fu_364">
<pin_list>
<pin id="365" dir="0" index="0" bw="4" slack="0"/>
<pin id="366" dir="0" index="1" bw="4" slack="0"/>
<pin id="367" dir="1" index="2" bw="4" slack="0"/>
</pin_list>
<bind>
<opcode="mul(12) " fcode="mul"/>
<opset="mul_ln43_21/1 "/>
</bind>
</comp>

<comp id="370" class="1004" name="mul_ln43_22_fu_370">
<pin_list>
<pin id="371" dir="0" index="0" bw="4" slack="0"/>
<pin id="372" dir="0" index="1" bw="4" slack="0"/>
<pin id="373" dir="1" index="2" bw="4" slack="1"/>
</pin_list>
<bind>
<opcode="mul(12) " fcode="mul"/>
<opset="mul_ln43_22/1 "/>
</bind>
</comp>

<comp id="376" class="1004" name="mul_ln43_23_fu_376">
<pin_list>
<pin id="377" dir="0" index="0" bw="4" slack="0"/>
<pin id="378" dir="0" index="1" bw="4" slack="0"/>
<pin id="379" dir="1" index="2" bw="4" slack="0"/>
</pin_list>
<bind>
<opcode="mul(12) " fcode="mul"/>
<opset="mul_ln43_23/1 "/>
</bind>
</comp>

<comp id="382" class="1004" name="mul_ln43_24_fu_382">
<pin_list>
<pin id="383" dir="0" index="0" bw="4" slack="0"/>
<pin id="384" dir="0" index="1" bw="4" slack="0"/>
<pin id="385" dir="1" index="2" bw="4" slack="1"/>
</pin_list>
<bind>
<opcode="mul(12) " fcode="mul"/>
<opset="mul_ln43_24/1 "/>
</bind>
</comp>

<comp id="388" class="1004" name="mul_ln43_25_fu_388">
<pin_list>
<pin id="389" dir="0" index="0" bw="4" slack="0"/>
<pin id="390" dir="0" index="1" bw="4" slack="0"/>
<pin id="391" dir="1" index="2" bw="4" slack="0"/>
</pin_list>
<bind>
<opcode="mul(12) " fcode="mul"/>
<opset="mul_ln43_25/1 "/>
</bind>
</comp>

<comp id="394" class="1004" name="mul_ln43_26_fu_394">
<pin_list>
<pin id="395" dir="0" index="0" bw="4" slack="0"/>
<pin id="396" dir="0" index="1" bw="4" slack="0"/>
<pin id="397" dir="1" index="2" bw="4" slack="0"/>
</pin_list>
<bind>
<opcode="mul(12) " fcode="mul"/>
<opset="mul_ln43_26/1 "/>
</bind>
</comp>

<comp id="400" class="1004" name="add_ln59_1_fu_400">
<pin_list>
<pin id="401" dir="0" index="0" bw="4" slack="0"/>
<pin id="402" dir="0" index="1" bw="4" slack="0"/>
<pin id="403" dir="1" index="2" bw="4" slack="1"/>
</pin_list>
<bind>
<opcode="add(8) " fcode="add"/>
<opset="add_ln59_1/1 "/>
</bind>
</comp>

<comp id="406" class="1004" name="add_ln59_7_fu_406">
<pin_list>
<pin id="407" dir="0" index="0" bw="4" slack="0"/>
<pin id="408" dir="0" index="1" bw="4" slack="0"/>
<pin id="409" dir="1" index="2" bw="4" slack="1"/>
</pin_list>
<bind>
<opcode="add(8) " fcode="add"/>
<opset="add_ln59_7/1 "/>
</bind>
</comp>

<comp id="412" class="1004" name="add_ln59_10_fu_412">
<pin_list>
<pin id="413" dir="0" index="0" bw="4" slack="0"/>
<pin id="414" dir="0" index="1" bw="4" slack="0"/>
<pin id="415" dir="1" index="2" bw="4" slack="1"/>
</pin_list>
<bind>
<opcode="add(8) " fcode="add"/>
<opset="add_ln59_10/1 "/>
</bind>
</comp>

<comp id="418" class="1004" name="add_ln59_13_fu_418">
<pin_list>
<pin id="419" dir="0" index="0" bw="4" slack="0"/>
<pin id="420" dir="0" index="1" bw="4" slack="0"/>
<pin id="421" dir="1" index="2" bw="4" slack="1"/>
</pin_list>
<bind>
<opcode="add(8) " fcode="add"/>
<opset="add_ln59_13/1 "/>
</bind>
</comp>

<comp id="424" class="1004" name="add_ln59_15_fu_424">
<pin_list>
<pin id="425" dir="0" index="0" bw="4" slack="0"/>
<pin id="426" dir="0" index="1" bw="4" slack="0"/>
<pin id="427" dir="1" index="2" bw="4" slack="1"/>
</pin_list>
<bind>
<opcode="add(8) " fcode="add"/>
<opset="add_ln59_15/1 "/>
</bind>
</comp>

<comp id="430" class="1004" name="add_ln59_17_fu_430">
<pin_list>
<pin id="431" dir="0" index="0" bw="4" slack="0"/>
<pin id="432" dir="0" index="1" bw="4" slack="0"/>
<pin id="433" dir="1" index="2" bw="4" slack="1"/>
</pin_list>
<bind>
<opcode="add(8) " fcode="add"/>
<opset="add_ln59_17/1 "/>
</bind>
</comp>

<comp id="436" class="1004" name="add_ln59_19_fu_436">
<pin_list>
<pin id="437" dir="0" index="0" bw="4" slack="0"/>
<pin id="438" dir="0" index="1" bw="4" slack="0"/>
<pin id="439" dir="1" index="2" bw="4" slack="1"/>
</pin_list>
<bind>
<opcode="add(8) " fcode="add"/>
<opset="add_ln59_19/1 "/>
</bind>
</comp>

<comp id="442" class="1004" name="add_ln59_22_fu_442">
<pin_list>
<pin id="443" dir="0" index="0" bw="4" slack="0"/>
<pin id="444" dir="0" index="1" bw="4" slack="0"/>
<pin id="445" dir="1" index="2" bw="4" slack="1"/>
</pin_list>
<bind>
<opcode="add(8) " fcode="add"/>
<opset="add_ln59_22/1 "/>
</bind>
</comp>

<comp id="448" class="1004" name="add_ln59_25_fu_448">
<pin_list>
<pin id="449" dir="0" index="0" bw="4" slack="0"/>
<pin id="450" dir="0" index="1" bw="4" slack="0"/>
<pin id="451" dir="1" index="2" bw="4" slack="1"/>
</pin_list>
<bind>
<opcode="add(8) " fcode="add"/>
<opset="add_ln59_25/1 "/>
</bind>
</comp>

<comp id="454" class="1004" name="add_ln59_fu_454">
<pin_list>
<pin id="455" dir="0" index="0" bw="4" slack="1"/>
<pin id="456" dir="0" index="1" bw="4" slack="1"/>
<pin id="457" dir="1" index="2" bw="4" slack="0"/>
</pin_list>
<bind>
<opcode="add(8) " fcode="add"/>
<opset="add_ln59/2 "/>
</bind>
</comp>

<comp id="458" class="1004" name="product1_fu_458">
<pin_list>
<pin id="459" dir="0" index="0" bw="4" slack="1"/>
<pin id="460" dir="0" index="1" bw="4" slack="0"/>
<pin id="461" dir="1" index="2" bw="4" slack="0"/>
</pin_list>
<bind>
<opcode="add(8) " fcode="add"/>
<opset="product1/2 "/>
</bind>
</comp>

<comp id="463" class="1004" name="add_ln59_6_fu_463">
<pin_list>
<pin id="464" dir="0" index="0" bw="4" slack="1"/>
<pin id="465" dir="0" index="1" bw="4" slack="1"/>
<pin id="466" dir="1" index="2" bw="4" slack="0"/>
</pin_list>
<bind>
<opcode="add(8) " fcode="add"/>
<opset="add_ln59_6/2 "/>
</bind>
</comp>

<comp id="467" class="1004" name="product1_2_fu_467">
<pin_list>
<pin id="468" dir="0" index="0" bw="4" slack="1"/>
<pin id="469" dir="0" index="1" bw="4" slack="0"/>
<pin id="470" dir="1" index="2" bw="4" slack="0"/>
</pin_list>
<bind>
<opcode="add(8) " fcode="add"/>
<opset="product1_2/2 "/>
</bind>
</comp>

<comp id="472" class="1004" name="add_ln59_9_fu_472">
<pin_list>
<pin id="473" dir="0" index="0" bw="4" slack="1"/>
<pin id="474" dir="0" index="1" bw="4" slack="1"/>
<pin id="475" dir="1" index="2" bw="4" slack="0"/>
</pin_list>
<bind>
<opcode="add(8) " fcode="add"/>
<opset="add_ln59_9/2 "/>
</bind>
</comp>

<comp id="476" class="1004" name="product1_4_fu_476">
<pin_list>
<pin id="477" dir="0" index="0" bw="4" slack="1"/>
<pin id="478" dir="0" index="1" bw="4" slack="0"/>
<pin id="479" dir="1" index="2" bw="4" slack="0"/>
</pin_list>
<bind>
<opcode="add(8) " fcode="add"/>
<opset="product1_4/2 "/>
</bind>
</comp>

<comp id="481" class="1004" name="add_ln59_12_fu_481">
<pin_list>
<pin id="482" dir="0" index="0" bw="4" slack="1"/>
<pin id="483" dir="0" index="1" bw="4" slack="1"/>
<pin id="484" dir="1" index="2" bw="4" slack="0"/>
</pin_list>
<bind>
<opcode="add(8) " fcode="add"/>
<opset="add_ln59_12/2 "/>
</bind>
</comp>

<comp id="485" class="1004" name="add_ln59_3_fu_485">
<pin_list>
<pin id="486" dir="0" index="0" bw="4" slack="1"/>
<pin id="487" dir="0" index="1" bw="4" slack="0"/>
<pin id="488" dir="1" index="2" bw="4" slack="0"/>
</pin_list>
<bind>
<opcode="add(8) " fcode="add"/>
<opset="add_ln59_3/2 "/>
</bind>
</comp>

<comp id="490" class="1004" name="add_ln59_14_fu_490">
<pin_list>
<pin id="491" dir="0" index="0" bw="4" slack="1"/>
<pin id="492" dir="0" index="1" bw="4" slack="1"/>
<pin id="493" dir="1" index="2" bw="4" slack="0"/>
</pin_list>
<bind>
<opcode="add(8) " fcode="add"/>
<opset="add_ln59_14/2 "/>
</bind>
</comp>

<comp id="494" class="1004" name="add_ln59_4_fu_494">
<pin_list>
<pin id="495" dir="0" index="0" bw="4" slack="1"/>
<pin id="496" dir="0" index="1" bw="4" slack="0"/>
<pin id="497" dir="1" index="2" bw="4" slack="0"/>
</pin_list>
<bind>
<opcode="add(8) " fcode="add"/>
<opset="add_ln59_4/2 "/>
</bind>
</comp>

<comp id="499" class="1004" name="add_ln59_16_fu_499">
<pin_list>
<pin id="500" dir="0" index="0" bw="4" slack="1"/>
<pin id="501" dir="0" index="1" bw="4" slack="1"/>
<pin id="502" dir="1" index="2" bw="4" slack="0"/>
</pin_list>
<bind>
<opcode="add(8) " fcode="add"/>
<opset="add_ln59_16/2 "/>
</bind>
</comp>

<comp id="503" class="1004" name="add_ln59_5_fu_503">
<pin_list>
<pin id="504" dir="0" index="0" bw="4" slack="1"/>
<pin id="505" dir="0" index="1" bw="4" slack="0"/>
<pin id="506" dir="1" index="2" bw="4" slack="0"/>
</pin_list>
<bind>
<opcode="add(8) " fcode="add"/>
<opset="add_ln59_5/2 "/>
</bind>
</comp>

<comp id="508" class="1004" name="add_ln59_18_fu_508">
<pin_list>
<pin id="509" dir="0" index="0" bw="4" slack="1"/>
<pin id="510" dir="0" index="1" bw="4" slack="1"/>
<pin id="511" dir="1" index="2" bw="4" slack="0"/>
</pin_list>
<bind>
<opcode="add(8) " fcode="add"/>
<opset="add_ln59_18/2 "/>
</bind>
</comp>

<comp id="512" class="1004" name="product2_fu_512">
<pin_list>
<pin id="513" dir="0" index="0" bw="4" slack="1"/>
<pin id="514" dir="0" index="1" bw="4" slack="0"/>
<pin id="515" dir="1" index="2" bw="4" slack="1"/>
</pin_list>
<bind>
<opcode="add(8) " fcode="add"/>
<opset="product2/2 "/>
</bind>
</comp>

<comp id="517" class="1004" name="add_ln59_21_fu_517">
<pin_list>
<pin id="518" dir="0" index="0" bw="4" slack="1"/>
<pin id="519" dir="0" index="1" bw="4" slack="1"/>
<pin id="520" dir="1" index="2" bw="4" slack="0"/>
</pin_list>
<bind>
<opcode="add(8) " fcode="add"/>
<opset="add_ln59_21/2 "/>
</bind>
</comp>

<comp id="521" class="1004" name="product2_2_fu_521">
<pin_list>
<pin id="522" dir="0" index="0" bw="4" slack="1"/>
<pin id="523" dir="0" index="1" bw="4" slack="0"/>
<pin id="524" dir="1" index="2" bw="4" slack="1"/>
</pin_list>
<bind>
<opcode="add(8) " fcode="add"/>
<opset="product2_2/2 "/>
</bind>
</comp>

<comp id="526" class="1004" name="add_ln59_24_fu_526">
<pin_list>
<pin id="527" dir="0" index="0" bw="4" slack="1"/>
<pin id="528" dir="0" index="1" bw="4" slack="1"/>
<pin id="529" dir="1" index="2" bw="4" slack="0"/>
</pin_list>
<bind>
<opcode="add(8) " fcode="add"/>
<opset="add_ln59_24/2 "/>
</bind>
</comp>

<comp id="530" class="1004" name="product2_4_fu_530">
<pin_list>
<pin id="531" dir="0" index="0" bw="4" slack="1"/>
<pin id="532" dir="0" index="1" bw="4" slack="0"/>
<pin id="533" dir="1" index="2" bw="4" slack="0"/>
</pin_list>
<bind>
<opcode="add(8) " fcode="add"/>
<opset="product2_4/2 "/>
</bind>
</comp>

<comp id="535" class="1004" name="mul_ln20_fu_535">
<pin_list>
<pin id="536" dir="0" index="0" bw="4" slack="0"/>
<pin id="537" dir="0" index="1" bw="4" slack="0"/>
<pin id="538" dir="1" index="2" bw="4" slack="1"/>
</pin_list>
<bind>
<opcode="mul(12) " fcode="mul"/>
<opset="mul_ln20/2 "/>
</bind>
</comp>

<comp id="541" class="1004" name="product2_6_fu_541">
<pin_list>
<pin id="542" dir="0" index="0" bw="4" slack="0"/>
<pin id="543" dir="0" index="1" bw="4" slack="0"/>
<pin id="544" dir="1" index="2" bw="4" slack="1"/>
</pin_list>
<bind>
<opcode="mul(12) " fcode="mul"/>
<opset="product2_6/2 "/>
</bind>
</comp>

<comp id="547" class="1004" name="product1_7_fu_547">
<pin_list>
<pin id="548" dir="0" index="0" bw="4" slack="0"/>
<pin id="549" dir="0" index="1" bw="4" slack="0"/>
<pin id="550" dir="1" index="2" bw="4" slack="1"/>
</pin_list>
<bind>
<opcode="mul(12) " fcode="mul"/>
<opset="product1_7/2 "/>
</bind>
</comp>

<comp id="553" class="1004" name="product2_7_fu_553">
<pin_list>
<pin id="554" dir="0" index="0" bw="4" slack="0"/>
<pin id="555" dir="0" index="1" bw="4" slack="0"/>
<pin id="556" dir="1" index="2" bw="4" slack="1"/>
</pin_list>
<bind>
<opcode="mul(12) " fcode="mul"/>
<opset="product2_7/2 "/>
</bind>
</comp>

<comp id="559" class="1004" name="product1_8_fu_559">
<pin_list>
<pin id="560" dir="0" index="0" bw="4" slack="0"/>
<pin id="561" dir="0" index="1" bw="4" slack="0"/>
<pin id="562" dir="1" index="2" bw="4" slack="1"/>
</pin_list>
<bind>
<opcode="mul(12) " fcode="mul"/>
<opset="product1_8/2 "/>
</bind>
</comp>

<comp id="565" class="1004" name="mul_ln21_2_fu_565">
<pin_list>
<pin id="566" dir="0" index="0" bw="4" slack="0"/>
<pin id="567" dir="0" index="1" bw="4" slack="0"/>
<pin id="568" dir="1" index="2" bw="4" slack="1"/>
</pin_list>
<bind>
<opcode="mul(12) " fcode="mul"/>
<opset="mul_ln21_2/2 "/>
</bind>
</comp>

<comp id="571" class="1004" name="product1_6_fu_571">
<pin_list>
<pin id="572" dir="0" index="0" bw="4" slack="1"/>
<pin id="573" dir="0" index="1" bw="4" slack="1"/>
<pin id="574" dir="1" index="2" bw="4" slack="0"/>
</pin_list>
<bind>
<opcode="mul(12) " fcode="mul"/>
<opset="product1_6/3 "/>
</bind>
</comp>

<comp id="575" class="1004" name="product2_5_fu_575">
<pin_list>
<pin id="576" dir="0" index="0" bw="4" slack="1"/>
<pin id="577" dir="0" index="1" bw="4" slack="1"/>
<pin id="578" dir="1" index="2" bw="4" slack="1"/>
</pin_list>
<bind>
<opcode="mul(12) " fcode="mul"/>
<opset="product2_5/3 "/>
</bind>
</comp>

<comp id="579" class="1004" name="sub_ln23_fu_579">
<pin_list>
<pin id="580" dir="0" index="0" bw="4" slack="1"/>
<pin id="581" dir="0" index="1" bw="4" slack="1"/>
<pin id="582" dir="1" index="2" bw="4" slack="0"/>
</pin_list>
<bind>
<opcode="sub(10) " fcode="sub"/>
<opset="sub_ln23/3 "/>
</bind>
</comp>

<comp id="583" class="1004" name="sumpos_fu_583">
<pin_list>
<pin id="584" dir="0" index="0" bw="4" slack="0"/>
<pin id="585" dir="0" index="1" bw="4" slack="1"/>
<pin id="586" dir="1" index="2" bw="4" slack="0"/>
</pin_list>
<bind>
<opcode="mul(12) " fcode="mul"/>
<opset="sumpos/3 "/>
</bind>
</comp>

<comp id="588" class="1004" name="sub_ln23_1_fu_588">
<pin_list>
<pin id="589" dir="0" index="0" bw="4" slack="1"/>
<pin id="590" dir="0" index="1" bw="4" slack="1"/>
<pin id="591" dir="1" index="2" bw="4" slack="0"/>
</pin_list>
<bind>
<opcode="sub(10) " fcode="sub"/>
<opset="sub_ln23_1/3 "/>
</bind>
</comp>

<comp id="592" class="1004" name="sumpos_3_fu_592">
<pin_list>
<pin id="593" dir="0" index="0" bw="4" slack="0"/>
<pin id="594" dir="0" index="1" bw="4" slack="1"/>
<pin id="595" dir="1" index="2" bw="4" slack="1"/>
</pin_list>
<bind>
<opcode="mul(12) " fcode="mul"/>
<opset="sumpos_3/3 "/>
</bind>
</comp>

<comp id="597" class="1004" name="add_ln24_fu_597">
<pin_list>
<pin id="598" dir="0" index="0" bw="4" slack="0"/>
<pin id="599" dir="0" index="1" bw="4" slack="0"/>
<pin id="600" dir="1" index="2" bw="4" slack="1"/>
</pin_list>
<bind>
<opcode="add(8) " fcode="add"/>
<opset="add_ln24/3 "/>
</bind>
</comp>

<comp id="603" class="1004" name="sumneg_fu_603">
<pin_list>
<pin id="604" dir="0" index="0" bw="4" slack="1"/>
<pin id="605" dir="0" index="1" bw="4" slack="1"/>
<pin id="606" dir="1" index="2" bw="4" slack="0"/>
</pin_list>
<bind>
<opcode="add(8) " fcode="add"/>
<opset="sumneg/4 "/>
</bind>
</comp>

<comp id="607" class="1004" name="sum_fu_607">
<pin_list>
<pin id="608" dir="0" index="0" bw="4" slack="0"/>
<pin id="609" dir="0" index="1" bw="4" slack="1"/>
<pin id="610" dir="1" index="2" bw="4" slack="0"/>
</pin_list>
<bind>
<opcode="sub(10) " fcode="sub"/>
<opset="sum/4 "/>
</bind>
</comp>

<comp id="612" class="1004" name="sext_ln89_fu_612">
<pin_list>
<pin id="613" dir="0" index="0" bw="4" slack="0"/>
<pin id="614" dir="1" index="1" bw="32" slack="2147483647"/>
</pin_list>
<bind>
<opcode="sext(35) " fcode="sext"/>
<opset="sext_ln89/4 "/>
</bind>
</comp>

<comp id="616" class="1005" name="mul_ln43_reg_616">
<pin_list>
<pin id="617" dir="0" index="0" bw="4" slack="1"/>
<pin id="618" dir="1" index="1" bw="4" slack="1"/>
</pin_list>
<bind>
<opset="mul_ln43 "/>
</bind>
</comp>

<comp id="621" class="1005" name="mul_ln43_3_reg_621">
<pin_list>
<pin id="622" dir="0" index="0" bw="4" slack="1"/>
<pin id="623" dir="1" index="1" bw="4" slack="1"/>
</pin_list>
<bind>
<opset="mul_ln43_3 "/>
</bind>
</comp>

<comp id="626" class="1005" name="mul_ln43_6_reg_626">
<pin_list>
<pin id="627" dir="0" index="0" bw="4" slack="1"/>
<pin id="628" dir="1" index="1" bw="4" slack="1"/>
</pin_list>
<bind>
<opset="mul_ln43_6 "/>
</bind>
</comp>

<comp id="631" class="1005" name="mul_ln43_9_reg_631">
<pin_list>
<pin id="632" dir="0" index="0" bw="4" slack="1"/>
<pin id="633" dir="1" index="1" bw="4" slack="1"/>
</pin_list>
<bind>
<opset="mul_ln43_9 "/>
</bind>
</comp>

<comp id="636" class="1005" name="mul_ln43_12_reg_636">
<pin_list>
<pin id="637" dir="0" index="0" bw="4" slack="1"/>
<pin id="638" dir="1" index="1" bw="4" slack="1"/>
</pin_list>
<bind>
<opset="mul_ln43_12 "/>
</bind>
</comp>

<comp id="641" class="1005" name="mul_ln43_15_reg_641">
<pin_list>
<pin id="642" dir="0" index="0" bw="4" slack="1"/>
<pin id="643" dir="1" index="1" bw="4" slack="1"/>
</pin_list>
<bind>
<opset="mul_ln43_15 "/>
</bind>
</comp>

<comp id="646" class="1005" name="mul_ln43_19_reg_646">
<pin_list>
<pin id="647" dir="0" index="0" bw="4" slack="1"/>
<pin id="648" dir="1" index="1" bw="4" slack="1"/>
</pin_list>
<bind>
<opset="mul_ln43_19 "/>
</bind>
</comp>

<comp id="651" class="1005" name="mul_ln43_22_reg_651">
<pin_list>
<pin id="652" dir="0" index="0" bw="4" slack="1"/>
<pin id="653" dir="1" index="1" bw="4" slack="1"/>
</pin_list>
<bind>
<opset="mul_ln43_22 "/>
</bind>
</comp>

<comp id="656" class="1005" name="mul_ln43_24_reg_656">
<pin_list>
<pin id="657" dir="0" index="0" bw="4" slack="1"/>
<pin id="658" dir="1" index="1" bw="4" slack="1"/>
</pin_list>
<bind>
<opset="mul_ln43_24 "/>
</bind>
</comp>

<comp id="661" class="1005" name="c_0_0_read_reg_661">
<pin_list>
<pin id="662" dir="0" index="0" bw="4" slack="1"/>
<pin id="663" dir="1" index="1" bw="4" slack="1"/>
</pin_list>
<bind>
<opset="c_0_0_read "/>
</bind>
</comp>

<comp id="666" class="1005" name="add_ln59_1_reg_666">
<pin_list>
<pin id="667" dir="0" index="0" bw="4" slack="1"/>
<pin id="668" dir="1" index="1" bw="4" slack="1"/>
</pin_list>
<bind>
<opset="add_ln59_1 "/>
</bind>
</comp>

<comp id="671" class="1005" name="c_0_1_read_reg_671">
<pin_list>
<pin id="672" dir="0" index="0" bw="4" slack="1"/>
<pin id="673" dir="1" index="1" bw="4" slack="1"/>
</pin_list>
<bind>
<opset="c_0_1_read "/>
</bind>
</comp>

<comp id="676" class="1005" name="add_ln59_7_reg_676">
<pin_list>
<pin id="677" dir="0" index="0" bw="4" slack="1"/>
<pin id="678" dir="1" index="1" bw="4" slack="1"/>
</pin_list>
<bind>
<opset="add_ln59_7 "/>
</bind>
</comp>

<comp id="681" class="1005" name="c_0_2_read_reg_681">
<pin_list>
<pin id="682" dir="0" index="0" bw="4" slack="1"/>
<pin id="683" dir="1" index="1" bw="4" slack="1"/>
</pin_list>
<bind>
<opset="c_0_2_read "/>
</bind>
</comp>

<comp id="686" class="1005" name="add_ln59_10_reg_686">
<pin_list>
<pin id="687" dir="0" index="0" bw="4" slack="1"/>
<pin id="688" dir="1" index="1" bw="4" slack="1"/>
</pin_list>
<bind>
<opset="add_ln59_10 "/>
</bind>
</comp>

<comp id="691" class="1005" name="c_1_0_read_reg_691">
<pin_list>
<pin id="692" dir="0" index="0" bw="4" slack="1"/>
<pin id="693" dir="1" index="1" bw="4" slack="1"/>
</pin_list>
<bind>
<opset="c_1_0_read "/>
</bind>
</comp>

<comp id="696" class="1005" name="add_ln59_13_reg_696">
<pin_list>
<pin id="697" dir="0" index="0" bw="4" slack="1"/>
<pin id="698" dir="1" index="1" bw="4" slack="1"/>
</pin_list>
<bind>
<opset="add_ln59_13 "/>
</bind>
</comp>

<comp id="701" class="1005" name="c_1_1_read_reg_701">
<pin_list>
<pin id="702" dir="0" index="0" bw="4" slack="1"/>
<pin id="703" dir="1" index="1" bw="4" slack="1"/>
</pin_list>
<bind>
<opset="c_1_1_read "/>
</bind>
</comp>

<comp id="706" class="1005" name="add_ln59_15_reg_706">
<pin_list>
<pin id="707" dir="0" index="0" bw="4" slack="1"/>
<pin id="708" dir="1" index="1" bw="4" slack="1"/>
</pin_list>
<bind>
<opset="add_ln59_15 "/>
</bind>
</comp>

<comp id="711" class="1005" name="c_1_2_read_reg_711">
<pin_list>
<pin id="712" dir="0" index="0" bw="4" slack="1"/>
<pin id="713" dir="1" index="1" bw="4" slack="1"/>
</pin_list>
<bind>
<opset="c_1_2_read "/>
</bind>
</comp>

<comp id="716" class="1005" name="add_ln59_17_reg_716">
<pin_list>
<pin id="717" dir="0" index="0" bw="4" slack="1"/>
<pin id="718" dir="1" index="1" bw="4" slack="1"/>
</pin_list>
<bind>
<opset="add_ln59_17 "/>
</bind>
</comp>

<comp id="721" class="1005" name="c_2_0_read_reg_721">
<pin_list>
<pin id="722" dir="0" index="0" bw="4" slack="1"/>
<pin id="723" dir="1" index="1" bw="4" slack="1"/>
</pin_list>
<bind>
<opset="c_2_0_read "/>
</bind>
</comp>

<comp id="726" class="1005" name="add_ln59_19_reg_726">
<pin_list>
<pin id="727" dir="0" index="0" bw="4" slack="1"/>
<pin id="728" dir="1" index="1" bw="4" slack="1"/>
</pin_list>
<bind>
<opset="add_ln59_19 "/>
</bind>
</comp>

<comp id="731" class="1005" name="c_2_1_read_reg_731">
<pin_list>
<pin id="732" dir="0" index="0" bw="4" slack="1"/>
<pin id="733" dir="1" index="1" bw="4" slack="1"/>
</pin_list>
<bind>
<opset="c_2_1_read "/>
</bind>
</comp>

<comp id="736" class="1005" name="add_ln59_22_reg_736">
<pin_list>
<pin id="737" dir="0" index="0" bw="4" slack="1"/>
<pin id="738" dir="1" index="1" bw="4" slack="1"/>
</pin_list>
<bind>
<opset="add_ln59_22 "/>
</bind>
</comp>

<comp id="741" class="1005" name="c_2_2_read_reg_741">
<pin_list>
<pin id="742" dir="0" index="0" bw="4" slack="1"/>
<pin id="743" dir="1" index="1" bw="4" slack="1"/>
</pin_list>
<bind>
<opset="c_2_2_read "/>
</bind>
</comp>

<comp id="746" class="1005" name="add_ln59_25_reg_746">
<pin_list>
<pin id="747" dir="0" index="0" bw="4" slack="1"/>
<pin id="748" dir="1" index="1" bw="4" slack="1"/>
</pin_list>
<bind>
<opset="add_ln59_25 "/>
</bind>
</comp>

<comp id="751" class="1005" name="add_ln59_3_reg_751">
<pin_list>
<pin id="752" dir="0" index="0" bw="4" slack="1"/>
<pin id="753" dir="1" index="1" bw="4" slack="1"/>
</pin_list>
<bind>
<opset="add_ln59_3 "/>
</bind>
</comp>

<comp id="756" class="1005" name="add_ln59_4_reg_756">
<pin_list>
<pin id="757" dir="0" index="0" bw="4" slack="1"/>
<pin id="758" dir="1" index="1" bw="4" slack="1"/>
</pin_list>
<bind>
<opset="add_ln59_4 "/>
</bind>
</comp>

<comp id="761" class="1005" name="product2_reg_761">
<pin_list>
<pin id="762" dir="0" index="0" bw="4" slack="1"/>
<pin id="763" dir="1" index="1" bw="4" slack="1"/>
</pin_list>
<bind>
<opset="product2 "/>
</bind>
</comp>

<comp id="766" class="1005" name="product2_2_reg_766">
<pin_list>
<pin id="767" dir="0" index="0" bw="4" slack="1"/>
<pin id="768" dir="1" index="1" bw="4" slack="1"/>
</pin_list>
<bind>
<opset="product2_2 "/>
</bind>
</comp>

<comp id="771" class="1005" name="mul_ln20_reg_771">
<pin_list>
<pin id="772" dir="0" index="0" bw="4" slack="1"/>
<pin id="773" dir="1" index="1" bw="4" slack="1"/>
</pin_list>
<bind>
<opset="mul_ln20 "/>
</bind>
</comp>

<comp id="776" class="1005" name="product2_6_reg_776">
<pin_list>
<pin id="777" dir="0" index="0" bw="4" slack="1"/>
<pin id="778" dir="1" index="1" bw="4" slack="1"/>
</pin_list>
<bind>
<opset="product2_6 "/>
</bind>
</comp>

<comp id="781" class="1005" name="product1_7_reg_781">
<pin_list>
<pin id="782" dir="0" index="0" bw="4" slack="1"/>
<pin id="783" dir="1" index="1" bw="4" slack="1"/>
</pin_list>
<bind>
<opset="product1_7 "/>
</bind>
</comp>

<comp id="786" class="1005" name="product2_7_reg_786">
<pin_list>
<pin id="787" dir="0" index="0" bw="4" slack="1"/>
<pin id="788" dir="1" index="1" bw="4" slack="1"/>
</pin_list>
<bind>
<opset="product2_7 "/>
</bind>
</comp>

<comp id="791" class="1005" name="product1_8_reg_791">
<pin_list>
<pin id="792" dir="0" index="0" bw="4" slack="1"/>
<pin id="793" dir="1" index="1" bw="4" slack="1"/>
</pin_list>
<bind>
<opset="product1_8 "/>
</bind>
</comp>

<comp id="796" class="1005" name="mul_ln21_2_reg_796">
<pin_list>
<pin id="797" dir="0" index="0" bw="4" slack="1"/>
<pin id="798" dir="1" index="1" bw="4" slack="1"/>
</pin_list>
<bind>
<opset="mul_ln21_2 "/>
</bind>
</comp>

<comp id="801" class="1005" name="product2_5_reg_801">
<pin_list>
<pin id="802" dir="0" index="0" bw="4" slack="1"/>
<pin id="803" dir="1" index="1" bw="4" slack="1"/>
</pin_list>
<bind>
<opset="product2_5 "/>
</bind>
</comp>

<comp id="806" class="1005" name="sumpos_3_reg_806">
<pin_list>
<pin id="807" dir="0" index="0" bw="4" slack="1"/>
<pin id="808" dir="1" index="1" bw="4" slack="1"/>
</pin_list>
<bind>
<opset="sumpos_3 "/>
</bind>
</comp>

<comp id="811" class="1005" name="add_ln24_reg_811">
<pin_list>
<pin id="812" dir="0" index="0" bw="4" slack="1"/>
<pin id="813" dir="1" index="1" bw="4" slack="1"/>
</pin_list>
<bind>
<opset="add_ln24 "/>
</bind>
</comp>

</comp_list>

<net_list>
<net id="80"><net_src comp="54" pin="0"/><net_sink comp="76" pin=0"/></net>

<net id="81"><net_src comp="0" pin="0"/><net_sink comp="76" pin=1"/></net>

<net id="86"><net_src comp="54" pin="0"/><net_sink comp="82" pin=0"/></net>

<net id="87"><net_src comp="18" pin="0"/><net_sink comp="82" pin=1"/></net>

<net id="92"><net_src comp="54" pin="0"/><net_sink comp="88" pin=0"/></net>

<net id="93"><net_src comp="2" pin="0"/><net_sink comp="88" pin=1"/></net>

<net id="98"><net_src comp="54" pin="0"/><net_sink comp="94" pin=0"/></net>

<net id="99"><net_src comp="24" pin="0"/><net_sink comp="94" pin=1"/></net>

<net id="104"><net_src comp="54" pin="0"/><net_sink comp="100" pin=0"/></net>

<net id="105"><net_src comp="4" pin="0"/><net_sink comp="100" pin=1"/></net>

<net id="110"><net_src comp="54" pin="0"/><net_sink comp="106" pin=0"/></net>

<net id="111"><net_src comp="30" pin="0"/><net_sink comp="106" pin=1"/></net>

<net id="116"><net_src comp="54" pin="0"/><net_sink comp="112" pin=0"/></net>

<net id="117"><net_src comp="20" pin="0"/><net_sink comp="112" pin=1"/></net>

<net id="122"><net_src comp="54" pin="0"/><net_sink comp="118" pin=0"/></net>

<net id="123"><net_src comp="26" pin="0"/><net_sink comp="118" pin=1"/></net>

<net id="128"><net_src comp="54" pin="0"/><net_sink comp="124" pin=0"/></net>

<net id="129"><net_src comp="32" pin="0"/><net_sink comp="124" pin=1"/></net>

<net id="134"><net_src comp="54" pin="0"/><net_sink comp="130" pin=0"/></net>

<net id="135"><net_src comp="22" pin="0"/><net_sink comp="130" pin=1"/></net>

<net id="140"><net_src comp="54" pin="0"/><net_sink comp="136" pin=0"/></net>

<net id="141"><net_src comp="28" pin="0"/><net_sink comp="136" pin=1"/></net>

<net id="146"><net_src comp="54" pin="0"/><net_sink comp="142" pin=0"/></net>

<net id="147"><net_src comp="34" pin="0"/><net_sink comp="142" pin=1"/></net>

<net id="152"><net_src comp="54" pin="0"/><net_sink comp="148" pin=0"/></net>

<net id="153"><net_src comp="6" pin="0"/><net_sink comp="148" pin=1"/></net>

<net id="158"><net_src comp="54" pin="0"/><net_sink comp="154" pin=0"/></net>

<net id="159"><net_src comp="8" pin="0"/><net_sink comp="154" pin=1"/></net>

<net id="164"><net_src comp="54" pin="0"/><net_sink comp="160" pin=0"/></net>

<net id="165"><net_src comp="10" pin="0"/><net_sink comp="160" pin=1"/></net>

<net id="170"><net_src comp="54" pin="0"/><net_sink comp="166" pin=0"/></net>

<net id="171"><net_src comp="12" pin="0"/><net_sink comp="166" pin=1"/></net>

<net id="176"><net_src comp="54" pin="0"/><net_sink comp="172" pin=0"/></net>

<net id="177"><net_src comp="14" pin="0"/><net_sink comp="172" pin=1"/></net>

<net id="182"><net_src comp="54" pin="0"/><net_sink comp="178" pin=0"/></net>

<net id="183"><net_src comp="16" pin="0"/><net_sink comp="178" pin=1"/></net>

<net id="188"><net_src comp="54" pin="0"/><net_sink comp="184" pin=0"/></net>

<net id="189"><net_src comp="36" pin="0"/><net_sink comp="184" pin=1"/></net>

<net id="194"><net_src comp="54" pin="0"/><net_sink comp="190" pin=0"/></net>

<net id="195"><net_src comp="38" pin="0"/><net_sink comp="190" pin=1"/></net>

<net id="200"><net_src comp="54" pin="0"/><net_sink comp="196" pin=0"/></net>

<net id="201"><net_src comp="40" pin="0"/><net_sink comp="196" pin=1"/></net>

<net id="206"><net_src comp="54" pin="0"/><net_sink comp="202" pin=0"/></net>

<net id="207"><net_src comp="42" pin="0"/><net_sink comp="202" pin=1"/></net>

<net id="212"><net_src comp="54" pin="0"/><net_sink comp="208" pin=0"/></net>

<net id="213"><net_src comp="44" pin="0"/><net_sink comp="208" pin=1"/></net>

<net id="218"><net_src comp="54" pin="0"/><net_sink comp="214" pin=0"/></net>

<net id="219"><net_src comp="46" pin="0"/><net_sink comp="214" pin=1"/></net>

<net id="224"><net_src comp="54" pin="0"/><net_sink comp="220" pin=0"/></net>

<net id="225"><net_src comp="48" pin="0"/><net_sink comp="220" pin=1"/></net>

<net id="230"><net_src comp="54" pin="0"/><net_sink comp="226" pin=0"/></net>

<net id="231"><net_src comp="50" pin="0"/><net_sink comp="226" pin=1"/></net>

<net id="236"><net_src comp="54" pin="0"/><net_sink comp="232" pin=0"/></net>

<net id="237"><net_src comp="52" pin="0"/><net_sink comp="232" pin=1"/></net>

<net id="242"><net_src comp="82" pin="2"/><net_sink comp="238" pin=0"/></net>

<net id="243"><net_src comp="76" pin="2"/><net_sink comp="238" pin=1"/></net>

<net id="248"><net_src comp="94" pin="2"/><net_sink comp="244" pin=0"/></net>

<net id="249"><net_src comp="88" pin="2"/><net_sink comp="244" pin=1"/></net>

<net id="254"><net_src comp="106" pin="2"/><net_sink comp="250" pin=0"/></net>

<net id="255"><net_src comp="100" pin="2"/><net_sink comp="250" pin=1"/></net>

<net id="260"><net_src comp="112" pin="2"/><net_sink comp="256" pin=0"/></net>

<net id="261"><net_src comp="76" pin="2"/><net_sink comp="256" pin=1"/></net>

<net id="266"><net_src comp="118" pin="2"/><net_sink comp="262" pin=0"/></net>

<net id="267"><net_src comp="88" pin="2"/><net_sink comp="262" pin=1"/></net>

<net id="272"><net_src comp="124" pin="2"/><net_sink comp="268" pin=0"/></net>

<net id="273"><net_src comp="100" pin="2"/><net_sink comp="268" pin=1"/></net>

<net id="278"><net_src comp="130" pin="2"/><net_sink comp="274" pin=0"/></net>

<net id="279"><net_src comp="76" pin="2"/><net_sink comp="274" pin=1"/></net>

<net id="284"><net_src comp="136" pin="2"/><net_sink comp="280" pin=0"/></net>

<net id="285"><net_src comp="88" pin="2"/><net_sink comp="280" pin=1"/></net>

<net id="290"><net_src comp="142" pin="2"/><net_sink comp="286" pin=0"/></net>

<net id="291"><net_src comp="100" pin="2"/><net_sink comp="286" pin=1"/></net>

<net id="296"><net_src comp="148" pin="2"/><net_sink comp="292" pin=0"/></net>

<net id="297"><net_src comp="82" pin="2"/><net_sink comp="292" pin=1"/></net>

<net id="302"><net_src comp="154" pin="2"/><net_sink comp="298" pin=0"/></net>

<net id="303"><net_src comp="94" pin="2"/><net_sink comp="298" pin=1"/></net>

<net id="308"><net_src comp="160" pin="2"/><net_sink comp="304" pin=0"/></net>

<net id="309"><net_src comp="106" pin="2"/><net_sink comp="304" pin=1"/></net>

<net id="314"><net_src comp="148" pin="2"/><net_sink comp="310" pin=0"/></net>

<net id="315"><net_src comp="112" pin="2"/><net_sink comp="310" pin=1"/></net>

<net id="320"><net_src comp="154" pin="2"/><net_sink comp="316" pin=0"/></net>

<net id="321"><net_src comp="118" pin="2"/><net_sink comp="316" pin=1"/></net>

<net id="326"><net_src comp="160" pin="2"/><net_sink comp="322" pin=0"/></net>

<net id="327"><net_src comp="124" pin="2"/><net_sink comp="322" pin=1"/></net>

<net id="332"><net_src comp="148" pin="2"/><net_sink comp="328" pin=0"/></net>

<net id="333"><net_src comp="130" pin="2"/><net_sink comp="328" pin=1"/></net>

<net id="338"><net_src comp="154" pin="2"/><net_sink comp="334" pin=0"/></net>

<net id="339"><net_src comp="136" pin="2"/><net_sink comp="334" pin=1"/></net>

<net id="344"><net_src comp="160" pin="2"/><net_sink comp="340" pin=0"/></net>

<net id="345"><net_src comp="142" pin="2"/><net_sink comp="340" pin=1"/></net>

<net id="350"><net_src comp="166" pin="2"/><net_sink comp="346" pin=0"/></net>

<net id="351"><net_src comp="82" pin="2"/><net_sink comp="346" pin=1"/></net>

<net id="356"><net_src comp="172" pin="2"/><net_sink comp="352" pin=0"/></net>

<net id="357"><net_src comp="94" pin="2"/><net_sink comp="352" pin=1"/></net>

<net id="362"><net_src comp="178" pin="2"/><net_sink comp="358" pin=0"/></net>

<net id="363"><net_src comp="106" pin="2"/><net_sink comp="358" pin=1"/></net>

<net id="368"><net_src comp="166" pin="2"/><net_sink comp="364" pin=0"/></net>

<net id="369"><net_src comp="112" pin="2"/><net_sink comp="364" pin=1"/></net>

<net id="374"><net_src comp="172" pin="2"/><net_sink comp="370" pin=0"/></net>

<net id="375"><net_src comp="118" pin="2"/><net_sink comp="370" pin=1"/></net>

<net id="380"><net_src comp="178" pin="2"/><net_sink comp="376" pin=0"/></net>

<net id="381"><net_src comp="124" pin="2"/><net_sink comp="376" pin=1"/></net>

<net id="386"><net_src comp="166" pin="2"/><net_sink comp="382" pin=0"/></net>

<net id="387"><net_src comp="130" pin="2"/><net_sink comp="382" pin=1"/></net>

<net id="392"><net_src comp="172" pin="2"/><net_sink comp="388" pin=0"/></net>

<net id="393"><net_src comp="136" pin="2"/><net_sink comp="388" pin=1"/></net>

<net id="398"><net_src comp="178" pin="2"/><net_sink comp="394" pin=0"/></net>

<net id="399"><net_src comp="142" pin="2"/><net_sink comp="394" pin=1"/></net>

<net id="404"><net_src comp="250" pin="2"/><net_sink comp="400" pin=0"/></net>

<net id="405"><net_src comp="244" pin="2"/><net_sink comp="400" pin=1"/></net>

<net id="410"><net_src comp="268" pin="2"/><net_sink comp="406" pin=0"/></net>

<net id="411"><net_src comp="262" pin="2"/><net_sink comp="406" pin=1"/></net>

<net id="416"><net_src comp="286" pin="2"/><net_sink comp="412" pin=0"/></net>

<net id="417"><net_src comp="280" pin="2"/><net_sink comp="412" pin=1"/></net>

<net id="422"><net_src comp="304" pin="2"/><net_sink comp="418" pin=0"/></net>

<net id="423"><net_src comp="298" pin="2"/><net_sink comp="418" pin=1"/></net>

<net id="428"><net_src comp="322" pin="2"/><net_sink comp="424" pin=0"/></net>

<net id="429"><net_src comp="316" pin="2"/><net_sink comp="424" pin=1"/></net>

<net id="434"><net_src comp="340" pin="2"/><net_sink comp="430" pin=0"/></net>

<net id="435"><net_src comp="334" pin="2"/><net_sink comp="430" pin=1"/></net>

<net id="440"><net_src comp="346" pin="2"/><net_sink comp="436" pin=0"/></net>

<net id="441"><net_src comp="358" pin="2"/><net_sink comp="436" pin=1"/></net>

<net id="446"><net_src comp="364" pin="2"/><net_sink comp="442" pin=0"/></net>

<net id="447"><net_src comp="376" pin="2"/><net_sink comp="442" pin=1"/></net>

<net id="452"><net_src comp="394" pin="2"/><net_sink comp="448" pin=0"/></net>

<net id="453"><net_src comp="388" pin="2"/><net_sink comp="448" pin=1"/></net>

<net id="462"><net_src comp="454" pin="2"/><net_sink comp="458" pin=1"/></net>

<net id="471"><net_src comp="463" pin="2"/><net_sink comp="467" pin=1"/></net>

<net id="480"><net_src comp="472" pin="2"/><net_sink comp="476" pin=1"/></net>

<net id="489"><net_src comp="481" pin="2"/><net_sink comp="485" pin=1"/></net>

<net id="498"><net_src comp="490" pin="2"/><net_sink comp="494" pin=1"/></net>

<net id="507"><net_src comp="499" pin="2"/><net_sink comp="503" pin=1"/></net>

<net id="516"><net_src comp="508" pin="2"/><net_sink comp="512" pin=1"/></net>

<net id="525"><net_src comp="517" pin="2"/><net_sink comp="521" pin=1"/></net>

<net id="534"><net_src comp="526" pin="2"/><net_sink comp="530" pin=1"/></net>

<net id="539"><net_src comp="458" pin="2"/><net_sink comp="535" pin=0"/></net>

<net id="540"><net_src comp="530" pin="2"/><net_sink comp="535" pin=1"/></net>

<net id="545"><net_src comp="494" pin="2"/><net_sink comp="541" pin=0"/></net>

<net id="546"><net_src comp="476" pin="2"/><net_sink comp="541" pin=1"/></net>

<net id="551"><net_src comp="503" pin="2"/><net_sink comp="547" pin=0"/></net>

<net id="552"><net_src comp="467" pin="2"/><net_sink comp="547" pin=1"/></net>

<net id="557"><net_src comp="503" pin="2"/><net_sink comp="553" pin=0"/></net>

<net id="558"><net_src comp="458" pin="2"/><net_sink comp="553" pin=1"/></net>

<net id="563"><net_src comp="485" pin="2"/><net_sink comp="559" pin=0"/></net>

<net id="564"><net_src comp="476" pin="2"/><net_sink comp="559" pin=1"/></net>

<net id="569"><net_src comp="467" pin="2"/><net_sink comp="565" pin=0"/></net>

<net id="570"><net_src comp="530" pin="2"/><net_sink comp="565" pin=1"/></net>

<net id="587"><net_src comp="579" pin="2"/><net_sink comp="583" pin=0"/></net>

<net id="596"><net_src comp="588" pin="2"/><net_sink comp="592" pin=0"/></net>

<net id="601"><net_src comp="583" pin="2"/><net_sink comp="597" pin=0"/></net>

<net id="602"><net_src comp="571" pin="2"/><net_sink comp="597" pin=1"/></net>

<net id="611"><net_src comp="603" pin="2"/><net_sink comp="607" pin=0"/></net>

<net id="615"><net_src comp="607" pin="2"/><net_sink comp="612" pin=0"/></net>

<net id="619"><net_src comp="238" pin="2"/><net_sink comp="616" pin=0"/></net>

<net id="620"><net_src comp="616" pin="1"/><net_sink comp="454" pin=1"/></net>

<net id="624"><net_src comp="256" pin="2"/><net_sink comp="621" pin=0"/></net>

<net id="625"><net_src comp="621" pin="1"/><net_sink comp="463" pin=1"/></net>

<net id="629"><net_src comp="274" pin="2"/><net_sink comp="626" pin=0"/></net>

<net id="630"><net_src comp="626" pin="1"/><net_sink comp="472" pin=1"/></net>

<net id="634"><net_src comp="292" pin="2"/><net_sink comp="631" pin=0"/></net>

<net id="635"><net_src comp="631" pin="1"/><net_sink comp="481" pin=1"/></net>

<net id="639"><net_src comp="310" pin="2"/><net_sink comp="636" pin=0"/></net>

<net id="640"><net_src comp="636" pin="1"/><net_sink comp="490" pin=1"/></net>

<net id="644"><net_src comp="328" pin="2"/><net_sink comp="641" pin=0"/></net>

<net id="645"><net_src comp="641" pin="1"/><net_sink comp="499" pin=1"/></net>

<net id="649"><net_src comp="352" pin="2"/><net_sink comp="646" pin=0"/></net>

<net id="650"><net_src comp="646" pin="1"/><net_sink comp="508" pin=1"/></net>

<net id="654"><net_src comp="370" pin="2"/><net_sink comp="651" pin=0"/></net>

<net id="655"><net_src comp="651" pin="1"/><net_sink comp="517" pin=1"/></net>

<net id="659"><net_src comp="382" pin="2"/><net_sink comp="656" pin=0"/></net>

<net id="660"><net_src comp="656" pin="1"/><net_sink comp="526" pin=1"/></net>

<net id="664"><net_src comp="184" pin="2"/><net_sink comp="661" pin=0"/></net>

<net id="665"><net_src comp="661" pin="1"/><net_sink comp="454" pin=0"/></net>

<net id="669"><net_src comp="400" pin="2"/><net_sink comp="666" pin=0"/></net>

<net id="670"><net_src comp="666" pin="1"/><net_sink comp="458" pin=0"/></net>

<net id="674"><net_src comp="190" pin="2"/><net_sink comp="671" pin=0"/></net>

<net id="675"><net_src comp="671" pin="1"/><net_sink comp="463" pin=0"/></net>

<net id="679"><net_src comp="406" pin="2"/><net_sink comp="676" pin=0"/></net>

<net id="680"><net_src comp="676" pin="1"/><net_sink comp="467" pin=0"/></net>

<net id="684"><net_src comp="196" pin="2"/><net_sink comp="681" pin=0"/></net>

<net id="685"><net_src comp="681" pin="1"/><net_sink comp="472" pin=0"/></net>

<net id="689"><net_src comp="412" pin="2"/><net_sink comp="686" pin=0"/></net>

<net id="690"><net_src comp="686" pin="1"/><net_sink comp="476" pin=0"/></net>

<net id="694"><net_src comp="202" pin="2"/><net_sink comp="691" pin=0"/></net>

<net id="695"><net_src comp="691" pin="1"/><net_sink comp="481" pin=0"/></net>

<net id="699"><net_src comp="418" pin="2"/><net_sink comp="696" pin=0"/></net>

<net id="700"><net_src comp="696" pin="1"/><net_sink comp="485" pin=0"/></net>

<net id="704"><net_src comp="208" pin="2"/><net_sink comp="701" pin=0"/></net>

<net id="705"><net_src comp="701" pin="1"/><net_sink comp="490" pin=0"/></net>

<net id="709"><net_src comp="424" pin="2"/><net_sink comp="706" pin=0"/></net>

<net id="710"><net_src comp="706" pin="1"/><net_sink comp="494" pin=0"/></net>

<net id="714"><net_src comp="214" pin="2"/><net_sink comp="711" pin=0"/></net>

<net id="715"><net_src comp="711" pin="1"/><net_sink comp="499" pin=0"/></net>

<net id="719"><net_src comp="430" pin="2"/><net_sink comp="716" pin=0"/></net>

<net id="720"><net_src comp="716" pin="1"/><net_sink comp="503" pin=0"/></net>

<net id="724"><net_src comp="220" pin="2"/><net_sink comp="721" pin=0"/></net>

<net id="725"><net_src comp="721" pin="1"/><net_sink comp="508" pin=0"/></net>

<net id="729"><net_src comp="436" pin="2"/><net_sink comp="726" pin=0"/></net>

<net id="730"><net_src comp="726" pin="1"/><net_sink comp="512" pin=0"/></net>

<net id="734"><net_src comp="226" pin="2"/><net_sink comp="731" pin=0"/></net>

<net id="735"><net_src comp="731" pin="1"/><net_sink comp="517" pin=0"/></net>

<net id="739"><net_src comp="442" pin="2"/><net_sink comp="736" pin=0"/></net>

<net id="740"><net_src comp="736" pin="1"/><net_sink comp="521" pin=0"/></net>

<net id="744"><net_src comp="232" pin="2"/><net_sink comp="741" pin=0"/></net>

<net id="745"><net_src comp="741" pin="1"/><net_sink comp="526" pin=0"/></net>

<net id="749"><net_src comp="448" pin="2"/><net_sink comp="746" pin=0"/></net>

<net id="750"><net_src comp="746" pin="1"/><net_sink comp="530" pin=0"/></net>

<net id="754"><net_src comp="485" pin="2"/><net_sink comp="751" pin=0"/></net>

<net id="755"><net_src comp="751" pin="1"/><net_sink comp="575" pin=1"/></net>

<net id="759"><net_src comp="494" pin="2"/><net_sink comp="756" pin=0"/></net>

<net id="760"><net_src comp="756" pin="1"/><net_sink comp="571" pin=1"/></net>

<net id="764"><net_src comp="512" pin="2"/><net_sink comp="761" pin=0"/></net>

<net id="765"><net_src comp="761" pin="1"/><net_sink comp="583" pin=1"/></net>

<net id="769"><net_src comp="521" pin="2"/><net_sink comp="766" pin=0"/></net>

<net id="770"><net_src comp="766" pin="1"/><net_sink comp="592" pin=1"/></net>

<net id="774"><net_src comp="535" pin="2"/><net_sink comp="771" pin=0"/></net>

<net id="775"><net_src comp="771" pin="1"/><net_sink comp="571" pin=0"/></net>

<net id="779"><net_src comp="541" pin="2"/><net_sink comp="776" pin=0"/></net>

<net id="780"><net_src comp="776" pin="1"/><net_sink comp="579" pin=1"/></net>

<net id="784"><net_src comp="547" pin="2"/><net_sink comp="781" pin=0"/></net>

<net id="785"><net_src comp="781" pin="1"/><net_sink comp="579" pin=0"/></net>

<net id="789"><net_src comp="553" pin="2"/><net_sink comp="786" pin=0"/></net>

<net id="790"><net_src comp="786" pin="1"/><net_sink comp="588" pin=1"/></net>

<net id="794"><net_src comp="559" pin="2"/><net_sink comp="791" pin=0"/></net>

<net id="795"><net_src comp="791" pin="1"/><net_sink comp="588" pin=0"/></net>

<net id="799"><net_src comp="565" pin="2"/><net_sink comp="796" pin=0"/></net>

<net id="800"><net_src comp="796" pin="1"/><net_sink comp="575" pin=0"/></net>

<net id="804"><net_src comp="575" pin="2"/><net_sink comp="801" pin=0"/></net>

<net id="805"><net_src comp="801" pin="1"/><net_sink comp="607" pin=1"/></net>

<net id="809"><net_src comp="592" pin="2"/><net_sink comp="806" pin=0"/></net>

<net id="810"><net_src comp="806" pin="1"/><net_sink comp="603" pin=1"/></net>

<net id="814"><net_src comp="597" pin="2"/><net_sink comp="811" pin=0"/></net>

<net id="815"><net_src comp="811" pin="1"/><net_sink comp="603" pin=0"/></net>

</net_list>

</model> 
---------------- Datapath Model END ------------------

* FSMD analyzer results:
  - Output states:
 - Input state : 
	Port: matrixcalc : a_0_0 | {1 }
	Port: matrixcalc : a_0_1 | {1 }
	Port: matrixcalc : a_0_2 | {1 }
	Port: matrixcalc : a_1_0 | {1 }
	Port: matrixcalc : a_1_1 | {1 }
	Port: matrixcalc : a_1_2 | {1 }
	Port: matrixcalc : a_2_0 | {1 }
	Port: matrixcalc : a_2_1 | {1 }
	Port: matrixcalc : a_2_2 | {1 }
	Port: matrixcalc : b_0_0 | {1 }
	Port: matrixcalc : b_0_1 | {1 }
	Port: matrixcalc : b_0_2 | {1 }
	Port: matrixcalc : b_1_0 | {1 }
	Port: matrixcalc : b_1_1 | {1 }
	Port: matrixcalc : b_1_2 | {1 }
	Port: matrixcalc : b_2_0 | {1 }
	Port: matrixcalc : b_2_1 | {1 }
	Port: matrixcalc : b_2_2 | {1 }
	Port: matrixcalc : c_0_0 | {1 }
	Port: matrixcalc : c_0_1 | {1 }
	Port: matrixcalc : c_0_2 | {1 }
	Port: matrixcalc : c_1_0 | {1 }
	Port: matrixcalc : c_1_1 | {1 }
	Port: matrixcalc : c_1_2 | {1 }
	Port: matrixcalc : c_2_0 | {1 }
	Port: matrixcalc : c_2_1 | {1 }
	Port: matrixcalc : c_2_2 | {1 }
  - Chain level:
	State 1
		add_ln59_1 : 1
		add_ln59_7 : 1
		add_ln59_10 : 1
		add_ln59_13 : 1
		add_ln59_15 : 1
		add_ln59_17 : 1
		add_ln59_19 : 1
		add_ln59_22 : 1
		add_ln59_25 : 1
	State 2
		product1 : 1
		product1_2 : 1
		product1_4 : 1
		add_ln59_3 : 1
		add_ln59_4 : 1
		add_ln59_5 : 1
		product2 : 1
		product2_2 : 1
		product2_4 : 1
		mul_ln20 : 2
		product2_6 : 2
		product1_7 : 2
		product2_7 : 2
		product1_8 : 2
		mul_ln21_2 : 2
	State 3
		sumpos : 1
		sumpos_3 : 1
		add_ln24 : 2
	State 4
		sum : 1
		sext_ln89 : 2
		ret_ln89 : 3


============================================================
+ Verbose Summary: Datapath Resource usage 
============================================================

* Functional unit list:
|----------|------------------------|---------|---------|---------|
| Operation|     Functional Unit    |   DSP   |    FF   |   LUT   |
|----------|------------------------|---------|---------|---------|
|          |     mul_ln43_fu_238    |    0    |    0    |    13   |
|          |    mul_ln43_1_fu_244   |    0    |    0    |    13   |
|          |    mul_ln43_2_fu_250   |    0    |    0    |    13   |
|          |    mul_ln43_3_fu_256   |    0    |    0    |    13   |
|          |    mul_ln43_4_fu_262   |    0    |    0    |    13   |
|          |    mul_ln43_5_fu_268   |    0    |    0    |    13   |
|          |    mul_ln43_6_fu_274   |    0    |    0    |    13   |
|          |    mul_ln43_7_fu_280   |    0    |    0    |    13   |
|          |    mul_ln43_8_fu_286   |    0    |    0    |    13   |
|          |    mul_ln43_9_fu_292   |    0    |    0    |    13   |
|          |   mul_ln43_10_fu_298   |    0    |    0    |    13   |
|          |   mul_ln43_11_fu_304   |    0    |    0    |    13   |
|          |   mul_ln43_12_fu_310   |    0    |    0    |    13   |
|          |   mul_ln43_13_fu_316   |    0    |    0    |    13   |
|          |   mul_ln43_14_fu_322   |    0    |    0    |    13   |
|          |   mul_ln43_15_fu_328   |    0    |    0    |    13   |
|          |   mul_ln43_16_fu_334   |    0    |    0    |    13   |
|          |   mul_ln43_17_fu_340   |    0    |    0    |    13   |
|    mul   |   mul_ln43_18_fu_346   |    0    |    0    |    13   |
|          |   mul_ln43_19_fu_352   |    0    |    0    |    13   |
|          |   mul_ln43_20_fu_358   |    0    |    0    |    13   |
|          |   mul_ln43_21_fu_364   |    0    |    0    |    13   |
|          |   mul_ln43_22_fu_370   |    0    |    0    |    13   |
|          |   mul_ln43_23_fu_376   |    0    |    0    |    13   |
|          |   mul_ln43_24_fu_382   |    0    |    0    |    13   |
|          |   mul_ln43_25_fu_388   |    0    |    0    |    13   |
|          |   mul_ln43_26_fu_394   |    0    |    0    |    13   |
|          |     mul_ln20_fu_535    |    0    |    0    |    13   |
|          |    product2_6_fu_541   |    0    |    0    |    13   |
|          |    product1_7_fu_547   |    0    |    0    |    13   |
|          |    product2_7_fu_553   |    0    |    0    |    13   |
|          |    product1_8_fu_559   |    0    |    0    |    13   |
|          |    mul_ln21_2_fu_565   |    0    |    0    |    13   |
|          |    product1_6_fu_571   |    0    |    0    |    13   |
|          |    product2_5_fu_575   |    0    |    0    |    13   |
|          |      sumpos_fu_583     |    0    |    0    |    13   |
|          |     sumpos_3_fu_592    |    0    |    0    |    13   |
|----------|------------------------|---------|---------|---------|
|          |    add_ln59_1_fu_400   |    0    |    0    |    13   |
|          |    add_ln59_7_fu_406   |    0    |    0    |    13   |
|          |   add_ln59_10_fu_412   |    0    |    0    |    13   |
|          |   add_ln59_13_fu_418   |    0    |    0    |    13   |
|          |   add_ln59_15_fu_424   |    0    |    0    |    13   |
|          |   add_ln59_17_fu_430   |    0    |    0    |    13   |
|          |   add_ln59_19_fu_436   |    0    |    0    |    13   |
|          |   add_ln59_22_fu_442   |    0    |    0    |    13   |
|          |   add_ln59_25_fu_448   |    0    |    0    |    13   |
|          |     add_ln59_fu_454    |    0    |    0    |    7    |
|          |     product1_fu_458    |    0    |    0    |    7    |
|          |    add_ln59_6_fu_463   |    0    |    0    |    7    |
|          |    product1_2_fu_467   |    0    |    0    |    7    |
|          |    add_ln59_9_fu_472   |    0    |    0    |    7    |
|    add   |    product1_4_fu_476   |    0    |    0    |    7    |
|          |   add_ln59_12_fu_481   |    0    |    0    |    7    |
|          |    add_ln59_3_fu_485   |    0    |    0    |    7    |
|          |   add_ln59_14_fu_490   |    0    |    0    |    7    |
|          |    add_ln59_4_fu_494   |    0    |    0    |    7    |
|          |   add_ln59_16_fu_499   |    0    |    0    |    7    |
|          |    add_ln59_5_fu_503   |    0    |    0    |    7    |
|          |   add_ln59_18_fu_508   |    0    |    0    |    7    |
|          |     product2_fu_512    |    0    |    0    |    7    |
|          |   add_ln59_21_fu_517   |    0    |    0    |    7    |
|          |    product2_2_fu_521   |    0    |    0    |    7    |
|          |   add_ln59_24_fu_526   |    0    |    0    |    7    |
|          |    product2_4_fu_530   |    0    |    0    |    7    |
|          |     add_ln24_fu_597    |    0    |    0    |    13   |
|          |      sumneg_fu_603     |    0    |    0    |    7    |
|----------|------------------------|---------|---------|---------|
|          |     sub_ln23_fu_579    |    0    |    0    |    13   |
|    sub   |    sub_ln23_1_fu_588   |    0    |    0    |    13   |
|          |       sum_fu_607       |    0    |    0    |    7    |
|----------|------------------------|---------|---------|---------|
|          |  a_0_0_read_read_fu_76 |    0    |    0    |    0    |
|          |  b_0_0_read_read_fu_82 |    0    |    0    |    0    |
|          |  a_0_1_read_read_fu_88 |    0    |    0    |    0    |
|          |  b_1_0_read_read_fu_94 |    0    |    0    |    0    |
|          | a_0_2_read_read_fu_100 |    0    |    0    |    0    |
|          | b_2_0_read_read_fu_106 |    0    |    0    |    0    |
|          | b_0_1_read_read_fu_112 |    0    |    0    |    0    |
|          | b_1_1_read_read_fu_118 |    0    |    0    |    0    |
|          | b_2_1_read_read_fu_124 |    0    |    0    |    0    |
|          | b_0_2_read_read_fu_130 |    0    |    0    |    0    |
|          | b_1_2_read_read_fu_136 |    0    |    0    |    0    |
|          | b_2_2_read_read_fu_142 |    0    |    0    |    0    |
|          | a_1_0_read_read_fu_148 |    0    |    0    |    0    |
|   read   | a_1_1_read_read_fu_154 |    0    |    0    |    0    |
|          | a_1_2_read_read_fu_160 |    0    |    0    |    0    |
|          | a_2_0_read_read_fu_166 |    0    |    0    |    0    |
|          | a_2_1_read_read_fu_172 |    0    |    0    |    0    |
|          | a_2_2_read_read_fu_178 |    0    |    0    |    0    |
|          | c_0_0_read_read_fu_184 |    0    |    0    |    0    |
|          | c_0_1_read_read_fu_190 |    0    |    0    |    0    |
|          | c_0_2_read_read_fu_196 |    0    |    0    |    0    |
|          | c_1_0_read_read_fu_202 |    0    |    0    |    0    |
|          | c_1_1_read_read_fu_208 |    0    |    0    |    0    |
|          | c_1_2_read_read_fu_214 |    0    |    0    |    0    |
|          | c_2_0_read_read_fu_220 |    0    |    0    |    0    |
|          | c_2_1_read_read_fu_226 |    0    |    0    |    0    |
|          | c_2_2_read_read_fu_232 |    0    |    0    |    0    |
|----------|------------------------|---------|---------|---------|
|   sext   |    sext_ln89_fu_612    |    0    |    0    |    0    |
|----------|------------------------|---------|---------|---------|
|   Total  |                        |    0    |    0    |   777   |
|----------|------------------------|---------|---------|---------|

Memories:
N/A

* Register list:
+-------------------+--------+
|                   |   FF   |
+-------------------+--------+
|  add_ln24_reg_811 |    4   |
|add_ln59_10_reg_686|    4   |
|add_ln59_13_reg_696|    4   |
|add_ln59_15_reg_706|    4   |
|add_ln59_17_reg_716|    4   |
|add_ln59_19_reg_726|    4   |
| add_ln59_1_reg_666|    4   |
|add_ln59_22_reg_736|    4   |
|add_ln59_25_reg_746|    4   |
| add_ln59_3_reg_751|    4   |
| add_ln59_4_reg_756|    4   |
| add_ln59_7_reg_676|    4   |
| c_0_0_read_reg_661|    4   |
| c_0_1_read_reg_671|    4   |
| c_0_2_read_reg_681|    4   |
| c_1_0_read_reg_691|    4   |
| c_1_1_read_reg_701|    4   |
| c_1_2_read_reg_711|    4   |
| c_2_0_read_reg_721|    4   |
| c_2_1_read_reg_731|    4   |
| c_2_2_read_reg_741|    4   |
|  mul_ln20_reg_771 |    4   |
| mul_ln21_2_reg_796|    4   |
|mul_ln43_12_reg_636|    4   |
|mul_ln43_15_reg_641|    4   |
|mul_ln43_19_reg_646|    4   |
|mul_ln43_22_reg_651|    4   |
|mul_ln43_24_reg_656|    4   |
| mul_ln43_3_reg_621|    4   |
| mul_ln43_6_reg_626|    4   |
| mul_ln43_9_reg_631|    4   |
|  mul_ln43_reg_616 |    4   |
| product1_7_reg_781|    4   |
| product1_8_reg_791|    4   |
| product2_2_reg_766|    4   |
| product2_5_reg_801|    4   |
| product2_6_reg_776|    4   |
| product2_7_reg_786|    4   |
|  product2_reg_761 |    4   |
|  sumpos_3_reg_806 |    4   |
+-------------------+--------+
|       Total       |   160  |
+-------------------+--------+

* Multiplexer (MUX) list: 
|--------|------|------|------|--------|
|  Comp  |  Pin | Size |  BW  | S x BW |
|--------|------|------|------|--------|
|  Total |      |      |      |    0   |
|--------|------|------|------|--------|



* Summary:
+-----------+--------+--------+--------+
|           |   DSP  |   FF   |   LUT  |
+-----------+--------+--------+--------+
|  Function |    0   |    0   |   777  |
|   Memory  |    -   |    -   |    -   |
|Multiplexer|    -   |    -   |    -   |
|  Register |    -   |   160  |    -   |
+-----------+--------+--------+--------+
|   Total   |    0   |   160  |   777  |
+-----------+--------+--------+--------+
