Copyright 1986-2022 Xilinx, Inc. All Rights Reserved. Copyright 2022-2023 Advanced Micro Devices, Inc. All Rights Reserved.
---------------------------------------------------------------------------------------------------------------------------------------------------------------------------------------------------------------------------------
| Tool Version : Vivado v.2023.1 (win64) Build 3865809 Sun May  7 15:05:29 MDT 2023
| Date         : Tue Jan  6 12:14:43 2026
| Host         : JJ-PC running 64-bit major release  (build 9200)
| Command      : report_timing_summary -max_paths 10 -report_unconstrained -file bd_0_wrapper_timing_summary_routed.rpt -pb bd_0_wrapper_timing_summary_routed.pb -rpx bd_0_wrapper_timing_summary_routed.rpx -warn_on_violation
| Design       : bd_0_wrapper
| Device       : 7z020-clg400
| Speed File   : -1  PRODUCTION 1.12 2019-11-22
| Design State : Routed
---------------------------------------------------------------------------------------------------------------------------------------------------------------------------------------------------------------------------------

Timing Summary Report

------------------------------------------------------------------------------------------------
| Timer Settings
| --------------
------------------------------------------------------------------------------------------------

  Enable Multi Corner Analysis               :  Yes
  Enable Pessimism Removal                   :  Yes
  Pessimism Removal Resolution               :  Nearest Common Node
  Enable Input Delay Default Clock           :  No
  Enable Preset / Clear Arcs                 :  No
  Disable Flight Delays                      :  No
  Ignore I/O Paths                           :  No
  Timing Early Launch at Borrowing Latches   :  No
  Borrow Time for Max Delay Exceptions       :  Yes
  Merge Timing Exceptions                    :  Yes

  Corner  Analyze    Analyze    
  Name    Max Paths  Min Paths  
  ------  ---------  ---------  
  Slow    Yes        Yes        
  Fast    Yes        Yes        


------------------------------------------------------------------------------------------------
| Report Methodology
| ------------------
------------------------------------------------------------------------------------------------

Rule       Severity  Description                    Violations  
---------  --------  -----------------------------  ----------  
TIMING-18  Warning   Missing input or output delay  64          

Note: This report is based on the most recent report_methodology run and may not be up-to-date. Run report_methodology on the current design for the latest report.



check_timing report

Table of Contents
-----------------
1. checking no_clock (0)
2. checking constant_clock (0)
3. checking pulse_width_clock (0)
4. checking unconstrained_internal_endpoints (0)
5. checking no_input_delay (14)
6. checking no_output_delay (50)
7. checking multiple_clock (0)
8. checking generated_clocks (0)
9. checking loops (0)
10. checking partial_input_delay (0)
11. checking partial_output_delay (0)
12. checking latch_loops (0)

1. checking no_clock (0)
------------------------
 There are 0 register/latch pins with no clock.


2. checking constant_clock (0)
------------------------------
 There are 0 register/latch pins with constant_clock.


3. checking pulse_width_clock (0)
---------------------------------
 There are 0 register/latch pins which need pulse_width check


4. checking unconstrained_internal_endpoints (0)
------------------------------------------------
 There are 0 pins that are not constrained for maximum delay.

 There are 0 pins that are not constrained for maximum delay due to constant clock.


5. checking no_input_delay (14)
-------------------------------
 There are 14 input ports with no input delay specified. (HIGH)

 There are 0 input ports with no input delay but user has a false path constraint.


6. checking no_output_delay (50)
--------------------------------
 There are 50 ports with no output delay specified. (HIGH)

 There are 0 ports with no output delay but user has a false path constraint

 There are 0 ports with no output delay but with a timing clock defined on it or propagating through it


7. checking multiple_clock (0)
------------------------------
 There are 0 register/latch pins with multiple clocks.


8. checking generated_clocks (0)
--------------------------------
 There are 0 generated clocks that are not connected to a clock source.


9. checking loops (0)
---------------------
 There are 0 combinational loops in the design.


10. checking partial_input_delay (0)
------------------------------------
 There are 0 input ports with partial input delay specified.


11. checking partial_output_delay (0)
-------------------------------------
 There are 0 ports with partial output delay specified.


12. checking latch_loops (0)
----------------------------
 There are 0 combinational latch loops in the design through latch input



------------------------------------------------------------------------------------------------
| Design Timing Summary
| ---------------------
------------------------------------------------------------------------------------------------

    WNS(ns)      TNS(ns)  TNS Failing Endpoints  TNS Total Endpoints      WHS(ns)      THS(ns)  THS Failing Endpoints  THS Total Endpoints     WPWS(ns)     TPWS(ns)  TPWS Failing Endpoints  TPWS Total Endpoints  
    -------      -------  ---------------------  -------------------      -------      -------  ---------------------  -------------------     --------     --------  ----------------------  --------------------  
      1.430        0.000                      0                  259        0.169        0.000                      0                  259        2.750        0.000                       0                   118  


All user specified timing constraints are met.


------------------------------------------------------------------------------------------------
| Clock Summary
| -------------
------------------------------------------------------------------------------------------------

Clock   Waveform(ns)         Period(ns)      Frequency(MHz)
-----   ------------         ----------      --------------
ap_clk  {0.000 4.000}        8.000           125.000         


------------------------------------------------------------------------------------------------
| Intra Clock Table
| -----------------
------------------------------------------------------------------------------------------------

Clock             WNS(ns)      TNS(ns)  TNS Failing Endpoints  TNS Total Endpoints      WHS(ns)      THS(ns)  THS Failing Endpoints  THS Total Endpoints     WPWS(ns)     TPWS(ns)  TPWS Failing Endpoints  TPWS Total Endpoints  
-----             -------      -------  ---------------------  -------------------      -------      -------  ---------------------  -------------------     --------     --------  ----------------------  --------------------  
ap_clk              1.430        0.000                      0                  259        0.169        0.000                      0                  259        2.750        0.000                       0                   118  


------------------------------------------------------------------------------------------------
| Inter Clock Table
| -----------------
------------------------------------------------------------------------------------------------

From Clock    To Clock          WNS(ns)      TNS(ns)  TNS Failing Endpoints  TNS Total Endpoints      WHS(ns)      THS(ns)  THS Failing Endpoints  THS Total Endpoints  
----------    --------          -------      -------  ---------------------  -------------------      -------      -------  ---------------------  -------------------  


------------------------------------------------------------------------------------------------
| Other Path Groups Table
| -----------------------
------------------------------------------------------------------------------------------------

Path Group    From Clock    To Clock          WNS(ns)      TNS(ns)  TNS Failing Endpoints  TNS Total Endpoints      WHS(ns)      THS(ns)  THS Failing Endpoints  THS Total Endpoints  
----------    ----------    --------          -------      -------  ---------------------  -------------------      -------      -------  ---------------------  -------------------  


------------------------------------------------------------------------------------------------
| User Ignored Path Table
| -----------------------
------------------------------------------------------------------------------------------------

Path Group    From Clock    To Clock    
----------    ----------    --------    


------------------------------------------------------------------------------------------------
| Unconstrained Path Table
| ------------------------
------------------------------------------------------------------------------------------------

Path Group    From Clock    To Clock    
----------    ----------    --------    
(none)                                    
(none)        ap_clk                      
(none)                      ap_clk        


------------------------------------------------------------------------------------------------
| Timing Details
| --------------
------------------------------------------------------------------------------------------------


---------------------------------------------------------------------------------------------------
From Clock:  ap_clk
  To Clock:  ap_clk

Setup :            0  Failing Endpoints,  Worst Slack        1.430ns,  Total Violation        0.000ns
Hold  :            0  Failing Endpoints,  Worst Slack        0.169ns,  Total Violation        0.000ns
PW    :            0  Failing Endpoints,  Worst Slack        2.750ns,  Total Violation        0.000ns
---------------------------------------------------------------------------------------------------


Max Delay Paths
--------------------------------------------------------------------------------------
Slack (MET) :             1.430ns  (required time - arrival time)
  Source:                 bd_0_i/hls_inst/inst/ap_CS_fsm_reg[18]/C
                            (rising edge-triggered cell FDRE clocked by ap_clk  {rise@0.000ns fall@4.000ns period=8.000ns})
  Destination:            bd_0_i/hls_inst/inst/aux2_U/q0_reg[2]/D
                            (rising edge-triggered cell FDRE clocked by ap_clk  {rise@0.000ns fall@4.000ns period=8.000ns})
  Path Group:             ap_clk
  Path Type:              Setup (Max at Slow Process Corner)
  Requirement:            8.000ns  (ap_clk rise@8.000ns - ap_clk rise@0.000ns)
  Data Path Delay:        6.567ns  (logic 1.699ns (25.880%)  route 4.867ns (74.120%))
  Logic Levels:           6  (LUT4=2 LUT6=3 RAMS32=1)
  Clock Path Skew:        -0.049ns (DCD - SCD + CPR)
    Destination Clock Delay (DCD):    0.924ns = ( 8.924 - 8.000 ) 
    Source Clock Delay      (SCD):    0.973ns
    Clock Pessimism Removal (CPR):    0.000ns
  Clock Uncertainty:      0.035ns  ((TSJ^2 + TIJ^2)^1/2 + DJ) / 2 + PE
    Total System Jitter     (TSJ):    0.071ns
    Total Input Jitter      (TIJ):    0.000ns
    Discrete Jitter          (DJ):    0.000ns
    Phase Error              (PE):    0.000ns

    Location             Delay type                Incr(ns)  Path(ns)    Netlist Resource(s)
  -------------------------------------------------------------------    -------------------
                         (clock ap_clk rise edge)     0.000     0.000 r  
                                                      0.000     0.000 r  ap_clk (IN)
                         net (fo=117, unset)          0.973     0.973    bd_0_i/hls_inst/inst/ap_clk
    SLICE_X21Y34         FDRE                                         r  bd_0_i/hls_inst/inst/ap_CS_fsm_reg[18]/C
  -------------------------------------------------------------------    -------------------
    SLICE_X21Y34         FDRE (Prop_fdre_C_Q)         0.456     1.429 f  bd_0_i/hls_inst/inst/ap_CS_fsm_reg[18]/Q
                         net (fo=18, routed)          1.045     2.474    bd_0_i/hls_inst/inst/aux2_U/reg_251[3]_i_10_0[16]
    SLICE_X22Y35         LUT4 (Prop_lut4_I0_O)        0.150     2.624 f  bd_0_i/hls_inst/inst/aux2_U/col_reg_346[2]_i_25/O
                         net (fo=1, routed)           0.814     3.438    bd_0_i/hls_inst/inst/aux2_U/col_reg_346[2]_i_25_n_3
    SLICE_X22Y34         LUT6 (Prop_lut6_I0_O)        0.328     3.766 f  bd_0_i/hls_inst/inst/aux2_U/col_reg_346[2]_i_9/O
                         net (fo=1, routed)           0.760     4.525    bd_0_i/hls_inst/inst/aux2_U/col_reg_346[2]_i_9_n_3
    SLICE_X18Y34         LUT6 (Prop_lut6_I4_O)        0.124     4.649 f  bd_0_i/hls_inst/inst/aux2_U/col_reg_346[2]_i_2/O
                         net (fo=5, routed)           0.877     5.526    bd_0_i/hls_inst/inst/aux_U/sumneg_fu_88_reg[2]
    SLICE_X19Y34         LUT4 (Prop_lut4_I3_O)        0.152     5.678 r  bd_0_i/hls_inst/inst/aux_U/reg_251[3]_i_5/O
                         net (fo=6, routed)           0.595     6.273    bd_0_i/hls_inst/inst/aux_U/reg_251[3]_i_5_n_3
    SLICE_X17Y36         LUT6 (Prop_lut6_I1_O)        0.326     6.599 r  bd_0_i/hls_inst/inst/aux_U/ram_reg_0_15_0_0_i_4/O
                         net (fo=4, routed)           0.777     7.376    bd_0_i/hls_inst/inst/aux2_U/ram_reg_0_15_2_2/A3
    SLICE_X18Y36         RAMS32 (Prop_rams32_ADR3_O)
                                                      0.163     7.540 r  bd_0_i/hls_inst/inst/aux2_U/ram_reg_0_15_2_2/SP/O
                         net (fo=1, routed)           0.000     7.540    bd_0_i/hls_inst/inst/aux2_U/q00[2]
    SLICE_X18Y36         FDRE                                         r  bd_0_i/hls_inst/inst/aux2_U/q0_reg[2]/D
  -------------------------------------------------------------------    -------------------

                         (clock ap_clk rise edge)     8.000     8.000 r  
                                                      0.000     8.000 r  ap_clk (IN)
                         net (fo=117, unset)          0.924     8.924    bd_0_i/hls_inst/inst/aux2_U/ap_clk
    SLICE_X18Y36         FDRE                                         r  bd_0_i/hls_inst/inst/aux2_U/q0_reg[2]/C
                         clock pessimism              0.000     8.924    
                         clock uncertainty           -0.035     8.889    
    SLICE_X18Y36         FDRE (Setup_fdre_C_D)        0.081     8.970    bd_0_i/hls_inst/inst/aux2_U/q0_reg[2]
  -------------------------------------------------------------------
                         required time                          8.970    
                         arrival time                          -7.540    
  -------------------------------------------------------------------
                         slack                                  1.430    

Slack (MET) :             1.431ns  (required time - arrival time)
  Source:                 bd_0_i/hls_inst/inst/ap_CS_fsm_reg[18]/C
                            (rising edge-triggered cell FDRE clocked by ap_clk  {rise@0.000ns fall@4.000ns period=8.000ns})
  Destination:            bd_0_i/hls_inst/inst/aux2_U/ram_reg_0_15_0_0/SP/ADR3
                            (rising edge-triggered cell RAMS32 clocked by ap_clk  {rise@0.000ns fall@4.000ns period=8.000ns})
  Path Group:             ap_clk
  Path Type:              Setup (Max at Slow Process Corner)
  Requirement:            8.000ns  (ap_clk rise@8.000ns - ap_clk rise@0.000ns)
  Data Path Delay:        6.403ns  (logic 1.536ns (23.988%)  route 4.867ns (76.012%))
  Logic Levels:           5  (LUT4=2 LUT6=3)
  Clock Path Skew:        -0.049ns (DCD - SCD + CPR)
    Destination Clock Delay (DCD):    0.924ns = ( 8.924 - 8.000 ) 
    Source Clock Delay      (SCD):    0.973ns
    Clock Pessimism Removal (CPR):    0.000ns
  Clock Uncertainty:      0.035ns  ((TSJ^2 + TIJ^2)^1/2 + DJ) / 2 + PE
    Total System Jitter     (TSJ):    0.071ns
    Total Input Jitter      (TIJ):    0.000ns
    Discrete Jitter          (DJ):    0.000ns
    Phase Error              (PE):    0.000ns

    Location             Delay type                Incr(ns)  Path(ns)    Netlist Resource(s)
  -------------------------------------------------------------------    -------------------
                         (clock ap_clk rise edge)     0.000     0.000 r  
                                                      0.000     0.000 r  ap_clk (IN)
                         net (fo=117, unset)          0.973     0.973    bd_0_i/hls_inst/inst/ap_clk
    SLICE_X21Y34         FDRE                                         r  bd_0_i/hls_inst/inst/ap_CS_fsm_reg[18]/C
  -------------------------------------------------------------------    -------------------
    SLICE_X21Y34         FDRE (Prop_fdre_C_Q)         0.456     1.429 f  bd_0_i/hls_inst/inst/ap_CS_fsm_reg[18]/Q
                         net (fo=18, routed)          1.045     2.474    bd_0_i/hls_inst/inst/aux2_U/reg_251[3]_i_10_0[16]
    SLICE_X22Y35         LUT4 (Prop_lut4_I0_O)        0.150     2.624 f  bd_0_i/hls_inst/inst/aux2_U/col_reg_346[2]_i_25/O
                         net (fo=1, routed)           0.814     3.438    bd_0_i/hls_inst/inst/aux2_U/col_reg_346[2]_i_25_n_3
    SLICE_X22Y34         LUT6 (Prop_lut6_I0_O)        0.328     3.766 f  bd_0_i/hls_inst/inst/aux2_U/col_reg_346[2]_i_9/O
                         net (fo=1, routed)           0.760     4.525    bd_0_i/hls_inst/inst/aux2_U/col_reg_346[2]_i_9_n_3
    SLICE_X18Y34         LUT6 (Prop_lut6_I4_O)        0.124     4.649 f  bd_0_i/hls_inst/inst/aux2_U/col_reg_346[2]_i_2/O
                         net (fo=5, routed)           0.877     5.526    bd_0_i/hls_inst/inst/aux_U/sumneg_fu_88_reg[2]
    SLICE_X19Y34         LUT4 (Prop_lut4_I3_O)        0.152     5.678 r  bd_0_i/hls_inst/inst/aux_U/reg_251[3]_i_5/O
                         net (fo=6, routed)           0.595     6.273    bd_0_i/hls_inst/inst/aux_U/reg_251[3]_i_5_n_3
    SLICE_X17Y36         LUT6 (Prop_lut6_I1_O)        0.326     6.599 r  bd_0_i/hls_inst/inst/aux_U/ram_reg_0_15_0_0_i_4/O
                         net (fo=4, routed)           0.777     7.376    bd_0_i/hls_inst/inst/aux2_U/ram_reg_0_15_0_0/A3
    SLICE_X18Y36         RAMS32                                       r  bd_0_i/hls_inst/inst/aux2_U/ram_reg_0_15_0_0/SP/ADR3
  -------------------------------------------------------------------    -------------------

                         (clock ap_clk rise edge)     8.000     8.000 r  
                                                      0.000     8.000 r  ap_clk (IN)
                         net (fo=117, unset)          0.924     8.924    bd_0_i/hls_inst/inst/aux2_U/ram_reg_0_15_0_0/WCLK
    SLICE_X18Y36         RAMS32                                       r  bd_0_i/hls_inst/inst/aux2_U/ram_reg_0_15_0_0/SP/CLK
                         clock pessimism              0.000     8.924    
                         clock uncertainty           -0.035     8.889    
    SLICE_X18Y36         RAMS32 (Setup_rams32_CLK_ADR3)
                                                     -0.082     8.807    bd_0_i/hls_inst/inst/aux2_U/ram_reg_0_15_0_0/SP
  -------------------------------------------------------------------
                         required time                          8.807    
                         arrival time                          -7.376    
  -------------------------------------------------------------------
                         slack                                  1.431    

Slack (MET) :             1.431ns  (required time - arrival time)
  Source:                 bd_0_i/hls_inst/inst/ap_CS_fsm_reg[18]/C
                            (rising edge-triggered cell FDRE clocked by ap_clk  {rise@0.000ns fall@4.000ns period=8.000ns})
  Destination:            bd_0_i/hls_inst/inst/aux2_U/ram_reg_0_15_1_1/SP/ADR3
                            (rising edge-triggered cell RAMS32 clocked by ap_clk  {rise@0.000ns fall@4.000ns period=8.000ns})
  Path Group:             ap_clk
  Path Type:              Setup (Max at Slow Process Corner)
  Requirement:            8.000ns  (ap_clk rise@8.000ns - ap_clk rise@0.000ns)
  Data Path Delay:        6.403ns  (logic 1.536ns (23.988%)  route 4.867ns (76.012%))
  Logic Levels:           5  (LUT4=2 LUT6=3)
  Clock Path Skew:        -0.049ns (DCD - SCD + CPR)
    Destination Clock Delay (DCD):    0.924ns = ( 8.924 - 8.000 ) 
    Source Clock Delay      (SCD):    0.973ns
    Clock Pessimism Removal (CPR):    0.000ns
  Clock Uncertainty:      0.035ns  ((TSJ^2 + TIJ^2)^1/2 + DJ) / 2 + PE
    Total System Jitter     (TSJ):    0.071ns
    Total Input Jitter      (TIJ):    0.000ns
    Discrete Jitter          (DJ):    0.000ns
    Phase Error              (PE):    0.000ns

    Location             Delay type                Incr(ns)  Path(ns)    Netlist Resource(s)
  -------------------------------------------------------------------    -------------------
                         (clock ap_clk rise edge)     0.000     0.000 r  
                                                      0.000     0.000 r  ap_clk (IN)
                         net (fo=117, unset)          0.973     0.973    bd_0_i/hls_inst/inst/ap_clk
    SLICE_X21Y34         FDRE                                         r  bd_0_i/hls_inst/inst/ap_CS_fsm_reg[18]/C
  -------------------------------------------------------------------    -------------------
    SLICE_X21Y34         FDRE (Prop_fdre_C_Q)         0.456     1.429 f  bd_0_i/hls_inst/inst/ap_CS_fsm_reg[18]/Q
                         net (fo=18, routed)          1.045     2.474    bd_0_i/hls_inst/inst/aux2_U/reg_251[3]_i_10_0[16]
    SLICE_X22Y35         LUT4 (Prop_lut4_I0_O)        0.150     2.624 f  bd_0_i/hls_inst/inst/aux2_U/col_reg_346[2]_i_25/O
                         net (fo=1, routed)           0.814     3.438    bd_0_i/hls_inst/inst/aux2_U/col_reg_346[2]_i_25_n_3
    SLICE_X22Y34         LUT6 (Prop_lut6_I0_O)        0.328     3.766 f  bd_0_i/hls_inst/inst/aux2_U/col_reg_346[2]_i_9/O
                         net (fo=1, routed)           0.760     4.525    bd_0_i/hls_inst/inst/aux2_U/col_reg_346[2]_i_9_n_3
    SLICE_X18Y34         LUT6 (Prop_lut6_I4_O)        0.124     4.649 f  bd_0_i/hls_inst/inst/aux2_U/col_reg_346[2]_i_2/O
                         net (fo=5, routed)           0.877     5.526    bd_0_i/hls_inst/inst/aux_U/sumneg_fu_88_reg[2]
    SLICE_X19Y34         LUT4 (Prop_lut4_I3_O)        0.152     5.678 r  bd_0_i/hls_inst/inst/aux_U/reg_251[3]_i_5/O
                         net (fo=6, routed)           0.595     6.273    bd_0_i/hls_inst/inst/aux_U/reg_251[3]_i_5_n_3
    SLICE_X17Y36         LUT6 (Prop_lut6_I1_O)        0.326     6.599 r  bd_0_i/hls_inst/inst/aux_U/ram_reg_0_15_0_0_i_4/O
                         net (fo=4, routed)           0.777     7.376    bd_0_i/hls_inst/inst/aux2_U/ram_reg_0_15_1_1/A3
    SLICE_X18Y36         RAMS32                                       r  bd_0_i/hls_inst/inst/aux2_U/ram_reg_0_15_1_1/SP/ADR3
  -------------------------------------------------------------------    -------------------

                         (clock ap_clk rise edge)     8.000     8.000 r  
                                                      0.000     8.000 r  ap_clk (IN)
                         net (fo=117, unset)          0.924     8.924    bd_0_i/hls_inst/inst/aux2_U/ram_reg_0_15_1_1/WCLK
    SLICE_X18Y36         RAMS32                                       r  bd_0_i/hls_inst/inst/aux2_U/ram_reg_0_15_1_1/SP/CLK
                         clock pessimism              0.000     8.924    
                         clock uncertainty           -0.035     8.889    
    SLICE_X18Y36         RAMS32 (Setup_rams32_CLK_ADR3)
                                                     -0.082     8.807    bd_0_i/hls_inst/inst/aux2_U/ram_reg_0_15_1_1/SP
  -------------------------------------------------------------------
                         required time                          8.807    
                         arrival time                          -7.376    
  -------------------------------------------------------------------
                         slack                                  1.431    

Slack (MET) :             1.431ns  (required time - arrival time)
  Source:                 bd_0_i/hls_inst/inst/ap_CS_fsm_reg[18]/C
                            (rising edge-triggered cell FDRE clocked by ap_clk  {rise@0.000ns fall@4.000ns period=8.000ns})
  Destination:            bd_0_i/hls_inst/inst/aux2_U/ram_reg_0_15_2_2/SP/ADR3
                            (rising edge-triggered cell RAMS32 clocked by ap_clk  {rise@0.000ns fall@4.000ns period=8.000ns})
  Path Group:             ap_clk
  Path Type:              Setup (Max at Slow Process Corner)
  Requirement:            8.000ns  (ap_clk rise@8.000ns - ap_clk rise@0.000ns)
  Data Path Delay:        6.403ns  (logic 1.536ns (23.988%)  route 4.867ns (76.012%))
  Logic Levels:           5  (LUT4=2 LUT6=3)
  Clock Path Skew:        -0.049ns (DCD - SCD + CPR)
    Destination Clock Delay (DCD):    0.924ns = ( 8.924 - 8.000 ) 
    Source Clock Delay      (SCD):    0.973ns
    Clock Pessimism Removal (CPR):    0.000ns
  Clock Uncertainty:      0.035ns  ((TSJ^2 + TIJ^2)^1/2 + DJ) / 2 + PE
    Total System Jitter     (TSJ):    0.071ns
    Total Input Jitter      (TIJ):    0.000ns
    Discrete Jitter          (DJ):    0.000ns
    Phase Error              (PE):    0.000ns

    Location             Delay type                Incr(ns)  Path(ns)    Netlist Resource(s)
  -------------------------------------------------------------------    -------------------
                         (clock ap_clk rise edge)     0.000     0.000 r  
                                                      0.000     0.000 r  ap_clk (IN)
                         net (fo=117, unset)          0.973     0.973    bd_0_i/hls_inst/inst/ap_clk
    SLICE_X21Y34         FDRE                                         r  bd_0_i/hls_inst/inst/ap_CS_fsm_reg[18]/C
  -------------------------------------------------------------------    -------------------
    SLICE_X21Y34         FDRE (Prop_fdre_C_Q)         0.456     1.429 f  bd_0_i/hls_inst/inst/ap_CS_fsm_reg[18]/Q
                         net (fo=18, routed)          1.045     2.474    bd_0_i/hls_inst/inst/aux2_U/reg_251[3]_i_10_0[16]
    SLICE_X22Y35         LUT4 (Prop_lut4_I0_O)        0.150     2.624 f  bd_0_i/hls_inst/inst/aux2_U/col_reg_346[2]_i_25/O
                         net (fo=1, routed)           0.814     3.438    bd_0_i/hls_inst/inst/aux2_U/col_reg_346[2]_i_25_n_3
    SLICE_X22Y34         LUT6 (Prop_lut6_I0_O)        0.328     3.766 f  bd_0_i/hls_inst/inst/aux2_U/col_reg_346[2]_i_9/O
                         net (fo=1, routed)           0.760     4.525    bd_0_i/hls_inst/inst/aux2_U/col_reg_346[2]_i_9_n_3
    SLICE_X18Y34         LUT6 (Prop_lut6_I4_O)        0.124     4.649 f  bd_0_i/hls_inst/inst/aux2_U/col_reg_346[2]_i_2/O
                         net (fo=5, routed)           0.877     5.526    bd_0_i/hls_inst/inst/aux_U/sumneg_fu_88_reg[2]
    SLICE_X19Y34         LUT4 (Prop_lut4_I3_O)        0.152     5.678 r  bd_0_i/hls_inst/inst/aux_U/reg_251[3]_i_5/O
                         net (fo=6, routed)           0.595     6.273    bd_0_i/hls_inst/inst/aux_U/reg_251[3]_i_5_n_3
    SLICE_X17Y36         LUT6 (Prop_lut6_I1_O)        0.326     6.599 r  bd_0_i/hls_inst/inst/aux_U/ram_reg_0_15_0_0_i_4/O
                         net (fo=4, routed)           0.777     7.376    bd_0_i/hls_inst/inst/aux2_U/ram_reg_0_15_2_2/A3
    SLICE_X18Y36         RAMS32                                       r  bd_0_i/hls_inst/inst/aux2_U/ram_reg_0_15_2_2/SP/ADR3
  -------------------------------------------------------------------    -------------------

                         (clock ap_clk rise edge)     8.000     8.000 r  
                                                      0.000     8.000 r  ap_clk (IN)
                         net (fo=117, unset)          0.924     8.924    bd_0_i/hls_inst/inst/aux2_U/ram_reg_0_15_2_2/WCLK
    SLICE_X18Y36         RAMS32                                       r  bd_0_i/hls_inst/inst/aux2_U/ram_reg_0_15_2_2/SP/CLK
                         clock pessimism              0.000     8.924    
                         clock uncertainty           -0.035     8.889    
    SLICE_X18Y36         RAMS32 (Setup_rams32_CLK_ADR3)
                                                     -0.082     8.807    bd_0_i/hls_inst/inst/aux2_U/ram_reg_0_15_2_2/SP
  -------------------------------------------------------------------
                         required time                          8.807    
                         arrival time                          -7.376    
  -------------------------------------------------------------------
                         slack                                  1.431    

Slack (MET) :             1.431ns  (required time - arrival time)
  Source:                 bd_0_i/hls_inst/inst/ap_CS_fsm_reg[18]/C
                            (rising edge-triggered cell FDRE clocked by ap_clk  {rise@0.000ns fall@4.000ns period=8.000ns})
  Destination:            bd_0_i/hls_inst/inst/aux2_U/ram_reg_0_15_3_3/SP/ADR3
                            (rising edge-triggered cell RAMS32 clocked by ap_clk  {rise@0.000ns fall@4.000ns period=8.000ns})
  Path Group:             ap_clk
  Path Type:              Setup (Max at Slow Process Corner)
  Requirement:            8.000ns  (ap_clk rise@8.000ns - ap_clk rise@0.000ns)
  Data Path Delay:        6.403ns  (logic 1.536ns (23.988%)  route 4.867ns (76.012%))
  Logic Levels:           5  (LUT4=2 LUT6=3)
  Clock Path Skew:        -0.049ns (DCD - SCD + CPR)
    Destination Clock Delay (DCD):    0.924ns = ( 8.924 - 8.000 ) 
    Source Clock Delay      (SCD):    0.973ns
    Clock Pessimism Removal (CPR):    0.000ns
  Clock Uncertainty:      0.035ns  ((TSJ^2 + TIJ^2)^1/2 + DJ) / 2 + PE
    Total System Jitter     (TSJ):    0.071ns
    Total Input Jitter      (TIJ):    0.000ns
    Discrete Jitter          (DJ):    0.000ns
    Phase Error              (PE):    0.000ns

    Location             Delay type                Incr(ns)  Path(ns)    Netlist Resource(s)
  -------------------------------------------------------------------    -------------------
                         (clock ap_clk rise edge)     0.000     0.000 r  
                                                      0.000     0.000 r  ap_clk (IN)
                         net (fo=117, unset)          0.973     0.973    bd_0_i/hls_inst/inst/ap_clk
    SLICE_X21Y34         FDRE                                         r  bd_0_i/hls_inst/inst/ap_CS_fsm_reg[18]/C
  -------------------------------------------------------------------    -------------------
    SLICE_X21Y34         FDRE (Prop_fdre_C_Q)         0.456     1.429 f  bd_0_i/hls_inst/inst/ap_CS_fsm_reg[18]/Q
                         net (fo=18, routed)          1.045     2.474    bd_0_i/hls_inst/inst/aux2_U/reg_251[3]_i_10_0[16]
    SLICE_X22Y35         LUT4 (Prop_lut4_I0_O)        0.150     2.624 f  bd_0_i/hls_inst/inst/aux2_U/col_reg_346[2]_i_25/O
                         net (fo=1, routed)           0.814     3.438    bd_0_i/hls_inst/inst/aux2_U/col_reg_346[2]_i_25_n_3
    SLICE_X22Y34         LUT6 (Prop_lut6_I0_O)        0.328     3.766 f  bd_0_i/hls_inst/inst/aux2_U/col_reg_346[2]_i_9/O
                         net (fo=1, routed)           0.760     4.525    bd_0_i/hls_inst/inst/aux2_U/col_reg_346[2]_i_9_n_3
    SLICE_X18Y34         LUT6 (Prop_lut6_I4_O)        0.124     4.649 f  bd_0_i/hls_inst/inst/aux2_U/col_reg_346[2]_i_2/O
                         net (fo=5, routed)           0.877     5.526    bd_0_i/hls_inst/inst/aux_U/sumneg_fu_88_reg[2]
    SLICE_X19Y34         LUT4 (Prop_lut4_I3_O)        0.152     5.678 r  bd_0_i/hls_inst/inst/aux_U/reg_251[3]_i_5/O
                         net (fo=6, routed)           0.595     6.273    bd_0_i/hls_inst/inst/aux_U/reg_251[3]_i_5_n_3
    SLICE_X17Y36         LUT6 (Prop_lut6_I1_O)        0.326     6.599 r  bd_0_i/hls_inst/inst/aux_U/ram_reg_0_15_0_0_i_4/O
                         net (fo=4, routed)           0.777     7.376    bd_0_i/hls_inst/inst/aux2_U/ram_reg_0_15_3_3/A3
    SLICE_X18Y36         RAMS32                                       r  bd_0_i/hls_inst/inst/aux2_U/ram_reg_0_15_3_3/SP/ADR3
  -------------------------------------------------------------------    -------------------

                         (clock ap_clk rise edge)     8.000     8.000 r  
                                                      0.000     8.000 r  ap_clk (IN)
                         net (fo=117, unset)          0.924     8.924    bd_0_i/hls_inst/inst/aux2_U/ram_reg_0_15_3_3/WCLK
    SLICE_X18Y36         RAMS32                                       r  bd_0_i/hls_inst/inst/aux2_U/ram_reg_0_15_3_3/SP/CLK
                         clock pessimism              0.000     8.924    
                         clock uncertainty           -0.035     8.889    
    SLICE_X18Y36         RAMS32 (Setup_rams32_CLK_ADR3)
                                                     -0.082     8.807    bd_0_i/hls_inst/inst/aux2_U/ram_reg_0_15_3_3/SP
  -------------------------------------------------------------------
                         required time                          8.807    
                         arrival time                          -7.376    
  -------------------------------------------------------------------
                         slack                                  1.431    

Slack (MET) :             1.436ns  (required time - arrival time)
  Source:                 bd_0_i/hls_inst/inst/ap_CS_fsm_reg[18]/C
                            (rising edge-triggered cell FDRE clocked by ap_clk  {rise@0.000ns fall@4.000ns period=8.000ns})
  Destination:            bd_0_i/hls_inst/inst/reg_239_reg[2]/D
                            (rising edge-triggered cell FDRE clocked by ap_clk  {rise@0.000ns fall@4.000ns period=8.000ns})
  Path Group:             ap_clk
  Path Type:              Setup (Max at Slow Process Corner)
  Requirement:            8.000ns  (ap_clk rise@8.000ns - ap_clk rise@0.000ns)
  Data Path Delay:        6.244ns  (logic 1.332ns (21.331%)  route 4.912ns (78.669%))
  Logic Levels:           5  (LUT3=1 LUT4=1 LUT6=3)
  Clock Path Skew:        -0.049ns (DCD - SCD + CPR)
    Destination Clock Delay (DCD):    0.924ns = ( 8.924 - 8.000 ) 
    Source Clock Delay      (SCD):    0.973ns
    Clock Pessimism Removal (CPR):    0.000ns
  Clock Uncertainty:      0.035ns  ((TSJ^2 + TIJ^2)^1/2 + DJ) / 2 + PE
    Total System Jitter     (TSJ):    0.071ns
    Total Input Jitter      (TIJ):    0.000ns
    Discrete Jitter          (DJ):    0.000ns
    Phase Error              (PE):    0.000ns

    Location             Delay type                Incr(ns)  Path(ns)    Netlist Resource(s)
  -------------------------------------------------------------------    -------------------
                         (clock ap_clk rise edge)     0.000     0.000 r  
                                                      0.000     0.000 r  ap_clk (IN)
                         net (fo=117, unset)          0.973     0.973    bd_0_i/hls_inst/inst/ap_clk
    SLICE_X21Y34         FDRE                                         r  bd_0_i/hls_inst/inst/ap_CS_fsm_reg[18]/C
  -------------------------------------------------------------------    -------------------
    SLICE_X21Y34         FDRE (Prop_fdre_C_Q)         0.456     1.429 r  bd_0_i/hls_inst/inst/ap_CS_fsm_reg[18]/Q
                         net (fo=18, routed)          1.045     2.474    bd_0_i/hls_inst/inst/aux2_U/reg_251[3]_i_10_0[16]
    SLICE_X22Y35         LUT4 (Prop_lut4_I0_O)        0.150     2.624 r  bd_0_i/hls_inst/inst/aux2_U/col_reg_346[2]_i_25/O
                         net (fo=1, routed)           0.814     3.438    bd_0_i/hls_inst/inst/aux2_U/col_reg_346[2]_i_25_n_3
    SLICE_X22Y34         LUT6 (Prop_lut6_I0_O)        0.328     3.766 r  bd_0_i/hls_inst/inst/aux2_U/col_reg_346[2]_i_9/O
                         net (fo=1, routed)           0.760     4.525    bd_0_i/hls_inst/inst/aux2_U/col_reg_346[2]_i_9_n_3
    SLICE_X18Y34         LUT6 (Prop_lut6_I4_O)        0.124     4.649 r  bd_0_i/hls_inst/inst/aux2_U/col_reg_346[2]_i_2/O
                         net (fo=5, routed)           0.728     5.377    bd_0_i/hls_inst/inst/aux_U/sumneg_fu_88_reg[2]
    SLICE_X19Y34         LUT6 (Prop_lut6_I0_O)        0.124     5.501 r  bd_0_i/hls_inst/inst/aux_U/col_reg_346[2]_i_1/O
                         net (fo=11, routed)          0.943     6.444    bd_0_i/hls_inst/inst/aux2_U/icmp_ln18_fu_660_p0[2]
    SLICE_X15Y35         LUT3 (Prop_lut3_I2_O)        0.150     6.594 r  bd_0_i/hls_inst/inst/aux2_U/reg_239[2]_i_1/O
                         net (fo=1, routed)           0.623     7.217    bd_0_i/hls_inst/inst/aux2_U_n_7
    SLICE_X16Y35         FDRE                                         r  bd_0_i/hls_inst/inst/reg_239_reg[2]/D
  -------------------------------------------------------------------    -------------------

                         (clock ap_clk rise edge)     8.000     8.000 r  
                                                      0.000     8.000 r  ap_clk (IN)
                         net (fo=117, unset)          0.924     8.924    bd_0_i/hls_inst/inst/ap_clk
    SLICE_X16Y35         FDRE                                         r  bd_0_i/hls_inst/inst/reg_239_reg[2]/C
                         clock pessimism              0.000     8.924    
                         clock uncertainty           -0.035     8.889    
    SLICE_X16Y35         FDRE (Setup_fdre_C_D)       -0.236     8.653    bd_0_i/hls_inst/inst/reg_239_reg[2]
  -------------------------------------------------------------------
                         required time                          8.653    
                         arrival time                          -7.217    
  -------------------------------------------------------------------
                         slack                                  1.436    

Slack (MET) :             1.468ns  (required time - arrival time)
  Source:                 bd_0_i/hls_inst/inst/ap_CS_fsm_reg[18]/C
                            (rising edge-triggered cell FDRE clocked by ap_clk  {rise@0.000ns fall@4.000ns period=8.000ns})
  Destination:            bd_0_i/hls_inst/inst/aux2_U/q0_reg[0]/D
                            (rising edge-triggered cell FDRE clocked by ap_clk  {rise@0.000ns fall@4.000ns period=8.000ns})
  Path Group:             ap_clk
  Path Type:              Setup (Max at Slow Process Corner)
  Requirement:            8.000ns  (ap_clk rise@8.000ns - ap_clk rise@0.000ns)
  Data Path Delay:        6.527ns  (logic 1.660ns (25.432%)  route 4.867ns (74.568%))
  Logic Levels:           6  (LUT4=2 LUT6=3 RAMS32=1)
  Clock Path Skew:        -0.049ns (DCD - SCD + CPR)
    Destination Clock Delay (DCD):    0.924ns = ( 8.924 - 8.000 ) 
    Source Clock Delay      (SCD):    0.973ns
    Clock Pessimism Removal (CPR):    0.000ns
  Clock Uncertainty:      0.035ns  ((TSJ^2 + TIJ^2)^1/2 + DJ) / 2 + PE
    Total System Jitter     (TSJ):    0.071ns
    Total Input Jitter      (TIJ):    0.000ns
    Discrete Jitter          (DJ):    0.000ns
    Phase Error              (PE):    0.000ns

    Location             Delay type                Incr(ns)  Path(ns)    Netlist Resource(s)
  -------------------------------------------------------------------    -------------------
                         (clock ap_clk rise edge)     0.000     0.000 r  
                                                      0.000     0.000 r  ap_clk (IN)
                         net (fo=117, unset)          0.973     0.973    bd_0_i/hls_inst/inst/ap_clk
    SLICE_X21Y34         FDRE                                         r  bd_0_i/hls_inst/inst/ap_CS_fsm_reg[18]/C
  -------------------------------------------------------------------    -------------------
    SLICE_X21Y34         FDRE (Prop_fdre_C_Q)         0.456     1.429 f  bd_0_i/hls_inst/inst/ap_CS_fsm_reg[18]/Q
                         net (fo=18, routed)          1.045     2.474    bd_0_i/hls_inst/inst/aux2_U/reg_251[3]_i_10_0[16]
    SLICE_X22Y35         LUT4 (Prop_lut4_I0_O)        0.150     2.624 f  bd_0_i/hls_inst/inst/aux2_U/col_reg_346[2]_i_25/O
                         net (fo=1, routed)           0.814     3.438    bd_0_i/hls_inst/inst/aux2_U/col_reg_346[2]_i_25_n_3
    SLICE_X22Y34         LUT6 (Prop_lut6_I0_O)        0.328     3.766 f  bd_0_i/hls_inst/inst/aux2_U/col_reg_346[2]_i_9/O
                         net (fo=1, routed)           0.760     4.525    bd_0_i/hls_inst/inst/aux2_U/col_reg_346[2]_i_9_n_3
    SLICE_X18Y34         LUT6 (Prop_lut6_I4_O)        0.124     4.649 f  bd_0_i/hls_inst/inst/aux2_U/col_reg_346[2]_i_2/O
                         net (fo=5, routed)           0.877     5.526    bd_0_i/hls_inst/inst/aux_U/sumneg_fu_88_reg[2]
    SLICE_X19Y34         LUT4 (Prop_lut4_I3_O)        0.152     5.678 r  bd_0_i/hls_inst/inst/aux_U/reg_251[3]_i_5/O
                         net (fo=6, routed)           0.595     6.273    bd_0_i/hls_inst/inst/aux_U/reg_251[3]_i_5_n_3
    SLICE_X17Y36         LUT6 (Prop_lut6_I1_O)        0.326     6.599 r  bd_0_i/hls_inst/inst/aux_U/ram_reg_0_15_0_0_i_4/O
                         net (fo=4, routed)           0.777     7.376    bd_0_i/hls_inst/inst/aux2_U/ram_reg_0_15_0_0/A3
    SLICE_X18Y36         RAMS32 (Prop_rams32_ADR3_O)
                                                      0.124     7.500 r  bd_0_i/hls_inst/inst/aux2_U/ram_reg_0_15_0_0/SP/O
                         net (fo=1, routed)           0.000     7.500    bd_0_i/hls_inst/inst/aux2_U/q00[0]
    SLICE_X18Y36         FDRE                                         r  bd_0_i/hls_inst/inst/aux2_U/q0_reg[0]/D
  -------------------------------------------------------------------    -------------------

                         (clock ap_clk rise edge)     8.000     8.000 r  
                                                      0.000     8.000 r  ap_clk (IN)
                         net (fo=117, unset)          0.924     8.924    bd_0_i/hls_inst/inst/aux2_U/ap_clk
    SLICE_X18Y36         FDRE                                         r  bd_0_i/hls_inst/inst/aux2_U/q0_reg[0]/C
                         clock pessimism              0.000     8.924    
                         clock uncertainty           -0.035     8.889    
    SLICE_X18Y36         FDRE (Setup_fdre_C_D)        0.079     8.968    bd_0_i/hls_inst/inst/aux2_U/q0_reg[0]
  -------------------------------------------------------------------
                         required time                          8.968    
                         arrival time                          -7.500    
  -------------------------------------------------------------------
                         slack                                  1.468    

Slack (MET) :             1.485ns  (required time - arrival time)
  Source:                 bd_0_i/hls_inst/inst/ap_CS_fsm_reg[18]/C
                            (rising edge-triggered cell FDRE clocked by ap_clk  {rise@0.000ns fall@4.000ns period=8.000ns})
  Destination:            bd_0_i/hls_inst/inst/aux2_U/q0_reg[3]/D
                            (rising edge-triggered cell FDRE clocked by ap_clk  {rise@0.000ns fall@4.000ns period=8.000ns})
  Path Group:             ap_clk
  Path Type:              Setup (Max at Slow Process Corner)
  Requirement:            8.000ns  (ap_clk rise@8.000ns - ap_clk rise@0.000ns)
  Data Path Delay:        6.510ns  (logic 1.643ns (25.238%)  route 4.867ns (74.762%))
  Logic Levels:           6  (LUT4=2 LUT6=3 RAMS32=1)
  Clock Path Skew:        -0.049ns (DCD - SCD + CPR)
    Destination Clock Delay (DCD):    0.924ns = ( 8.924 - 8.000 ) 
    Source Clock Delay      (SCD):    0.973ns
    Clock Pessimism Removal (CPR):    0.000ns
  Clock Uncertainty:      0.035ns  ((TSJ^2 + TIJ^2)^1/2 + DJ) / 2 + PE
    Total System Jitter     (TSJ):    0.071ns
    Total Input Jitter      (TIJ):    0.000ns
    Discrete Jitter          (DJ):    0.000ns
    Phase Error              (PE):    0.000ns

    Location             Delay type                Incr(ns)  Path(ns)    Netlist Resource(s)
  -------------------------------------------------------------------    -------------------
                         (clock ap_clk rise edge)     0.000     0.000 r  
                                                      0.000     0.000 r  ap_clk (IN)
                         net (fo=117, unset)          0.973     0.973    bd_0_i/hls_inst/inst/ap_clk
    SLICE_X21Y34         FDRE                                         r  bd_0_i/hls_inst/inst/ap_CS_fsm_reg[18]/C
  -------------------------------------------------------------------    -------------------
    SLICE_X21Y34         FDRE (Prop_fdre_C_Q)         0.456     1.429 f  bd_0_i/hls_inst/inst/ap_CS_fsm_reg[18]/Q
                         net (fo=18, routed)          1.045     2.474    bd_0_i/hls_inst/inst/aux2_U/reg_251[3]_i_10_0[16]
    SLICE_X22Y35         LUT4 (Prop_lut4_I0_O)        0.150     2.624 f  bd_0_i/hls_inst/inst/aux2_U/col_reg_346[2]_i_25/O
                         net (fo=1, routed)           0.814     3.438    bd_0_i/hls_inst/inst/aux2_U/col_reg_346[2]_i_25_n_3
    SLICE_X22Y34         LUT6 (Prop_lut6_I0_O)        0.328     3.766 f  bd_0_i/hls_inst/inst/aux2_U/col_reg_346[2]_i_9/O
                         net (fo=1, routed)           0.760     4.525    bd_0_i/hls_inst/inst/aux2_U/col_reg_346[2]_i_9_n_3
    SLICE_X18Y34         LUT6 (Prop_lut6_I4_O)        0.124     4.649 f  bd_0_i/hls_inst/inst/aux2_U/col_reg_346[2]_i_2/O
                         net (fo=5, routed)           0.877     5.526    bd_0_i/hls_inst/inst/aux_U/sumneg_fu_88_reg[2]
    SLICE_X19Y34         LUT4 (Prop_lut4_I3_O)        0.152     5.678 r  bd_0_i/hls_inst/inst/aux_U/reg_251[3]_i_5/O
                         net (fo=6, routed)           0.595     6.273    bd_0_i/hls_inst/inst/aux_U/reg_251[3]_i_5_n_3
    SLICE_X17Y36         LUT6 (Prop_lut6_I1_O)        0.326     6.599 r  bd_0_i/hls_inst/inst/aux_U/ram_reg_0_15_0_0_i_4/O
                         net (fo=4, routed)           0.777     7.376    bd_0_i/hls_inst/inst/aux2_U/ram_reg_0_15_3_3/A3
    SLICE_X18Y36         RAMS32 (Prop_rams32_ADR3_O)
                                                      0.107     7.483 r  bd_0_i/hls_inst/inst/aux2_U/ram_reg_0_15_3_3/SP/O
                         net (fo=1, routed)           0.000     7.483    bd_0_i/hls_inst/inst/aux2_U/q00[3]
    SLICE_X18Y36         FDRE                                         r  bd_0_i/hls_inst/inst/aux2_U/q0_reg[3]/D
  -------------------------------------------------------------------    -------------------

                         (clock ap_clk rise edge)     8.000     8.000 r  
                                                      0.000     8.000 r  ap_clk (IN)
                         net (fo=117, unset)          0.924     8.924    bd_0_i/hls_inst/inst/aux2_U/ap_clk
    SLICE_X18Y36         FDRE                                         r  bd_0_i/hls_inst/inst/aux2_U/q0_reg[3]/C
                         clock pessimism              0.000     8.924    
                         clock uncertainty           -0.035     8.889    
    SLICE_X18Y36         FDRE (Setup_fdre_C_D)        0.079     8.968    bd_0_i/hls_inst/inst/aux2_U/q0_reg[3]
  -------------------------------------------------------------------
                         required time                          8.968    
                         arrival time                          -7.483    
  -------------------------------------------------------------------
                         slack                                  1.485    

Slack (MET) :             1.524ns  (required time - arrival time)
  Source:                 bd_0_i/hls_inst/inst/ap_CS_fsm_reg[18]/C
                            (rising edge-triggered cell FDRE clocked by ap_clk  {rise@0.000ns fall@4.000ns period=8.000ns})
  Destination:            bd_0_i/hls_inst/inst/reg_215_reg[1]/D
                            (rising edge-triggered cell FDRE clocked by ap_clk  {rise@0.000ns fall@4.000ns period=8.000ns})
  Path Group:             ap_clk
  Path Type:              Setup (Max at Slow Process Corner)
  Requirement:            8.000ns  (ap_clk rise@8.000ns - ap_clk rise@0.000ns)
  Data Path Delay:        6.123ns  (logic 1.299ns (21.214%)  route 4.824ns (78.786%))
  Logic Levels:           5  (LUT3=1 LUT4=2 LUT6=2)
  Clock Path Skew:        -0.049ns (DCD - SCD + CPR)
    Destination Clock Delay (DCD):    0.924ns = ( 8.924 - 8.000 ) 
    Source Clock Delay      (SCD):    0.973ns
    Clock Pessimism Removal (CPR):    0.000ns
  Clock Uncertainty:      0.035ns  ((TSJ^2 + TIJ^2)^1/2 + DJ) / 2 + PE
    Total System Jitter     (TSJ):    0.071ns
    Total Input Jitter      (TIJ):    0.000ns
    Discrete Jitter          (DJ):    0.000ns
    Phase Error              (PE):    0.000ns

    Location             Delay type                Incr(ns)  Path(ns)    Netlist Resource(s)
  -------------------------------------------------------------------    -------------------
                         (clock ap_clk rise edge)     0.000     0.000 r  
                                                      0.000     0.000 r  ap_clk (IN)
                         net (fo=117, unset)          0.973     0.973    bd_0_i/hls_inst/inst/ap_clk
    SLICE_X21Y34         FDRE                                         r  bd_0_i/hls_inst/inst/ap_CS_fsm_reg[18]/C
  -------------------------------------------------------------------    -------------------
    SLICE_X21Y34         FDRE (Prop_fdre_C_Q)         0.456     1.429 r  bd_0_i/hls_inst/inst/ap_CS_fsm_reg[18]/Q
                         net (fo=18, routed)          1.045     2.474    bd_0_i/hls_inst/inst/aux2_U/reg_251[3]_i_10_0[16]
    SLICE_X22Y35         LUT4 (Prop_lut4_I0_O)        0.150     2.624 r  bd_0_i/hls_inst/inst/aux2_U/col_reg_346[2]_i_25/O
                         net (fo=1, routed)           0.814     3.438    bd_0_i/hls_inst/inst/aux2_U/col_reg_346[2]_i_25_n_3
    SLICE_X22Y34         LUT6 (Prop_lut6_I0_O)        0.328     3.766 r  bd_0_i/hls_inst/inst/aux2_U/col_reg_346[2]_i_9/O
                         net (fo=1, routed)           0.760     4.525    bd_0_i/hls_inst/inst/aux2_U/col_reg_346[2]_i_9_n_3
    SLICE_X18Y34         LUT6 (Prop_lut6_I4_O)        0.124     4.649 r  bd_0_i/hls_inst/inst/aux2_U/col_reg_346[2]_i_2/O
                         net (fo=5, routed)           0.877     5.526    bd_0_i/hls_inst/inst/aux_U/sumneg_fu_88_reg[2]
    SLICE_X19Y34         LUT4 (Prop_lut4_I0_O)        0.124     5.650 r  bd_0_i/hls_inst/inst/aux_U/col_reg_346[1]_i_1/O
                         net (fo=12, routed)          0.806     6.456    bd_0_i/hls_inst/inst/aux_U/icmp_ln18_fu_660_p0[1]
    SLICE_X14Y36         LUT3 (Prop_lut3_I2_O)        0.117     6.573 r  bd_0_i/hls_inst/inst/aux_U/reg_215[1]_i_1/O
                         net (fo=1, routed)           0.524     7.096    bd_0_i/hls_inst/inst/aux_U_n_30
    SLICE_X15Y36         FDRE                                         r  bd_0_i/hls_inst/inst/reg_215_reg[1]/D
  -------------------------------------------------------------------    -------------------

                         (clock ap_clk rise edge)     8.000     8.000 r  
                                                      0.000     8.000 r  ap_clk (IN)
                         net (fo=117, unset)          0.924     8.924    bd_0_i/hls_inst/inst/ap_clk
    SLICE_X15Y36         FDRE                                         r  bd_0_i/hls_inst/inst/reg_215_reg[1]/C
                         clock pessimism              0.000     8.924    
                         clock uncertainty           -0.035     8.889    
    SLICE_X15Y36         FDRE (Setup_fdre_C_D)       -0.269     8.620    bd_0_i/hls_inst/inst/reg_215_reg[1]
  -------------------------------------------------------------------
                         required time                          8.620    
                         arrival time                          -7.096    
  -------------------------------------------------------------------
                         slack                                  1.524    

Slack (MET) :             1.557ns  (required time - arrival time)
  Source:                 bd_0_i/hls_inst/inst/ap_CS_fsm_reg[18]/C
                            (rising edge-triggered cell FDRE clocked by ap_clk  {rise@0.000ns fall@4.000ns period=8.000ns})
  Destination:            bd_0_i/hls_inst/inst/sumpos_fu_84_reg[3]/D
                            (rising edge-triggered cell FDRE clocked by ap_clk  {rise@0.000ns fall@4.000ns period=8.000ns})
  Path Group:             ap_clk
  Path Type:              Setup (Max at Slow Process Corner)
  Requirement:            8.000ns  (ap_clk rise@8.000ns - ap_clk rise@0.000ns)
  Data Path Delay:        6.331ns  (logic 1.536ns (24.261%)  route 4.795ns (75.739%))
  Logic Levels:           5  (LUT4=2 LUT5=1 LUT6=2)
  Clock Path Skew:        -0.049ns (DCD - SCD + CPR)
    Destination Clock Delay (DCD):    0.924ns = ( 8.924 - 8.000 ) 
    Source Clock Delay      (SCD):    0.973ns
    Clock Pessimism Removal (CPR):    0.000ns
  Clock Uncertainty:      0.035ns  ((TSJ^2 + TIJ^2)^1/2 + DJ) / 2 + PE
    Total System Jitter     (TSJ):    0.071ns
    Total Input Jitter      (TIJ):    0.000ns
    Discrete Jitter          (DJ):    0.000ns
    Phase Error              (PE):    0.000ns

    Location             Delay type                Incr(ns)  Path(ns)    Netlist Resource(s)
  -------------------------------------------------------------------    -------------------
                         (clock ap_clk rise edge)     0.000     0.000 r  
                                                      0.000     0.000 r  ap_clk (IN)
                         net (fo=117, unset)          0.973     0.973    bd_0_i/hls_inst/inst/ap_clk
    SLICE_X21Y34         FDRE                                         r  bd_0_i/hls_inst/inst/ap_CS_fsm_reg[18]/C
  -------------------------------------------------------------------    -------------------
    SLICE_X21Y34         FDRE (Prop_fdre_C_Q)         0.456     1.429 f  bd_0_i/hls_inst/inst/ap_CS_fsm_reg[18]/Q
                         net (fo=18, routed)          1.045     2.474    bd_0_i/hls_inst/inst/aux2_U/reg_251[3]_i_10_0[16]
    SLICE_X22Y35         LUT4 (Prop_lut4_I0_O)        0.150     2.624 f  bd_0_i/hls_inst/inst/aux2_U/col_reg_346[2]_i_25/O
                         net (fo=1, routed)           0.814     3.438    bd_0_i/hls_inst/inst/aux2_U/col_reg_346[2]_i_25_n_3
    SLICE_X22Y34         LUT6 (Prop_lut6_I0_O)        0.328     3.766 f  bd_0_i/hls_inst/inst/aux2_U/col_reg_346[2]_i_9/O
                         net (fo=1, routed)           0.760     4.525    bd_0_i/hls_inst/inst/aux2_U/col_reg_346[2]_i_9_n_3
    SLICE_X18Y34         LUT6 (Prop_lut6_I4_O)        0.124     4.649 f  bd_0_i/hls_inst/inst/aux2_U/col_reg_346[2]_i_2/O
                         net (fo=5, routed)           0.877     5.526    bd_0_i/hls_inst/inst/aux_U/sumneg_fu_88_reg[2]
    SLICE_X19Y34         LUT4 (Prop_lut4_I3_O)        0.152     5.678 r  bd_0_i/hls_inst/inst/aux_U/reg_251[3]_i_5/O
                         net (fo=6, routed)           0.648     6.326    bd_0_i/hls_inst/inst/aux_U/reg_251[3]_i_5_n_3
    SLICE_X17Y35         LUT5 (Prop_lut5_I1_O)        0.326     6.652 r  bd_0_i/hls_inst/inst/aux_U/col_reg_346[3]_i_1/O
                         net (fo=3, routed)           0.652     7.304    bd_0_i/hls_inst/inst/icmp_ln18_fu_660_p0[3]
    SLICE_X22Y36         FDRE                                         r  bd_0_i/hls_inst/inst/sumpos_fu_84_reg[3]/D
  -------------------------------------------------------------------    -------------------

                         (clock ap_clk rise edge)     8.000     8.000 r  
                                                      0.000     8.000 r  ap_clk (IN)
                         net (fo=117, unset)          0.924     8.924    bd_0_i/hls_inst/inst/ap_clk
    SLICE_X22Y36         FDRE                                         r  bd_0_i/hls_inst/inst/sumpos_fu_84_reg[3]/C
                         clock pessimism              0.000     8.924    
                         clock uncertainty           -0.035     8.889    
    SLICE_X22Y36         FDRE (Setup_fdre_C_D)       -0.028     8.861    bd_0_i/hls_inst/inst/sumpos_fu_84_reg[3]
  -------------------------------------------------------------------
                         required time                          8.861    
                         arrival time                          -7.304    
  -------------------------------------------------------------------
                         slack                                  1.557    





Min Delay Paths
--------------------------------------------------------------------------------------
Slack (MET) :             0.169ns  (arrival time - required time)
  Source:                 bd_0_i/hls_inst/inst/ap_CS_fsm_reg[7]/C
                            (rising edge-triggered cell FDRE clocked by ap_clk  {rise@0.000ns fall@4.000ns period=8.000ns})
  Destination:            bd_0_i/hls_inst/inst/ap_CS_fsm_reg[8]/D
                            (rising edge-triggered cell FDRE clocked by ap_clk  {rise@0.000ns fall@4.000ns period=8.000ns})
  Path Group:             ap_clk
  Path Type:              Hold (Min at Fast Process Corner)
  Requirement:            0.000ns  (ap_clk rise@0.000ns - ap_clk rise@0.000ns)
  Data Path Delay:        0.243ns  (logic 0.164ns (67.452%)  route 0.079ns (32.548%))
  Logic Levels:           0  
  Clock Path Skew:        0.022ns (DCD - SCD - CPR)
    Destination Clock Delay (DCD):    0.432ns
    Source Clock Delay      (SCD):    0.410ns
    Clock Pessimism Removal (CPR):    -0.000ns

    Location             Delay type                Incr(ns)  Path(ns)    Netlist Resource(s)
  -------------------------------------------------------------------    -------------------
                         (clock ap_clk rise edge)     0.000     0.000 r  
                                                      0.000     0.000 r  ap_clk (IN)
                         net (fo=117, unset)          0.410     0.410    bd_0_i/hls_inst/inst/ap_clk
    SLICE_X14Y33         FDRE                                         r  bd_0_i/hls_inst/inst/ap_CS_fsm_reg[7]/C
  -------------------------------------------------------------------    -------------------
    SLICE_X14Y33         FDRE (Prop_fdre_C_Q)         0.164     0.574 r  bd_0_i/hls_inst/inst/ap_CS_fsm_reg[7]/Q
                         net (fo=6, routed)           0.079     0.653    bd_0_i/hls_inst/inst/ap_CS_fsm_state8
    SLICE_X14Y33         FDRE                                         r  bd_0_i/hls_inst/inst/ap_CS_fsm_reg[8]/D
  -------------------------------------------------------------------    -------------------

                         (clock ap_clk rise edge)     0.000     0.000 r  
                                                      0.000     0.000 r  ap_clk (IN)
                         net (fo=117, unset)          0.432     0.432    bd_0_i/hls_inst/inst/ap_clk
    SLICE_X14Y33         FDRE                                         r  bd_0_i/hls_inst/inst/ap_CS_fsm_reg[8]/C
                         clock pessimism              0.000     0.432    
    SLICE_X14Y33         FDRE (Hold_fdre_C_D)         0.053     0.485    bd_0_i/hls_inst/inst/ap_CS_fsm_reg[8]
  -------------------------------------------------------------------
                         required time                         -0.485    
                         arrival time                           0.653    
  -------------------------------------------------------------------
                         slack                                  0.169    

Slack (MET) :             0.185ns  (arrival time - required time)
  Source:                 bd_0_i/hls_inst/inst/ap_CS_fsm_reg[15]/C
                            (rising edge-triggered cell FDRE clocked by ap_clk  {rise@0.000ns fall@4.000ns period=8.000ns})
  Destination:            bd_0_i/hls_inst/inst/ap_CS_fsm_reg[16]/D
                            (rising edge-triggered cell FDRE clocked by ap_clk  {rise@0.000ns fall@4.000ns period=8.000ns})
  Path Group:             ap_clk
  Path Type:              Hold (Min at Fast Process Corner)
  Requirement:            0.000ns  (ap_clk rise@0.000ns - ap_clk rise@0.000ns)
  Data Path Delay:        0.277ns  (logic 0.141ns (50.950%)  route 0.136ns (49.050%))
  Logic Levels:           0  
  Clock Path Skew:        0.022ns (DCD - SCD - CPR)
    Destination Clock Delay (DCD):    0.432ns
    Source Clock Delay      (SCD):    0.410ns
    Clock Pessimism Removal (CPR):    -0.000ns

    Location             Delay type                Incr(ns)  Path(ns)    Netlist Resource(s)
  -------------------------------------------------------------------    -------------------
                         (clock ap_clk rise edge)     0.000     0.000 r  
                                                      0.000     0.000 r  ap_clk (IN)
                         net (fo=117, unset)          0.410     0.410    bd_0_i/hls_inst/inst/ap_clk
    SLICE_X21Y33         FDRE                                         r  bd_0_i/hls_inst/inst/ap_CS_fsm_reg[15]/C
  -------------------------------------------------------------------    -------------------
    SLICE_X21Y33         FDRE (Prop_fdre_C_Q)         0.141     0.551 r  bd_0_i/hls_inst/inst/ap_CS_fsm_reg[15]/Q
                         net (fo=4, routed)           0.136     0.687    bd_0_i/hls_inst/inst/ap_CS_fsm_state16
    SLICE_X21Y34         FDRE                                         r  bd_0_i/hls_inst/inst/ap_CS_fsm_reg[16]/D
  -------------------------------------------------------------------    -------------------

                         (clock ap_clk rise edge)     0.000     0.000 r  
                                                      0.000     0.000 r  ap_clk (IN)
                         net (fo=117, unset)          0.432     0.432    bd_0_i/hls_inst/inst/ap_clk
    SLICE_X21Y34         FDRE                                         r  bd_0_i/hls_inst/inst/ap_CS_fsm_reg[16]/C
                         clock pessimism              0.000     0.432    
    SLICE_X21Y34         FDRE (Hold_fdre_C_D)         0.070     0.502    bd_0_i/hls_inst/inst/ap_CS_fsm_reg[16]
  -------------------------------------------------------------------
                         required time                         -0.502    
                         arrival time                           0.687    
  -------------------------------------------------------------------
                         slack                                  0.185    

Slack (MET) :             0.188ns  (arrival time - required time)
  Source:                 bd_0_i/hls_inst/inst/reg_215_reg[0]/C
                            (rising edge-triggered cell FDRE clocked by ap_clk  {rise@0.000ns fall@4.000ns period=8.000ns})
  Destination:            bd_0_i/hls_inst/inst/aux2_U/ram_reg_0_15_0_0/SP/I
                            (rising edge-triggered cell RAMS32 clocked by ap_clk  {rise@0.000ns fall@4.000ns period=8.000ns})
  Path Group:             ap_clk
  Path Type:              Hold (Min at Fast Process Corner)
  Requirement:            0.000ns  (ap_clk rise@0.000ns - ap_clk rise@0.000ns)
  Data Path Delay:        0.331ns  (logic 0.141ns (42.615%)  route 0.190ns (57.385%))
  Logic Levels:           0  
  Clock Path Skew:        0.022ns (DCD - SCD - CPR)
    Destination Clock Delay (DCD):    0.432ns
    Source Clock Delay      (SCD):    0.410ns
    Clock Pessimism Removal (CPR):    -0.000ns

    Location             Delay type                Incr(ns)  Path(ns)    Netlist Resource(s)
  -------------------------------------------------------------------    -------------------
                         (clock ap_clk rise edge)     0.000     0.000 r  
                                                      0.000     0.000 r  ap_clk (IN)
                         net (fo=117, unset)          0.410     0.410    bd_0_i/hls_inst/inst/ap_clk
    SLICE_X15Y36         FDRE                                         r  bd_0_i/hls_inst/inst/reg_215_reg[0]/C
  -------------------------------------------------------------------    -------------------
    SLICE_X15Y36         FDRE (Prop_fdre_C_Q)         0.141     0.551 r  bd_0_i/hls_inst/inst/reg_215_reg[0]/Q
                         net (fo=7, routed)           0.190     0.741    bd_0_i/hls_inst/inst/aux2_U/ram_reg_0_15_0_0/D
    SLICE_X18Y36         RAMS32                                       r  bd_0_i/hls_inst/inst/aux2_U/ram_reg_0_15_0_0/SP/I
  -------------------------------------------------------------------    -------------------

                         (clock ap_clk rise edge)     0.000     0.000 r  
                                                      0.000     0.000 r  ap_clk (IN)
                         net (fo=117, unset)          0.432     0.432    bd_0_i/hls_inst/inst/aux2_U/ram_reg_0_15_0_0/WCLK
    SLICE_X18Y36         RAMS32                                       r  bd_0_i/hls_inst/inst/aux2_U/ram_reg_0_15_0_0/SP/CLK
                         clock pessimism              0.000     0.432    
    SLICE_X18Y36         RAMS32 (Hold_rams32_CLK_I)
                                                      0.121     0.553    bd_0_i/hls_inst/inst/aux2_U/ram_reg_0_15_0_0/SP
  -------------------------------------------------------------------
                         required time                         -0.553    
                         arrival time                           0.741    
  -------------------------------------------------------------------
                         slack                                  0.188    

Slack (MET) :             0.189ns  (arrival time - required time)
  Source:                 bd_0_i/hls_inst/inst/i_1_fu_80_reg[1]/C
                            (rising edge-triggered cell FDRE clocked by ap_clk  {rise@0.000ns fall@4.000ns period=8.000ns})
  Destination:            bd_0_i/hls_inst/inst/ap_CS_fsm_reg[14]/D
                            (rising edge-triggered cell FDRE clocked by ap_clk  {rise@0.000ns fall@4.000ns period=8.000ns})
  Path Group:             ap_clk
  Path Type:              Hold (Min at Fast Process Corner)
  Requirement:            0.000ns  (ap_clk rise@0.000ns - ap_clk rise@0.000ns)
  Data Path Delay:        0.317ns  (logic 0.212ns (66.791%)  route 0.105ns (33.209%))
  Logic Levels:           1  (LUT4=1)
  Clock Path Skew:        0.022ns (DCD - SCD - CPR)
    Destination Clock Delay (DCD):    0.432ns
    Source Clock Delay      (SCD):    0.410ns
    Clock Pessimism Removal (CPR):    -0.000ns

    Location             Delay type                Incr(ns)  Path(ns)    Netlist Resource(s)
  -------------------------------------------------------------------    -------------------
                         (clock ap_clk rise edge)     0.000     0.000 r  
                                                      0.000     0.000 r  ap_clk (IN)
                         net (fo=117, unset)          0.410     0.410    bd_0_i/hls_inst/inst/ap_clk
    SLICE_X16Y32         FDRE                                         r  bd_0_i/hls_inst/inst/i_1_fu_80_reg[1]/C
  -------------------------------------------------------------------    -------------------
    SLICE_X16Y32         FDRE (Prop_fdre_C_Q)         0.164     0.574 r  bd_0_i/hls_inst/inst/i_1_fu_80_reg[1]/Q
                         net (fo=9, routed)           0.105     0.680    bd_0_i/hls_inst/inst/tmp_1_fu_545_p3[3]
    SLICE_X17Y32         LUT4 (Prop_lut4_I2_O)        0.048     0.728 r  bd_0_i/hls_inst/inst/ap_CS_fsm[14]_i_1/O
                         net (fo=1, routed)           0.000     0.728    bd_0_i/hls_inst/inst/ap_NS_fsm[14]
    SLICE_X17Y32         FDRE                                         r  bd_0_i/hls_inst/inst/ap_CS_fsm_reg[14]/D
  -------------------------------------------------------------------    -------------------

                         (clock ap_clk rise edge)     0.000     0.000 r  
                                                      0.000     0.000 r  ap_clk (IN)
                         net (fo=117, unset)          0.432     0.432    bd_0_i/hls_inst/inst/ap_clk
    SLICE_X17Y32         FDRE                                         r  bd_0_i/hls_inst/inst/ap_CS_fsm_reg[14]/C
                         clock pessimism              0.000     0.432    
    SLICE_X17Y32         FDRE (Hold_fdre_C_D)         0.107     0.539    bd_0_i/hls_inst/inst/ap_CS_fsm_reg[14]
  -------------------------------------------------------------------
                         required time                         -0.539    
                         arrival time                           0.728    
  -------------------------------------------------------------------
                         slack                                  0.189    

Slack (MET) :             0.198ns  (arrival time - required time)
  Source:                 bd_0_i/hls_inst/inst/reg_239_reg[2]/C
                            (rising edge-triggered cell FDRE clocked by ap_clk  {rise@0.000ns fall@4.000ns period=8.000ns})
  Destination:            bd_0_i/hls_inst/inst/res_addr_reg_752_reg[2]/D
                            (rising edge-triggered cell FDRE clocked by ap_clk  {rise@0.000ns fall@4.000ns period=8.000ns})
  Path Group:             ap_clk
  Path Type:              Hold (Min at Fast Process Corner)
  Requirement:            0.000ns  (ap_clk rise@0.000ns - ap_clk rise@0.000ns)
  Data Path Delay:        0.289ns  (logic 0.164ns (56.708%)  route 0.125ns (43.292%))
  Logic Levels:           0  
  Clock Path Skew:        0.022ns (DCD - SCD - CPR)
    Destination Clock Delay (DCD):    0.432ns
    Source Clock Delay      (SCD):    0.410ns
    Clock Pessimism Removal (CPR):    -0.000ns

    Location             Delay type                Incr(ns)  Path(ns)    Netlist Resource(s)
  -------------------------------------------------------------------    -------------------
                         (clock ap_clk rise edge)     0.000     0.000 r  
                                                      0.000     0.000 r  ap_clk (IN)
                         net (fo=117, unset)          0.410     0.410    bd_0_i/hls_inst/inst/ap_clk
    SLICE_X16Y35         FDRE                                         r  bd_0_i/hls_inst/inst/reg_239_reg[2]/C
  -------------------------------------------------------------------    -------------------
    SLICE_X16Y35         FDRE (Prop_fdre_C_Q)         0.164     0.574 r  bd_0_i/hls_inst/inst/reg_239_reg[2]/Q
                         net (fo=8, routed)           0.125     0.699    bd_0_i/hls_inst/inst/c_address0[2]
    SLICE_X17Y35         FDRE                                         r  bd_0_i/hls_inst/inst/res_addr_reg_752_reg[2]/D
  -------------------------------------------------------------------    -------------------

                         (clock ap_clk rise edge)     0.000     0.000 r  
                                                      0.000     0.000 r  ap_clk (IN)
                         net (fo=117, unset)          0.432     0.432    bd_0_i/hls_inst/inst/ap_clk
    SLICE_X17Y35         FDRE                                         r  bd_0_i/hls_inst/inst/res_addr_reg_752_reg[2]/C
                         clock pessimism              0.000     0.432    
    SLICE_X17Y35         FDRE (Hold_fdre_C_D)         0.070     0.502    bd_0_i/hls_inst/inst/res_addr_reg_752_reg[2]
  -------------------------------------------------------------------
                         required time                         -0.502    
                         arrival time                           0.699    
  -------------------------------------------------------------------
                         slack                                  0.198    

Slack (MET) :             0.202ns  (arrival time - required time)
  Source:                 bd_0_i/hls_inst/inst/i_1_fu_80_reg[1]/C
                            (rising edge-triggered cell FDRE clocked by ap_clk  {rise@0.000ns fall@4.000ns period=8.000ns})
  Destination:            bd_0_i/hls_inst/inst/ap_CS_fsm_reg[10]/D
                            (rising edge-triggered cell FDRE clocked by ap_clk  {rise@0.000ns fall@4.000ns period=8.000ns})
  Path Group:             ap_clk
  Path Type:              Hold (Min at Fast Process Corner)
  Requirement:            0.000ns  (ap_clk rise@0.000ns - ap_clk rise@0.000ns)
  Data Path Delay:        0.314ns  (logic 0.209ns (66.475%)  route 0.105ns (33.525%))
  Logic Levels:           1  (LUT4=1)
  Clock Path Skew:        0.022ns (DCD - SCD - CPR)
    Destination Clock Delay (DCD):    0.432ns
    Source Clock Delay      (SCD):    0.410ns
    Clock Pessimism Removal (CPR):    -0.000ns

    Location             Delay type                Incr(ns)  Path(ns)    Netlist Resource(s)
  -------------------------------------------------------------------    -------------------
                         (clock ap_clk rise edge)     0.000     0.000 r  
                                                      0.000     0.000 r  ap_clk (IN)
                         net (fo=117, unset)          0.410     0.410    bd_0_i/hls_inst/inst/ap_clk
    SLICE_X16Y32         FDRE                                         r  bd_0_i/hls_inst/inst/i_1_fu_80_reg[1]/C
  -------------------------------------------------------------------    -------------------
    SLICE_X16Y32         FDRE (Prop_fdre_C_Q)         0.164     0.574 f  bd_0_i/hls_inst/inst/i_1_fu_80_reg[1]/Q
                         net (fo=9, routed)           0.105     0.680    bd_0_i/hls_inst/inst/tmp_1_fu_545_p3[3]
    SLICE_X17Y32         LUT4 (Prop_lut4_I2_O)        0.045     0.725 r  bd_0_i/hls_inst/inst/ap_CS_fsm[10]_i_1/O
                         net (fo=1, routed)           0.000     0.725    bd_0_i/hls_inst/inst/ap_NS_fsm[10]
    SLICE_X17Y32         FDRE                                         r  bd_0_i/hls_inst/inst/ap_CS_fsm_reg[10]/D
  -------------------------------------------------------------------    -------------------

                         (clock ap_clk rise edge)     0.000     0.000 r  
                                                      0.000     0.000 r  ap_clk (IN)
                         net (fo=117, unset)          0.432     0.432    bd_0_i/hls_inst/inst/ap_clk
    SLICE_X17Y32         FDRE                                         r  bd_0_i/hls_inst/inst/ap_CS_fsm_reg[10]/C
                         clock pessimism              0.000     0.432    
    SLICE_X17Y32         FDRE (Hold_fdre_C_D)         0.091     0.523    bd_0_i/hls_inst/inst/ap_CS_fsm_reg[10]
  -------------------------------------------------------------------
                         required time                         -0.523    
                         arrival time                           0.725    
  -------------------------------------------------------------------
                         slack                                  0.202    

Slack (MET) :             0.207ns  (arrival time - required time)
  Source:                 bd_0_i/hls_inst/inst/ap_CS_fsm_reg[1]/C
                            (rising edge-triggered cell FDRE clocked by ap_clk  {rise@0.000ns fall@4.000ns period=8.000ns})
  Destination:            bd_0_i/hls_inst/inst/ap_CS_fsm_reg[9]/D
                            (rising edge-triggered cell FDRE clocked by ap_clk  {rise@0.000ns fall@4.000ns period=8.000ns})
  Path Group:             ap_clk
  Path Type:              Hold (Min at Fast Process Corner)
  Requirement:            0.000ns  (ap_clk rise@0.000ns - ap_clk rise@0.000ns)
  Data Path Delay:        0.350ns  (logic 0.246ns (70.270%)  route 0.104ns (29.730%))
  Logic Levels:           1  (LUT6=1)
  Clock Path Skew:        0.022ns (DCD - SCD - CPR)
    Destination Clock Delay (DCD):    0.432ns
    Source Clock Delay      (SCD):    0.410ns
    Clock Pessimism Removal (CPR):    -0.000ns

    Location             Delay type                Incr(ns)  Path(ns)    Netlist Resource(s)
  -------------------------------------------------------------------    -------------------
                         (clock ap_clk rise edge)     0.000     0.000 r  
                                                      0.000     0.000 r  ap_clk (IN)
                         net (fo=117, unset)          0.410     0.410    bd_0_i/hls_inst/inst/ap_clk
    SLICE_X18Y33         FDRE                                         r  bd_0_i/hls_inst/inst/ap_CS_fsm_reg[1]/C
  -------------------------------------------------------------------    -------------------
    SLICE_X18Y33         FDRE (Prop_fdre_C_Q)         0.148     0.558 r  bd_0_i/hls_inst/inst/ap_CS_fsm_reg[1]/Q
                         net (fo=10, routed)          0.104     0.662    bd_0_i/hls_inst/inst/ap_CS_fsm_state2
    SLICE_X18Y33         LUT6 (Prop_lut6_I2_O)        0.098     0.760 r  bd_0_i/hls_inst/inst/ap_CS_fsm[9]_i_1/O
                         net (fo=1, routed)           0.000     0.760    bd_0_i/hls_inst/inst/ap_NS_fsm[9]
    SLICE_X18Y33         FDRE                                         r  bd_0_i/hls_inst/inst/ap_CS_fsm_reg[9]/D
  -------------------------------------------------------------------    -------------------

                         (clock ap_clk rise edge)     0.000     0.000 r  
                                                      0.000     0.000 r  ap_clk (IN)
                         net (fo=117, unset)          0.432     0.432    bd_0_i/hls_inst/inst/ap_clk
    SLICE_X18Y33         FDRE                                         r  bd_0_i/hls_inst/inst/ap_CS_fsm_reg[9]/C
                         clock pessimism              0.000     0.432    
    SLICE_X18Y33         FDRE (Hold_fdre_C_D)         0.121     0.553    bd_0_i/hls_inst/inst/ap_CS_fsm_reg[9]
  -------------------------------------------------------------------
                         required time                         -0.553    
                         arrival time                           0.760    
  -------------------------------------------------------------------
                         slack                                  0.207    

Slack (MET) :             0.220ns  (arrival time - required time)
  Source:                 bd_0_i/hls_inst/inst/reg_239_reg[1]/C
                            (rising edge-triggered cell FDRE clocked by ap_clk  {rise@0.000ns fall@4.000ns period=8.000ns})
  Destination:            bd_0_i/hls_inst/inst/aux2_addr_reg_817_reg[1]/D
                            (rising edge-triggered cell FDRE clocked by ap_clk  {rise@0.000ns fall@4.000ns period=8.000ns})
  Path Group:             ap_clk
  Path Type:              Hold (Min at Fast Process Corner)
  Requirement:            0.000ns  (ap_clk rise@0.000ns - ap_clk rise@0.000ns)
  Data Path Delay:        0.311ns  (logic 0.164ns (52.685%)  route 0.147ns (47.315%))
  Logic Levels:           0  
  Clock Path Skew:        0.022ns (DCD - SCD - CPR)
    Destination Clock Delay (DCD):    0.432ns
    Source Clock Delay      (SCD):    0.410ns
    Clock Pessimism Removal (CPR):    -0.000ns

    Location             Delay type                Incr(ns)  Path(ns)    Netlist Resource(s)
  -------------------------------------------------------------------    -------------------
                         (clock ap_clk rise edge)     0.000     0.000 r  
                                                      0.000     0.000 r  ap_clk (IN)
                         net (fo=117, unset)          0.410     0.410    bd_0_i/hls_inst/inst/ap_clk
    SLICE_X16Y35         FDRE                                         r  bd_0_i/hls_inst/inst/reg_239_reg[1]/C
  -------------------------------------------------------------------    -------------------
    SLICE_X16Y35         FDRE (Prop_fdre_C_Q)         0.164     0.574 r  bd_0_i/hls_inst/inst/reg_239_reg[1]/Q
                         net (fo=8, routed)           0.147     0.721    bd_0_i/hls_inst/inst/c_address0[1]
    SLICE_X19Y35         FDRE                                         r  bd_0_i/hls_inst/inst/aux2_addr_reg_817_reg[1]/D
  -------------------------------------------------------------------    -------------------

                         (clock ap_clk rise edge)     0.000     0.000 r  
                                                      0.000     0.000 r  ap_clk (IN)
                         net (fo=117, unset)          0.432     0.432    bd_0_i/hls_inst/inst/ap_clk
    SLICE_X19Y35         FDRE                                         r  bd_0_i/hls_inst/inst/aux2_addr_reg_817_reg[1]/C
                         clock pessimism              0.000     0.432    
    SLICE_X19Y35         FDRE (Hold_fdre_C_D)         0.070     0.502    bd_0_i/hls_inst/inst/aux2_addr_reg_817_reg[1]
  -------------------------------------------------------------------
                         required time                         -0.502    
                         arrival time                           0.721    
  -------------------------------------------------------------------
                         slack                                  0.220    

Slack (MET) :             0.223ns  (arrival time - required time)
  Source:                 bd_0_i/hls_inst/inst/reg_239_reg[1]/C
                            (rising edge-triggered cell FDRE clocked by ap_clk  {rise@0.000ns fall@4.000ns period=8.000ns})
  Destination:            bd_0_i/hls_inst/inst/res_addr_reg_752_reg[1]/D
                            (rising edge-triggered cell FDRE clocked by ap_clk  {rise@0.000ns fall@4.000ns period=8.000ns})
  Path Group:             ap_clk
  Path Type:              Hold (Min at Fast Process Corner)
  Requirement:            0.000ns  (ap_clk rise@0.000ns - ap_clk rise@0.000ns)
  Data Path Delay:        0.310ns  (logic 0.164ns (52.834%)  route 0.146ns (47.166%))
  Logic Levels:           0  
  Clock Path Skew:        0.022ns (DCD - SCD - CPR)
    Destination Clock Delay (DCD):    0.432ns
    Source Clock Delay      (SCD):    0.410ns
    Clock Pessimism Removal (CPR):    -0.000ns

    Location             Delay type                Incr(ns)  Path(ns)    Netlist Resource(s)
  -------------------------------------------------------------------    -------------------
                         (clock ap_clk rise edge)     0.000     0.000 r  
                                                      0.000     0.000 r  ap_clk (IN)
                         net (fo=117, unset)          0.410     0.410    bd_0_i/hls_inst/inst/ap_clk
    SLICE_X16Y35         FDRE                                         r  bd_0_i/hls_inst/inst/reg_239_reg[1]/C
  -------------------------------------------------------------------    -------------------
    SLICE_X16Y35         FDRE (Prop_fdre_C_Q)         0.164     0.574 r  bd_0_i/hls_inst/inst/reg_239_reg[1]/Q
                         net (fo=8, routed)           0.146     0.721    bd_0_i/hls_inst/inst/c_address0[1]
    SLICE_X17Y34         FDRE                                         r  bd_0_i/hls_inst/inst/res_addr_reg_752_reg[1]/D
  -------------------------------------------------------------------    -------------------

                         (clock ap_clk rise edge)     0.000     0.000 r  
                                                      0.000     0.000 r  ap_clk (IN)
                         net (fo=117, unset)          0.432     0.432    bd_0_i/hls_inst/inst/ap_clk
    SLICE_X17Y34         FDRE                                         r  bd_0_i/hls_inst/inst/res_addr_reg_752_reg[1]/C
                         clock pessimism              0.000     0.432    
    SLICE_X17Y34         FDRE (Hold_fdre_C_D)         0.066     0.498    bd_0_i/hls_inst/inst/res_addr_reg_752_reg[1]
  -------------------------------------------------------------------
                         required time                         -0.498    
                         arrival time                           0.721    
  -------------------------------------------------------------------
                         slack                                  0.223    

Slack (MET) :             0.232ns  (arrival time - required time)
  Source:                 bd_0_i/hls_inst/inst/reg_215_reg[3]/C
                            (rising edge-triggered cell FDRE clocked by ap_clk  {rise@0.000ns fall@4.000ns period=8.000ns})
  Destination:            bd_0_i/hls_inst/inst/aux2_U/ram_reg_0_15_3_3/SP/I
                            (rising edge-triggered cell RAMS32 clocked by ap_clk  {rise@0.000ns fall@4.000ns period=8.000ns})
  Path Group:             ap_clk
  Path Type:              Hold (Min at Fast Process Corner)
  Requirement:            0.000ns  (ap_clk rise@0.000ns - ap_clk rise@0.000ns)
  Data Path Delay:        0.367ns  (logic 0.141ns (38.388%)  route 0.226ns (61.612%))
  Logic Levels:           0  
  Clock Path Skew:        0.022ns (DCD - SCD - CPR)
    Destination Clock Delay (DCD):    0.432ns
    Source Clock Delay      (SCD):    0.410ns
    Clock Pessimism Removal (CPR):    -0.000ns

    Location             Delay type                Incr(ns)  Path(ns)    Netlist Resource(s)
  -------------------------------------------------------------------    -------------------
                         (clock ap_clk rise edge)     0.000     0.000 r  
                                                      0.000     0.000 r  ap_clk (IN)
                         net (fo=117, unset)          0.410     0.410    bd_0_i/hls_inst/inst/ap_clk
    SLICE_X15Y36         FDRE                                         r  bd_0_i/hls_inst/inst/reg_215_reg[3]/C
  -------------------------------------------------------------------    -------------------
    SLICE_X15Y36         FDRE (Prop_fdre_C_Q)         0.141     0.551 r  bd_0_i/hls_inst/inst/reg_215_reg[3]/Q
                         net (fo=2, routed)           0.226     0.777    bd_0_i/hls_inst/inst/aux2_U/ram_reg_0_15_3_3/D
    SLICE_X18Y36         RAMS32                                       r  bd_0_i/hls_inst/inst/aux2_U/ram_reg_0_15_3_3/SP/I
  -------------------------------------------------------------------    -------------------

                         (clock ap_clk rise edge)     0.000     0.000 r  
                                                      0.000     0.000 r  ap_clk (IN)
                         net (fo=117, unset)          0.432     0.432    bd_0_i/hls_inst/inst/aux2_U/ram_reg_0_15_3_3/WCLK
    SLICE_X18Y36         RAMS32                                       r  bd_0_i/hls_inst/inst/aux2_U/ram_reg_0_15_3_3/SP/CLK
                         clock pessimism              0.000     0.432    
    SLICE_X18Y36         RAMS32 (Hold_rams32_CLK_I)
                                                      0.114     0.546    bd_0_i/hls_inst/inst/aux2_U/ram_reg_0_15_3_3/SP
  -------------------------------------------------------------------
                         required time                         -0.546    
                         arrival time                           0.777    
  -------------------------------------------------------------------
                         slack                                  0.232    





Pulse Width Checks
--------------------------------------------------------------------------------------
Clock Name:         ap_clk
Waveform(ns):       { 0.000 4.000 }
Period(ns):         8.000
Sources:            { ap_clk }

Check Type        Corner  Lib Pin     Reference Pin  Required(ns)  Actual(ns)  Slack(ns)  Location      Pin
Min Period        n/a     FDRE/C      n/a            1.000         8.000       7.000      SLICE_X20Y33  bd_0_i/hls_inst/inst/add_ln19_reg_351_reg[0]/C
Min Period        n/a     FDRE/C      n/a            1.000         8.000       7.000      SLICE_X22Y33  bd_0_i/hls_inst/inst/add_ln19_reg_351_reg[1]/C
Min Period        n/a     FDRE/C      n/a            1.000         8.000       7.000      SLICE_X20Y33  bd_0_i/hls_inst/inst/add_ln19_reg_351_reg[2]/C
Min Period        n/a     FDSE/C      n/a            1.000         8.000       7.000      SLICE_X21Y33  bd_0_i/hls_inst/inst/ap_CS_fsm_reg[0]/C
Min Period        n/a     FDRE/C      n/a            1.000         8.000       7.000      SLICE_X17Y32  bd_0_i/hls_inst/inst/ap_CS_fsm_reg[10]/C
Min Period        n/a     FDRE/C      n/a            1.000         8.000       7.000      SLICE_X14Y33  bd_0_i/hls_inst/inst/ap_CS_fsm_reg[11]/C
Min Period        n/a     FDRE/C      n/a            1.000         8.000       7.000      SLICE_X16Y34  bd_0_i/hls_inst/inst/ap_CS_fsm_reg[12]/C
Min Period        n/a     FDRE/C      n/a            1.000         8.000       7.000      SLICE_X16Y34  bd_0_i/hls_inst/inst/ap_CS_fsm_reg[13]/C
Min Period        n/a     FDRE/C      n/a            1.000         8.000       7.000      SLICE_X17Y32  bd_0_i/hls_inst/inst/ap_CS_fsm_reg[14]/C
Min Period        n/a     FDRE/C      n/a            1.000         8.000       7.000      SLICE_X21Y33  bd_0_i/hls_inst/inst/ap_CS_fsm_reg[15]/C
Low Pulse Width   Slow    RAMS32/CLK  n/a            1.250         4.000       2.750      SLICE_X18Y36  bd_0_i/hls_inst/inst/aux2_U/ram_reg_0_15_0_0/SP/CLK
Low Pulse Width   Fast    RAMS32/CLK  n/a            1.250         4.000       2.750      SLICE_X18Y36  bd_0_i/hls_inst/inst/aux2_U/ram_reg_0_15_0_0/SP/CLK
Low Pulse Width   Slow    RAMS32/CLK  n/a            1.250         4.000       2.750      SLICE_X18Y36  bd_0_i/hls_inst/inst/aux2_U/ram_reg_0_15_1_1/SP/CLK
Low Pulse Width   Fast    RAMS32/CLK  n/a            1.250         4.000       2.750      SLICE_X18Y36  bd_0_i/hls_inst/inst/aux2_U/ram_reg_0_15_1_1/SP/CLK
Low Pulse Width   Slow    RAMS32/CLK  n/a            1.250         4.000       2.750      SLICE_X18Y36  bd_0_i/hls_inst/inst/aux2_U/ram_reg_0_15_2_2/SP/CLK
Low Pulse Width   Fast    RAMS32/CLK  n/a            1.250         4.000       2.750      SLICE_X18Y36  bd_0_i/hls_inst/inst/aux2_U/ram_reg_0_15_2_2/SP/CLK
Low Pulse Width   Slow    RAMS32/CLK  n/a            1.250         4.000       2.750      SLICE_X18Y36  bd_0_i/hls_inst/inst/aux2_U/ram_reg_0_15_3_3/SP/CLK
Low Pulse Width   Fast    RAMS32/CLK  n/a            1.250         4.000       2.750      SLICE_X18Y36  bd_0_i/hls_inst/inst/aux2_U/ram_reg_0_15_3_3/SP/CLK
Low Pulse Width   Slow    RAMS32/CLK  n/a            1.250         4.000       2.750      SLICE_X18Y35  bd_0_i/hls_inst/inst/aux_U/ram_reg_0_15_0_0/SP/CLK
Low Pulse Width   Fast    RAMS32/CLK  n/a            1.250         4.000       2.750      SLICE_X18Y35  bd_0_i/hls_inst/inst/aux_U/ram_reg_0_15_0_0/SP/CLK
High Pulse Width  Slow    RAMS32/CLK  n/a            1.250         4.000       2.750      SLICE_X18Y36  bd_0_i/hls_inst/inst/aux2_U/ram_reg_0_15_0_0/SP/CLK
High Pulse Width  Fast    RAMS32/CLK  n/a            1.250         4.000       2.750      SLICE_X18Y36  bd_0_i/hls_inst/inst/aux2_U/ram_reg_0_15_0_0/SP/CLK
High Pulse Width  Slow    RAMS32/CLK  n/a            1.250         4.000       2.750      SLICE_X18Y36  bd_0_i/hls_inst/inst/aux2_U/ram_reg_0_15_1_1/SP/CLK
High Pulse Width  Fast    RAMS32/CLK  n/a            1.250         4.000       2.750      SLICE_X18Y36  bd_0_i/hls_inst/inst/aux2_U/ram_reg_0_15_1_1/SP/CLK
High Pulse Width  Slow    RAMS32/CLK  n/a            1.250         4.000       2.750      SLICE_X18Y36  bd_0_i/hls_inst/inst/aux2_U/ram_reg_0_15_2_2/SP/CLK
High Pulse Width  Fast    RAMS32/CLK  n/a            1.250         4.000       2.750      SLICE_X18Y36  bd_0_i/hls_inst/inst/aux2_U/ram_reg_0_15_2_2/SP/CLK
High Pulse Width  Slow    RAMS32/CLK  n/a            1.250         4.000       2.750      SLICE_X18Y36  bd_0_i/hls_inst/inst/aux2_U/ram_reg_0_15_3_3/SP/CLK
High Pulse Width  Fast    RAMS32/CLK  n/a            1.250         4.000       2.750      SLICE_X18Y36  bd_0_i/hls_inst/inst/aux2_U/ram_reg_0_15_3_3/SP/CLK
High Pulse Width  Slow    RAMS32/CLK  n/a            1.250         4.000       2.750      SLICE_X18Y35  bd_0_i/hls_inst/inst/aux_U/ram_reg_0_15_0_0/SP/CLK
High Pulse Width  Fast    RAMS32/CLK  n/a            1.250         4.000       2.750      SLICE_X18Y35  bd_0_i/hls_inst/inst/aux_U/ram_reg_0_15_0_0/SP/CLK



--------------------------------------------------------------------------------------
Path Group:  (none)
From Clock:  
  To Clock:  

Max Delay             1 Endpoint
Min Delay             1 Endpoint
--------------------------------------------------------------------------------------


Max Delay Paths
--------------------------------------------------------------------------------------
Slack:                    inf
  Source:                 ap_ctrl_start
                            (input port)
  Destination:            ap_ctrl_idle
                            (output port)
  Path Group:             (none)
  Path Type:              Max at Slow Process Corner
  Data Path Delay:        2.099ns  (logic 0.153ns (7.289%)  route 1.946ns (92.711%))
  Logic Levels:           1  (LUT2=1)

    Location             Delay type                Incr(ns)  Path(ns)    Netlist Resource(s)
  -------------------------------------------------------------------    -------------------
                                                      0.000     0.000 f  ap_ctrl_start (IN)
                         net (fo=4, unset)            0.973     0.973    bd_0_i/hls_inst/inst/ap_start
    SLICE_X16Y32         LUT2 (Prop_lut2_I1_O)        0.153     1.126 r  bd_0_i/hls_inst/inst/ap_idle_INST_0/O
                         net (fo=0)                   0.973     2.099    ap_ctrl_idle
                                                                      r  ap_ctrl_idle (OUT)
  -------------------------------------------------------------------    -------------------





Min Delay Paths
--------------------------------------------------------------------------------------
Slack:                    inf
  Source:                 ap_ctrl_start
                            (input port)
  Destination:            ap_ctrl_idle
                            (output port)
  Path Group:             (none)
  Path Type:              Min at Fast Process Corner
  Data Path Delay:        0.869ns  (logic 0.049ns (5.637%)  route 0.820ns (94.363%))
  Logic Levels:           1  (LUT2=1)

    Location             Delay type                Incr(ns)  Path(ns)    Netlist Resource(s)
  -------------------------------------------------------------------    -------------------
                                                      0.000     0.000 f  ap_ctrl_start (IN)
                         net (fo=4, unset)            0.410     0.410    bd_0_i/hls_inst/inst/ap_start
    SLICE_X16Y32         LUT2 (Prop_lut2_I1_O)        0.049     0.459 r  bd_0_i/hls_inst/inst/ap_idle_INST_0/O
                         net (fo=0)                   0.410     0.869    ap_ctrl_idle
                                                                      r  ap_ctrl_idle (OUT)
  -------------------------------------------------------------------    -------------------





--------------------------------------------------------------------------------------
Path Group:  (none)
From Clock:  ap_clk
  To Clock:  

Max Delay            50 Endpoints
Min Delay            50 Endpoints
--------------------------------------------------------------------------------------


Max Delay Paths
--------------------------------------------------------------------------------------
Slack:                    inf
  Source:                 bd_0_i/hls_inst/inst/sumpos_fu_84_reg[0]/C
                            (rising edge-triggered cell FDRE clocked by ap_clk  {rise@0.000ns fall@4.000ns period=8.000ns})
  Destination:            ap_return[10]
                            (output port)
  Path Group:             (none)
  Path Type:              Max at Slow Process Corner
  Data Path Delay:        3.304ns  (logic 0.766ns (23.182%)  route 2.538ns (76.818%))
  Logic Levels:           2  (LUT4=1 LUT5=1)
  Clock Uncertainty:      0.025ns  ((TSJ^2 + TIJ^2)^1/2 + DJ) / 2 + PE
    Total System Jitter     (TSJ):    0.050ns
    Total Input Jitter      (TIJ):    0.000ns
    Discrete Jitter          (DJ):    0.000ns
    Phase Error              (PE):    0.000ns

    Location             Delay type                Incr(ns)  Path(ns)    Netlist Resource(s)
  -------------------------------------------------------------------    -------------------
                         (clock ap_clk rise edge)     0.000     0.000 r  
                                                      0.000     0.000 r  ap_clk (IN)
                         net (fo=117, unset)          0.973     0.973    bd_0_i/hls_inst/inst/ap_clk
    SLICE_X22Y36         FDRE                                         r  bd_0_i/hls_inst/inst/sumpos_fu_84_reg[0]/C
  -------------------------------------------------------------------    -------------------
    SLICE_X22Y36         FDRE (Prop_fdre_C_Q)         0.518     1.491 r  bd_0_i/hls_inst/inst/sumpos_fu_84_reg[0]/Q
                         net (fo=5, routed)           0.876     2.367    bd_0_i/hls_inst/inst/sumpos_fu_84[0]
    SLICE_X20Y36         LUT4 (Prop_lut4_I1_O)        0.124     2.491 r  bd_0_i/hls_inst/inst/ap_return[3]_INST_0_i_1/O
                         net (fo=1, routed)           0.689     3.180    bd_0_i/hls_inst/inst/ap_return[3]_INST_0_i_1_n_3
    SLICE_X20Y36         LUT5 (Prop_lut5_I1_O)        0.124     3.304 r  bd_0_i/hls_inst/inst/ap_return[3]_INST_0/O
                         net (fo=0)                   0.973     4.277    ap_return[10]
                                                                      r  ap_return[10] (OUT)
  -------------------------------------------------------------------    -------------------

Slack:                    inf
  Source:                 bd_0_i/hls_inst/inst/sumpos_fu_84_reg[0]/C
                            (rising edge-triggered cell FDRE clocked by ap_clk  {rise@0.000ns fall@4.000ns period=8.000ns})
  Destination:            ap_return[11]
                            (output port)
  Path Group:             (none)
  Path Type:              Max at Slow Process Corner
  Data Path Delay:        3.304ns  (logic 0.766ns (23.182%)  route 2.538ns (76.818%))
  Logic Levels:           2  (LUT4=1 LUT5=1)
  Clock Uncertainty:      0.025ns  ((TSJ^2 + TIJ^2)^1/2 + DJ) / 2 + PE
    Total System Jitter     (TSJ):    0.050ns
    Total Input Jitter      (TIJ):    0.000ns
    Discrete Jitter          (DJ):    0.000ns
    Phase Error              (PE):    0.000ns

    Location             Delay type                Incr(ns)  Path(ns)    Netlist Resource(s)
  -------------------------------------------------------------------    -------------------
                         (clock ap_clk rise edge)     0.000     0.000 r  
                                                      0.000     0.000 r  ap_clk (IN)
                         net (fo=117, unset)          0.973     0.973    bd_0_i/hls_inst/inst/ap_clk
    SLICE_X22Y36         FDRE                                         r  bd_0_i/hls_inst/inst/sumpos_fu_84_reg[0]/C
  -------------------------------------------------------------------    -------------------
    SLICE_X22Y36         FDRE (Prop_fdre_C_Q)         0.518     1.491 r  bd_0_i/hls_inst/inst/sumpos_fu_84_reg[0]/Q
                         net (fo=5, routed)           0.876     2.367    bd_0_i/hls_inst/inst/sumpos_fu_84[0]
    SLICE_X20Y36         LUT4 (Prop_lut4_I1_O)        0.124     2.491 r  bd_0_i/hls_inst/inst/ap_return[3]_INST_0_i_1/O
                         net (fo=1, routed)           0.689     3.180    bd_0_i/hls_inst/inst/ap_return[3]_INST_0_i_1_n_3
    SLICE_X20Y36         LUT5 (Prop_lut5_I1_O)        0.124     3.304 r  bd_0_i/hls_inst/inst/ap_return[3]_INST_0/O
                         net (fo=0)                   0.973     4.277    ap_return[11]
                                                                      r  ap_return[11] (OUT)
  -------------------------------------------------------------------    -------------------

Slack:                    inf
  Source:                 bd_0_i/hls_inst/inst/sumpos_fu_84_reg[0]/C
                            (rising edge-triggered cell FDRE clocked by ap_clk  {rise@0.000ns fall@4.000ns period=8.000ns})
  Destination:            ap_return[12]
                            (output port)
  Path Group:             (none)
  Path Type:              Max at Slow Process Corner
  Data Path Delay:        3.304ns  (logic 0.766ns (23.182%)  route 2.538ns (76.818%))
  Logic Levels:           2  (LUT4=1 LUT5=1)
  Clock Uncertainty:      0.025ns  ((TSJ^2 + TIJ^2)^1/2 + DJ) / 2 + PE
    Total System Jitter     (TSJ):    0.050ns
    Total Input Jitter      (TIJ):    0.000ns
    Discrete Jitter          (DJ):    0.000ns
    Phase Error              (PE):    0.000ns

    Location             Delay type                Incr(ns)  Path(ns)    Netlist Resource(s)
  -------------------------------------------------------------------    -------------------
                         (clock ap_clk rise edge)     0.000     0.000 r  
                                                      0.000     0.000 r  ap_clk (IN)
                         net (fo=117, unset)          0.973     0.973    bd_0_i/hls_inst/inst/ap_clk
    SLICE_X22Y36         FDRE                                         r  bd_0_i/hls_inst/inst/sumpos_fu_84_reg[0]/C
  -------------------------------------------------------------------    -------------------
    SLICE_X22Y36         FDRE (Prop_fdre_C_Q)         0.518     1.491 r  bd_0_i/hls_inst/inst/sumpos_fu_84_reg[0]/Q
                         net (fo=5, routed)           0.876     2.367    bd_0_i/hls_inst/inst/sumpos_fu_84[0]
    SLICE_X20Y36         LUT4 (Prop_lut4_I1_O)        0.124     2.491 r  bd_0_i/hls_inst/inst/ap_return[3]_INST_0_i_1/O
                         net (fo=1, routed)           0.689     3.180    bd_0_i/hls_inst/inst/ap_return[3]_INST_0_i_1_n_3
    SLICE_X20Y36         LUT5 (Prop_lut5_I1_O)        0.124     3.304 r  bd_0_i/hls_inst/inst/ap_return[3]_INST_0/O
                         net (fo=0)                   0.973     4.277    ap_return[12]
                                                                      r  ap_return[12] (OUT)
  -------------------------------------------------------------------    -------------------

Slack:                    inf
  Source:                 bd_0_i/hls_inst/inst/sumpos_fu_84_reg[0]/C
                            (rising edge-triggered cell FDRE clocked by ap_clk  {rise@0.000ns fall@4.000ns period=8.000ns})
  Destination:            ap_return[13]
                            (output port)
  Path Group:             (none)
  Path Type:              Max at Slow Process Corner
  Data Path Delay:        3.304ns  (logic 0.766ns (23.182%)  route 2.538ns (76.818%))
  Logic Levels:           2  (LUT4=1 LUT5=1)
  Clock Uncertainty:      0.025ns  ((TSJ^2 + TIJ^2)^1/2 + DJ) / 2 + PE
    Total System Jitter     (TSJ):    0.050ns
    Total Input Jitter      (TIJ):    0.000ns
    Discrete Jitter          (DJ):    0.000ns
    Phase Error              (PE):    0.000ns

    Location             Delay type                Incr(ns)  Path(ns)    Netlist Resource(s)
  -------------------------------------------------------------------    -------------------
                         (clock ap_clk rise edge)     0.000     0.000 r  
                                                      0.000     0.000 r  ap_clk (IN)
                         net (fo=117, unset)          0.973     0.973    bd_0_i/hls_inst/inst/ap_clk
    SLICE_X22Y36         FDRE                                         r  bd_0_i/hls_inst/inst/sumpos_fu_84_reg[0]/C
  -------------------------------------------------------------------    -------------------
    SLICE_X22Y36         FDRE (Prop_fdre_C_Q)         0.518     1.491 r  bd_0_i/hls_inst/inst/sumpos_fu_84_reg[0]/Q
                         net (fo=5, routed)           0.876     2.367    bd_0_i/hls_inst/inst/sumpos_fu_84[0]
    SLICE_X20Y36         LUT4 (Prop_lut4_I1_O)        0.124     2.491 r  bd_0_i/hls_inst/inst/ap_return[3]_INST_0_i_1/O
                         net (fo=1, routed)           0.689     3.180    bd_0_i/hls_inst/inst/ap_return[3]_INST_0_i_1_n_3
    SLICE_X20Y36         LUT5 (Prop_lut5_I1_O)        0.124     3.304 r  bd_0_i/hls_inst/inst/ap_return[3]_INST_0/O
                         net (fo=0)                   0.973     4.277    ap_return[13]
                                                                      r  ap_return[13] (OUT)
  -------------------------------------------------------------------    -------------------

Slack:                    inf
  Source:                 bd_0_i/hls_inst/inst/sumpos_fu_84_reg[0]/C
                            (rising edge-triggered cell FDRE clocked by ap_clk  {rise@0.000ns fall@4.000ns period=8.000ns})
  Destination:            ap_return[14]
                            (output port)
  Path Group:             (none)
  Path Type:              Max at Slow Process Corner
  Data Path Delay:        3.304ns  (logic 0.766ns (23.182%)  route 2.538ns (76.818%))
  Logic Levels:           2  (LUT4=1 LUT5=1)
  Clock Uncertainty:      0.025ns  ((TSJ^2 + TIJ^2)^1/2 + DJ) / 2 + PE
    Total System Jitter     (TSJ):    0.050ns
    Total Input Jitter      (TIJ):    0.000ns
    Discrete Jitter          (DJ):    0.000ns
    Phase Error              (PE):    0.000ns

    Location             Delay type                Incr(ns)  Path(ns)    Netlist Resource(s)
  -------------------------------------------------------------------    -------------------
                         (clock ap_clk rise edge)     0.000     0.000 r  
                                                      0.000     0.000 r  ap_clk (IN)
                         net (fo=117, unset)          0.973     0.973    bd_0_i/hls_inst/inst/ap_clk
    SLICE_X22Y36         FDRE                                         r  bd_0_i/hls_inst/inst/sumpos_fu_84_reg[0]/C
  -------------------------------------------------------------------    -------------------
    SLICE_X22Y36         FDRE (Prop_fdre_C_Q)         0.518     1.491 r  bd_0_i/hls_inst/inst/sumpos_fu_84_reg[0]/Q
                         net (fo=5, routed)           0.876     2.367    bd_0_i/hls_inst/inst/sumpos_fu_84[0]
    SLICE_X20Y36         LUT4 (Prop_lut4_I1_O)        0.124     2.491 r  bd_0_i/hls_inst/inst/ap_return[3]_INST_0_i_1/O
                         net (fo=1, routed)           0.689     3.180    bd_0_i/hls_inst/inst/ap_return[3]_INST_0_i_1_n_3
    SLICE_X20Y36         LUT5 (Prop_lut5_I1_O)        0.124     3.304 r  bd_0_i/hls_inst/inst/ap_return[3]_INST_0/O
                         net (fo=0)                   0.973     4.277    ap_return[14]
                                                                      r  ap_return[14] (OUT)
  -------------------------------------------------------------------    -------------------

Slack:                    inf
  Source:                 bd_0_i/hls_inst/inst/sumpos_fu_84_reg[0]/C
                            (rising edge-triggered cell FDRE clocked by ap_clk  {rise@0.000ns fall@4.000ns period=8.000ns})
  Destination:            ap_return[15]
                            (output port)
  Path Group:             (none)
  Path Type:              Max at Slow Process Corner
  Data Path Delay:        3.304ns  (logic 0.766ns (23.182%)  route 2.538ns (76.818%))
  Logic Levels:           2  (LUT4=1 LUT5=1)
  Clock Uncertainty:      0.025ns  ((TSJ^2 + TIJ^2)^1/2 + DJ) / 2 + PE
    Total System Jitter     (TSJ):    0.050ns
    Total Input Jitter      (TIJ):    0.000ns
    Discrete Jitter          (DJ):    0.000ns
    Phase Error              (PE):    0.000ns

    Location             Delay type                Incr(ns)  Path(ns)    Netlist Resource(s)
  -------------------------------------------------------------------    -------------------
                         (clock ap_clk rise edge)     0.000     0.000 r  
                                                      0.000     0.000 r  ap_clk (IN)
                         net (fo=117, unset)          0.973     0.973    bd_0_i/hls_inst/inst/ap_clk
    SLICE_X22Y36         FDRE                                         r  bd_0_i/hls_inst/inst/sumpos_fu_84_reg[0]/C
  -------------------------------------------------------------------    -------------------
    SLICE_X22Y36         FDRE (Prop_fdre_C_Q)         0.518     1.491 r  bd_0_i/hls_inst/inst/sumpos_fu_84_reg[0]/Q
                         net (fo=5, routed)           0.876     2.367    bd_0_i/hls_inst/inst/sumpos_fu_84[0]
    SLICE_X20Y36         LUT4 (Prop_lut4_I1_O)        0.124     2.491 r  bd_0_i/hls_inst/inst/ap_return[3]_INST_0_i_1/O
                         net (fo=1, routed)           0.689     3.180    bd_0_i/hls_inst/inst/ap_return[3]_INST_0_i_1_n_3
    SLICE_X20Y36         LUT5 (Prop_lut5_I1_O)        0.124     3.304 r  bd_0_i/hls_inst/inst/ap_return[3]_INST_0/O
                         net (fo=0)                   0.973     4.277    ap_return[15]
                                                                      r  ap_return[15] (OUT)
  -------------------------------------------------------------------    -------------------

Slack:                    inf
  Source:                 bd_0_i/hls_inst/inst/sumpos_fu_84_reg[0]/C
                            (rising edge-triggered cell FDRE clocked by ap_clk  {rise@0.000ns fall@4.000ns period=8.000ns})
  Destination:            ap_return[16]
                            (output port)
  Path Group:             (none)
  Path Type:              Max at Slow Process Corner
  Data Path Delay:        3.304ns  (logic 0.766ns (23.182%)  route 2.538ns (76.818%))
  Logic Levels:           2  (LUT4=1 LUT5=1)
  Clock Uncertainty:      0.025ns  ((TSJ^2 + TIJ^2)^1/2 + DJ) / 2 + PE
    Total System Jitter     (TSJ):    0.050ns
    Total Input Jitter      (TIJ):    0.000ns
    Discrete Jitter          (DJ):    0.000ns
    Phase Error              (PE):    0.000ns

    Location             Delay type                Incr(ns)  Path(ns)    Netlist Resource(s)
  -------------------------------------------------------------------    -------------------
                         (clock ap_clk rise edge)     0.000     0.000 r  
                                                      0.000     0.000 r  ap_clk (IN)
                         net (fo=117, unset)          0.973     0.973    bd_0_i/hls_inst/inst/ap_clk
    SLICE_X22Y36         FDRE                                         r  bd_0_i/hls_inst/inst/sumpos_fu_84_reg[0]/C
  -------------------------------------------------------------------    -------------------
    SLICE_X22Y36         FDRE (Prop_fdre_C_Q)         0.518     1.491 r  bd_0_i/hls_inst/inst/sumpos_fu_84_reg[0]/Q
                         net (fo=5, routed)           0.876     2.367    bd_0_i/hls_inst/inst/sumpos_fu_84[0]
    SLICE_X20Y36         LUT4 (Prop_lut4_I1_O)        0.124     2.491 r  bd_0_i/hls_inst/inst/ap_return[3]_INST_0_i_1/O
                         net (fo=1, routed)           0.689     3.180    bd_0_i/hls_inst/inst/ap_return[3]_INST_0_i_1_n_3
    SLICE_X20Y36         LUT5 (Prop_lut5_I1_O)        0.124     3.304 r  bd_0_i/hls_inst/inst/ap_return[3]_INST_0/O
                         net (fo=0)                   0.973     4.277    ap_return[16]
                                                                      r  ap_return[16] (OUT)
  -------------------------------------------------------------------    -------------------

Slack:                    inf
  Source:                 bd_0_i/hls_inst/inst/sumpos_fu_84_reg[0]/C
                            (rising edge-triggered cell FDRE clocked by ap_clk  {rise@0.000ns fall@4.000ns period=8.000ns})
  Destination:            ap_return[17]
                            (output port)
  Path Group:             (none)
  Path Type:              Max at Slow Process Corner
  Data Path Delay:        3.304ns  (logic 0.766ns (23.182%)  route 2.538ns (76.818%))
  Logic Levels:           2  (LUT4=1 LUT5=1)
  Clock Uncertainty:      0.025ns  ((TSJ^2 + TIJ^2)^1/2 + DJ) / 2 + PE
    Total System Jitter     (TSJ):    0.050ns
    Total Input Jitter      (TIJ):    0.000ns
    Discrete Jitter          (DJ):    0.000ns
    Phase Error              (PE):    0.000ns

    Location             Delay type                Incr(ns)  Path(ns)    Netlist Resource(s)
  -------------------------------------------------------------------    -------------------
                         (clock ap_clk rise edge)     0.000     0.000 r  
                                                      0.000     0.000 r  ap_clk (IN)
                         net (fo=117, unset)          0.973     0.973    bd_0_i/hls_inst/inst/ap_clk
    SLICE_X22Y36         FDRE                                         r  bd_0_i/hls_inst/inst/sumpos_fu_84_reg[0]/C
  -------------------------------------------------------------------    -------------------
    SLICE_X22Y36         FDRE (Prop_fdre_C_Q)         0.518     1.491 r  bd_0_i/hls_inst/inst/sumpos_fu_84_reg[0]/Q
                         net (fo=5, routed)           0.876     2.367    bd_0_i/hls_inst/inst/sumpos_fu_84[0]
    SLICE_X20Y36         LUT4 (Prop_lut4_I1_O)        0.124     2.491 r  bd_0_i/hls_inst/inst/ap_return[3]_INST_0_i_1/O
                         net (fo=1, routed)           0.689     3.180    bd_0_i/hls_inst/inst/ap_return[3]_INST_0_i_1_n_3
    SLICE_X20Y36         LUT5 (Prop_lut5_I1_O)        0.124     3.304 r  bd_0_i/hls_inst/inst/ap_return[3]_INST_0/O
                         net (fo=0)                   0.973     4.277    ap_return[17]
                                                                      r  ap_return[17] (OUT)
  -------------------------------------------------------------------    -------------------

Slack:                    inf
  Source:                 bd_0_i/hls_inst/inst/sumpos_fu_84_reg[0]/C
                            (rising edge-triggered cell FDRE clocked by ap_clk  {rise@0.000ns fall@4.000ns period=8.000ns})
  Destination:            ap_return[18]
                            (output port)
  Path Group:             (none)
  Path Type:              Max at Slow Process Corner
  Data Path Delay:        3.304ns  (logic 0.766ns (23.182%)  route 2.538ns (76.818%))
  Logic Levels:           2  (LUT4=1 LUT5=1)
  Clock Uncertainty:      0.025ns  ((TSJ^2 + TIJ^2)^1/2 + DJ) / 2 + PE
    Total System Jitter     (TSJ):    0.050ns
    Total Input Jitter      (TIJ):    0.000ns
    Discrete Jitter          (DJ):    0.000ns
    Phase Error              (PE):    0.000ns

    Location             Delay type                Incr(ns)  Path(ns)    Netlist Resource(s)
  -------------------------------------------------------------------    -------------------
                         (clock ap_clk rise edge)     0.000     0.000 r  
                                                      0.000     0.000 r  ap_clk (IN)
                         net (fo=117, unset)          0.973     0.973    bd_0_i/hls_inst/inst/ap_clk
    SLICE_X22Y36         FDRE                                         r  bd_0_i/hls_inst/inst/sumpos_fu_84_reg[0]/C
  -------------------------------------------------------------------    -------------------
    SLICE_X22Y36         FDRE (Prop_fdre_C_Q)         0.518     1.491 r  bd_0_i/hls_inst/inst/sumpos_fu_84_reg[0]/Q
                         net (fo=5, routed)           0.876     2.367    bd_0_i/hls_inst/inst/sumpos_fu_84[0]
    SLICE_X20Y36         LUT4 (Prop_lut4_I1_O)        0.124     2.491 r  bd_0_i/hls_inst/inst/ap_return[3]_INST_0_i_1/O
                         net (fo=1, routed)           0.689     3.180    bd_0_i/hls_inst/inst/ap_return[3]_INST_0_i_1_n_3
    SLICE_X20Y36         LUT5 (Prop_lut5_I1_O)        0.124     3.304 r  bd_0_i/hls_inst/inst/ap_return[3]_INST_0/O
                         net (fo=0)                   0.973     4.277    ap_return[18]
                                                                      r  ap_return[18] (OUT)
  -------------------------------------------------------------------    -------------------

Slack:                    inf
  Source:                 bd_0_i/hls_inst/inst/sumpos_fu_84_reg[0]/C
                            (rising edge-triggered cell FDRE clocked by ap_clk  {rise@0.000ns fall@4.000ns period=8.000ns})
  Destination:            ap_return[19]
                            (output port)
  Path Group:             (none)
  Path Type:              Max at Slow Process Corner
  Data Path Delay:        3.304ns  (logic 0.766ns (23.182%)  route 2.538ns (76.818%))
  Logic Levels:           2  (LUT4=1 LUT5=1)
  Clock Uncertainty:      0.025ns  ((TSJ^2 + TIJ^2)^1/2 + DJ) / 2 + PE
    Total System Jitter     (TSJ):    0.050ns
    Total Input Jitter      (TIJ):    0.000ns
    Discrete Jitter          (DJ):    0.000ns
    Phase Error              (PE):    0.000ns

    Location             Delay type                Incr(ns)  Path(ns)    Netlist Resource(s)
  -------------------------------------------------------------------    -------------------
                         (clock ap_clk rise edge)     0.000     0.000 r  
                                                      0.000     0.000 r  ap_clk (IN)
                         net (fo=117, unset)          0.973     0.973    bd_0_i/hls_inst/inst/ap_clk
    SLICE_X22Y36         FDRE                                         r  bd_0_i/hls_inst/inst/sumpos_fu_84_reg[0]/C
  -------------------------------------------------------------------    -------------------
    SLICE_X22Y36         FDRE (Prop_fdre_C_Q)         0.518     1.491 r  bd_0_i/hls_inst/inst/sumpos_fu_84_reg[0]/Q
                         net (fo=5, routed)           0.876     2.367    bd_0_i/hls_inst/inst/sumpos_fu_84[0]
    SLICE_X20Y36         LUT4 (Prop_lut4_I1_O)        0.124     2.491 r  bd_0_i/hls_inst/inst/ap_return[3]_INST_0_i_1/O
                         net (fo=1, routed)           0.689     3.180    bd_0_i/hls_inst/inst/ap_return[3]_INST_0_i_1_n_3
    SLICE_X20Y36         LUT5 (Prop_lut5_I1_O)        0.124     3.304 r  bd_0_i/hls_inst/inst/ap_return[3]_INST_0/O
                         net (fo=0)                   0.973     4.277    ap_return[19]
                                                                      r  ap_return[19] (OUT)
  -------------------------------------------------------------------    -------------------





Min Delay Paths
--------------------------------------------------------------------------------------
Slack:                    inf
  Source:                 bd_0_i/hls_inst/inst/reg_178_reg[0]/C
                            (rising edge-triggered cell FDRE clocked by ap_clk  {rise@0.000ns fall@4.000ns period=8.000ns})
  Destination:            b_address0[0]
                            (output port)
  Path Group:             (none)
  Path Type:              Min at Fast Process Corner
  Data Path Delay:        0.551ns  (logic 0.141ns (25.583%)  route 0.410ns (74.417%))
  Logic Levels:           0  
  Clock Uncertainty:      0.025ns  ((TSJ^2 + TIJ^2)^1/2 + DJ) / 2 + PE
    Total System Jitter     (TSJ):    0.050ns
    Total Input Jitter      (TIJ):    0.000ns
    Discrete Jitter          (DJ):    0.000ns
    Phase Error              (PE):    0.000ns

    Location             Delay type                Incr(ns)  Path(ns)    Netlist Resource(s)
  -------------------------------------------------------------------    -------------------
                         (clock ap_clk rise edge)     0.000     0.000 r  
                                                      0.000     0.000 r  ap_clk (IN)
                         net (fo=117, unset)          0.410     0.410    bd_0_i/hls_inst/inst/ap_clk
    SLICE_X15Y34         FDRE                                         r  bd_0_i/hls_inst/inst/reg_178_reg[0]/C
  -------------------------------------------------------------------    -------------------
    SLICE_X15Y34         FDRE (Prop_fdre_C_Q)         0.141     0.551 r  bd_0_i/hls_inst/inst/reg_178_reg[0]/Q
                         net (fo=8, unset)            0.410     0.961    b_address0[0]
                                                                      r  b_address0[0] (OUT)
  -------------------------------------------------------------------    -------------------

Slack:                    inf
  Source:                 bd_0_i/hls_inst/inst/reg_178_reg[1]/C
                            (rising edge-triggered cell FDRE clocked by ap_clk  {rise@0.000ns fall@4.000ns period=8.000ns})
  Destination:            b_address0[1]
                            (output port)
  Path Group:             (none)
  Path Type:              Min at Fast Process Corner
  Data Path Delay:        0.551ns  (logic 0.141ns (25.583%)  route 0.410ns (74.417%))
  Logic Levels:           0  
  Clock Uncertainty:      0.025ns  ((TSJ^2 + TIJ^2)^1/2 + DJ) / 2 + PE
    Total System Jitter     (TSJ):    0.050ns
    Total Input Jitter      (TIJ):    0.000ns
    Discrete Jitter          (DJ):    0.000ns
    Phase Error              (PE):    0.000ns

    Location             Delay type                Incr(ns)  Path(ns)    Netlist Resource(s)
  -------------------------------------------------------------------    -------------------
                         (clock ap_clk rise edge)     0.000     0.000 r  
                                                      0.000     0.000 r  ap_clk (IN)
                         net (fo=117, unset)          0.410     0.410    bd_0_i/hls_inst/inst/ap_clk
    SLICE_X15Y34         FDRE                                         r  bd_0_i/hls_inst/inst/reg_178_reg[1]/C
  -------------------------------------------------------------------    -------------------
    SLICE_X15Y34         FDRE (Prop_fdre_C_Q)         0.141     0.551 r  bd_0_i/hls_inst/inst/reg_178_reg[1]/Q
                         net (fo=8, unset)            0.410     0.961    b_address0[1]
                                                                      r  b_address0[1] (OUT)
  -------------------------------------------------------------------    -------------------

Slack:                    inf
  Source:                 bd_0_i/hls_inst/inst/reg_178_reg[2]/C
                            (rising edge-triggered cell FDRE clocked by ap_clk  {rise@0.000ns fall@4.000ns period=8.000ns})
  Destination:            b_address0[2]
                            (output port)
  Path Group:             (none)
  Path Type:              Min at Fast Process Corner
  Data Path Delay:        0.551ns  (logic 0.141ns (25.583%)  route 0.410ns (74.417%))
  Logic Levels:           0  
  Clock Uncertainty:      0.025ns  ((TSJ^2 + TIJ^2)^1/2 + DJ) / 2 + PE
    Total System Jitter     (TSJ):    0.050ns
    Total Input Jitter      (TIJ):    0.000ns
    Discrete Jitter          (DJ):    0.000ns
    Phase Error              (PE):    0.000ns

    Location             Delay type                Incr(ns)  Path(ns)    Netlist Resource(s)
  -------------------------------------------------------------------    -------------------
                         (clock ap_clk rise edge)     0.000     0.000 r  
                                                      0.000     0.000 r  ap_clk (IN)
                         net (fo=117, unset)          0.410     0.410    bd_0_i/hls_inst/inst/ap_clk
    SLICE_X15Y34         FDRE                                         r  bd_0_i/hls_inst/inst/reg_178_reg[2]/C
  -------------------------------------------------------------------    -------------------
    SLICE_X15Y34         FDRE (Prop_fdre_C_Q)         0.141     0.551 r  bd_0_i/hls_inst/inst/reg_178_reg[2]/Q
                         net (fo=1, unset)            0.410     0.961    b_address0[2]
                                                                      r  b_address0[2] (OUT)
  -------------------------------------------------------------------    -------------------

Slack:                    inf
  Source:                 bd_0_i/hls_inst/inst/reg_178_reg[3]/C
                            (rising edge-triggered cell FDRE clocked by ap_clk  {rise@0.000ns fall@4.000ns period=8.000ns})
  Destination:            b_address0[3]
                            (output port)
  Path Group:             (none)
  Path Type:              Min at Fast Process Corner
  Data Path Delay:        0.551ns  (logic 0.141ns (25.583%)  route 0.410ns (74.417%))
  Logic Levels:           0  
  Clock Uncertainty:      0.025ns  ((TSJ^2 + TIJ^2)^1/2 + DJ) / 2 + PE
    Total System Jitter     (TSJ):    0.050ns
    Total Input Jitter      (TIJ):    0.000ns
    Discrete Jitter          (DJ):    0.000ns
    Phase Error              (PE):    0.000ns

    Location             Delay type                Incr(ns)  Path(ns)    Netlist Resource(s)
  -------------------------------------------------------------------    -------------------
                         (clock ap_clk rise edge)     0.000     0.000 r  
                                                      0.000     0.000 r  ap_clk (IN)
                         net (fo=117, unset)          0.410     0.410    bd_0_i/hls_inst/inst/ap_clk
    SLICE_X15Y34         FDRE                                         r  bd_0_i/hls_inst/inst/reg_178_reg[3]/C
  -------------------------------------------------------------------    -------------------
    SLICE_X15Y34         FDRE (Prop_fdre_C_Q)         0.141     0.551 r  bd_0_i/hls_inst/inst/reg_178_reg[3]/Q
                         net (fo=2, unset)            0.410     0.961    b_address0[3]
                                                                      r  b_address0[3] (OUT)
  -------------------------------------------------------------------    -------------------

Slack:                    inf
  Source:                 bd_0_i/hls_inst/inst/reg_251_reg[2]/C
                            (rising edge-triggered cell FDRE clocked by ap_clk  {rise@0.000ns fall@4.000ns period=8.000ns})
  Destination:            a_address0[2]
                            (output port)
  Path Group:             (none)
  Path Type:              Min at Fast Process Corner
  Data Path Delay:        0.558ns  (logic 0.148ns (26.517%)  route 0.410ns (73.483%))
  Logic Levels:           0  
  Clock Uncertainty:      0.025ns  ((TSJ^2 + TIJ^2)^1/2 + DJ) / 2 + PE
    Total System Jitter     (TSJ):    0.050ns
    Total Input Jitter      (TIJ):    0.000ns
    Discrete Jitter          (DJ):    0.000ns
    Phase Error              (PE):    0.000ns

    Location             Delay type                Incr(ns)  Path(ns)    Netlist Resource(s)
  -------------------------------------------------------------------    -------------------
                         (clock ap_clk rise edge)     0.000     0.000 r  
                                                      0.000     0.000 r  ap_clk (IN)
                         net (fo=117, unset)          0.410     0.410    bd_0_i/hls_inst/inst/ap_clk
    SLICE_X18Y37         FDRE                                         r  bd_0_i/hls_inst/inst/reg_251_reg[2]/C
  -------------------------------------------------------------------    -------------------
    SLICE_X18Y37         FDRE (Prop_fdre_C_Q)         0.148     0.558 r  bd_0_i/hls_inst/inst/reg_251_reg[2]/Q
                         net (fo=4, unset)            0.410     0.968    a_address0[2]
                                                                      r  a_address0[2] (OUT)
  -------------------------------------------------------------------    -------------------

Slack:                    inf
  Source:                 bd_0_i/hls_inst/inst/reg_239_reg[0]/C
                            (rising edge-triggered cell FDSE clocked by ap_clk  {rise@0.000ns fall@4.000ns period=8.000ns})
  Destination:            c_address0[0]
                            (output port)
  Path Group:             (none)
  Path Type:              Min at Fast Process Corner
  Data Path Delay:        0.558ns  (logic 0.148ns (26.517%)  route 0.410ns (73.483%))
  Logic Levels:           0  
  Clock Uncertainty:      0.025ns  ((TSJ^2 + TIJ^2)^1/2 + DJ) / 2 + PE
    Total System Jitter     (TSJ):    0.050ns
    Total Input Jitter      (TIJ):    0.000ns
    Discrete Jitter          (DJ):    0.000ns
    Phase Error              (PE):    0.000ns

    Location             Delay type                Incr(ns)  Path(ns)    Netlist Resource(s)
  -------------------------------------------------------------------    -------------------
                         (clock ap_clk rise edge)     0.000     0.000 r  
                                                      0.000     0.000 r  ap_clk (IN)
                         net (fo=117, unset)          0.410     0.410    bd_0_i/hls_inst/inst/ap_clk
    SLICE_X16Y35         FDSE                                         r  bd_0_i/hls_inst/inst/reg_239_reg[0]/C
  -------------------------------------------------------------------    -------------------
    SLICE_X16Y35         FDSE (Prop_fdse_C_Q)         0.148     0.558 r  bd_0_i/hls_inst/inst/reg_239_reg[0]/Q
                         net (fo=7, unset)            0.410     0.968    c_address0[0]
                                                                      r  c_address0[0] (OUT)
  -------------------------------------------------------------------    -------------------

Slack:                    inf
  Source:                 bd_0_i/hls_inst/inst/ap_CS_fsm_reg[11]/C
                            (rising edge-triggered cell FDRE clocked by ap_clk  {rise@0.000ns fall@4.000ns period=8.000ns})
  Destination:            c_ce0
                            (output port)
  Path Group:             (none)
  Path Type:              Min at Fast Process Corner
  Data Path Delay:        0.558ns  (logic 0.148ns (26.517%)  route 0.410ns (73.483%))
  Logic Levels:           0  
  Clock Uncertainty:      0.025ns  ((TSJ^2 + TIJ^2)^1/2 + DJ) / 2 + PE
    Total System Jitter     (TSJ):    0.050ns
    Total Input Jitter      (TIJ):    0.000ns
    Discrete Jitter          (DJ):    0.000ns
    Phase Error              (PE):    0.000ns

    Location             Delay type                Incr(ns)  Path(ns)    Netlist Resource(s)
  -------------------------------------------------------------------    -------------------
                         (clock ap_clk rise edge)     0.000     0.000 r  
                                                      0.000     0.000 r  ap_clk (IN)
                         net (fo=117, unset)          0.410     0.410    bd_0_i/hls_inst/inst/ap_clk
    SLICE_X14Y33         FDRE                                         r  bd_0_i/hls_inst/inst/ap_CS_fsm_reg[11]/C
  -------------------------------------------------------------------    -------------------
    SLICE_X14Y33         FDRE (Prop_fdre_C_Q)         0.148     0.558 r  bd_0_i/hls_inst/inst/ap_CS_fsm_reg[11]/Q
                         net (fo=20, unset)           0.410     0.968    c_ce0
                                                                      r  c_ce0 (OUT)
  -------------------------------------------------------------------    -------------------

Slack:                    inf
  Source:                 bd_0_i/hls_inst/inst/reg_251_reg[0]/C
                            (rising edge-triggered cell FDSE clocked by ap_clk  {rise@0.000ns fall@4.000ns period=8.000ns})
  Destination:            a_address0[0]
                            (output port)
  Path Group:             (none)
  Path Type:              Min at Fast Process Corner
  Data Path Delay:        0.574ns  (logic 0.164ns (28.565%)  route 0.410ns (71.435%))
  Logic Levels:           0  
  Clock Uncertainty:      0.025ns  ((TSJ^2 + TIJ^2)^1/2 + DJ) / 2 + PE
    Total System Jitter     (TSJ):    0.050ns
    Total Input Jitter      (TIJ):    0.000ns
    Discrete Jitter          (DJ):    0.000ns
    Phase Error              (PE):    0.000ns

    Location             Delay type                Incr(ns)  Path(ns)    Netlist Resource(s)
  -------------------------------------------------------------------    -------------------
                         (clock ap_clk rise edge)     0.000     0.000 r  
                                                      0.000     0.000 r  ap_clk (IN)
                         net (fo=117, unset)          0.410     0.410    bd_0_i/hls_inst/inst/ap_clk
    SLICE_X18Y34         FDSE                                         r  bd_0_i/hls_inst/inst/reg_251_reg[0]/C
  -------------------------------------------------------------------    -------------------
    SLICE_X18Y34         FDSE (Prop_fdse_C_Q)         0.164     0.574 r  bd_0_i/hls_inst/inst/reg_251_reg[0]/Q
                         net (fo=3, unset)            0.410     0.984    a_address0[0]
                                                                      r  a_address0[0] (OUT)
  -------------------------------------------------------------------    -------------------

Slack:                    inf
  Source:                 bd_0_i/hls_inst/inst/reg_251_reg[1]/C
                            (rising edge-triggered cell FDRE clocked by ap_clk  {rise@0.000ns fall@4.000ns period=8.000ns})
  Destination:            a_address0[1]
                            (output port)
  Path Group:             (none)
  Path Type:              Min at Fast Process Corner
  Data Path Delay:        0.574ns  (logic 0.164ns (28.565%)  route 0.410ns (71.435%))
  Logic Levels:           0  
  Clock Uncertainty:      0.025ns  ((TSJ^2 + TIJ^2)^1/2 + DJ) / 2 + PE
    Total System Jitter     (TSJ):    0.050ns
    Total Input Jitter      (TIJ):    0.000ns
    Discrete Jitter          (DJ):    0.000ns
    Phase Error              (PE):    0.000ns

    Location             Delay type                Incr(ns)  Path(ns)    Netlist Resource(s)
  -------------------------------------------------------------------    -------------------
                         (clock ap_clk rise edge)     0.000     0.000 r  
                                                      0.000     0.000 r  ap_clk (IN)
                         net (fo=117, unset)          0.410     0.410    bd_0_i/hls_inst/inst/ap_clk
    SLICE_X18Y37         FDRE                                         r  bd_0_i/hls_inst/inst/reg_251_reg[1]/C
  -------------------------------------------------------------------    -------------------
    SLICE_X18Y37         FDRE (Prop_fdre_C_Q)         0.164     0.574 r  bd_0_i/hls_inst/inst/reg_251_reg[1]/Q
                         net (fo=4, unset)            0.410     0.984    a_address0[1]
                                                                      r  a_address0[1] (OUT)
  -------------------------------------------------------------------    -------------------

Slack:                    inf
  Source:                 bd_0_i/hls_inst/inst/reg_251_reg[3]/C
                            (rising edge-triggered cell FDRE clocked by ap_clk  {rise@0.000ns fall@4.000ns period=8.000ns})
  Destination:            a_address0[3]
                            (output port)
  Path Group:             (none)
  Path Type:              Min at Fast Process Corner
  Data Path Delay:        0.574ns  (logic 0.164ns (28.565%)  route 0.410ns (71.435%))
  Logic Levels:           0  
  Clock Uncertainty:      0.025ns  ((TSJ^2 + TIJ^2)^1/2 + DJ) / 2 + PE
    Total System Jitter     (TSJ):    0.050ns
    Total Input Jitter      (TIJ):    0.000ns
    Discrete Jitter          (DJ):    0.000ns
    Phase Error              (PE):    0.000ns

    Location             Delay type                Incr(ns)  Path(ns)    Netlist Resource(s)
  -------------------------------------------------------------------    -------------------
                         (clock ap_clk rise edge)     0.000     0.000 r  
                                                      0.000     0.000 r  ap_clk (IN)
                         net (fo=117, unset)          0.410     0.410    bd_0_i/hls_inst/inst/ap_clk
    SLICE_X18Y37         FDRE                                         r  bd_0_i/hls_inst/inst/reg_251_reg[3]/C
  -------------------------------------------------------------------    -------------------
    SLICE_X18Y37         FDRE (Prop_fdre_C_Q)         0.164     0.574 r  bd_0_i/hls_inst/inst/reg_251_reg[3]/Q
                         net (fo=4, unset)            0.410     0.984    a_address0[3]
                                                                      r  a_address0[3] (OUT)
  -------------------------------------------------------------------    -------------------





--------------------------------------------------------------------------------------
Path Group:  (none)
From Clock:  
  To Clock:  ap_clk

Max Delay            89 Endpoints
Min Delay            89 Endpoints
--------------------------------------------------------------------------------------


Max Delay Paths
--------------------------------------------------------------------------------------
Slack:                    inf
  Source:                 c_q0[1]
                            (input port)
  Destination:            bd_0_i/hls_inst/inst/aux2_U/q0_reg[2]/D
                            (rising edge-triggered cell FDRE clocked by ap_clk  {rise@0.000ns fall@4.000ns period=8.000ns})
  Path Group:             (none)
  Path Type:              Setup (Max at Slow Process Corner)
  Data Path Delay:        5.080ns  (logic 0.979ns (19.280%)  route 4.101ns (80.720%))
  Logic Levels:           6  (LUT4=1 LUT6=4 RAMS32=1)
  Clock Path Skew:        0.924ns (DCD - SCD + CPR)
    Destination Clock Delay (DCD):    0.924ns
    Source Clock Delay      (SCD):    0.000ns
    Clock Pessimism Removal (CPR):    0.000ns
  Clock Uncertainty:      0.025ns  ((TSJ^2 + TIJ^2)^1/2 + DJ) / 2 + PE
    Total System Jitter     (TSJ):    0.050ns
    Total Input Jitter      (TIJ):    0.000ns
    Discrete Jitter          (DJ):    0.000ns
    Phase Error              (PE):    0.000ns

    Location             Delay type                Incr(ns)  Path(ns)    Netlist Resource(s)
  -------------------------------------------------------------------    -------------------
                                                      0.000     0.000 f  c_q0[1] (IN)
                         net (fo=0)                   0.973     0.973    bd_0_i/hls_inst/inst/aux2_U/c_q0[1]
    SLICE_X17Y33         LUT6 (Prop_lut6_I2_O)        0.124     1.097 f  bd_0_i/hls_inst/inst/aux2_U/col_reg_346[2]_i_39/O
                         net (fo=1, routed)           0.638     1.735    bd_0_i/hls_inst/inst/aux2_U/col_reg_346[2]_i_39_n_3
    SLICE_X16Y33         LUT6 (Prop_lut6_I5_O)        0.124     1.859 r  bd_0_i/hls_inst/inst/aux2_U/col_reg_346[2]_i_17/O
                         net (fo=1, routed)           0.554     2.413    bd_0_i/hls_inst/inst/aux2_U/col_reg_346[2]_i_17_n_3
    SLICE_X21Y33         LUT6 (Prop_lut6_I4_O)        0.124     2.537 r  bd_0_i/hls_inst/inst/aux2_U/col_reg_346[2]_i_4/O
                         net (fo=4, routed)           0.563     3.100    bd_0_i/hls_inst/inst/aux_U/sumneg_fu_88_reg[2]_0
    SLICE_X19Y34         LUT4 (Prop_lut4_I1_O)        0.118     3.218 r  bd_0_i/hls_inst/inst/aux_U/reg_251[3]_i_5/O
                         net (fo=6, routed)           0.595     3.814    bd_0_i/hls_inst/inst/aux_U/reg_251[3]_i_5_n_3
    SLICE_X17Y36         LUT6 (Prop_lut6_I1_O)        0.326     4.140 r  bd_0_i/hls_inst/inst/aux_U/ram_reg_0_15_0_0_i_4/O
                         net (fo=4, routed)           0.777     4.917    bd_0_i/hls_inst/inst/aux2_U/ram_reg_0_15_2_2/A3
    SLICE_X18Y36         RAMS32 (Prop_rams32_ADR3_O)
                                                      0.163     5.080 r  bd_0_i/hls_inst/inst/aux2_U/ram_reg_0_15_2_2/SP/O
                         net (fo=1, routed)           0.000     5.080    bd_0_i/hls_inst/inst/aux2_U/q00[2]
    SLICE_X18Y36         FDRE                                         r  bd_0_i/hls_inst/inst/aux2_U/q0_reg[2]/D
  -------------------------------------------------------------------    -------------------

                         (clock ap_clk rise edge)     0.000     0.000 r  
                                                      0.000     0.000 r  ap_clk (IN)
                         net (fo=117, unset)          0.924     0.924    bd_0_i/hls_inst/inst/aux2_U/ap_clk
    SLICE_X18Y36         FDRE                                         r  bd_0_i/hls_inst/inst/aux2_U/q0_reg[2]/C

Slack:                    inf
  Source:                 c_q0[1]
                            (input port)
  Destination:            bd_0_i/hls_inst/inst/aux2_U/q0_reg[0]/D
                            (rising edge-triggered cell FDRE clocked by ap_clk  {rise@0.000ns fall@4.000ns period=8.000ns})
  Path Group:             (none)
  Path Type:              Setup (Max at Slow Process Corner)
  Data Path Delay:        5.041ns  (logic 0.940ns (18.649%)  route 4.101ns (81.351%))
  Logic Levels:           6  (LUT4=1 LUT6=4 RAMS32=1)
  Clock Path Skew:        0.924ns (DCD - SCD + CPR)
    Destination Clock Delay (DCD):    0.924ns
    Source Clock Delay      (SCD):    0.000ns
    Clock Pessimism Removal (CPR):    0.000ns
  Clock Uncertainty:      0.025ns  ((TSJ^2 + TIJ^2)^1/2 + DJ) / 2 + PE
    Total System Jitter     (TSJ):    0.050ns
    Total Input Jitter      (TIJ):    0.000ns
    Discrete Jitter          (DJ):    0.000ns
    Phase Error              (PE):    0.000ns

    Location             Delay type                Incr(ns)  Path(ns)    Netlist Resource(s)
  -------------------------------------------------------------------    -------------------
                                                      0.000     0.000 f  c_q0[1] (IN)
                         net (fo=0)                   0.973     0.973    bd_0_i/hls_inst/inst/aux2_U/c_q0[1]
    SLICE_X17Y33         LUT6 (Prop_lut6_I2_O)        0.124     1.097 f  bd_0_i/hls_inst/inst/aux2_U/col_reg_346[2]_i_39/O
                         net (fo=1, routed)           0.638     1.735    bd_0_i/hls_inst/inst/aux2_U/col_reg_346[2]_i_39_n_3
    SLICE_X16Y33         LUT6 (Prop_lut6_I5_O)        0.124     1.859 r  bd_0_i/hls_inst/inst/aux2_U/col_reg_346[2]_i_17/O
                         net (fo=1, routed)           0.554     2.413    bd_0_i/hls_inst/inst/aux2_U/col_reg_346[2]_i_17_n_3
    SLICE_X21Y33         LUT6 (Prop_lut6_I4_O)        0.124     2.537 r  bd_0_i/hls_inst/inst/aux2_U/col_reg_346[2]_i_4/O
                         net (fo=4, routed)           0.563     3.100    bd_0_i/hls_inst/inst/aux_U/sumneg_fu_88_reg[2]_0
    SLICE_X19Y34         LUT4 (Prop_lut4_I1_O)        0.118     3.218 r  bd_0_i/hls_inst/inst/aux_U/reg_251[3]_i_5/O
                         net (fo=6, routed)           0.595     3.814    bd_0_i/hls_inst/inst/aux_U/reg_251[3]_i_5_n_3
    SLICE_X17Y36         LUT6 (Prop_lut6_I1_O)        0.326     4.140 r  bd_0_i/hls_inst/inst/aux_U/ram_reg_0_15_0_0_i_4/O
                         net (fo=4, routed)           0.777     4.917    bd_0_i/hls_inst/inst/aux2_U/ram_reg_0_15_0_0/A3
    SLICE_X18Y36         RAMS32 (Prop_rams32_ADR3_O)
                                                      0.124     5.041 r  bd_0_i/hls_inst/inst/aux2_U/ram_reg_0_15_0_0/SP/O
                         net (fo=1, routed)           0.000     5.041    bd_0_i/hls_inst/inst/aux2_U/q00[0]
    SLICE_X18Y36         FDRE                                         r  bd_0_i/hls_inst/inst/aux2_U/q0_reg[0]/D
  -------------------------------------------------------------------    -------------------

                         (clock ap_clk rise edge)     0.000     0.000 r  
                                                      0.000     0.000 r  ap_clk (IN)
                         net (fo=117, unset)          0.924     0.924    bd_0_i/hls_inst/inst/aux2_U/ap_clk
    SLICE_X18Y36         FDRE                                         r  bd_0_i/hls_inst/inst/aux2_U/q0_reg[0]/C

Slack:                    inf
  Source:                 c_q0[1]
                            (input port)
  Destination:            bd_0_i/hls_inst/inst/aux2_U/q0_reg[3]/D
                            (rising edge-triggered cell FDRE clocked by ap_clk  {rise@0.000ns fall@4.000ns period=8.000ns})
  Path Group:             (none)
  Path Type:              Setup (Max at Slow Process Corner)
  Data Path Delay:        5.024ns  (logic 0.923ns (18.374%)  route 4.101ns (81.626%))
  Logic Levels:           6  (LUT4=1 LUT6=4 RAMS32=1)
  Clock Path Skew:        0.924ns (DCD - SCD + CPR)
    Destination Clock Delay (DCD):    0.924ns
    Source Clock Delay      (SCD):    0.000ns
    Clock Pessimism Removal (CPR):    0.000ns
  Clock Uncertainty:      0.025ns  ((TSJ^2 + TIJ^2)^1/2 + DJ) / 2 + PE
    Total System Jitter     (TSJ):    0.050ns
    Total Input Jitter      (TIJ):    0.000ns
    Discrete Jitter          (DJ):    0.000ns
    Phase Error              (PE):    0.000ns

    Location             Delay type                Incr(ns)  Path(ns)    Netlist Resource(s)
  -------------------------------------------------------------------    -------------------
                                                      0.000     0.000 f  c_q0[1] (IN)
                         net (fo=0)                   0.973     0.973    bd_0_i/hls_inst/inst/aux2_U/c_q0[1]
    SLICE_X17Y33         LUT6 (Prop_lut6_I2_O)        0.124     1.097 f  bd_0_i/hls_inst/inst/aux2_U/col_reg_346[2]_i_39/O
                         net (fo=1, routed)           0.638     1.735    bd_0_i/hls_inst/inst/aux2_U/col_reg_346[2]_i_39_n_3
    SLICE_X16Y33         LUT6 (Prop_lut6_I5_O)        0.124     1.859 r  bd_0_i/hls_inst/inst/aux2_U/col_reg_346[2]_i_17/O
                         net (fo=1, routed)           0.554     2.413    bd_0_i/hls_inst/inst/aux2_U/col_reg_346[2]_i_17_n_3
    SLICE_X21Y33         LUT6 (Prop_lut6_I4_O)        0.124     2.537 r  bd_0_i/hls_inst/inst/aux2_U/col_reg_346[2]_i_4/O
                         net (fo=4, routed)           0.563     3.100    bd_0_i/hls_inst/inst/aux_U/sumneg_fu_88_reg[2]_0
    SLICE_X19Y34         LUT4 (Prop_lut4_I1_O)        0.118     3.218 r  bd_0_i/hls_inst/inst/aux_U/reg_251[3]_i_5/O
                         net (fo=6, routed)           0.595     3.814    bd_0_i/hls_inst/inst/aux_U/reg_251[3]_i_5_n_3
    SLICE_X17Y36         LUT6 (Prop_lut6_I1_O)        0.326     4.140 r  bd_0_i/hls_inst/inst/aux_U/ram_reg_0_15_0_0_i_4/O
                         net (fo=4, routed)           0.777     4.917    bd_0_i/hls_inst/inst/aux2_U/ram_reg_0_15_3_3/A3
    SLICE_X18Y36         RAMS32 (Prop_rams32_ADR3_O)
                                                      0.107     5.024 r  bd_0_i/hls_inst/inst/aux2_U/ram_reg_0_15_3_3/SP/O
                         net (fo=1, routed)           0.000     5.024    bd_0_i/hls_inst/inst/aux2_U/q00[3]
    SLICE_X18Y36         FDRE                                         r  bd_0_i/hls_inst/inst/aux2_U/q0_reg[3]/D
  -------------------------------------------------------------------    -------------------

                         (clock ap_clk rise edge)     0.000     0.000 r  
                                                      0.000     0.000 r  ap_clk (IN)
                         net (fo=117, unset)          0.924     0.924    bd_0_i/hls_inst/inst/aux2_U/ap_clk
    SLICE_X18Y36         FDRE                                         r  bd_0_i/hls_inst/inst/aux2_U/q0_reg[3]/C

Slack:                    inf
  Source:                 a_q0[0]
                            (input port)
  Destination:            bd_0_i/hls_inst/inst/reg_239_reg[2]/D
                            (rising edge-triggered cell FDRE clocked by ap_clk  {rise@0.000ns fall@4.000ns period=8.000ns})
  Path Group:             (none)
  Path Type:              Setup (Max at Slow Process Corner)
  Data Path Delay:        4.969ns  (logic 1.039ns (20.910%)  route 3.930ns (79.090%))
  Logic Levels:           5  (LUT3=2 LUT5=2 LUT6=1)
  Clock Path Skew:        0.924ns (DCD - SCD + CPR)
    Destination Clock Delay (DCD):    0.924ns
    Source Clock Delay      (SCD):    0.000ns
    Clock Pessimism Removal (CPR):    0.000ns
  Clock Uncertainty:      0.025ns  ((TSJ^2 + TIJ^2)^1/2 + DJ) / 2 + PE
    Total System Jitter     (TSJ):    0.050ns
    Total Input Jitter      (TIJ):    0.000ns
    Discrete Jitter          (DJ):    0.000ns
    Phase Error              (PE):    0.000ns

    Location             Delay type                Incr(ns)  Path(ns)    Netlist Resource(s)
  -------------------------------------------------------------------    -------------------
                                                      0.000     0.000 r  a_q0[0] (IN)
                         net (fo=0)                   0.973     0.973    bd_0_i/hls_inst/inst/aux2_U/a_q0[0]
    SLICE_X15Y35         LUT5 (Prop_lut5_I4_O)        0.124     1.097 r  bd_0_i/hls_inst/inst/aux2_U/reg_178[1]_i_4/O
                         net (fo=4, routed)           0.740     1.837    bd_0_i/hls_inst/inst/aux2_U/reg_178[1]_i_4_n_3
    SLICE_X13Y36         LUT5 (Prop_lut5_I0_O)        0.150     1.987 r  bd_0_i/hls_inst/inst/aux2_U/reg_178[0]_i_2/O
                         net (fo=5, routed)           0.452     2.439    bd_0_i/hls_inst/inst/aux2_U/q0_reg[0]_0
    SLICE_X13Y36         LUT6 (Prop_lut6_I5_O)        0.326     2.765 r  bd_0_i/hls_inst/inst/aux2_U/reg_178[3]_i_6/O
                         net (fo=2, routed)           0.550     3.315    bd_0_i/hls_inst/inst/aux2_U/reg_178[3]_i_6_n_3
    SLICE_X14Y36         LUT3 (Prop_lut3_I0_O)        0.116     3.431 r  bd_0_i/hls_inst/inst/aux2_U/reg_178[2]_i_2/O
                         net (fo=4, routed)           0.592     4.023    bd_0_i/hls_inst/inst/aux2_U/b_q0_1_sn_1
    SLICE_X15Y35         LUT3 (Prop_lut3_I0_O)        0.323     4.346 r  bd_0_i/hls_inst/inst/aux2_U/reg_239[2]_i_1/O
                         net (fo=1, routed)           0.623     4.969    bd_0_i/hls_inst/inst/aux2_U_n_7
    SLICE_X16Y35         FDRE                                         r  bd_0_i/hls_inst/inst/reg_239_reg[2]/D
  -------------------------------------------------------------------    -------------------

                         (clock ap_clk rise edge)     0.000     0.000 r  
                                                      0.000     0.000 r  ap_clk (IN)
                         net (fo=117, unset)          0.924     0.924    bd_0_i/hls_inst/inst/ap_clk
    SLICE_X16Y35         FDRE                                         r  bd_0_i/hls_inst/inst/reg_239_reg[2]/C

Slack:                    inf
  Source:                 c_q0[1]
                            (input port)
  Destination:            bd_0_i/hls_inst/inst/aux2_U/ram_reg_0_15_0_0/SP/ADR3
                            (rising edge-triggered cell RAMS32 clocked by ap_clk  {rise@0.000ns fall@4.000ns period=8.000ns})
  Path Group:             (none)
  Path Type:              Setup (Max at Slow Process Corner)
  Data Path Delay:        4.917ns  (logic 0.816ns (16.597%)  route 4.101ns (83.403%))
  Logic Levels:           5  (LUT4=1 LUT6=4)
  Clock Path Skew:        0.924ns (DCD - SCD + CPR)
    Destination Clock Delay (DCD):    0.924ns
    Source Clock Delay      (SCD):    0.000ns
    Clock Pessimism Removal (CPR):    0.000ns
  Clock Uncertainty:      0.025ns  ((TSJ^2 + TIJ^2)^1/2 + DJ) / 2 + PE
    Total System Jitter     (TSJ):    0.050ns
    Total Input Jitter      (TIJ):    0.000ns
    Discrete Jitter          (DJ):    0.000ns
    Phase Error              (PE):    0.000ns

    Location             Delay type                Incr(ns)  Path(ns)    Netlist Resource(s)
  -------------------------------------------------------------------    -------------------
                                                      0.000     0.000 f  c_q0[1] (IN)
                         net (fo=0)                   0.973     0.973    bd_0_i/hls_inst/inst/aux2_U/c_q0[1]
    SLICE_X17Y33         LUT6 (Prop_lut6_I2_O)        0.124     1.097 f  bd_0_i/hls_inst/inst/aux2_U/col_reg_346[2]_i_39/O
                         net (fo=1, routed)           0.638     1.735    bd_0_i/hls_inst/inst/aux2_U/col_reg_346[2]_i_39_n_3
    SLICE_X16Y33         LUT6 (Prop_lut6_I5_O)        0.124     1.859 r  bd_0_i/hls_inst/inst/aux2_U/col_reg_346[2]_i_17/O
                         net (fo=1, routed)           0.554     2.413    bd_0_i/hls_inst/inst/aux2_U/col_reg_346[2]_i_17_n_3
    SLICE_X21Y33         LUT6 (Prop_lut6_I4_O)        0.124     2.537 r  bd_0_i/hls_inst/inst/aux2_U/col_reg_346[2]_i_4/O
                         net (fo=4, routed)           0.563     3.100    bd_0_i/hls_inst/inst/aux_U/sumneg_fu_88_reg[2]_0
    SLICE_X19Y34         LUT4 (Prop_lut4_I1_O)        0.118     3.218 r  bd_0_i/hls_inst/inst/aux_U/reg_251[3]_i_5/O
                         net (fo=6, routed)           0.595     3.814    bd_0_i/hls_inst/inst/aux_U/reg_251[3]_i_5_n_3
    SLICE_X17Y36         LUT6 (Prop_lut6_I1_O)        0.326     4.140 r  bd_0_i/hls_inst/inst/aux_U/ram_reg_0_15_0_0_i_4/O
                         net (fo=4, routed)           0.777     4.917    bd_0_i/hls_inst/inst/aux2_U/ram_reg_0_15_0_0/A3
    SLICE_X18Y36         RAMS32                                       r  bd_0_i/hls_inst/inst/aux2_U/ram_reg_0_15_0_0/SP/ADR3
  -------------------------------------------------------------------    -------------------

                         (clock ap_clk rise edge)     0.000     0.000 r  
                                                      0.000     0.000 r  ap_clk (IN)
                         net (fo=117, unset)          0.924     0.924    bd_0_i/hls_inst/inst/aux2_U/ram_reg_0_15_0_0/WCLK
    SLICE_X18Y36         RAMS32                                       r  bd_0_i/hls_inst/inst/aux2_U/ram_reg_0_15_0_0/SP/CLK

Slack:                    inf
  Source:                 c_q0[1]
                            (input port)
  Destination:            bd_0_i/hls_inst/inst/aux2_U/ram_reg_0_15_1_1/SP/ADR3
                            (rising edge-triggered cell RAMS32 clocked by ap_clk  {rise@0.000ns fall@4.000ns period=8.000ns})
  Path Group:             (none)
  Path Type:              Setup (Max at Slow Process Corner)
  Data Path Delay:        4.917ns  (logic 0.816ns (16.597%)  route 4.101ns (83.403%))
  Logic Levels:           5  (LUT4=1 LUT6=4)
  Clock Path Skew:        0.924ns (DCD - SCD + CPR)
    Destination Clock Delay (DCD):    0.924ns
    Source Clock Delay      (SCD):    0.000ns
    Clock Pessimism Removal (CPR):    0.000ns
  Clock Uncertainty:      0.025ns  ((TSJ^2 + TIJ^2)^1/2 + DJ) / 2 + PE
    Total System Jitter     (TSJ):    0.050ns
    Total Input Jitter      (TIJ):    0.000ns
    Discrete Jitter          (DJ):    0.000ns
    Phase Error              (PE):    0.000ns

    Location             Delay type                Incr(ns)  Path(ns)    Netlist Resource(s)
  -------------------------------------------------------------------    -------------------
                                                      0.000     0.000 f  c_q0[1] (IN)
                         net (fo=0)                   0.973     0.973    bd_0_i/hls_inst/inst/aux2_U/c_q0[1]
    SLICE_X17Y33         LUT6 (Prop_lut6_I2_O)        0.124     1.097 f  bd_0_i/hls_inst/inst/aux2_U/col_reg_346[2]_i_39/O
                         net (fo=1, routed)           0.638     1.735    bd_0_i/hls_inst/inst/aux2_U/col_reg_346[2]_i_39_n_3
    SLICE_X16Y33         LUT6 (Prop_lut6_I5_O)        0.124     1.859 r  bd_0_i/hls_inst/inst/aux2_U/col_reg_346[2]_i_17/O
                         net (fo=1, routed)           0.554     2.413    bd_0_i/hls_inst/inst/aux2_U/col_reg_346[2]_i_17_n_3
    SLICE_X21Y33         LUT6 (Prop_lut6_I4_O)        0.124     2.537 r  bd_0_i/hls_inst/inst/aux2_U/col_reg_346[2]_i_4/O
                         net (fo=4, routed)           0.563     3.100    bd_0_i/hls_inst/inst/aux_U/sumneg_fu_88_reg[2]_0
    SLICE_X19Y34         LUT4 (Prop_lut4_I1_O)        0.118     3.218 r  bd_0_i/hls_inst/inst/aux_U/reg_251[3]_i_5/O
                         net (fo=6, routed)           0.595     3.814    bd_0_i/hls_inst/inst/aux_U/reg_251[3]_i_5_n_3
    SLICE_X17Y36         LUT6 (Prop_lut6_I1_O)        0.326     4.140 r  bd_0_i/hls_inst/inst/aux_U/ram_reg_0_15_0_0_i_4/O
                         net (fo=4, routed)           0.777     4.917    bd_0_i/hls_inst/inst/aux2_U/ram_reg_0_15_1_1/A3
    SLICE_X18Y36         RAMS32                                       r  bd_0_i/hls_inst/inst/aux2_U/ram_reg_0_15_1_1/SP/ADR3
  -------------------------------------------------------------------    -------------------

                         (clock ap_clk rise edge)     0.000     0.000 r  
                                                      0.000     0.000 r  ap_clk (IN)
                         net (fo=117, unset)          0.924     0.924    bd_0_i/hls_inst/inst/aux2_U/ram_reg_0_15_1_1/WCLK
    SLICE_X18Y36         RAMS32                                       r  bd_0_i/hls_inst/inst/aux2_U/ram_reg_0_15_1_1/SP/CLK

Slack:                    inf
  Source:                 c_q0[1]
                            (input port)
  Destination:            bd_0_i/hls_inst/inst/aux2_U/ram_reg_0_15_2_2/SP/ADR3
                            (rising edge-triggered cell RAMS32 clocked by ap_clk  {rise@0.000ns fall@4.000ns period=8.000ns})
  Path Group:             (none)
  Path Type:              Setup (Max at Slow Process Corner)
  Data Path Delay:        4.917ns  (logic 0.816ns (16.597%)  route 4.101ns (83.403%))
  Logic Levels:           5  (LUT4=1 LUT6=4)
  Clock Path Skew:        0.924ns (DCD - SCD + CPR)
    Destination Clock Delay (DCD):    0.924ns
    Source Clock Delay      (SCD):    0.000ns
    Clock Pessimism Removal (CPR):    0.000ns
  Clock Uncertainty:      0.025ns  ((TSJ^2 + TIJ^2)^1/2 + DJ) / 2 + PE
    Total System Jitter     (TSJ):    0.050ns
    Total Input Jitter      (TIJ):    0.000ns
    Discrete Jitter          (DJ):    0.000ns
    Phase Error              (PE):    0.000ns

    Location             Delay type                Incr(ns)  Path(ns)    Netlist Resource(s)
  -------------------------------------------------------------------    -------------------
                                                      0.000     0.000 f  c_q0[1] (IN)
                         net (fo=0)                   0.973     0.973    bd_0_i/hls_inst/inst/aux2_U/c_q0[1]
    SLICE_X17Y33         LUT6 (Prop_lut6_I2_O)        0.124     1.097 f  bd_0_i/hls_inst/inst/aux2_U/col_reg_346[2]_i_39/O
                         net (fo=1, routed)           0.638     1.735    bd_0_i/hls_inst/inst/aux2_U/col_reg_346[2]_i_39_n_3
    SLICE_X16Y33         LUT6 (Prop_lut6_I5_O)        0.124     1.859 r  bd_0_i/hls_inst/inst/aux2_U/col_reg_346[2]_i_17/O
                         net (fo=1, routed)           0.554     2.413    bd_0_i/hls_inst/inst/aux2_U/col_reg_346[2]_i_17_n_3
    SLICE_X21Y33         LUT6 (Prop_lut6_I4_O)        0.124     2.537 r  bd_0_i/hls_inst/inst/aux2_U/col_reg_346[2]_i_4/O
                         net (fo=4, routed)           0.563     3.100    bd_0_i/hls_inst/inst/aux_U/sumneg_fu_88_reg[2]_0
    SLICE_X19Y34         LUT4 (Prop_lut4_I1_O)        0.118     3.218 r  bd_0_i/hls_inst/inst/aux_U/reg_251[3]_i_5/O
                         net (fo=6, routed)           0.595     3.814    bd_0_i/hls_inst/inst/aux_U/reg_251[3]_i_5_n_3
    SLICE_X17Y36         LUT6 (Prop_lut6_I1_O)        0.326     4.140 r  bd_0_i/hls_inst/inst/aux_U/ram_reg_0_15_0_0_i_4/O
                         net (fo=4, routed)           0.777     4.917    bd_0_i/hls_inst/inst/aux2_U/ram_reg_0_15_2_2/A3
    SLICE_X18Y36         RAMS32                                       r  bd_0_i/hls_inst/inst/aux2_U/ram_reg_0_15_2_2/SP/ADR3
  -------------------------------------------------------------------    -------------------

                         (clock ap_clk rise edge)     0.000     0.000 r  
                                                      0.000     0.000 r  ap_clk (IN)
                         net (fo=117, unset)          0.924     0.924    bd_0_i/hls_inst/inst/aux2_U/ram_reg_0_15_2_2/WCLK
    SLICE_X18Y36         RAMS32                                       r  bd_0_i/hls_inst/inst/aux2_U/ram_reg_0_15_2_2/SP/CLK

Slack:                    inf
  Source:                 c_q0[1]
                            (input port)
  Destination:            bd_0_i/hls_inst/inst/aux2_U/ram_reg_0_15_3_3/SP/ADR3
                            (rising edge-triggered cell RAMS32 clocked by ap_clk  {rise@0.000ns fall@4.000ns period=8.000ns})
  Path Group:             (none)
  Path Type:              Setup (Max at Slow Process Corner)
  Data Path Delay:        4.917ns  (logic 0.816ns (16.597%)  route 4.101ns (83.403%))
  Logic Levels:           5  (LUT4=1 LUT6=4)
  Clock Path Skew:        0.924ns (DCD - SCD + CPR)
    Destination Clock Delay (DCD):    0.924ns
    Source Clock Delay      (SCD):    0.000ns
    Clock Pessimism Removal (CPR):    0.000ns
  Clock Uncertainty:      0.025ns  ((TSJ^2 + TIJ^2)^1/2 + DJ) / 2 + PE
    Total System Jitter     (TSJ):    0.050ns
    Total Input Jitter      (TIJ):    0.000ns
    Discrete Jitter          (DJ):    0.000ns
    Phase Error              (PE):    0.000ns

    Location             Delay type                Incr(ns)  Path(ns)    Netlist Resource(s)
  -------------------------------------------------------------------    -------------------
                                                      0.000     0.000 f  c_q0[1] (IN)
                         net (fo=0)                   0.973     0.973    bd_0_i/hls_inst/inst/aux2_U/c_q0[1]
    SLICE_X17Y33         LUT6 (Prop_lut6_I2_O)        0.124     1.097 f  bd_0_i/hls_inst/inst/aux2_U/col_reg_346[2]_i_39/O
                         net (fo=1, routed)           0.638     1.735    bd_0_i/hls_inst/inst/aux2_U/col_reg_346[2]_i_39_n_3
    SLICE_X16Y33         LUT6 (Prop_lut6_I5_O)        0.124     1.859 r  bd_0_i/hls_inst/inst/aux2_U/col_reg_346[2]_i_17/O
                         net (fo=1, routed)           0.554     2.413    bd_0_i/hls_inst/inst/aux2_U/col_reg_346[2]_i_17_n_3
    SLICE_X21Y33         LUT6 (Prop_lut6_I4_O)        0.124     2.537 r  bd_0_i/hls_inst/inst/aux2_U/col_reg_346[2]_i_4/O
                         net (fo=4, routed)           0.563     3.100    bd_0_i/hls_inst/inst/aux_U/sumneg_fu_88_reg[2]_0
    SLICE_X19Y34         LUT4 (Prop_lut4_I1_O)        0.118     3.218 r  bd_0_i/hls_inst/inst/aux_U/reg_251[3]_i_5/O
                         net (fo=6, routed)           0.595     3.814    bd_0_i/hls_inst/inst/aux_U/reg_251[3]_i_5_n_3
    SLICE_X17Y36         LUT6 (Prop_lut6_I1_O)        0.326     4.140 r  bd_0_i/hls_inst/inst/aux_U/ram_reg_0_15_0_0_i_4/O
                         net (fo=4, routed)           0.777     4.917    bd_0_i/hls_inst/inst/aux2_U/ram_reg_0_15_3_3/A3
    SLICE_X18Y36         RAMS32                                       r  bd_0_i/hls_inst/inst/aux2_U/ram_reg_0_15_3_3/SP/ADR3
  -------------------------------------------------------------------    -------------------

                         (clock ap_clk rise edge)     0.000     0.000 r  
                                                      0.000     0.000 r  ap_clk (IN)
                         net (fo=117, unset)          0.924     0.924    bd_0_i/hls_inst/inst/aux2_U/ram_reg_0_15_3_3/WCLK
    SLICE_X18Y36         RAMS32                                       r  bd_0_i/hls_inst/inst/aux2_U/ram_reg_0_15_3_3/SP/CLK

Slack:                    inf
  Source:                 c_q0[1]
                            (input port)
  Destination:            bd_0_i/hls_inst/inst/aux2_U/ram_reg_0_15_0_0/SP/ADR1
                            (rising edge-triggered cell RAMS32 clocked by ap_clk  {rise@0.000ns fall@4.000ns period=8.000ns})
  Path Group:             (none)
  Path Type:              Setup (Max at Slow Process Corner)
  Data Path Delay:        4.864ns  (logic 0.620ns (12.746%)  route 4.244ns (87.254%))
  Logic Levels:           5  (LUT4=2 LUT6=3)
  Clock Path Skew:        0.924ns (DCD - SCD + CPR)
    Destination Clock Delay (DCD):    0.924ns
    Source Clock Delay      (SCD):    0.000ns
    Clock Pessimism Removal (CPR):    0.000ns
  Clock Uncertainty:      0.025ns  ((TSJ^2 + TIJ^2)^1/2 + DJ) / 2 + PE
    Total System Jitter     (TSJ):    0.050ns
    Total Input Jitter      (TIJ):    0.000ns
    Discrete Jitter          (DJ):    0.000ns
    Phase Error              (PE):    0.000ns

    Location             Delay type                Incr(ns)  Path(ns)    Netlist Resource(s)
  -------------------------------------------------------------------    -------------------
                                                      0.000     0.000 f  c_q0[1] (IN)
                         net (fo=0)                   0.973     0.973    bd_0_i/hls_inst/inst/aux2_U/c_q0[1]
    SLICE_X17Y33         LUT6 (Prop_lut6_I2_O)        0.124     1.097 f  bd_0_i/hls_inst/inst/aux2_U/col_reg_346[2]_i_39/O
                         net (fo=1, routed)           0.638     1.735    bd_0_i/hls_inst/inst/aux2_U/col_reg_346[2]_i_39_n_3
    SLICE_X16Y33         LUT6 (Prop_lut6_I5_O)        0.124     1.859 r  bd_0_i/hls_inst/inst/aux2_U/col_reg_346[2]_i_17/O
                         net (fo=1, routed)           0.554     2.413    bd_0_i/hls_inst/inst/aux2_U/col_reg_346[2]_i_17_n_3
    SLICE_X21Y33         LUT6 (Prop_lut6_I4_O)        0.124     2.537 r  bd_0_i/hls_inst/inst/aux2_U/col_reg_346[2]_i_4/O
                         net (fo=4, routed)           0.563     3.100    bd_0_i/hls_inst/inst/aux_U/sumneg_fu_88_reg[2]_0
    SLICE_X19Y34         LUT4 (Prop_lut4_I3_O)        0.124     3.224 r  bd_0_i/hls_inst/inst/aux_U/col_reg_346[1]_i_1/O
                         net (fo=12, routed)          0.486     3.710    bd_0_i/hls_inst/inst/aux_U/icmp_ln18_fu_660_p0[1]
    SLICE_X19Y35         LUT4 (Prop_lut4_I0_O)        0.124     3.834 r  bd_0_i/hls_inst/inst/aux_U/ram_reg_0_15_0_0_i_2/O
                         net (fo=4, routed)           1.030     4.864    bd_0_i/hls_inst/inst/aux2_U/ram_reg_0_15_0_0/A1
    SLICE_X18Y36         RAMS32                                       r  bd_0_i/hls_inst/inst/aux2_U/ram_reg_0_15_0_0/SP/ADR1
  -------------------------------------------------------------------    -------------------

                         (clock ap_clk rise edge)     0.000     0.000 r  
                                                      0.000     0.000 r  ap_clk (IN)
                         net (fo=117, unset)          0.924     0.924    bd_0_i/hls_inst/inst/aux2_U/ram_reg_0_15_0_0/WCLK
    SLICE_X18Y36         RAMS32                                       r  bd_0_i/hls_inst/inst/aux2_U/ram_reg_0_15_0_0/SP/CLK

Slack:                    inf
  Source:                 c_q0[1]
                            (input port)
  Destination:            bd_0_i/hls_inst/inst/aux2_U/ram_reg_0_15_1_1/SP/ADR1
                            (rising edge-triggered cell RAMS32 clocked by ap_clk  {rise@0.000ns fall@4.000ns period=8.000ns})
  Path Group:             (none)
  Path Type:              Setup (Max at Slow Process Corner)
  Data Path Delay:        4.864ns  (logic 0.620ns (12.746%)  route 4.244ns (87.254%))
  Logic Levels:           5  (LUT4=2 LUT6=3)
  Clock Path Skew:        0.924ns (DCD - SCD + CPR)
    Destination Clock Delay (DCD):    0.924ns
    Source Clock Delay      (SCD):    0.000ns
    Clock Pessimism Removal (CPR):    0.000ns
  Clock Uncertainty:      0.025ns  ((TSJ^2 + TIJ^2)^1/2 + DJ) / 2 + PE
    Total System Jitter     (TSJ):    0.050ns
    Total Input Jitter      (TIJ):    0.000ns
    Discrete Jitter          (DJ):    0.000ns
    Phase Error              (PE):    0.000ns

    Location             Delay type                Incr(ns)  Path(ns)    Netlist Resource(s)
  -------------------------------------------------------------------    -------------------
                                                      0.000     0.000 f  c_q0[1] (IN)
                         net (fo=0)                   0.973     0.973    bd_0_i/hls_inst/inst/aux2_U/c_q0[1]
    SLICE_X17Y33         LUT6 (Prop_lut6_I2_O)        0.124     1.097 f  bd_0_i/hls_inst/inst/aux2_U/col_reg_346[2]_i_39/O
                         net (fo=1, routed)           0.638     1.735    bd_0_i/hls_inst/inst/aux2_U/col_reg_346[2]_i_39_n_3
    SLICE_X16Y33         LUT6 (Prop_lut6_I5_O)        0.124     1.859 r  bd_0_i/hls_inst/inst/aux2_U/col_reg_346[2]_i_17/O
                         net (fo=1, routed)           0.554     2.413    bd_0_i/hls_inst/inst/aux2_U/col_reg_346[2]_i_17_n_3
    SLICE_X21Y33         LUT6 (Prop_lut6_I4_O)        0.124     2.537 r  bd_0_i/hls_inst/inst/aux2_U/col_reg_346[2]_i_4/O
                         net (fo=4, routed)           0.563     3.100    bd_0_i/hls_inst/inst/aux_U/sumneg_fu_88_reg[2]_0
    SLICE_X19Y34         LUT4 (Prop_lut4_I3_O)        0.124     3.224 r  bd_0_i/hls_inst/inst/aux_U/col_reg_346[1]_i_1/O
                         net (fo=12, routed)          0.486     3.710    bd_0_i/hls_inst/inst/aux_U/icmp_ln18_fu_660_p0[1]
    SLICE_X19Y35         LUT4 (Prop_lut4_I0_O)        0.124     3.834 r  bd_0_i/hls_inst/inst/aux_U/ram_reg_0_15_0_0_i_2/O
                         net (fo=4, routed)           1.030     4.864    bd_0_i/hls_inst/inst/aux2_U/ram_reg_0_15_1_1/A1
    SLICE_X18Y36         RAMS32                                       r  bd_0_i/hls_inst/inst/aux2_U/ram_reg_0_15_1_1/SP/ADR1
  -------------------------------------------------------------------    -------------------

                         (clock ap_clk rise edge)     0.000     0.000 r  
                                                      0.000     0.000 r  ap_clk (IN)
                         net (fo=117, unset)          0.924     0.924    bd_0_i/hls_inst/inst/aux2_U/ram_reg_0_15_1_1/WCLK
    SLICE_X18Y36         RAMS32                                       r  bd_0_i/hls_inst/inst/aux2_U/ram_reg_0_15_1_1/SP/CLK





Min Delay Paths
--------------------------------------------------------------------------------------
Slack:                    inf
  Source:                 ap_rst
                            (input port)
  Destination:            bd_0_i/hls_inst/inst/ap_CS_fsm_reg[0]/S
                            (rising edge-triggered cell FDSE clocked by ap_clk  {rise@0.000ns fall@4.000ns period=8.000ns})
  Path Group:             (none)
  Path Type:              Hold (Min at Fast Process Corner)
  Data Path Delay:        0.410ns  (logic 0.000ns (0.000%)  route 0.410ns (100.000%))
  Logic Levels:           0  
  Clock Path Skew:        0.432ns (DCD - SCD - CPR)
    Destination Clock Delay (DCD):    0.432ns
    Source Clock Delay      (SCD):    0.000ns
    Clock Pessimism Removal (CPR):    -0.000ns

    Location             Delay type                Incr(ns)  Path(ns)    Netlist Resource(s)
  -------------------------------------------------------------------    -------------------
                                                      0.000     0.000 r  ap_rst (IN)
                         net (fo=22, unset)           0.410     0.410    bd_0_i/hls_inst/inst/ap_rst
    SLICE_X21Y33         FDSE                                         r  bd_0_i/hls_inst/inst/ap_CS_fsm_reg[0]/S
  -------------------------------------------------------------------    -------------------

                         (clock ap_clk rise edge)     0.000     0.000 r  
                                                      0.000     0.000 r  ap_clk (IN)
                         net (fo=117, unset)          0.432     0.432    bd_0_i/hls_inst/inst/ap_clk
    SLICE_X21Y33         FDSE                                         r  bd_0_i/hls_inst/inst/ap_CS_fsm_reg[0]/C

Slack:                    inf
  Source:                 ap_rst
                            (input port)
  Destination:            bd_0_i/hls_inst/inst/ap_CS_fsm_reg[10]/R
                            (rising edge-triggered cell FDRE clocked by ap_clk  {rise@0.000ns fall@4.000ns period=8.000ns})
  Path Group:             (none)
  Path Type:              Hold (Min at Fast Process Corner)
  Data Path Delay:        0.410ns  (logic 0.000ns (0.000%)  route 0.410ns (100.000%))
  Logic Levels:           0  
  Clock Path Skew:        0.432ns (DCD - SCD - CPR)
    Destination Clock Delay (DCD):    0.432ns
    Source Clock Delay      (SCD):    0.000ns
    Clock Pessimism Removal (CPR):    -0.000ns

    Location             Delay type                Incr(ns)  Path(ns)    Netlist Resource(s)
  -------------------------------------------------------------------    -------------------
                                                      0.000     0.000 r  ap_rst (IN)
                         net (fo=22, unset)           0.410     0.410    bd_0_i/hls_inst/inst/ap_rst
    SLICE_X17Y32         FDRE                                         r  bd_0_i/hls_inst/inst/ap_CS_fsm_reg[10]/R
  -------------------------------------------------------------------    -------------------

                         (clock ap_clk rise edge)     0.000     0.000 r  
                                                      0.000     0.000 r  ap_clk (IN)
                         net (fo=117, unset)          0.432     0.432    bd_0_i/hls_inst/inst/ap_clk
    SLICE_X17Y32         FDRE                                         r  bd_0_i/hls_inst/inst/ap_CS_fsm_reg[10]/C

Slack:                    inf
  Source:                 ap_rst
                            (input port)
  Destination:            bd_0_i/hls_inst/inst/ap_CS_fsm_reg[11]/R
                            (rising edge-triggered cell FDRE clocked by ap_clk  {rise@0.000ns fall@4.000ns period=8.000ns})
  Path Group:             (none)
  Path Type:              Hold (Min at Fast Process Corner)
  Data Path Delay:        0.410ns  (logic 0.000ns (0.000%)  route 0.410ns (100.000%))
  Logic Levels:           0  
  Clock Path Skew:        0.432ns (DCD - SCD - CPR)
    Destination Clock Delay (DCD):    0.432ns
    Source Clock Delay      (SCD):    0.000ns
    Clock Pessimism Removal (CPR):    -0.000ns

    Location             Delay type                Incr(ns)  Path(ns)    Netlist Resource(s)
  -------------------------------------------------------------------    -------------------
                                                      0.000     0.000 r  ap_rst (IN)
                         net (fo=22, unset)           0.410     0.410    bd_0_i/hls_inst/inst/ap_rst
    SLICE_X14Y33         FDRE                                         r  bd_0_i/hls_inst/inst/ap_CS_fsm_reg[11]/R
  -------------------------------------------------------------------    -------------------

                         (clock ap_clk rise edge)     0.000     0.000 r  
                                                      0.000     0.000 r  ap_clk (IN)
                         net (fo=117, unset)          0.432     0.432    bd_0_i/hls_inst/inst/ap_clk
    SLICE_X14Y33         FDRE                                         r  bd_0_i/hls_inst/inst/ap_CS_fsm_reg[11]/C

Slack:                    inf
  Source:                 ap_rst
                            (input port)
  Destination:            bd_0_i/hls_inst/inst/ap_CS_fsm_reg[12]/R
                            (rising edge-triggered cell FDRE clocked by ap_clk  {rise@0.000ns fall@4.000ns period=8.000ns})
  Path Group:             (none)
  Path Type:              Hold (Min at Fast Process Corner)
  Data Path Delay:        0.410ns  (logic 0.000ns (0.000%)  route 0.410ns (100.000%))
  Logic Levels:           0  
  Clock Path Skew:        0.432ns (DCD - SCD - CPR)
    Destination Clock Delay (DCD):    0.432ns
    Source Clock Delay      (SCD):    0.000ns
    Clock Pessimism Removal (CPR):    -0.000ns

    Location             Delay type                Incr(ns)  Path(ns)    Netlist Resource(s)
  -------------------------------------------------------------------    -------------------
                                                      0.000     0.000 r  ap_rst (IN)
                         net (fo=22, unset)           0.410     0.410    bd_0_i/hls_inst/inst/ap_rst
    SLICE_X16Y34         FDRE                                         r  bd_0_i/hls_inst/inst/ap_CS_fsm_reg[12]/R
  -------------------------------------------------------------------    -------------------

                         (clock ap_clk rise edge)     0.000     0.000 r  
                                                      0.000     0.000 r  ap_clk (IN)
                         net (fo=117, unset)          0.432     0.432    bd_0_i/hls_inst/inst/ap_clk
    SLICE_X16Y34         FDRE                                         r  bd_0_i/hls_inst/inst/ap_CS_fsm_reg[12]/C

Slack:                    inf
  Source:                 ap_rst
                            (input port)
  Destination:            bd_0_i/hls_inst/inst/ap_CS_fsm_reg[13]/R
                            (rising edge-triggered cell FDRE clocked by ap_clk  {rise@0.000ns fall@4.000ns period=8.000ns})
  Path Group:             (none)
  Path Type:              Hold (Min at Fast Process Corner)
  Data Path Delay:        0.410ns  (logic 0.000ns (0.000%)  route 0.410ns (100.000%))
  Logic Levels:           0  
  Clock Path Skew:        0.432ns (DCD - SCD - CPR)
    Destination Clock Delay (DCD):    0.432ns
    Source Clock Delay      (SCD):    0.000ns
    Clock Pessimism Removal (CPR):    -0.000ns

    Location             Delay type                Incr(ns)  Path(ns)    Netlist Resource(s)
  -------------------------------------------------------------------    -------------------
                                                      0.000     0.000 r  ap_rst (IN)
                         net (fo=22, unset)           0.410     0.410    bd_0_i/hls_inst/inst/ap_rst
    SLICE_X16Y34         FDRE                                         r  bd_0_i/hls_inst/inst/ap_CS_fsm_reg[13]/R
  -------------------------------------------------------------------    -------------------

                         (clock ap_clk rise edge)     0.000     0.000 r  
                                                      0.000     0.000 r  ap_clk (IN)
                         net (fo=117, unset)          0.432     0.432    bd_0_i/hls_inst/inst/ap_clk
    SLICE_X16Y34         FDRE                                         r  bd_0_i/hls_inst/inst/ap_CS_fsm_reg[13]/C

Slack:                    inf
  Source:                 ap_rst
                            (input port)
  Destination:            bd_0_i/hls_inst/inst/ap_CS_fsm_reg[14]/R
                            (rising edge-triggered cell FDRE clocked by ap_clk  {rise@0.000ns fall@4.000ns period=8.000ns})
  Path Group:             (none)
  Path Type:              Hold (Min at Fast Process Corner)
  Data Path Delay:        0.410ns  (logic 0.000ns (0.000%)  route 0.410ns (100.000%))
  Logic Levels:           0  
  Clock Path Skew:        0.432ns (DCD - SCD - CPR)
    Destination Clock Delay (DCD):    0.432ns
    Source Clock Delay      (SCD):    0.000ns
    Clock Pessimism Removal (CPR):    -0.000ns

    Location             Delay type                Incr(ns)  Path(ns)    Netlist Resource(s)
  -------------------------------------------------------------------    -------------------
                                                      0.000     0.000 r  ap_rst (IN)
                         net (fo=22, unset)           0.410     0.410    bd_0_i/hls_inst/inst/ap_rst
    SLICE_X17Y32         FDRE                                         r  bd_0_i/hls_inst/inst/ap_CS_fsm_reg[14]/R
  -------------------------------------------------------------------    -------------------

                         (clock ap_clk rise edge)     0.000     0.000 r  
                                                      0.000     0.000 r  ap_clk (IN)
                         net (fo=117, unset)          0.432     0.432    bd_0_i/hls_inst/inst/ap_clk
    SLICE_X17Y32         FDRE                                         r  bd_0_i/hls_inst/inst/ap_CS_fsm_reg[14]/C

Slack:                    inf
  Source:                 ap_rst
                            (input port)
  Destination:            bd_0_i/hls_inst/inst/ap_CS_fsm_reg[15]/R
                            (rising edge-triggered cell FDRE clocked by ap_clk  {rise@0.000ns fall@4.000ns period=8.000ns})
  Path Group:             (none)
  Path Type:              Hold (Min at Fast Process Corner)
  Data Path Delay:        0.410ns  (logic 0.000ns (0.000%)  route 0.410ns (100.000%))
  Logic Levels:           0  
  Clock Path Skew:        0.432ns (DCD - SCD - CPR)
    Destination Clock Delay (DCD):    0.432ns
    Source Clock Delay      (SCD):    0.000ns
    Clock Pessimism Removal (CPR):    -0.000ns

    Location             Delay type                Incr(ns)  Path(ns)    Netlist Resource(s)
  -------------------------------------------------------------------    -------------------
                                                      0.000     0.000 r  ap_rst (IN)
                         net (fo=22, unset)           0.410     0.410    bd_0_i/hls_inst/inst/ap_rst
    SLICE_X21Y33         FDRE                                         r  bd_0_i/hls_inst/inst/ap_CS_fsm_reg[15]/R
  -------------------------------------------------------------------    -------------------

                         (clock ap_clk rise edge)     0.000     0.000 r  
                                                      0.000     0.000 r  ap_clk (IN)
                         net (fo=117, unset)          0.432     0.432    bd_0_i/hls_inst/inst/ap_clk
    SLICE_X21Y33         FDRE                                         r  bd_0_i/hls_inst/inst/ap_CS_fsm_reg[15]/C

Slack:                    inf
  Source:                 ap_rst
                            (input port)
  Destination:            bd_0_i/hls_inst/inst/ap_CS_fsm_reg[16]/R
                            (rising edge-triggered cell FDRE clocked by ap_clk  {rise@0.000ns fall@4.000ns period=8.000ns})
  Path Group:             (none)
  Path Type:              Hold (Min at Fast Process Corner)
  Data Path Delay:        0.410ns  (logic 0.000ns (0.000%)  route 0.410ns (100.000%))
  Logic Levels:           0  
  Clock Path Skew:        0.432ns (DCD - SCD - CPR)
    Destination Clock Delay (DCD):    0.432ns
    Source Clock Delay      (SCD):    0.000ns
    Clock Pessimism Removal (CPR):    -0.000ns

    Location             Delay type                Incr(ns)  Path(ns)    Netlist Resource(s)
  -------------------------------------------------------------------    -------------------
                                                      0.000     0.000 r  ap_rst (IN)
                         net (fo=22, unset)           0.410     0.410    bd_0_i/hls_inst/inst/ap_rst
    SLICE_X21Y34         FDRE                                         r  bd_0_i/hls_inst/inst/ap_CS_fsm_reg[16]/R
  -------------------------------------------------------------------    -------------------

                         (clock ap_clk rise edge)     0.000     0.000 r  
                                                      0.000     0.000 r  ap_clk (IN)
                         net (fo=117, unset)          0.432     0.432    bd_0_i/hls_inst/inst/ap_clk
    SLICE_X21Y34         FDRE                                         r  bd_0_i/hls_inst/inst/ap_CS_fsm_reg[16]/C

Slack:                    inf
  Source:                 ap_rst
                            (input port)
  Destination:            bd_0_i/hls_inst/inst/ap_CS_fsm_reg[17]/R
                            (rising edge-triggered cell FDRE clocked by ap_clk  {rise@0.000ns fall@4.000ns period=8.000ns})
  Path Group:             (none)
  Path Type:              Hold (Min at Fast Process Corner)
  Data Path Delay:        0.410ns  (logic 0.000ns (0.000%)  route 0.410ns (100.000%))
  Logic Levels:           0  
  Clock Path Skew:        0.432ns (DCD - SCD - CPR)
    Destination Clock Delay (DCD):    0.432ns
    Source Clock Delay      (SCD):    0.000ns
    Clock Pessimism Removal (CPR):    -0.000ns

    Location             Delay type                Incr(ns)  Path(ns)    Netlist Resource(s)
  -------------------------------------------------------------------    -------------------
                                                      0.000     0.000 r  ap_rst (IN)
                         net (fo=22, unset)           0.410     0.410    bd_0_i/hls_inst/inst/ap_rst
    SLICE_X21Y34         FDRE                                         r  bd_0_i/hls_inst/inst/ap_CS_fsm_reg[17]/R
  -------------------------------------------------------------------    -------------------

                         (clock ap_clk rise edge)     0.000     0.000 r  
                                                      0.000     0.000 r  ap_clk (IN)
                         net (fo=117, unset)          0.432     0.432    bd_0_i/hls_inst/inst/ap_clk
    SLICE_X21Y34         FDRE                                         r  bd_0_i/hls_inst/inst/ap_CS_fsm_reg[17]/C

Slack:                    inf
  Source:                 ap_rst
                            (input port)
  Destination:            bd_0_i/hls_inst/inst/ap_CS_fsm_reg[18]/R
                            (rising edge-triggered cell FDRE clocked by ap_clk  {rise@0.000ns fall@4.000ns period=8.000ns})
  Path Group:             (none)
  Path Type:              Hold (Min at Fast Process Corner)
  Data Path Delay:        0.410ns  (logic 0.000ns (0.000%)  route 0.410ns (100.000%))
  Logic Levels:           0  
  Clock Path Skew:        0.432ns (DCD - SCD - CPR)
    Destination Clock Delay (DCD):    0.432ns
    Source Clock Delay      (SCD):    0.000ns
    Clock Pessimism Removal (CPR):    -0.000ns

    Location             Delay type                Incr(ns)  Path(ns)    Netlist Resource(s)
  -------------------------------------------------------------------    -------------------
                                                      0.000     0.000 r  ap_rst (IN)
                         net (fo=22, unset)           0.410     0.410    bd_0_i/hls_inst/inst/ap_rst
    SLICE_X21Y34         FDRE                                         r  bd_0_i/hls_inst/inst/ap_CS_fsm_reg[18]/R
  -------------------------------------------------------------------    -------------------

                         (clock ap_clk rise edge)     0.000     0.000 r  
                                                      0.000     0.000 r  ap_clk (IN)
                         net (fo=117, unset)          0.432     0.432    bd_0_i/hls_inst/inst/ap_clk
    SLICE_X21Y34         FDRE                                         r  bd_0_i/hls_inst/inst/ap_CS_fsm_reg[18]/C





