JvmtiExport can_access_local_variables 0
JvmtiExport can_hotswap_or_post_breakpoint 0
JvmtiExport can_post_on_exceptions 0
# 888 ciObject found
ciInstanceKlass java/lang/Cloneable 1 0 7 100 1 100 1 1 1
instanceKlass ui/views/cw
instanceKlass ui/views/cz
instanceKlass ui/views/cu
instanceKlass ui/frmwork/cmd/i
instanceKlass ui/frmwork/cmd/j
instanceKlass com/jidesoft/hints/AbstractIntelliHints$2
instanceKlass com/jidesoft/hints/AbstractIntelliHints$1
instanceKlass com/jidesoft/hints/AbstractIntelliHints$4
instanceKlass com/jidesoft/plaf/basic/BasicJidePopupUI$PopupPropertyChangeListener
instanceKlass com/jidesoft/plaf/basic/BasicJidePopupUI$PopupLayout
instanceKlass com/jidesoft/popup/JidePopupFactory
instanceKlass com/jidesoft/hints/AbstractIntelliHints$8$1
instanceKlass com/jidesoft/hints/AbstractIntelliHints$8
instanceKlass com/jidesoft/hints/AbstractIntelliHints
instanceKlass ui/views/V/q
instanceKlass ui/views/V/v
instanceKlass ui/views/V/u
instanceKlass ui/views/V/s
instanceKlass java/util/Timer$ThreadReaper
instanceKlass java/util/TaskQueue
instanceKlass java/util/Timer
instanceKlass com/jidesoft/editor/KeywordMap$a
instanceKlass com/jidesoft/editor/KeywordMap
instanceKlass com/jidesoft/editor/language/LanguageSpec
instanceKlass com/jidesoft/editor/language/LanguageSpecManager
instanceKlass ui/views/Y/a/r
instanceKlass ui/views/Y/a/a$a
instanceKlass com/jidesoft/grid/HierarchicalTableSupport
instanceKlass ui/utils/swing/a
instanceKlass ui/views/Y/a/a$f
instanceKlass ui/views/Y/a/z
instanceKlass ui/views/Y/a/x
instanceKlass com/jidesoft/swing/SearchableBar$9
instanceKlass com/jidesoft/swing/SearchableBar$8$1
instanceKlass com/jidesoft/swing/SearchableBar$8
instanceKlass com/jidesoft/swing/SearchableBar$11
instanceKlass com/jidesoft/swing/SearchableBar$13
instanceKlass com/jidesoft/swing/SearchableBar$12
instanceKlass com/jidesoft/swing/SearchableBarIconsFactory
instanceKlass com/jidesoft/swing/Resource
instanceKlass com/jidesoft/swing/SearchableBar$6
instanceKlass com/jidesoft/swing/SearchableBar$5
instanceKlass com/jidesoft/swing/SearchableBar$1
instanceKlass ui/views/Y/a/q
instanceKlass com/jidesoft/editor/CodeEditorFindAndReplaceTarget
instanceKlass com/jidesoft/search/FindResult
instanceKlass java/awt/dnd/DropTargetAdapter
instanceKlass com/jidesoft/editor/highlight/DefaultHighlighter$c
instanceKlass com/jidesoft/editor/highlight/DefaultHighlighter$a
instanceKlass com/jidesoft/editor/highlight/Highlighter$Highlight
instanceKlass com/jidesoft/editor/highlight/LayeredHighlighter
instanceKlass com/jidesoft/editor/highlight/LayeredHighlighter$LayerPainter
instanceKlass ui/views/Y/a/C
instanceKlass com/jidesoft/swing/Searchable$1
instanceKlass com/jidesoft/swing/event/SearchableListener
instanceKlass com/jidesoft/editor/CodeEditor$w
instanceKlass com/jidesoft/editor/e
instanceKlass com/jidesoft/editor/selection/DefaultSelectionModel
instanceKlass com/jidesoft/editor/CodeEditor$o
instanceKlass com/jidesoft/marker/DefaultMarkerModel
instanceKlass com/jidesoft/editor/marker/MarkerModel
instanceKlass ui/views/Y/a/V$a
instanceKlass com/jidesoft/editor/SyntaxDocument$MyUndoableEditListener
instanceKlass com/jidesoft/swing/OverlayableUtils
instanceKlass com/jidesoft/editor/CodeEditor$s
instanceKlass com/jidesoft/editor/CodeEditor$v
instanceKlass com/jidesoft/editor/CodeEditor$p
instanceKlass com/jidesoft/editor/CodeEditor$x
instanceKlass com/jidesoft/editor/CodeEditorMarginSupport$c
instanceKlass com/jidesoft/editor/CodeEditorMarginSupport$b
instanceKlass com/jidesoft/editor/CodeEditor$i
instanceKlass com/jidesoft/editor/folding/DefaultFoldingModel$b
instanceKlass com/jidesoft/editor/CodeEditorMarginSupport$a
instanceKlass com/jidesoft/margin/RowNumberMargin$a
instanceKlass com/jidesoft/margin/AbstractMargin$a
instanceKlass com/jidesoft/margin/AbstractMarginSupport
instanceKlass com/jidesoft/margin/RowMarginPainter
instanceKlass com/jidesoft/editor/CodeEditorMarginSupport
instanceKlass com/jidesoft/margin/MarginSupport$ModelChangedCallback
instanceKlass com/jidesoft/margin/MarginSupport$RepaintCallback
instanceKlass com/jidesoft/editor/CodeEditor$f
instanceKlass com/jidesoft/editor/CodeEditor$q
instanceKlass com/jidesoft/editor/c
instanceKlass com/jidesoft/editor/tokenmarker/Token
instanceKlass java/awt/font/TextLayout
instanceKlass ui/texteditor/b/c
instanceKlass ui/texteditor/b/l
instanceKlass com/jidesoft/editor/CodeEditor$r
instanceKlass com/jidesoft/editor/ColumnGuide
instanceKlass com/jidesoft/editor/folding/FoldingSpan
instanceKlass com/jidesoft/editor/Span
instanceKlass com/jidesoft/editor/caret/DefaultCaretModel
instanceKlass com/jidesoft/editor/caret/CaretPosition
instanceKlass com/jidesoft/editor/margin/CodeFoldingPainter
instanceKlass com/jidesoft/swing/SearchableBar$Installer
instanceKlass ui/texteditor/b/b
instanceKlass com/jidesoft/editor/AbstractCodeEditorIntelliHints
instanceKlass com/jidesoft/hints/IntelliHints
instanceKlass com/jidesoft/editor/tokenmarker/TokenMarker
instanceKlass com/jidesoft/search/FindAndReplace
instanceKlass ui/texteditor/b/k
instanceKlass com/jidesoft/editor/highlight/Highlighter$HighlightPainter
instanceKlass com/jidesoft/editor/margin/Margin
instanceKlass com/jidesoft/margin/MarginPainter
instanceKlass com/jidesoft/swing/SearchableProvider
instanceKlass com/jidesoft/editor/CodeInspector
instanceKlass com/jidesoft/editor/folding/DefaultFoldingModel
instanceKlass ui/views/e
instanceKlass ui/views/V/o
instanceKlass ui/utils/swing/v/t
instanceKlass ui/utils/swing/v/n
instanceKlass ui/utils/swing/b/w
instanceKlass com/jidesoft/swing/JideToggleButton$1
instanceKlass ui/utils/swing/v/f$b
instanceKlass javax/swing/ButtonGroup
instanceKlass ui/utils/swing/v/f$d
instanceKlass ui/utils/swing/w/p$c
instanceKlass ui/views/V/c$b
instanceKlass ui/views/ci
instanceKlass ui/views/ai
instanceKlass com/jidesoft/marker/MarkerEyePainter
instanceKlass ui/frmwork/xhub/q
instanceKlass com/jidesoft/docking/event/DockableFrameAdapter
instanceKlass com/jidesoft/docking/DefaultDockingManager$InternalDockableFrameRouter
instanceKlass javax/help/CSH$Manager
instanceKlass ui/utils/help/QuickHelp$2
instanceKlass ui/views/W
instanceKlass com/jidesoft/plaf/basic/BasicDockableFrameUI$DockableFramePropertyChangeListener
instanceKlass com/jidesoft/plaf/basic/BasicDockableFrameUI$DockableFrameLayout
instanceKlass com/jidesoft/plaf/basic/BasicDockableFrameTitlePane$UpdateButtonPropertyChangeListener
instanceKlass com/jidesoft/docking/d
instanceKlass com/jidesoft/plaf/basic/BasicDockableFrameTitlePane$TitlePaneLayout
instanceKlass com/jidesoft/plaf/basic/BasicDockableFrameTitlePane$PropertyChangeHandler
instanceKlass com/jidesoft/docking/NotificationFlasher
instanceKlass com/jidesoft/docking/c
instanceKlass com/jidesoft/docking/DockContext
instanceKlass ui/views/A
instanceKlass javax/swing/undo/UndoableEditSupport
instanceKlass ui/views/v
instanceKlass ui/views/u
instanceKlass com/jidesoft/docking/DefaultDockingManager$O
instanceKlass ui/views/q
instanceKlass com/jidesoft/docking/DefaultDockingManager$Q
instanceKlass com/jidesoft/docking/DefaultDockingManager$P
instanceKlass com/jidesoft/docking/DefaultDockingManager$z
instanceKlass com/jidesoft/docking/DefaultDockingManager$MenuChangeStateListener
instanceKlass com/jidesoft/docking/DefaultDockingManager$ae
instanceKlass com/jidesoft/docking/DefaultDockingManager$ad
instanceKlass com/jidesoft/docking/DefaultDockingManager$h
instanceKlass com/jidesoft/docking/SlidingOverFrameContainer$SlidingFrameLayout
instanceKlass java/lang/Math$RandomNumberGeneratorHolder
instanceKlass com/jidesoft/docking/a
instanceKlass com/jidesoft/swing/JideBorderLayout
instanceKlass com/jidesoft/docking/DefaultDockingManager$DockedHiddenSlidingContainer$b
instanceKlass com/jidesoft/docking/DefaultDockingManager$DockableFrameWorkspaceHandle
instanceKlass com/jidesoft/docking/DockingManager$FrameHandle
instanceKlass ui/frmwork/xhub/xhubi
instanceKlass ui/frmwork/xhub/r
instanceKlass com/jidesoft/docking/DefaultDockingManager$U
instanceKlass com/jidesoft/docking/DefaultDockingManager$S
instanceKlass com/jidesoft/docking/DefaultDockingManager$R
instanceKlass com/jidesoft/docking/DockingUtils
instanceKlass com/jidesoft/docking/event/DockableFrameDropListener
instanceKlass com/jidesoft/docking/DefaultDockingManager$InternalEventManager
instanceKlass com/jidesoft/docking/FloatingContainer
instanceKlass com/jidesoft/docking/FloatingContainer$FloatingContainerManager
instanceKlass com/jidesoft/docking/DockingFrameworkContour
instanceKlass com/jidesoft/docking/AutoHideContainer$MouseInputCreator
instanceKlass com/jidesoft/docking/SlidingAnimator$Handler
instanceKlass com/jidesoft/swing/event/SidePaneListener
instanceKlass com/jidesoft/swing/UndoableSupport
instanceKlass com/jidesoft/document/DocumentPane$TabbedPaneCustomizer
instanceKlass com/jidesoft/docking/PopupMenuCustomizer
instanceKlass com/jidesoft/docking/DockingManager$TabbedPaneCustomizer
instanceKlass ui/h/a/b/b
instanceKlass ui/utils/a/a
instanceKlass ui/c/b/b/c
instanceKlass ui/views/cf
instanceKlass ui/views/ce
instanceKlass org/w3c/dom/svg/SVGEllipseElement
instanceKlass java/awt/geom/EllipseIterator
instanceKlass org/w3c/dom/svg/SVGCircleElement
instanceKlass org/apache/batik/ext/awt/image/codec/png/PNGRed$PNGChunk
instanceKlass org/apache/batik/ext/awt/image/codec/png/PNGEncodeParam
instanceKlass org/apache/batik/ext/awt/image/codec/util/ImageEncodeParam
instanceKlass org/apache/batik/ext/awt/image/codec/png/PNGDecodeParam
instanceKlass org/apache/batik/ext/awt/image/codec/util/ImageDecodeParam
instanceKlass ui/utils/i/f/f
instanceKlass ui/aD
instanceKlass com/jidesoft/status/ResizeStatusBarItem$b
instanceKlass org/apache/batik/swing/svg/SVGDocumentLoaderListener
instanceKlass ui/utils/S
instanceKlass com/jidesoft/document/DefaultStringConverter
instanceKlass com/jidesoft/document/FloatingDocumentContainer
instanceKlass com/jidesoft/document/IDocumentGroup
instanceKlass com/jidesoft/status/MemoryStatusBarItem$b
instanceKlass ui/utils/i/T
instanceKlass com/jidesoft/status/ProgressStatusBarItem$b
instanceKlass com/jidesoft/status/a
instanceKlass javax/swing/plaf/basic/BasicProgressBarUI$Handler
instanceKlass javax/swing/JProgressBar$ModelListener
instanceKlass com/jidesoft/swing/JideScrollPaneConstants
instanceKlass com/jidesoft/plaf/basic/BasicStatusBarSeparatorUI$SeparatorPropertyChangeListener
instanceKlass ui/utils/i/R$a
instanceKlass com/jidesoft/utils/PortingUtils
instanceKlass com/jidesoft/editor/status/CodeEditorStatusBarItem
instanceKlass com/jidesoft/action/a$c
instanceKlass javax/swing/SizeRequirements
instanceKlass ui/g/Z
instanceKlass ui/views/R/d/e
instanceKlass ui/views/R/d/c
instanceKlass javax/swing/text/DefaultCaret$1
instanceKlass javax/swing/text/AbstractDocument$UndoRedoDocumentEvent
instanceKlass javax/swing/event/DocumentEvent$ElementChange
instanceKlass ui/views/R/j/c
instanceKlass ui/utils/swing/e/d$d
instanceKlass com/jidesoft/plaf/basic/BasicStyledLabelUI$StyledText
instanceKlass com/jidesoft/plaf/basic/BasicStyledLabelUI$1
instanceKlass ui/utils/swing/e/d$a
instanceKlass javax/swing/text/html/parser/ContentModelState
instanceKlass javax/swing/text/html/parser/TagStack
instanceKlass javax/swing/text/html/parser/TagElement
instanceKlass javax/swing/text/html/parser/Parser
instanceKlass javax/swing/text/html/parser/AttributeList
instanceKlass javax/swing/text/html/parser/ContentModel
instanceKlass javax/swing/text/html/parser/ParserDelegator$1
instanceKlass javax/swing/text/html/parser/Entity
instanceKlass javax/swing/text/html/parser/Element
instanceKlass javax/swing/text/html/parser/DTD
instanceKlass javax/swing/text/html/parser/DTDConstants
instanceKlass javax/swing/text/html/HTMLEditorKit$Parser
instanceKlass javax/swing/text/html/HTMLEditorKit$ParserCallback
instanceKlass ui/utils/h/b
instanceKlass ui/utils/swing/e/l
instanceKlass ui/views/U/P
instanceKlass ui/j
instanceKlass ui/utils/swing/e/l$a
instanceKlass ui/h$a
instanceKlass ui/utils/swing/e/i
instanceKlass ui/utils/swing/u/Y
instanceKlass ui/utils/swing/u/X
instanceKlass javax/swing/text/DocumentFilter
instanceKlass ui/utils/swing/u/Z
instanceKlass ui/utils/swing/e/d$b
instanceKlass com/jidesoft/swing/StyleRange
instanceKlass ui/utils/swing/e/d$e
instanceKlass com/jidesoft/plaf/basic/BasicCommandBarSeparatorUI$SeparatorPropertyChangeListener
instanceKlass ui/utils/swing/b/H
instanceKlass ui/utils/swing/b/D
instanceKlass ui/utils/swing/v/x
instanceKlass com/jidesoft/plaf/basic/BasicJideSplitButtonUI$1
instanceKlass com/jidesoft/plaf/basic/BasicJideSplitButtonUI$MouseInputHandler
instanceKlass com/jidesoft/swing/SplitButtonModel
instanceKlass ui/e/d$a
instanceKlass ui/F$a
instanceKlass ui/F$b
instanceKlass ui/utils/swing/K$c
instanceKlass ui/aw
instanceKlass ui/av
instanceKlass ui/at
instanceKlass javax/help/CSH
instanceKlass ui/utils/help/QuickHelp$1
instanceKlass ui/g/A
instanceKlass ui/R
instanceKlass ui/P
instanceKlass ui/ar
instanceKlass ui/B
instanceKlass ui/g/u
instanceKlass ui/g/t
instanceKlass ui/g/x
instanceKlass ui/g/w
instanceKlass ui/g/v
instanceKlass ui/g/y
instanceKlass ui/g/n
instanceKlass ui/g/C
instanceKlass ui/g/B
instanceKlass ui/frmwork/cmd/a/h
instanceKlass ui/data/common/customcmdi
instanceKlass ui/e
instanceKlass ui/g/r
instanceKlass ui/g/q
instanceKlass ui/g/p
instanceKlass ui/A
instanceKlass ui/g/s
instanceKlass ui/g/m
instanceKlass ui/utils/swing/html/fx/HtmlFxViewer$JavaBridge
instanceKlass javafx/scene/Node
instanceKlass javafx/css/Styleable
instanceKlass javafx/event/EventTarget
instanceKlass javafx/event/EventHandler
instanceKlass javafx/beans/value/ChangeListener
instanceKlass ui/g/i
instanceKlass ui/g/l
instanceKlass ui/g/h
instanceKlass ui/g/g
instanceKlass ui/g/a$a
instanceKlass ui/g/k
instanceKlass ui/g/b
instanceKlass ui/g/c
instanceKlass ui/g/S
instanceKlass ui/g/V
instanceKlass ui/g/K
instanceKlass ui/g/R
instanceKlass ui/frmwork/cmd/d
instanceKlass ui/frmwork/f/z
instanceKlass com/jidesoft/status/ProgressStatusBarItem$CancelCallback
instanceKlass ui/f/ar
instanceKlass ui/f/an
instanceKlass ui/f/ah
instanceKlass com/jidesoft/action/CommandBar$CommandBarContainerListener
instanceKlass com/jidesoft/action/a
instanceKlass com/jidesoft/action/CommandBar$DefaultCommandBarLayout
instanceKlass com/jidesoft/plaf/basic/BasicCommandBarUI$b
instanceKlass com/jidesoft/plaf/basic/BasicCommandBarUI$c
instanceKlass com/jidesoft/plaf/basic/BasicCommandBarUI$PropertyListener
instanceKlass com/jidesoft/plaf/basic/BasicCommandBarTitleBarUI$PropertyListener
instanceKlass com/jidesoft/plaf/basic/SpecialIcon
instanceKlass com/jidesoft/plaf/basic/BasicCommandBarTitleBarUI$TitlePaneLayout
instanceKlass com/jidesoft/action/event/DockableBarListener
instanceKlass com/jidesoft/action/DockableBarContext
instanceKlass ui/o$a
instanceKlass ui/o$b
instanceKlass ui/m
instanceKlass ui/l
instanceKlass ui/views/cL$a
instanceKlass ui/aR
instanceKlass ui/aP
instanceKlass com/jidesoft/shortcut/ShortcutPersistenceUtils
instanceKlass com/sun/org/apache/xerces/internal/dom/DeepNodeListImpl
instanceKlass ui/views/systembuilder/ao
instanceKlass ui/views/bY
instanceKlass ui/utils/swing/s/g$c
instanceKlass com/jidesoft/swing/ResizableSupport
instanceKlass de/concept/nlview/NlviewListener
instanceKlass java/awt/print/Printable
instanceKlass ui/data/al
instanceKlass ui/data/coregen/ac
instanceKlass com/jidesoft/document/IDocumentPane
instanceKlass com/jidesoft/docking/event/DockableFrameListener
instanceKlass ui/frmwork/e
instanceKlass ui/frmwork/d
instanceKlass ui/frmwork/aq
instanceKlass ui/frmwork/aL
instanceKlass ui/frmwork/aK
instanceKlass ui/views/V/D
instanceKlass ui/dlg/c/a/a/a$b
instanceKlass sun/java2d/pipe/AlphaPaintPipe$TileContext
instanceKlass org/apache/batik/ext/awt/MultipleGradientPaintContext
instanceKlass java/awt/TexturePaint
instanceKlass java/awt/MultipleGradientPaint
instanceKlass java/awt/PaintContext
instanceKlass org/apache/batik/dom/util/XLinkSupport
instanceKlass org/apache/batik/ext/awt/MultipleGradientPaint$ColorSpaceEnum
instanceKlass org/apache/batik/ext/awt/MultipleGradientPaint$CycleMethodEnum
instanceKlass org/apache/batik/ext/awt/MultipleGradientPaint
instanceKlass org/apache/batik/bridge/AbstractSVGGradientElementBridge$Stop
instanceKlass org/w3c/dom/svg/SVGAnimatedNumber
instanceKlass org/w3c/dom/svg/SVGStopElement
instanceKlass org/w3c/dom/svg/SVGLinearGradientElement
instanceKlass org/w3c/dom/svg/SVGGradientElement
instanceKlass java/awt/geom/AreaIterator
instanceKlass org/w3c/dom/svg/SVGUseElement
instanceKlass org/apache/batik/bridge/URIResolver
instanceKlass org/apache/batik/css/engine/value/ComputedValue
instanceKlass org/apache/batik/dom/AbstractParentNode$ElementsByTagName
instanceKlass org/w3c/dom/svg/SVGAnimatedEnumeration
instanceKlass org/w3c/dom/svg/SVGClipPathElement
instanceKlass org/w3c/dom/svg/SVGUnitTypes
instanceKlass java/awt/geom/RoundRectIterator
instanceKlass org/w3c/dom/svg/SVGPolylineElement
instanceKlass ui/frmwork/f/a$a
instanceKlass ui/frmwork/f/A
instanceKlass com/jidesoft/action/DefaultDockableBarManager$FloaterKeyEventPostProcessor
instanceKlass com/jidesoft/action/DefaultDockableBarManager$c
instanceKlass com/jidesoft/action/DefaultDockableBarManager$p
instanceKlass java/awt/im/InputContext
instanceKlass java/awt/Event
instanceKlass com/jidesoft/action/DefaultDockableBarManager$DockableBarsSnapshot
instanceKlass com/jidesoft/swing/AbstractLayoutPersistence
instanceKlass com/jidesoft/action/CommandBarFactory
instanceKlass ui/frmwork/t
instanceKlass com/jidesoft/docking/DockingManager
instanceKlass com/jidesoft/docking/DeprecatedDockingManager
instanceKlass ui/F
instanceKlass ui/o
instanceKlass ui/frmwork/f/y
instanceKlass ui/views/J/a/c
instanceKlass ui/utils/swing/v/f$a
instanceKlass com/jidesoft/document/DocumentComponentFactory
instanceKlass ui/frmwork/aa
instanceKlass ui/frmwork/c/e$a
instanceKlass ui/frmwork/T$a
instanceKlass ui/utils/an
instanceKlass com/jidesoft/action/event/DockableBarsRearrangedListener
instanceKlass com/jidesoft/action/DockableBarManager
instanceKlass com/jidesoft/swing/RootPanePersistence
instanceKlass com/jidesoft/swing/LayoutPersistence
instanceKlass ui/aN
instanceKlass java/awt/CardLayout$Card
instanceKlass java/awt/CardLayout
instanceKlass ui/aJ
instanceKlass javax/swing/event/TreeWillExpandListener
instanceKlass sun/font/StandardGlyphVector$GlyphStrike
instanceKlass sun/font/FontSubstitution
instanceKlass java/awt/font/GlyphVector
instanceKlass sun/awt/SunGraphicsCallback
instanceKlass javax/swing/RepaintManager$4
instanceKlass javax/swing/RepaintManager$2$1
instanceKlass ui/frmwork/coreinit
instanceKlass ui/data/license/license
instanceKlass java/awt/EventQueue$5
instanceKlass com/jidesoft/swing/JideSwingUtilities$ConditionHandler
instanceKlass ui/utils/i/r
instanceKlass com/jidesoft/utils/JideFocusTracker$MainContainerListener
instanceKlass com/jidesoft/utils/JideFocusTracker$MainFocusListener
instanceKlass com/jidesoft/utils/JideFocusTracker
instanceKlass com/jidesoft/plaf/basic/BasicJideTabbedPaneUI$TabSelectionHandler$1
instanceKlass org/apache/batik/dom/AbstractParentNode$ElementsByTagNameNS
instanceKlass jdk/internal/icu/text/ReplaceableString
instanceKlass jdk/internal/icu/text/Replaceable
instanceKlass jdk/internal/icu/text/UCharacterIterator
instanceKlass sun/text/CollatorUtilities
instanceKlass java/text/CollationElementIterator
instanceKlass java/text/CollationKey
instanceKlass javax/help/IndexView$IndexParser
instanceKlass javax/help/IndexView$DefaultIndexFactory
instanceKlass javax/help/Merge
instanceKlass javax/help/MergeHelpUtilities
instanceKlass javax/help/TOCView$TOCParser
instanceKlass javax/help/TOCView$DefaultTOCFactory
instanceKlass javax/help/plaf/basic/BasicSearchNavigatorUI$SearchActionListener
instanceKlass javax/help/search/SearchListener
instanceKlass javax/help/search/SearchEngine
instanceKlass com/sun/java/help/impl/SwingWorker$ThreadVar
instanceKlass com/sun/java/help/impl/SwingWorker$2
instanceKlass com/sun/java/help/impl/SwingWorker$1
instanceKlass ui/utils/swing/w/p$b
instanceKlass com/sun/java/help/impl/SwingWorker
instanceKlass javax/help/TryMap
instanceKlass ui/utils/help/HHelpUI$7
instanceKlass javax/accessibility/AccessibleValue
instanceKlass ui/utils/swing/b/k
instanceKlass com/jidesoft/shortcut/ShortcutListener
instanceKlass ui/utils/swing/D
instanceKlass javax/help/AbstractHelpAction
instanceKlass javax/help/event/HelpHistoryModelListener
instanceKlass com/jidesoft/swing/JideSplitPaneDivider$DragController
instanceKlass sun/awt/image/OffScreenImageSource
instanceKlass com/jidesoft/swing/JideCursors
instanceKlass com/jidesoft/swing/JideBoxLayout
instanceKlass com/jidesoft/swing/IContour
instanceKlass ui/utils/swing/s/h
instanceKlass ui/utils/i/Z
instanceKlass com/jidesoft/plaf/basic/Resource
instanceKlass com/jidesoft/plaf/basic/BasicJideTabbedPaneUI$DropListener
instanceKlass com/jidesoft/plaf/basic/BasicJideTabbedPaneUI$ComponentHandler
instanceKlass com/jidesoft/plaf/basic/BasicJideTabbedPaneUI$ContainerHandler
instanceKlass com/jidesoft/plaf/basic/BasicJideTabbedPaneUI$MouseWheelHandler
instanceKlass com/jidesoft/plaf/basic/BasicJideTabbedPaneUI$TabFocusListener
instanceKlass com/jidesoft/plaf/basic/BasicJideTabbedPaneUI$TabSelectionHandler
instanceKlass com/jidesoft/plaf/basic/BasicJideTabbedPaneUI$PropertyChangeHandler
instanceKlass com/jidesoft/plaf/basic/BasicJideTabbedPaneUI$1
instanceKlass ui/utils/swing/b/s
instanceKlass com/jidesoft/plaf/basic/BasicJideTabbedPaneUI$ScrollableTabSupport
instanceKlass com/jidesoft/plaf/basic/BasicJideTabbedPaneUI$TabbedPaneLayout
instanceKlass com/jidesoft/plaf/basic/BasicJideTabbedPaneUI$TabSpaceAllocator
instanceKlass javax/swing/InputVerifier
instanceKlass com/jidesoft/swing/StringConverter
instanceKlass com/jidesoft/swing/TabEditingValidator
instanceKlass com/jidesoft/swing/TabEditingListener
instanceKlass com/jidesoft/swing/JideTabbedPane$OneNoteColorProvider
instanceKlass com/jidesoft/swing/JideTabbedPane$ColorProvider
instanceKlass java/io/ObjectInput
instanceKlass java/io/ObjectOutput
instanceKlass java/awt/datatransfer/MimeType
instanceKlass java/awt/datatransfer/MimeTypeParameterList
instanceKlass javax/help/HelpAction
instanceKlass java/util/ResourceBundle$Control$1
instanceKlass javax/accessibility/AccessibleExtendedText
instanceKlass javax/accessibility/AccessibleEditableText
instanceKlass javax/accessibility/AccessibleText
instanceKlass ui/utils/help/HHelpContentViewerUI$HelpEditorPane$HelpDocumentSearchable
instanceKlass org/jdesktop/swingx/search/SearchFactory$FindRemover
instanceKlass org/jdesktop/swingx/util/Utilities
instanceKlass org/jdesktop/swingx/search/SearchFactory$LaFListener
instanceKlass org/jdesktop/swingx/plaf/LookAndFeelAddons$UpdateAddon
instanceKlass org/jdesktop/swingx/plaf/UIManagerExt$UIDefaultsExt
instanceKlass org/jdesktop/swingx/plaf/UIManagerExt
instanceKlass org/jdesktop/swingx/util/OS
instanceKlass org/jdesktop/swingx/plaf/LookAndFeelAddons
instanceKlass org/jdesktop/swingx/BackgroundPaintable
instanceKlass org/jdesktop/swingx/search/SearchFactory
instanceKlass org/jdesktop/swingx/plaf/UIDependent
instanceKlass org/jdesktop/swingx/UIAction
instanceKlass org/jdesktop/swingx/JXEditorPane$UndoHandler
instanceKlass org/jdesktop/swingx/JXEditorPane$PropertyHandler
instanceKlass javax/swing/text/html/HTML$Attribute
instanceKlass javax/swing/text/html/HTML
instanceKlass javax/swing/text/html/HTMLEditorKit$HTMLFactory
instanceKlass org/jdesktop/swingx/action/TargetableSupport
instanceKlass javax/swing/text/html/HTML$Tag
instanceKlass org/jdesktop/swingx/search/Searchable
instanceKlass javax/help/DefaultHelpHistoryModel
instanceKlass javax/help/TreeItem
instanceKlass javax/help/HelpHistoryModel
instanceKlass javax/help/TextHelpModel$Highlight
instanceKlass javax/help/DefaultHelpModel
instanceKlass javax/help/event/HelpSetListener
instanceKlass javax/help/TextHelpModel
instanceKlass javax/help/HelpModel
instanceKlass javax/help/SwingHelpUtilities$4
instanceKlass javax/help/SwingHelpUtilities$3
instanceKlass javax/help/SwingHelpUtilities$2
instanceKlass javax/help/SwingHelpUtilities$1
instanceKlass javax/help/SwingHelpUtilities$5
instanceKlass javax/help/SwingHelpUtilities
instanceKlass javax/help/Presentation
instanceKlass javax/help/CSH$DisplayHelpFromFocus
instanceKlass javax/help/DefaultHelpBroker
instanceKlass javax/help/HelpBroker
instanceKlass javax/help/Map$ID
instanceKlass javax/help/HelpSetFactory$HelpAction
instanceKlass javax/help/TreeItemFactory
instanceKlass com/sun/java/help/impl/LangElement
instanceKlass com/sun/java/help/impl/Tag
instanceKlass com/sun/java/help/impl/TagProperties
instanceKlass com/sun/java/help/impl/Parser$ParserMulticaster
instanceKlass com/sun/java/help/impl/ScanBuffer
instanceKlass com/sun/java/help/impl/DocumentParser
instanceKlass javax/help/HelpSet$HelpSetParser
instanceKlass com/sun/java/help/impl/ParserListener
instanceKlass javax/help/NavigatorView
instanceKlass javax/help/FlatMap
instanceKlass javax/help/HelpSet$Presentation
instanceKlass javax/help/HelpSet$DefaultHelpSetFactory
instanceKlass javax/help/event/EventListenerList
instanceKlass javax/help/HelpUtilities$LocalePair
instanceKlass java/beans/BeanInfo
instanceKlass javax/help/HelpUtilities
instanceKlass javax/help/HelpSetFactory
instanceKlass javax/help/Map
instanceKlass javax/help/HelpSet
instanceKlass com/jidesoft/swing/ComponentStateSupport
instanceKlass com/jidesoft/swing/ButtonStyle
instanceKlass ui/utils/help/QuickHelp
instanceKlass ui/views/waveform/waveformi
instanceKlass com/fasterxml/jackson/databind/node/JsonNodeCreator
instanceKlass com/fasterxml/jackson/databind/JsonSerializable$Base
instanceKlass com/fasterxml/jackson/databind/JsonSerializable
instanceKlass com/fasterxml/jackson/core/TreeNode
instanceKlass ui/views/waveform/executive/protobuf/WVDialogs$WVRealSettingsOrBuilder
instanceKlass ui/views/waveform/executive/protobuf/WVDialogs$WVAnalogSettingsOrBuilder
instanceKlass javax/swing/event/HyperlinkListener
instanceKlass javax/help/event/TextHelpModelListener
instanceKlass javax/help/event/HelpModelListener
instanceKlass java/lang/FdLibm
instanceKlass java/lang/FdLibm$Cbrt
instanceKlass org/w3c/dom/svg/SVGMetadataElement
instanceKlass org/w3c/dom/svg/SVGDefsElement
instanceKlass com/jidesoft/filter/Filter
instanceKlass com/jidesoft/utils/WildcardSupport
instanceKlass sun/awt/geom/Edge
instanceKlass sun/awt/geom/ChainEnd
instanceKlass sun/awt/geom/CurveLink
instanceKlass sun/awt/geom/AreaOp$1
instanceKlass sun/awt/geom/AreaOp
instanceKlass sun/awt/geom/Curve
instanceKlass java/awt/geom/Area
instanceKlass java/awt/geom/ArcIterator
instanceKlass com/jidesoft/action/Chevron$b
instanceKlass com/jidesoft/action/Chevron$a
instanceKlass com/jidesoft/swing/JideMenu$1
instanceKlass com/jidesoft/plaf/basic/BasicChevronUI$b
instanceKlass com/jidesoft/swing/DraggableHandle
instanceKlass java/awt/event/WindowAdapter
instanceKlass com/jidesoft/plaf/vsnet/VsnetMenuUI$1
instanceKlass com/jidesoft/plaf/vsnet/VsnetMenuUI$MenuHandler
instanceKlass com/jidesoft/plaf/vsnet/VsnetMenuUI$PropertyChangeHandler
instanceKlass com/jidesoft/plaf/vsnet/VsnetMenuItemUI$PropertyChangeHandler
instanceKlass com/jidesoft/plaf/vsnet/VsnetMenuUI$MenuKeyHandler
instanceKlass com/jidesoft/plaf/vsnet/VsnetMenuUI$MenuDragMouseHandler
instanceKlass com/jidesoft/plaf/vsnet/VsnetMenuUI$MouseInputHandler
instanceKlass com/jidesoft/action/Dockable
instanceKlass com/jidesoft/swing/TopLevelMenuContainer
instanceKlass com/jidesoft/swing/JideMenu$MenuCreator
instanceKlass com/jidesoft/swing/JideMenu$PopupMenuOriginCalculator
instanceKlass com/jidesoft/swing/JideMenu$PopupMenuCustomizer
instanceKlass javax/swing/event/MenuListener
instanceKlass java/awt/geom/LineIterator
instanceKlass java/awt/geom/Line2D
instanceKlass org/w3c/dom/svg/SVGLineElement
instanceKlass org/w3c/dom/svg/SVGRectElement
instanceKlass org/w3c/dom/svg/SVGTitleElement
instanceKlass ui/utils/lnf/f
instanceKlass ui/utils/swing/a/a
instanceKlass com/jidesoft/swing/PartialSide
instanceKlass com/jidesoft/wizard/WizardStyle$b
instanceKlass com/jidesoft/wizard/WizardStyle$a
instanceKlass com/jidesoft/wizard/WizardStyle
instanceKlass com/jidesoft/grid/ColorCellRenderer$ColorIcon
instanceKlass ui/utils/i/s
instanceKlass ui/utils/i/L
instanceKlass ui/utils/i/K
instanceKlass ui/utils/i/J
instanceKlass ui/utils/i/I
instanceKlass ui/utils/i/H
instanceKlass ui/utils/i/G
instanceKlass com/jidesoft/grid/CellEditorManager$R
instanceKlass com/jidesoft/grid/CellEditorManager$Q
instanceKlass com/jidesoft/grid/CellEditorManager$P
instanceKlass com/jidesoft/grid/CellEditorManager$O
instanceKlass com/jidesoft/grid/CellEditorManager$N
instanceKlass com/jidesoft/grid/CellEditorManager$M
instanceKlass com/jidesoft/grid/CellEditorManager$L
instanceKlass com/jidesoft/grid/CellEditorManager$K
instanceKlass com/jidesoft/grid/CellEditorManager$J
instanceKlass com/jidesoft/grid/CellEditorManager$I
instanceKlass com/jidesoft/grid/CellEditorManager$G
instanceKlass com/jidesoft/grid/CellEditorManager$F
instanceKlass com/jidesoft/grid/CellEditorManager$E
instanceKlass com/jidesoft/grid/CellEditorManager$D
instanceKlass com/jidesoft/grid/CellEditorManager$C
instanceKlass com/jidesoft/grid/CellEditorManager$B
instanceKlass com/jidesoft/grid/CellEditorManager$A
instanceKlass com/jidesoft/grid/CellEditorManager$z
instanceKlass com/jidesoft/grid/CellEditorManager$y
instanceKlass com/jidesoft/grid/CellEditorManager$x
instanceKlass com/jidesoft/combobox/DateModelListener
instanceKlass com/jidesoft/grid/CellEditorManager$v
instanceKlass com/jidesoft/grid/CellEditorManager$u
instanceKlass com/jidesoft/grid/CellEditorManager$t
instanceKlass com/jidesoft/grid/CellEditorManager$s
instanceKlass com/jidesoft/grid/CellEditorManager$r
instanceKlass com/jidesoft/grid/CellEditorManager$q
instanceKlass com/jidesoft/grid/CellEditorManager$p
instanceKlass com/jidesoft/grid/CellEditorManager$o
instanceKlass com/jidesoft/grid/CellEditorManager$n
instanceKlass com/jidesoft/grid/CellEditorManager$m
instanceKlass com/jidesoft/grid/CellEditorManager$k
instanceKlass com/jidesoft/grid/CellEditorManager$j
instanceKlass com/jidesoft/grid/CellEditorManager$i
instanceKlass com/jidesoft/grid/CellEditorManager$h
instanceKlass com/jidesoft/grid/CellEditorManager$g
instanceKlass com/jidesoft/grid/CellEditorManager$f
instanceKlass com/jidesoft/grid/CellEditorManager$e
instanceKlass com/jidesoft/grid/CellEditorManager$d
instanceKlass com/jidesoft/grid/CellEditorManager$c
instanceKlass com/jidesoft/grid/CellEditorManager$b
instanceKlass com/jidesoft/grid/CellEditorManager$W
instanceKlass com/jidesoft/grid/CellEditorManager$V
instanceKlass com/jidesoft/grid/CellEditorManager$U
instanceKlass com/jidesoft/grid/CellEditorManager$T
instanceKlass javax/swing/SpinnerModel
instanceKlass com/jidesoft/grid/CellEditorManager$S
instanceKlass com/jidesoft/grid/CellEditorManager$H
instanceKlass com/jidesoft/grid/CellEditorManager$w
instanceKlass com/jidesoft/grid/CellEditorManager$a
instanceKlass com/jidesoft/grid/CellEditorManager
instanceKlass com/jidesoft/swing/Alignable
instanceKlass com/jidesoft/combobox/AbstractComboBox$c
instanceKlass com/jidesoft/combobox/e
instanceKlass javax/swing/text/Utilities
instanceKlass javax/swing/text/SegmentCache
instanceKlass javax/swing/text/Segment
instanceKlass java/text/CharacterIterator
instanceKlass javax/accessibility/AccessibleRelationSet
instanceKlass javax/accessibility/AccessibleContext$1
instanceKlass sun/awt/AWTAccessor$AccessibleContextAccessor
instanceKlass javax/swing/JComponent$ActionStandin
instanceKlass com/jidesoft/combobox/AbstractComboBox$DefaultTextFieldEditorComponent$a
instanceKlass com/jidesoft/combobox/AbstractComboBox$f
instanceKlass com/jidesoft/combobox/ProcessKeyBinding
instanceKlass javax/accessibility/AccessibleExtendedComponent
instanceKlass javax/accessibility/AccessibleComponent
instanceKlass javax/accessibility/AccessibleSelection
instanceKlass javax/accessibility/AccessibleAction
instanceKlass javax/accessibility/AccessibleContext
instanceKlass com/jidesoft/swing/AlignmentSupport
instanceKlass javax/swing/plaf/synth/SynthTextAreaUI$Handler
instanceKlass com/jidesoft/grid/JideCellEditor
instanceKlass com/jidesoft/grid/EditorStyleSupport
instanceKlass com/jidesoft/grid/CellEditorValueProvider
instanceKlass com/jidesoft/grid/EditorContextSupport
instanceKlass com/jidesoft/converter/ConverterContextSupport
instanceKlass com/jidesoft/grid/CellRendererManager$a
instanceKlass com/jidesoft/grid/FilterableTableModelListener
instanceKlass com/jidesoft/grid/RowHeightChangeListener
instanceKlass com/jidesoft/grid/TableSelectionListener
instanceKlass com/jidesoft/grid/TableSelectionModel
instanceKlass com/jidesoft/swing/AutoCompletion
instanceKlass com/jidesoft/grid/CellRendererManager
instanceKlass com/jidesoft/converter/RangeConverter
instanceKlass com/jidesoft/range/AbstractRange
instanceKlass com/jidesoft/range/Range
instanceKlass com/jidesoft/converter/MonthNameConverter
instanceKlass java/util/Currency$CurrencyNameGetter
instanceKlass java/util/Currency$OtherCurrencyEntry
instanceKlass java/util/Currency$SpecialCaseEntry
instanceKlass java/util/Currency$1
instanceKlass java/util/Currency
instanceKlass com/jidesoft/converter/MultilineStringConverter
instanceKlass com/jidesoft/converter/FontConverter
instanceKlass com/jidesoft/converter/QuarterNameConverter
instanceKlass com/jidesoft/converter/StringArrayConverter
instanceKlass com/jidesoft/converter/ColorConverter
instanceKlass com/jidesoft/converter/MonthConverter
instanceKlass java/text/DateFormatSymbols
instanceKlass com/jidesoft/converter/DateConverter
instanceKlass com/jidesoft/converter/FontNameConverter
instanceKlass com/jidesoft/converter/FileConverter
instanceKlass com/jidesoft/converter/BooleanConverter
instanceKlass com/jidesoft/converter/ArrayConverter
instanceKlass com/jidesoft/converter/NumberConverter
instanceKlass com/jidesoft/converter/DefaultObjectConverter
instanceKlass com/jidesoft/converter/ObjectConverterManager
instanceKlass com/jidesoft/comparator/AlphanumComparator
instanceKlass com/jidesoft/comparator/CharSequenceComparator
instanceKlass sun/text/ComposedCharIter
instanceKlass java/text/EntryPair
instanceKlass java/text/PatternEntry
instanceKlass java/text/PatternEntry$Parser
instanceKlass java/text/MergeCollation
instanceKlass jdk/internal/icu/lang/UCharacter
instanceKlass jdk/internal/icu/text/UTF16
instanceKlass jdk/internal/icu/impl/NormalizerImpl$UTF16Plus
instanceKlass jdk/internal/icu/impl/Norm2AllModes$NFCSingleton
instanceKlass sun/text/UCompactIntArray
instanceKlass sun/text/IntHashtable
instanceKlass java/text/RBCollationTables$BuildAPI
instanceKlass java/text/RBTableBuilder
instanceKlass java/text/RBCollationTables
instanceKlass sun/util/resources/provider/NonBaseLocaleDataMetaInfo
instanceKlass sun/util/locale/provider/BaseLocaleDataMetaInfo
instanceKlass java/text/Collator
instanceKlass com/jidesoft/comparator/FastComparableComparator
instanceKlass com/jidesoft/comparator/NumberComparator
instanceKlass com/jidesoft/comparator/DateComparator
instanceKlass com/jidesoft/comparator/CalendarComparator
instanceKlass com/jidesoft/comparator/BooleanComparator
instanceKlass com/jidesoft/comparator/DefaultComparator
instanceKlass com/jidesoft/converter/AbstractContext
instanceKlass com/jidesoft/utils/CacheMap
instanceKlass com/jidesoft/comparator/ObjectComparatorManager
instanceKlass com/jidesoft/converter/EnumConverter
instanceKlass com/jidesoft/converter/ObjectConverter
instanceKlass com/jidesoft/grid/CellEditorFactory
instanceKlass ui/utils/i/q
instanceKlass javax/swing/plaf/IconUIResource
instanceKlass de/javasoft/plaf/synthetica/ResourceBaseProvider
instanceKlass de/javasoft/plaf/synthetica/SyntheticaRootPaneUI$MouseEventProcessor
instanceKlass javax/swing/plaf/basic/BasicToolBarUI$Handler
instanceKlass de/javasoft/plaf/synthetica/styles/ToolBarStyle$2
instanceKlass de/javasoft/plaf/synthetica/styles/ToolBarStyle$1
instanceKlass javax/swing/plaf/synth/SynthToolBarUI$SynthToolBarLayoutManager
instanceKlass javax/swing/JToolBar$DefaultToolBarLayout
instanceKlass com/jidesoft/plaf/synthetica/SyntheticaFrameBorder
instanceKlass com/jidesoft/plaf/synthetica/SyntheticaCustomizer
instanceKlass com/jidesoft/plaf/synth/SynthCustomizer$1
instanceKlass com/jidesoft/swing/TristateCheckBoxIcon
instanceKlass com/jidesoft/plaf/synth/SynthCustomizer
instanceKlass com/jidesoft/plaf/LookAndFeelFactory$UIDefaultsCustomizer
instanceKlass com/jidesoft/plaf/xerto/XertoWindowsUtils$4
instanceKlass java/lang/StackTraceElement$HashedModules
instanceKlass com/jidesoft/plaf/basic/BasicPainter
instanceKlass com/jidesoft/plaf/basic/ThemePainter
instanceKlass com/jidesoft/plaf/vsnet/HeaderCellBorder
instanceKlass com/jidesoft/plaf/xerto/StatusBarBorder
instanceKlass sun/java2d/loops/GraphicsPrimitive$GeneralBinaryOp
instanceKlass com/jidesoft/plaf/xerto/XertoWindowsUtils$22
instanceKlass com/jidesoft/plaf/xerto/XertoWindowsUtils$21
instanceKlass com/jidesoft/plaf/xerto/XertoWindowsUtils$20
instanceKlass com/jidesoft/plaf/xerto/XertoWindowsUtils$19
instanceKlass com/jidesoft/plaf/xerto/XertoWindowsUtils$18
instanceKlass com/jidesoft/plaf/xerto/XertoWindowsUtils$17
instanceKlass com/jidesoft/plaf/xerto/XertoWindowsUtils$16
instanceKlass com/jidesoft/plaf/xerto/XertoWindowsUtils$15
instanceKlass com/jidesoft/plaf/xerto/FrameBorder
instanceKlass com/jidesoft/plaf/xerto/XertoUtils
instanceKlass com/jidesoft/plaf/windows/WindowsIconFactory$CheckBoxIcon
instanceKlass com/jidesoft/plaf/windows/WindowsIconFactory
instanceKlass com/jidesoft/plaf/xerto/XertoWindowsUtils$14
instanceKlass com/jidesoft/plaf/xerto/XertoWindowsUtils$13
instanceKlass com/jidesoft/plaf/xerto/XertoWindowsUtils$12
instanceKlass com/jidesoft/plaf/xerto/XertoWindowsUtils$11
instanceKlass com/jidesoft/plaf/xerto/XertoWindowsUtils$10
instanceKlass com/jidesoft/plaf/xerto/XertoWindowsUtils$9
instanceKlass com/jidesoft/plaf/xerto/XertoWindowsUtils$8
instanceKlass com/jidesoft/plaf/xerto/XertoWindowsUtils$7
instanceKlass com/jidesoft/plaf/xerto/XertoWindowsUtils$6
instanceKlass com/jidesoft/plaf/xerto/XertoWindowsUtils$5
instanceKlass com/jidesoft/icons/IconsFactory
instanceKlass com/jidesoft/icons/JideIconsFactory
instanceKlass com/jidesoft/icons/MenuCheckIcon
instanceKlass com/jidesoft/plaf/xerto/XertoWindowsUtils$3
instanceKlass com/jidesoft/plaf/xerto/XertoWindowsUtils$2
instanceKlass com/jidesoft/plaf/xerto/XertoWindowsUtils$1
instanceKlass com/jidesoft/plaf/ExtWindowsDesktopProperty
instanceKlass com/jidesoft/plaf/WindowsDesktopProperty
instanceKlass com/jidesoft/diff/Product
instanceKlass com/jidesoft/chart/Product
instanceKlass com/jidesoft/treemap/Product
instanceKlass com/jidesoft/editor/Product
instanceKlass com/jidesoft/shortcut/Product
instanceKlass com/jidesoft/pivot/Product
instanceKlass com/jidesoft/wizard/Product
instanceKlass com/jidesoft/grid/Product
instanceKlass com/jidesoft/document/Product
instanceKlass com/jidesoft/action/Product
instanceKlass com/jidesoft/docking/Product
instanceKlass java/beans/WeakIdentityMap
instanceKlass java/beans/ThreadGroupContext
instanceKlass java/beans/Beans
instanceKlass com/jidesoft/plaf/vsnet/ConvertListener
instanceKlass com/jidesoft/plaf/basic/BasicLookAndFeelExtension
instanceKlass com/jidesoft/plaf/LookAndFeelExtension
instanceKlass com/jidesoft/plaf/synthetica/SyntheticaPopupBorder
instanceKlass com/jidesoft/plaf/synthetica/SyntheticaInitializer
instanceKlass com/jidesoft/plaf/LookAndFeelFactory$UIDefaultsInitializer
instanceKlass com/jidesoft/plaf/LookAndFeelFactory$1
instanceKlass com/jidesoft/plaf/LookAndFeelFactory
instanceKlass ui/utils/lnf/n
instanceKlass com/jidesoft/plaf/basic/Painter
instanceKlass jdk/internal/access/foreign/MemorySegmentProxy
instanceKlass sun/font/SunFontManager$10
instanceKlass sun/font/SunFontManager$FamilyDescription
instanceKlass sun/font/SunFontManager$9
instanceKlass sun/font/SunFontManager$TTorT1Filter
instanceKlass sun/font/SunFontManager$4
instanceKlass sun/font/SunFontManager$12
instanceKlass javax/swing/text/TabableView
instanceKlass javax/swing/text/FlowView$FlowStrategy
instanceKlass javax/swing/text/DefaultStyledDocument$AbstractChangeHandler
instanceKlass sun/swing/text/UndoableEditLockSupport
instanceKlass javax/swing/event/DocumentEvent$EventType
instanceKlass javax/swing/text/DefaultStyledDocument$ElementBuffer
instanceKlass javax/swing/text/StyledDocument
instanceKlass javax/swing/text/StyledEditorKit$AttributeTracker
instanceKlass javax/swing/event/CaretListener
instanceKlass javax/swing/text/StyledEditorKit$StyledViewFactory
instanceKlass de/javasoft/plaf/synthetica/StyleFactory$RepaintTextComponentPropertyChangeListener
instanceKlass javax/swing/plaf/synth/SynthTabbedPaneUI$1
instanceKlass javax/swing/plaf/basic/BasicTabbedPaneUI$Handler
instanceKlass de/javasoft/plaf/synthetica/StyleFactory$20
instanceKlass de/javasoft/plaf/synthetica/StyleFactory$17
instanceKlass javax/swing/plaf/basic/BasicTabbedPaneUI$TabbedPaneLayout
instanceKlass javax/swing/JTabbedPane$ModelListener
instanceKlass sun/awt/image/PNGImageDecoder$Chromaticities
instanceKlass javax/swing/KeyboardManager
instanceKlass javax/swing/plaf/basic/BasicOptionPaneUI$Handler
instanceKlass javax/swing/plaf/basic/BasicOptionPaneUI$2
instanceKlass javax/swing/plaf/basic/BasicOptionPaneUI$ButtonActionListener
instanceKlass javax/swing/plaf/basic/BasicOptionPaneUI$ButtonFactory
instanceKlass javax/swing/plaf/basic/BasicOptionPaneUI$ButtonAreaLayout
instanceKlass java/awt/GridBagConstraints
instanceKlass java/awt/GridBagLayout
instanceKlass de/javasoft/plaf/synthetica/StyleFactory$16
instanceKlass javax/swing/JMenu$MenuChangeListener
instanceKlass javax/swing/JInternalFrame$FocusPropertyChangeListener
instanceKlass sun/swing/MenuItemLayoutHelper
instanceKlass javax/swing/plaf/basic/BasicInternalFrameUI$Handler
instanceKlass javax/swing/event/InternalFrameListener
instanceKlass javax/swing/ActionPropertyChangeListener
instanceKlass javax/swing/plaf/basic/BasicMenuItemUI$Handler
instanceKlass javax/swing/event/MenuDragMouseListener
instanceKlass javax/swing/JMenuItem$MenuItemFocusListener
instanceKlass javax/swing/plaf/synth/SynthInternalFrameTitlePane$SynthTitlePaneLayout
instanceKlass javax/swing/plaf/basic/BasicInternalFrameTitlePane$Handler
instanceKlass de/javasoft/plaf/synthetica/StyleFactory$4
instanceKlass javax/swing/plaf/synth/SynthDesktopIconUI$Handler
instanceKlass java/util/Vector$1
instanceKlass javax/swing/tree/DefaultMutableTreeNode$PreorderEnumeration
instanceKlass javax/swing/plaf/synth/SynthGraphicsUtils$SynthIconWrapper
instanceKlass javax/swing/JTree$TreeModelHandler
instanceKlass javax/swing/tree/AbstractLayoutCache$NodeDimensions
instanceKlass javax/swing/tree/AbstractLayoutCache
instanceKlass javax/swing/tree/RowMapper
instanceKlass javax/swing/tree/TreeCellRenderer
instanceKlass javax/swing/plaf/basic/BasicTreeUI$Handler
instanceKlass javax/swing/event/TreeSelectionListener
instanceKlass javax/swing/event/TreeModelListener
instanceKlass javax/swing/event/TreeExpansionListener
instanceKlass de/javasoft/plaf/synthetica/StyleFactory$22
instanceKlass javax/swing/plaf/basic/BasicGraphicsUtils
instanceKlass javax/swing/plaf/synth/SynthTreeUI$ExpandedIconWrapper
instanceKlass javax/swing/tree/TreePath
instanceKlass javax/swing/tree/DefaultTreeSelectionModel
instanceKlass javax/swing/tree/TreeSelectionModel
instanceKlass javax/swing/tree/DefaultTreeModel
instanceKlass javax/swing/tree/TreeModel
instanceKlass javax/swing/tree/DefaultMutableTreeNode
instanceKlass javax/swing/tree/MutableTreeNode
instanceKlass javax/swing/plaf/basic/BasicTableUI$Handler
instanceKlass javax/swing/DefaultCellEditor$EditorDelegate
instanceKlass javax/swing/plaf/basic/BasicButtonUI$KeyHandler
instanceKlass javax/swing/AbstractCellEditor
instanceKlass javax/swing/tree/TreeCellEditor
instanceKlass javax/swing/table/TableCellEditor
instanceKlass javax/swing/CellEditor
instanceKlass javax/swing/plaf/basic/BasicTableHeaderUI$MouseInputHandler
instanceKlass javax/swing/plaf/basic/BasicTableHeaderUI$1
instanceKlass sun/swing/table/DefaultTableCellHeaderRenderer$EmptyIcon
instanceKlass javax/swing/table/AbstractTableModel
instanceKlass javax/swing/table/DefaultTableColumnModel
instanceKlass javax/swing/table/TableColumnModel
instanceKlass de/javasoft/plaf/synthetica/SyntheticaComboBoxLayoutManager
instanceKlass javax/swing/plaf/basic/BasicComboBoxUI$DefaultKeySelectionManager
instanceKlass javax/swing/JComboBox$KeySelectionManager
instanceKlass javax/swing/plaf/basic/BasicComboBoxUI$Handler
instanceKlass javax/swing/plaf/synth/SynthComboBoxUI$EditorFocusHandler
instanceKlass javax/swing/JTextField$ScrollRepainter
instanceKlass javax/swing/text/JTextComponent$DefaultKeymap
instanceKlass javax/swing/text/Keymap
instanceKlass javax/swing/text/PlainView$2
instanceKlass javax/swing/text/PlainView$1
instanceKlass javax/swing/text/PlainView$FPMethodItem
instanceKlass javax/swing/text/StyleContext$KeyEnumeration
instanceKlass javax/swing/text/GapContent$StickyPosition
instanceKlass javax/swing/text/Position
instanceKlass javax/swing/text/AbstractDocument$1
instanceKlass javax/swing/text/AbstractDocument$AbstractElement
instanceKlass javax/swing/tree/TreeNode
instanceKlass javax/swing/text/Element
instanceKlass javax/swing/text/StyleContext$SmallAttributeSet
instanceKlass javax/swing/text/StyleContext$NamedStyle
instanceKlass javax/swing/text/Style
instanceKlass javax/swing/text/SimpleAttributeSet$EmptyAttributeSet
instanceKlass javax/swing/text/SimpleAttributeSet
instanceKlass javax/swing/text/MutableAttributeSet
instanceKlass javax/swing/text/AttributeSet
instanceKlass javax/swing/text/StyleContext$FontKey
instanceKlass javax/swing/text/AttributeSet$ParagraphAttribute
instanceKlass javax/swing/text/AttributeSet$ColorAttribute
instanceKlass javax/swing/text/AttributeSet$FontAttribute
instanceKlass javax/swing/text/AttributeSet$CharacterAttribute
instanceKlass javax/swing/text/StyleConstants
instanceKlass javax/swing/text/StyleContext
instanceKlass javax/swing/text/AbstractDocument$AttributeContext
instanceKlass javax/swing/text/GapVector
instanceKlass javax/swing/text/AbstractDocument$Content
instanceKlass javax/swing/text/DefaultHighlighter$SafeDamager
instanceKlass javax/swing/text/LayeredHighlighter$LayerPainter
instanceKlass javax/swing/text/Highlighter$HighlightPainter
instanceKlass javax/swing/text/Highlighter$Highlight
instanceKlass javax/swing/text/LayeredHighlighter
instanceKlass javax/swing/text/Highlighter
instanceKlass javax/swing/text/DefaultCaret$Handler
instanceKlass javax/swing/text/Caret
instanceKlass javax/swing/plaf/synth/SynthTextFieldUI$Handler
instanceKlass javax/swing/plaf/basic/BasicTextUI$UpdateHandler
instanceKlass javax/swing/text/View
instanceKlass javax/swing/text/Position$Bias
instanceKlass javax/swing/text/EditorKit
instanceKlass javax/swing/text/ViewFactory
instanceKlass javax/swing/text/JTextComponent$1
instanceKlass sun/swing/SwingAccessor$JTextComponentAccessor
instanceKlass javax/swing/plaf/basic/BasicComboBoxEditor
instanceKlass javax/swing/ComboBoxEditor
instanceKlass javax/swing/plaf/basic/BasicScrollPaneUI$Handler
instanceKlass de/javasoft/plaf/synthetica/StyleFactory$26
instanceKlass java/awt/event/ComponentAdapter
instanceKlass javax/swing/plaf/basic/BasicScrollBarUI$ScrollListener
instanceKlass javax/swing/plaf/basic/BasicScrollBarUI$Handler
instanceKlass javax/swing/plaf/basic/BasicScrollBarUI$ModelListener
instanceKlass javax/swing/DefaultBoundedRangeModel
instanceKlass javax/swing/BoundedRangeModel
instanceKlass javax/swing/JScrollBar$ModelListener
instanceKlass java/awt/event/ContainerAdapter
instanceKlass javax/swing/ViewportLayout
instanceKlass javax/swing/ScrollPaneLayout
instanceKlass javax/swing/plaf/basic/BasicComboPopup$Handler
instanceKlass javax/swing/plaf/basic/BasicListUI$Handler
instanceKlass javax/swing/plaf/basic/DragRecognitionSupport$BeforeDrag
instanceKlass javax/swing/TransferHandler$TransferSupport
instanceKlass javax/swing/TransferHandler$DropHandler
instanceKlass java/awt/datatransfer/SystemFlavorMap$SoftCache
instanceKlass java/awt/datatransfer/DataFlavor
instanceKlass java/io/Externalizable
instanceKlass sun/awt/datatransfer/DesktopDatatransferServiceImpl
instanceKlass sun/datatransfer/DataFlavorUtil$DefaultDesktopDatatransferService
instanceKlass sun/datatransfer/DesktopDatatransferService
instanceKlass sun/datatransfer/DataFlavorUtil
instanceKlass java/awt/datatransfer/SystemFlavorMap
instanceKlass java/awt/datatransfer/FlavorTable
instanceKlass java/awt/datatransfer/FlavorMap
instanceKlass java/awt/dnd/DropTargetContext$1
instanceKlass sun/awt/AWTAccessor$DropTargetContextAccessor
instanceKlass java/awt/dnd/DropTargetContext
instanceKlass java/awt/dnd/DropTarget
instanceKlass javax/swing/BorderFactory
instanceKlass de/javasoft/plaf/synthetica/StyleFactory$9
instanceKlass de/javasoft/plaf/synthetica/StyleFactory$RepaintFocusListener
instanceKlass sun/swing/UIAction
instanceKlass java/util/BitSet
instanceKlass javax/swing/DefaultListSelectionModel
instanceKlass javax/swing/ListSelectionModel
instanceKlass de/javasoft/plaf/synthetica/StyleFactory$SyntheticaComboPopupBorder
instanceKlass java/awt/event/FocusAdapter
instanceKlass javax/swing/plaf/basic/BasicPopupMenuUI$MenuKeyboardHelper
instanceKlass javax/swing/MenuSelectionManager
instanceKlass javax/swing/plaf/basic/BasicPopupMenuUI$MouseGrabber
instanceKlass javax/swing/plaf/basic/BasicPopupMenuUI$BasicMenuKeyListener
instanceKlass javax/swing/plaf/basic/BasicPopupMenuUI$BasicPopupMenuListener
instanceKlass de/javasoft/plaf/synthetica/StyleFactory$23
instanceKlass de/javasoft/plaf/synthetica/styles/PopupMenuStyle$1
instanceKlass javax/swing/BoxLayout
instanceKlass javax/swing/plaf/basic/BasicLookAndFeel$1
instanceKlass java/awt/Toolkit$SelectiveAWTEventListener
instanceKlass javax/swing/plaf/basic/BasicLookAndFeel$AWTEventHelper
instanceKlass javax/swing/DefaultSingleSelectionModel
instanceKlass javax/swing/SingleSelectionModel
instanceKlass javax/swing/plaf/basic/BasicComboPopup$EmptyListModelClass
instanceKlass javax/swing/plaf/basic/ComboPopup
instanceKlass javax/swing/ListCellRenderer
instanceKlass de/javasoft/plaf/synthetica/StyleFactory$8
instanceKlass javax/swing/AncestorNotifier
instanceKlass javax/swing/ClientPropertyKey$1
instanceKlass sun/awt/AWTAccessor$ClientPropertyKeyAccessor
instanceKlass javax/swing/JComboBox$1
instanceKlass javax/swing/AbstractListModel
instanceKlass javax/swing/MutableComboBoxModel
instanceKlass javax/swing/ComboBoxModel
instanceKlass javax/swing/ListModel
instanceKlass java/beans/VetoableChangeListener
instanceKlass javax/swing/event/AncestorListener
instanceKlass javax/swing/plaf/basic/BasicButtonListener
instanceKlass de/javasoft/plaf/synthetica/StyleFactory$ComponentProperty
instanceKlass de/javasoft/plaf/synthetica/SyntheticaStyleFactory
instanceKlass javax/swing/plaf/synth/SynthUI
instanceKlass javax/swing/plaf/synth/SynthConstants
instanceKlass javax/swing/AbstractButton$Handler
instanceKlass javax/swing/DefaultButtonModel
instanceKlass javax/swing/ButtonModel
instanceKlass de/javasoft/plaf/synthetica/SyntheticaInputDefaults
instanceKlass de/javasoft/plaf/synthetica/SyntheticaTitledBorder
instanceKlass javax/swing/plaf/BorderUIResource
instanceKlass de/javasoft/plaf/synthetica/ExtKeyEventProcessor
instanceKlass de/javasoft/plaf/synthetica/painter/ImagePainter
instanceKlass java/util/WeakHashMap$HashIterator
instanceKlass de/javasoft/plaf/synthetica/SyntheticaLookAndFeel$4
instanceKlass javax/swing/PopupFactory$1
instanceKlass sun/swing/SwingAccessor$PopupFactoryAccessor
instanceKlass javax/swing/Popup
instanceKlass javax/swing/PopupFactory
instanceKlass de/javasoft/plaf/synthetica/StyleFactory$ComponentPropertyStore
instanceKlass javax/swing/table/TableCellRenderer
instanceKlass sun/swing/ImageCache
instanceKlass sun/swing/CachedPainter
instanceKlass de/javasoft/synthetica/plain/addon/XMLProvider
instanceKlass de/javasoft/plaf/synthetica/AddonsXMLProvider
instanceKlass de/javasoft/plaf/synthetica/SyntheticaState
instanceKlass de/javasoft/plaf/synthetica/SyntheticaIcon
instanceKlass javax/swing/plaf/synth/SynthIcon
instanceKlass de/javasoft/plaf/synthetica/Scalable
instanceKlass javax/swing/plaf/synth/ParsedSynthStyle$PainterInfo
instanceKlass sun/swing/plaf/synth/StyleAssociation
instanceKlass javax/swing/plaf/synth/ColorType
instanceKlass sun/swing/plaf/synth/DefaultSynthStyle$StateInfo
instanceKlass de/javasoft/plaf/synthetica/painter/SyntheticaComponentPainter
instanceKlass de/javasoft/plaf/synthetica/painter/Cacheable
instanceKlass java/lang/Class$AnnotationData
instanceKlass java/lang/Class$EnclosingMethodInfo
instanceKlass sun/reflect/generics/repository/AbstractRepository
instanceKlass java/lang/annotation/Documented
instanceKlass java/lang/Deprecated
instanceKlass java/lang/annotation/Target
instanceKlass java/lang/reflect/Proxy$ProxyBuilder$1
instanceKlass jdk/internal/org/objectweb/asm/Edge
instanceKlass java/lang/reflect/ProxyGenerator$PrimitiveTypeInfo
instanceKlass java/lang/reflect/ProxyGenerator$ProxyMethod
instanceKlass java/lang/module/ModuleDescriptor$Builder
instanceKlass java/util/Collections$1
instanceKlass java/lang/reflect/Proxy$ProxyBuilder
instanceKlass java/lang/reflect/Proxy
instanceKlass sun/reflect/annotation/AnnotationInvocationHandler
instanceKlass java/lang/reflect/InvocationHandler
instanceKlass sun/reflect/annotation/AnnotationParser$1
instanceKlass sun/reflect/annotation/ExceptionProxy
instanceKlass java/lang/annotation/Inherited
instanceKlass java/lang/annotation/Retention
instanceKlass sun/reflect/annotation/AnnotationType$1
instanceKlass sun/reflect/annotation/AnnotationType
instanceKlass java/lang/reflect/GenericArrayType
instanceKlass sun/reflect/generics/visitor/Reifier
instanceKlass sun/reflect/generics/visitor/TypeTreeVisitor
instanceKlass sun/reflect/generics/factory/CoreReflectionFactory
instanceKlass sun/reflect/generics/factory/GenericsFactory
instanceKlass sun/reflect/generics/scope/AbstractScope
instanceKlass sun/reflect/generics/scope/Scope
instanceKlass sun/reflect/generics/tree/ClassTypeSignature
instanceKlass sun/reflect/generics/tree/SimpleClassTypeSignature
instanceKlass sun/reflect/generics/tree/FieldTypeSignature
instanceKlass sun/reflect/generics/tree/BaseType
instanceKlass sun/reflect/generics/tree/TypeSignature
instanceKlass sun/reflect/generics/tree/ReturnType
instanceKlass sun/reflect/generics/tree/TypeArgument
instanceKlass sun/reflect/generics/tree/TypeTree
instanceKlass sun/reflect/generics/tree/Tree
instanceKlass sun/reflect/generics/parser/SignatureParser
instanceKlass sun/reflect/misc/Trampoline
instanceKlass sun/reflect/misc/MethodUtil$1
instanceKlass com/sun/beans/util/Cache$Ref
instanceKlass com/sun/beans/finder/FinderUtils
instanceKlass java/lang/reflect/AnnotatedType
instanceKlass java/lang/reflect/TypeVariable
instanceKlass javax/swing/plaf/synth/SynthContext
instanceKlass java/lang/PublicMethods
instanceKlass com/sun/beans/finder/Signature
instanceKlass com/sun/beans/finder/PrimitiveWrapperMap
instanceKlass com/sun/beans/util/Cache$CacheEntry
instanceKlass com/sun/beans/util/Cache
instanceKlass com/sun/beans/finder/AbstractFinder
instanceKlass java/beans/Statement$2
instanceKlass java/beans/Statement$1
instanceKlass java/beans/ExceptionListener
instanceKlass java/beans/Statement
instanceKlass com/sun/beans/finder/PrimitiveTypeMap
instanceKlass com/sun/beans/finder/ClassFinder
instanceKlass com/sun/beans/decoder/ValueObjectImpl
instanceKlass com/sun/beans/decoder/ValueObject
instanceKlass com/sun/beans/decoder/ElementHandler
instanceKlass javax/swing/plaf/synth/SynthPainter
instanceKlass javax/swing/plaf/synth/SynthGraphicsUtils
instanceKlass javax/swing/plaf/synth/SynthStyle
instanceKlass javax/swing/plaf/synth/Region
instanceKlass de/javasoft/plaf/synthetica/SyntheticaLookAndFeel$3
instanceKlass javax/swing/plaf/synth/SynthLookAndFeel$Handler
instanceKlass com/incors/plaf/alloy/AlloyTheme
instanceKlass ui/utils/lnf/e
instanceKlass sun/font/CMap
instanceKlass sun/font/FontScaler
instanceKlass sun/font/TrueTypeFont$DirectoryEntry
instanceKlass java/nio/DirectByteBuffer$Deallocator
instanceKlass sun/nio/ch/Util$BufferCache
instanceKlass sun/nio/ch/Util
instanceKlass sun/nio/ch/IOStatus
instanceKlass sun/nio/ch/NativeThread
instanceKlass java/nio/channels/spi/AbstractInterruptibleChannel$1
instanceKlass sun/nio/ch/Interruptible
instanceKlass sun/font/TrueTypeFont$1
instanceKlass sun/font/TrueTypeFont$TTDisposerRecord
instanceKlass sun/font/StrikeCache$DisposableStrike
instanceKlass sun/font/FontStrikeDisposer
instanceKlass sun/java2d/Disposer$PollDisposable
instanceKlass sun/font/FontStrikeDesc
instanceKlass sun/font/FontDesignMetrics$MetricsKey
instanceKlass java/awt/FontMetrics
instanceKlass sun/java2d/opengl/OGLGraphicsConfig
instanceKlass sun/java2d/pipe/hw/AccelGraphicsConfig
instanceKlass sun/java2d/pipe/hw/BufferedContextProvider
instanceKlass sun/awt/GlobalCursorManager$NativeUpdater
instanceKlass sun/awt/GlobalCursorManager
instanceKlass java/awt/SplashScreen
instanceKlass com/jidesoft/swing/JideSwingUtilities$10
instanceKlass com/jidesoft/dialog/ButtonListener
instanceKlass javax/swing/ScrollPaneConstants
instanceKlass javax/swing/table/TableModel
instanceKlass com/jidesoft/swing/JideSwingUtilities$Handler
instanceKlass com/jidesoft/swing/JideSwingUtilities$GetHandler
instanceKlass com/jidesoft/swing/JideSwingUtilities
instanceKlass javax/swing/RepaintManager$2
instanceKlass sun/awt/NullComponentPeer
instanceKlass sun/awt/LightweightPeerHolder
instanceKlass sun/awt/ModalExclude
instanceKlass java/awt/peer/LightweightPeer
instanceKlass sun/awt/im/ExecutableInputMethodManager$3
instanceKlass sun/awt/im/InputMethodLocator
instanceKlass sun/awt/windows/WInputMethodDescriptor
instanceKlass java/awt/im/spi/InputMethodDescriptor
instanceKlass sun/awt/im/InputMethodManager
instanceKlass sun/awt/FontConfiguration$2
instanceKlass sun/awt/Win32FontManager$2
instanceKlass sun/font/SunFontManager$3
instanceKlass sun/font/FontFamily
instanceKlass sun/font/CompositeFontDescriptor
instanceKlass sun/font/SunFontManager$FontRegistrationInfo
instanceKlass java/lang/Short$ShortCache
instanceKlass sun/awt/FontDescriptor
instanceKlass sun/awt/FontConfiguration
instanceKlass sun/font/SunFontManager$2
instanceKlass sun/awt/Win32FontManager$1
instanceKlass sun/font/FontManagerFactory$1
instanceKlass sun/font/FontManagerFactory
instanceKlass sun/font/GlyphList
instanceKlass sun/font/StrikeCache$1
instanceKlass sun/font/StrikeCache
instanceKlass sun/font/FontStrike
instanceKlass sun/font/CharToGlyphMapper
instanceKlass sun/font/StrikeMetrics
instanceKlass sun/font/Font2D
instanceKlass sun/font/FontManagerNativeLibrary$1
instanceKlass sun/font/FontManagerNativeLibrary
instanceKlass sun/font/SunFontManager$1
instanceKlass sun/font/SunFontManager$T1Filter
instanceKlass sun/font/SunFontManager$TTFilter
instanceKlass sun/font/Font2DHandle
instanceKlass sun/font/SunFontManager
instanceKlass sun/font/FontManagerForSGE
instanceKlass sun/font/FontManager
instanceKlass sun/java2d/FontSupport
instanceKlass sun/awt/NativeLibLoader$1
instanceKlass sun/awt/NativeLibLoader
instanceKlass sun/awt/PlatformFont
instanceKlass java/awt/peer/FontPeer
instanceKlass sun/awt/AWTAccessor$SystemColorAccessor
instanceKlass sun/java2d/StateTracker$2
instanceKlass sun/java2d/StateTracker$1
instanceKlass sun/java2d/StateTracker
instanceKlass sun/java2d/SurfaceDataProxy
instanceKlass sun/awt/image/SurfaceManager$FlushableCacheData
instanceKlass sun/java2d/windows/GDIRenderer
instanceKlass sun/java2d/ScreenUpdateManager
instanceKlass sun/awt/windows/WComponentPeer$2
instanceKlass java/awt/SequencedEvent$2
instanceKlass java/awt/SequencedEvent$1
instanceKlass sun/awt/AWTAccessor$SequencedEventAccessor
instanceKlass sun/awt/im/InputMethodWindow
instanceKlass sun/awt/ExtendedKeyCodes
instanceKlass sun/awt/RepaintArea
instanceKlass sun/awt/windows/WWindowPeer$GuiDisposedListener
instanceKlass sun/awt/windows/WWindowPeer$ActiveWindowListener
instanceKlass java/awt/peer/CanvasPeer
instanceKlass java/awt/peer/PanelPeer
instanceKlass java/awt/peer/FramePeer
instanceKlass java/awt/peer/WindowPeer
instanceKlass java/awt/peer/ContainerPeer
instanceKlass javax/swing/ActionMap
instanceKlass javax/swing/InputMap
instanceKlass javax/swing/LayoutComparator
instanceKlass javax/swing/RepaintManager$PaintManager
instanceKlass javax/swing/JRootPane$RootLayout
instanceKlass javax/swing/ArrayTable
instanceKlass java/awt/FlowLayout
instanceKlass java/awt/Window$WindowDisposerRecord
instanceKlass java/awt/BorderLayout
instanceKlass java/awt/LayoutManager2
instanceKlass sun/awt/image/SurfaceManager$ProxiedGraphicsConfig
instanceKlass java/awt/Frame$1
instanceKlass sun/awt/AWTAccessor$FrameAccessor
instanceKlass java/awt/Window$1
instanceKlass sun/awt/AWTAccessor$WindowAccessor
instanceKlass java/awt/AWTEventMulticaster
instanceKlass java/awt/event/HierarchyBoundsListener
instanceKlass java/awt/event/HierarchyListener
instanceKlass java/awt/event/TextListener
instanceKlass java/awt/event/ItemListener
instanceKlass java/awt/event/WindowStateListener
instanceKlass java/awt/event/ContainerListener
instanceKlass ui/frmwork/str/c
instanceKlass javax/swing/plaf/basic/BasicHTML
instanceKlass javax/swing/plaf/metal/DefaultMetalTheme$FontDelegate$1
instanceKlass sun/reflect/misc/ReflectUtil
instanceKlass javax/swing/UIDefaults$1
instanceKlass com/sun/java/swing/SwingUtilities3
instanceKlass javax/swing/RepaintManager$ProcessingRunnable
instanceKlass java/util/stream/ReduceOps$AccumulatingSink
instanceKlass java/util/stream/ReduceOps$Box
instanceKlass java/util/stream/ReduceOps$ReduceOp
instanceKlass java/util/stream/ReduceOps
instanceKlass java/util/function/BinaryOperator
instanceKlass java/util/function/BiConsumer
instanceKlass java/util/stream/Collectors$CollectorImpl
instanceKlass java/util/stream/Collector
instanceKlass java/util/stream/Collectors
instanceKlass java/awt/Component$3
instanceKlass ui/utils/i/P
instanceKlass javax/swing/ImageIcon$2
instanceKlass javax/swing/ImageIcon$1
instanceKlass org/apache/batik/ext/awt/image/rendered/PadRed$ZeroRecter
instanceKlass org/apache/batik/ext/awt/image/rendered/TileLRUMember
instanceKlass sun/java2d/marlin/ArrayCacheConst
instanceKlass sun/java2d/marlin/Helpers
instanceKlass sun/java2d/marlin/Dasher$LengthIterator
instanceKlass sun/java2d/marlin/Dasher
instanceKlass sun/java2d/marlin/Stroker
instanceKlass sun/java2d/marlin/MarlinTileGenerator
instanceKlass sun/java2d/pipe/AATileGenerator
instanceKlass sun/java2d/marlin/Renderer
instanceKlass sun/java2d/marlin/OffHeapArray
instanceKlass sun/java2d/marlin/MarlinCache
instanceKlass sun/java2d/marlin/IntArrayCache$Reference
instanceKlass sun/java2d/marlin/Helpers$IndexStack
instanceKlass sun/java2d/marlin/TransformingPathConsumer2D$PathClipFilter
instanceKlass sun/java2d/marlin/ByteArrayCache$Reference
instanceKlass sun/java2d/marlin/DoubleArrayCache$Reference
instanceKlass sun/java2d/marlin/Helpers$PolyStack
instanceKlass sun/java2d/marlin/TransformingPathConsumer2D$ClosedPathDetector
instanceKlass sun/java2d/marlin/TransformingPathConsumer2D$PathTracer
instanceKlass sun/java2d/marlin/TransformingPathConsumer2D$DeltaTransformFilter
instanceKlass sun/java2d/marlin/TransformingPathConsumer2D$DeltaScaleFilter
instanceKlass sun/java2d/marlin/TransformingPathConsumer2D$Path2DWrapper
instanceKlass sun/java2d/marlin/TransformingPathConsumer2D
instanceKlass sun/java2d/marlin/TransformingPathConsumer2D$CurveClipSplitter
instanceKlass sun/java2d/marlin/TransformingPathConsumer2D$CurveBasicMonotonizer
instanceKlass sun/java2d/marlin/DMarlinRenderingEngine$NormalizingPathIterator
instanceKlass sun/java2d/marlin/RendererContext$PathConsumer2DAdapter
instanceKlass sun/java2d/marlin/ByteArrayCache
instanceKlass sun/java2d/marlin/DoubleArrayCache
instanceKlass sun/java2d/marlin/IntArrayCache
instanceKlass sun/java2d/marlin/PathSimplifier
instanceKlass sun/java2d/marlin/CollinearSimplifier
instanceKlass sun/java2d/marlin/DPathConsumer2D
instanceKlass sun/java2d/marlin/Curve
instanceKlass sun/java2d/ReentrantContext
instanceKlass sun/java2d/pipe/ShapeSpanIterator
instanceKlass sun/awt/geom/PathConsumer2D
instanceKlass sun/java2d/pipe/SpanIterator
instanceKlass java/awt/geom/Path2D$Iterator
instanceKlass org/apache/batik/ext/awt/RenderingHintsKeyExt
instanceKlass org/apache/batik/ext/awt/image/rendered/TileBlock
instanceKlass org/apache/batik/ext/awt/image/PadMode
instanceKlass org/apache/batik/ext/awt/image/rendered/LRUCache$LRUObj
instanceKlass org/apache/batik/ext/awt/image/rendered/TileMap
instanceKlass org/apache/batik/util/DoublyLinkedList
instanceKlass org/apache/batik/util/DoublyLinkedList$Node
instanceKlass org/apache/batik/ext/awt/image/rendered/LRUCache
instanceKlass org/apache/batik/ext/awt/image/rendered/TileStore
instanceKlass org/apache/batik/ext/awt/image/rendered/TileCache
instanceKlass org/apache/batik/ext/awt/image/rendered/TileGenerator
instanceKlass java/awt/image/renderable/RenderContext
instanceKlass org/apache/batik/ext/awt/geom/RectListManager$RectXComparator
instanceKlass org/apache/batik/ext/awt/geom/RectListManager
instanceKlass org/apache/batik/gvt/renderer/StaticRenderer
instanceKlass org/apache/batik/gvt/renderer/ImageRenderer
instanceKlass org/apache/batik/gvt/renderer/Renderer
instanceKlass org/apache/batik/gvt/renderer/ConcreteImageRendererFactory
instanceKlass org/apache/batik/parser/AWTTransformProducer
instanceKlass org/apache/batik/parser/AWTPolylineProducer
instanceKlass org/apache/batik/dom/svg/AbstractSVGPointList$PointsListBuilder
instanceKlass org/apache/batik/parser/DefaultPointsHandler
instanceKlass org/apache/batik/parser/PointsHandler
instanceKlass org/apache/batik/gvt/CompositeShapePainter
instanceKlass org/apache/batik/gvt/StrokeShapePainter
instanceKlass org/apache/batik/gvt/FillShapePainter
instanceKlass org/apache/xmlgraphics/java2d/color/ColorSpaceOrigin
instanceKlass org/apache/batik/bridge/PaintServer
instanceKlass org/apache/batik/ext/awt/geom/ExtendedPathIterator
instanceKlass org/apache/batik/ext/awt/geom/ExtendedGeneralPath
instanceKlass org/apache/batik/ext/awt/geom/ExtendedShape
instanceKlass org/apache/batik/dom/svg/SVGAnimatedPathDataSupport
instanceKlass org/apache/batik/parser/DefaultPathHandler
instanceKlass org/apache/batik/dom/svg/AbstractSVGItem
instanceKlass org/apache/batik/parser/AWTPathProducer
instanceKlass org/apache/batik/parser/ShapeProducer
instanceKlass org/apache/batik/ext/awt/image/rendered/AbstractRed
instanceKlass org/apache/batik/ext/awt/image/GraphicsUtil
instanceKlass sun/java2d/cmm/lcms/LCMSImageLayout$1
instanceKlass java/awt/image/ColorConvertOp
instanceKlass java/awt/image/RasterOp
instanceKlass java/awt/image/BufferedImageOp
instanceKlass com/sun/imageio/plugins/jpeg/ImageTypeIterator
instanceKlass com/sun/imageio/plugins/jpeg/ImageTypeProducer
instanceKlass sun/java2d/cmm/lcms/LCMSTransform$NativeTransform
instanceKlass sun/java2d/cmm/Profile
instanceKlass sun/java2d/cmm/lcms/LCMSImageLayout
instanceKlass sun/java2d/cmm/lcms/LCMSTransform
instanceKlass sun/java2d/cmm/ColorTransform
instanceKlass sun/java2d/cmm/lcms/LCMS$1
instanceKlass java/util/concurrent/locks/StampedLock
instanceKlass sun/java2d/cmm/lcms/LCMS
instanceKlass sun/java2d/cmm/PCMM
instanceKlass sun/java2d/cmm/CMMServiceProvider
instanceKlass sun/java2d/cmm/CMSManager
instanceKlass sun/java2d/cmm/ProfileDataVerifier
instanceKlass com/sun/imageio/plugins/jpeg/JPEGImageReader$JPEGReaderDisposerRecord
instanceKlass com/sun/imageio/plugins/jpeg/JPEGImageReader$CallBackLock
instanceKlass javax/imageio/plugins/jpeg/JPEGHuffmanTable
instanceKlass javax/imageio/plugins/jpeg/JPEGQTable
instanceKlass com/sun/imageio/plugins/jpeg/JPEGImageReader$1
instanceKlass javax/imageio/ImageIO$ContainsFilter
instanceKlass org/apache/batik/ext/awt/image/renderable/DeferRable
instanceKlass org/apache/batik/util/MimeTypeConstants
instanceKlass org/apache/batik/ext/awt/image/spi/MagicNumberRegistryEntry$MagicNumber
instanceKlass org/apache/batik/ext/awt/image/spi/StreamRegistryEntry
instanceKlass org/apache/batik/ext/awt/image/spi/AbstractRegistryEntry
instanceKlass org/apache/batik/ext/awt/image/spi/URLRegistryEntry
instanceKlass org/apache/batik/bridge/RelaxedExternalResourceSecurity
instanceKlass org/apache/batik/dom/svg/AbstractSVGMatrix
instanceKlass org/apache/batik/dom/svg/AbstractSVGTransformList$TransformListBuilder
instanceKlass org/apache/batik/parser/DefaultTransformListHandler
instanceKlass org/apache/batik/dom/svg/ListBuilder
instanceKlass org/apache/batik/dom/svg/SVGItem
instanceKlass org/apache/batik/dom/svg/ListHandler
instanceKlass org/apache/batik/dom/svg/AbstractSVGList
instanceKlass org/apache/batik/bridge/SVGSVGElementBridge$SVGSVGElementViewport
instanceKlass org/apache/batik/ext/awt/image/rendered/CachableRed
instanceKlass org/apache/batik/ext/awt/image/renderable/AbstractRable
instanceKlass org/apache/batik/ext/awt/image/renderable/PaintRable
instanceKlass java/awt/geom/RectIterator
instanceKlass java/awt/geom/PathIterator
instanceKlass org/apache/batik/parser/DefaultPreserveAspectRatioHandler
instanceKlass org/apache/batik/dom/svg/AbstractSVGPreserveAspectRatio
instanceKlass org/apache/batik/parser/DefaultNumberListHandler
instanceKlass org/apache/batik/parser/NumberListHandler
instanceKlass org/apache/batik/dom/svg/SVGOMRect
instanceKlass org/apache/batik/parser/FragmentIdentifierHandler
instanceKlass org/apache/batik/parser/TransformListHandler
instanceKlass org/apache/batik/parser/PreserveAspectRatioHandler
instanceKlass org/apache/batik/bridge/ViewBox
instanceKlass org/apache/batik/css/dom/CSSOMStyleDeclaration
instanceKlass org/apache/batik/css/engine/StyleDeclarationProvider
instanceKlass org/apache/batik/css/dom/CSSOMStyleDeclaration$ModificationHandler
instanceKlass org/apache/batik/css/dom/CSSOMStyleDeclaration$ValueProvider
instanceKlass org/apache/batik/dom/events/EventListenerList$Entry
instanceKlass org/apache/batik/dom/util/IntTable$Entry
instanceKlass org/apache/batik/dom/util/IntTable
instanceKlass org/apache/batik/dom/events/EventListenerList
instanceKlass org/apache/batik/dom/events/EventSupport
instanceKlass org/apache/batik/css/engine/sac/CSSConditionalSelector
instanceKlass org/apache/batik/css/engine/sac/AbstractAttributeCondition
instanceKlass org/apache/batik/css/engine/sac/ExtendedCondition
instanceKlass org/apache/batik/util/io/GenericDecoder
instanceKlass org/apache/batik/css/engine/CSSEngine$1
instanceKlass org/apache/batik/css/engine/StyleMap
instanceKlass org/apache/batik/bridge/CSSUtilities
instanceKlass org/apache/batik/parser/UnitProcessor$UnitResolver
instanceKlass org/apache/batik/parser/DefaultLengthHandler
instanceKlass org/apache/batik/parser/DefaultErrorHandler
instanceKlass org/apache/batik/parser/ErrorHandler
instanceKlass org/apache/batik/parser/AbstractParser
instanceKlass org/apache/batik/parser/Parser
instanceKlass org/apache/batik/anim/dom/AbstractSVGLength$DefaultContext
instanceKlass org/apache/batik/anim/dom/AbstractSVGLength
instanceKlass org/apache/batik/bridge/UnitProcessor$DefaultContext
instanceKlass org/apache/batik/parser/UnitProcessor
instanceKlass org/apache/batik/parser/ClockHandler
instanceKlass org/apache/batik/bridge/SVGUtilities
instanceKlass org/apache/batik/gvt/filter/GraphicsNodeRable
instanceKlass org/apache/batik/gvt/AbstractGraphicsNode
instanceKlass org/apache/batik/bridge/SVGDocumentBridge
instanceKlass org/apache/batik/bridge/BridgeContext$CSSEngineUserAgentWrapper
instanceKlass org/apache/batik/css/engine/StyleDeclaration
instanceKlass org/apache/batik/css/engine/StyleRule
instanceKlass org/apache/batik/css/engine/sac/AbstractElementSelector
instanceKlass org/apache/batik/css/engine/sac/ExtendedSelector
instanceKlass org/apache/batik/css/parser/CSSSelectorList
instanceKlass org/apache/batik/css/parser/ScannerUtilities
instanceKlass org/apache/batik/util/io/AbstractCharDecoder
instanceKlass org/apache/batik/util/io/StreamNormalizingReader$UTF16DecoderFactory
instanceKlass org/apache/batik/util/io/StreamNormalizingReader$UTF8DecoderFactory
instanceKlass org/apache/batik/util/io/StreamNormalizingReader$ISO_8859_1DecoderFactory
instanceKlass org/apache/batik/util/io/StreamNormalizingReader$ASCIIDecoderFactory
instanceKlass org/apache/batik/util/io/StreamNormalizingReader$CharDecoderFactory
instanceKlass org/apache/batik/util/io/CharDecoder
instanceKlass org/apache/batik/css/parser/Scanner
instanceKlass org/apache/batik/css/engine/sac/CSSSelectorFactory
instanceKlass org/apache/batik/css/parser/CSSSACMediaList
instanceKlass org/w3c/css/sac/InputSource
instanceKlass org/apache/batik/css/engine/StringIntMap$Entry
instanceKlass org/apache/batik/css/engine/StringIntMap
instanceKlass org/apache/batik/css/engine/sac/CSSConditionFactory
instanceKlass org/apache/batik/css/engine/CSSEngine$DocumentAdapter
instanceKlass org/apache/batik/css/parser/CSSLexicalUnit
instanceKlass java/util/ResourceBundle$Control$2
instanceKlass java/util/stream/AbstractSpinedBuffer
instanceKlass org/apache/batik/css/engine/value/AbstractValue
instanceKlass java/util/stream/Node$Builder
instanceKlass java/util/stream/Node$OfDouble
instanceKlass java/util/stream/Node$OfLong
instanceKlass java/util/stream/Node$OfInt
instanceKlass java/util/stream/Node$OfPrimitive
instanceKlass java/util/stream/Nodes$EmptyNode
instanceKlass java/util/stream/Node
instanceKlass java/util/stream/Nodes
instanceKlass java/util/function/IntFunction
instanceKlass java/util/ImmutableCollections$Access$1
instanceKlass jdk/internal/access/JavaUtilCollectionAccess
instanceKlass java/util/ImmutableCollections$Access
instanceKlass java/util/ServiceLoader$ProviderSpliterator
instanceKlass org/apache/batik/css/engine/value/svg/SVGValueConstants
instanceKlass org/apache/batik/css/engine/value/ValueConstants
instanceKlass org/apache/batik/css/engine/value/StringMap$Entry
instanceKlass org/apache/batik/css/engine/value/StringMap
instanceKlass org/apache/batik/css/engine/value/AbstractValueFactory
instanceKlass org/apache/batik/css/engine/value/Value
instanceKlass org/apache/batik/css/engine/value/ShorthandManager$PropertyHandler
instanceKlass org/apache/batik/css/engine/CSSNavigableDocumentListener
instanceKlass org/apache/batik/css/engine/Rule
instanceKlass org/apache/batik/css/engine/StyleSheet
instanceKlass org/apache/batik/css/engine/value/ShorthandManager
instanceKlass org/apache/batik/css/engine/value/ValueManager
instanceKlass org/apache/batik/css/parser/ExtendedParserWrapper
instanceKlass org/apache/batik/css/parser/DefaultErrorHandler
instanceKlass org/w3c/css/sac/ErrorHandler
instanceKlass org/w3c/css/sac/CombinatorCondition
instanceKlass org/w3c/css/sac/LangCondition
instanceKlass org/w3c/css/sac/AttributeCondition
instanceKlass org/apache/batik/css/parser/DefaultConditionFactory
instanceKlass org/w3c/css/sac/ConditionFactory
instanceKlass org/w3c/css/sac/ConditionalSelector
instanceKlass org/w3c/css/sac/SiblingSelector
instanceKlass org/w3c/css/sac/ElementSelector
instanceKlass org/w3c/css/sac/DescendantSelector
instanceKlass org/apache/batik/css/parser/DefaultSelectorFactory
instanceKlass org/w3c/css/sac/SelectorFactory
instanceKlass org/apache/batik/css/parser/DefaultDocumentHandler
instanceKlass org/w3c/css/sac/DocumentHandler
instanceKlass org/w3c/css/sac/LexicalUnit
instanceKlass org/w3c/css/sac/SelectorList
instanceKlass org/w3c/css/sac/Condition
instanceKlass org/w3c/css/sac/SimpleSelector
instanceKlass org/w3c/css/sac/Selector
instanceKlass org/w3c/css/sac/SACMediaList
instanceKlass org/apache/batik/css/parser/Parser
instanceKlass org/apache/batik/css/parser/ExtendedParser
instanceKlass org/w3c/css/sac/Parser
instanceKlass org/apache/batik/parser/LengthListHandler
instanceKlass org/apache/batik/parser/LengthHandler
instanceKlass org/apache/batik/parser/AngleHandler
instanceKlass org/apache/batik/dom/svg/AbstractSVGTransform
instanceKlass org/apache/batik/anim/AbstractAnimation
instanceKlass org/apache/batik/anim/timing/TimedElement
instanceKlass org/apache/batik/util/SMILConstants
instanceKlass org/apache/batik/anim/dom/AnimatableElement
instanceKlass org/apache/batik/dom/svg/SVGAnimationContext
instanceKlass org/w3c/dom/smil/ElementTimeControl
instanceKlass org/apache/batik/dom/svg/SVGTextContent
instanceKlass org/apache/batik/dom/svg/SVGSVGContext
instanceKlass java/util/spi/ResourceBundleControlProvider
instanceKlass java/util/ResourceBundle$ResourceBundleControlProviderHolder
instanceKlass org/apache/batik/dom/svg/SVGPathContext
instanceKlass de/javasoft/plaf/synthetica/SyntheticaLookAndFeel$Version
instanceKlass sun/security/provider/ByteArrayAccess$LE
instanceKlass org/apache/batik/gvt/filter/Mask
instanceKlass org/apache/batik/bridge/MaskBridge
instanceKlass org/apache/batik/bridge/MarkerBridge
instanceKlass org/apache/batik/bridge/PaintBridge
instanceKlass org/apache/batik/gvt/ShapePainter
instanceKlass org/apache/batik/ext/awt/image/spi/RegistryEntry
instanceKlass org/apache/batik/ext/awt/image/spi/ImageTagRegistry
instanceKlass org/apache/batik/ext/awt/image/spi/ErrorConstants
instanceKlass org/apache/batik/ext/awt/image/spi/BrokenLinkProvider
instanceKlass org/apache/batik/ext/awt/image/renderable/FilterChainRable
instanceKlass org/apache/batik/bridge/FilterBridge
instanceKlass org/apache/batik/ext/awt/image/renderable/TurbulenceRable
instanceKlass org/apache/batik/ext/awt/image/Light
instanceKlass org/apache/batik/ext/awt/image/renderable/ConvolveMatrixRable
instanceKlass org/apache/batik/ext/awt/image/renderable/FilterColorInterpolation
instanceKlass org/apache/batik/ext/awt/image/renderable/PadRable
instanceKlass org/apache/batik/bridge/FilterPrimitiveBridge
instanceKlass org/apache/batik/ext/awt/image/renderable/ClipRable
instanceKlass org/apache/batik/bridge/GenericBridge
instanceKlass org/apache/batik/bridge/ClipBridge
instanceKlass org/apache/batik/gvt/font/GVTFontFace
instanceKlass org/apache/batik/bridge/AbstractSVGBridge
instanceKlass org/apache/batik/anim/dom/SVGAnimationTargetContext
instanceKlass org/apache/batik/bridge/GraphicsNodeBridge
instanceKlass org/apache/batik/bridge/BridgeUpdateHandler
instanceKlass org/apache/batik/dom/svg/SVGContext
instanceKlass org/apache/batik/bridge/SVGBridgeExtension
instanceKlass org/apache/batik/gvt/GraphicsNode
instanceKlass org/apache/batik/bridge/GVTBuilder
instanceKlass org/apache/batik/bridge/UserAgentViewport
instanceKlass org/apache/batik/bridge/Viewport
instanceKlass org/apache/batik/util/SoftReferenceCache
instanceKlass java/awt/Cursor$CursorDisposer
instanceKlass java/awt/GraphicsDevice
instanceKlass java/awt/GraphicsConfiguration
instanceKlass sun/java2d/loops/GraphicsPrimitiveMgr$PrimitiveSpec
instanceKlass sun/java2d/loops/GraphicsPrimitiveMgr$2
instanceKlass sun/java2d/loops/GraphicsPrimitiveMgr$1
instanceKlass sun/java2d/loops/GeneralRenderer
instanceKlass sun/java2d/loops/CustomComponent
instanceKlass sun/java2d/pipe/ValidatePipe
instanceKlass java/awt/BasicStroke
instanceKlass java/awt/geom/Path2D
instanceKlass sun/java2d/loops/XORComposite
instanceKlass sun/awt/ConstrainableGraphics
instanceKlass sun/java2d/loops/GraphicsPrimitiveMgr
instanceKlass ui/utils/swing/d/f
instanceKlass sun/java2d/loops/GraphicsPrimitive
instanceKlass sun/java2d/loops/CompositeType
instanceKlass sun/java2d/DefaultDisposerRecord
instanceKlass sun/java2d/loops/RenderLoops
instanceKlass sun/awt/image/BufImgSurfaceData$ICMColorData
instanceKlass java/awt/image/PixelGrabber
instanceKlass java/awt/image/FilteredImageSource
instanceKlass sun/awt/image/GifFrame
instanceKlass sun/awt/image/ImageDecoder
instanceKlass sun/awt/image/ImageFetcher$1
instanceKlass sun/awt/image/FetcherInfo
instanceKlass sun/awt/image/ImageConsumerQueue
instanceKlass sun/awt/image/ImageWatched$Link
instanceKlass sun/awt/image/ImageWatched
instanceKlass java/awt/image/MultiResolutionImage
instanceKlass java/awt/MediaEntry
instanceKlass java/awt/MediaTracker
instanceKlass java/awt/ComponentOrientation
instanceKlass jdk/internal/util/random/RandomSupport
instanceKlass sun/awt/image/InputStreamImageSource
instanceKlass sun/awt/image/ImageFetchable
instanceKlass org/apache/batik/util/Platform
instanceKlass org/apache/batik/ext/awt/image/renderable/Filter
instanceKlass java/awt/image/renderable/RenderableImage
instanceKlass org/apache/batik/bridge/CursorManager
instanceKlass org/apache/batik/bridge/DocumentLoader
instanceKlass org/apache/batik/script/Interpreter
instanceKlass org/apache/batik/bridge/RhinoInterpreterFactory
instanceKlass org/apache/batik/script/InterpreterFactory
instanceKlass org/apache/batik/script/InterpreterPool
instanceKlass org/apache/batik/bridge/BridgeExtension
instanceKlass org/apache/batik/css/engine/CSSEngineListener
instanceKlass org/apache/batik/bridge/DocumentBridge
instanceKlass org/apache/batik/bridge/Bridge
instanceKlass org/apache/batik/css/engine/CSSEngineUserAgent
instanceKlass org/apache/batik/util/ParsedURLData
instanceKlass org/apache/batik/Version
instanceKlass org/apache/batik/util/AbstractParsedURLProtocolHandler
instanceKlass org/apache/batik/util/ParsedURLProtocolHandler
instanceKlass org/apache/batik/util/ParsedURL
instanceKlass org/w3c/dom/svg/SVGPointList
instanceKlass org/w3c/dom/svg/SVGPolygonElement
instanceKlass org/w3c/dom/svg/SVGAnimatedPoints
instanceKlass org/apache/batik/parser/PathHandler
instanceKlass org/w3c/dom/svg/SVGPathSegList
instanceKlass org/w3c/dom/svg/SVGPathSegLinetoVerticalAbs
instanceKlass org/w3c/dom/svg/SVGPathSegClosePath
instanceKlass org/w3c/dom/svg/SVGPathSegCurvetoCubicRel
instanceKlass org/w3c/dom/svg/SVGPathSegArcAbs
instanceKlass org/w3c/dom/svg/SVGPathSegCurvetoCubicAbs
instanceKlass org/w3c/dom/svg/SVGPathSegMovetoAbs
instanceKlass org/w3c/dom/svg/SVGPathSegLinetoVerticalRel
instanceKlass org/w3c/dom/svg/SVGPathSegArcRel
instanceKlass org/w3c/dom/svg/SVGPathSegLinetoRel
instanceKlass org/w3c/dom/svg/SVGPathSegMovetoRel
instanceKlass org/w3c/dom/svg/SVGPathSegLinetoAbs
instanceKlass org/w3c/dom/svg/SVGPathSegCurvetoQuadraticSmoothAbs
instanceKlass org/w3c/dom/svg/SVGPathSegLinetoHorizontalRel
instanceKlass org/w3c/dom/svg/SVGPathSegCurvetoQuadraticSmoothRel
instanceKlass org/w3c/dom/svg/SVGPathSegCurvetoCubicSmoothRel
instanceKlass org/w3c/dom/svg/SVGPathSegCurvetoCubicSmoothAbs
instanceKlass org/w3c/dom/svg/SVGPathSegCurvetoQuadraticAbs
instanceKlass org/w3c/dom/svg/SVGPathSegLinetoHorizontalAbs
instanceKlass org/w3c/dom/svg/SVGPathSegCurvetoQuadraticRel
instanceKlass org/w3c/dom/svg/SVGPathSeg
instanceKlass org/apache/batik/dom/svg/SVGPathSegConstants
instanceKlass org/w3c/dom/svg/SVGPathElement
instanceKlass org/w3c/dom/svg/SVGAnimatedPathData
instanceKlass org/w3c/dom/svg/SVGImageElement
instanceKlass org/w3c/dom/svg/SVGURIReference
instanceKlass org/w3c/dom/svg/SVGGElement
instanceKlass org/w3c/dom/svg/SVGForeignObjectElement
instanceKlass org/w3c/dom/svg/SVGTransformList
instanceKlass java/lang/StrictMath
instanceKlass org/w3c/dom/svg/SVGAnimatedTransformList
instanceKlass org/apache/batik/dom/svg/SVGMotionAnimatableElement
instanceKlass org/w3c/dom/svg/SVGSwitchElement
instanceKlass org/w3c/dom/svg/SVGTransformable
instanceKlass org/apache/batik/anim/dom/SVGOMStyleElement$DOMCharacterDataModifiedListener
instanceKlass org/w3c/dom/stylesheets/LinkStyle
instanceKlass org/w3c/dom/svg/SVGStyleElement
instanceKlass org/apache/batik/css/engine/CSSStyleSheetNode
instanceKlass org/apache/batik/util/CleanerThread$ReferenceCleared
instanceKlass org/w3c/dom/svg/SVGPreserveAspectRatio
instanceKlass org/apache/batik/anim/dom/AbstractSVGAnimatedValue
instanceKlass org/apache/batik/anim/dom/AnimatedLiveAttributeValue
instanceKlass org/apache/batik/dom/AbstractElement$Entry
instanceKlass org/apache/batik/dom/AbstractElement$NamedNodeHashMap
instanceKlass org/apache/batik/anim/dom/AttributeInitializer
instanceKlass org/apache/batik/anim/dom/TraitInformation
instanceKlass org/apache/batik/util/DoublyIndexedTable$Entry
instanceKlass org/apache/batik/util/DoublyIndexedTable
instanceKlass org/w3c/dom/svg/SVGAnimatedRect
instanceKlass org/w3c/dom/svg/SVGLength
instanceKlass org/w3c/dom/svg/SVGNumber
instanceKlass org/w3c/dom/svg/SVGAngle
instanceKlass org/w3c/dom/svg/SVGMatrix
instanceKlass org/w3c/dom/svg/SVGAnimatedPreserveAspectRatio
instanceKlass org/w3c/dom/svg/SVGPoint
instanceKlass org/w3c/dom/svg/SVGTransform
instanceKlass org/w3c/dom/svg/SVGAnimatedBoolean
instanceKlass org/w3c/dom/svg/SVGAnimatedLength
instanceKlass org/w3c/dom/svg/SVGRect
instanceKlass org/w3c/dom/css/CSSValue
instanceKlass org/apache/batik/dom/svg/LiveAttributeValue
instanceKlass org/w3c/dom/css/CSSStyleDeclaration
instanceKlass org/w3c/dom/svg/SVGAnimatedString
instanceKlass org/apache/batik/anim/values/AnimatableValue
instanceKlass org/apache/batik/parser/UnitProcessor$Context
instanceKlass org/apache/batik/css/engine/CSSNavigableNode
instanceKlass org/apache/batik/anim/dom/AnimationTarget
instanceKlass org/apache/batik/dom/svg/ExtendedTraitAccess
instanceKlass org/apache/batik/dom/svg/TraitAccess
instanceKlass org/apache/batik/css/engine/CSSStylableElement
instanceKlass org/w3c/dom/svg/SVGSVGElement
instanceKlass org/w3c/dom/svg/SVGZoomAndPan
instanceKlass org/w3c/dom/svg/SVGFitToViewBox
instanceKlass org/w3c/dom/svg/SVGLocatable
instanceKlass org/w3c/dom/svg/SVGStylable
instanceKlass org/w3c/dom/svg/SVGExternalResourcesRequired
instanceKlass org/w3c/dom/svg/SVGLangSpace
instanceKlass org/w3c/dom/svg/SVGTests
instanceKlass org/w3c/dom/svg/SVGElement
instanceKlass org/apache/batik/anim/dom/SVGOMDocument$AnimAttrListener
instanceKlass org/apache/batik/dom/AbstractParentNode$ChildNodes
instanceKlass org/apache/batik/dom/xbl/GenericXBLManager
instanceKlass org/w3c/dom/events/EventListener
instanceKlass org/w3c/dom/CDATASection
instanceKlass org/w3c/dom/EntityReference
instanceKlass org/apache/batik/anim/dom/AnimatedAttributeListener
instanceKlass org/w3c/dom/xpath/XPathNSResolver
instanceKlass org/w3c/dom/DOMError
instanceKlass org/w3c/dom/xpath/XPathExpression
instanceKlass org/apache/batik/w3c/dom/ElementTraversal
instanceKlass org/apache/batik/dom/xbl/XBLManager
instanceKlass org/w3c/dom/xpath/XPathEvaluator
instanceKlass org/w3c/dom/views/DocumentView
instanceKlass org/w3c/dom/css/DocumentCSS
instanceKlass org/w3c/dom/stylesheets/DocumentStyle
instanceKlass org/apache/batik/dom/svg/IdContainer
instanceKlass org/apache/batik/css/engine/CSSNavigableDocument
instanceKlass org/apache/batik/util/SVGConstants
instanceKlass org/apache/batik/constants/XMLConstants
instanceKlass org/apache/batik/util/CSSConstants
instanceKlass org/w3c/dom/svg/SVGDocument
instanceKlass com/sun/org/apache/xerces/internal/impl/XMLDocumentScannerImpl$DTDDriver
instanceKlass org/apache/batik/dom/AbstractNode$1
instanceKlass org/w3c/dom/events/Event
instanceKlass org/apache/batik/dom/AbstractNode
instanceKlass org/apache/batik/dom/xbl/XBLManagerData
instanceKlass org/apache/batik/dom/xbl/NodeXBL
instanceKlass org/apache/batik/dom/ExtendedNode
instanceKlass org/apache/batik/dom/events/NodeEventTarget
instanceKlass org/apache/batik/xml/XMLCharacters
instanceKlass com/sun/org/apache/xerces/internal/impl/dtd/XMLContentSpec
instanceKlass com/sun/org/apache/xerces/internal/impl/dtd/models/ContentModelValidator
instanceKlass com/sun/org/apache/xerces/internal/impl/dtd/DTDGrammar
instanceKlass com/sun/org/apache/xerces/internal/xni/grammars/Grammar
instanceKlass com/sun/org/apache/xerces/internal/impl/validation/EntityState
instanceKlass org/apache/batik/dom/util/SAXDocumentFactory$CommentInfo
instanceKlass org/apache/batik/dom/util/SAXDocumentFactory$PreInfo
instanceKlass org/apache/batik/dom/util/HashTableStack$Link
instanceKlass org/apache/batik/dom/util/HashTableStack
instanceKlass com/sun/org/apache/xerces/internal/parsers/AbstractSAXParser$LocatorProxy
instanceKlass org/xml/sax/ext/Locator2
instanceKlass com/sun/org/apache/xerces/internal/impl/ExternalSubsetResolver
instanceKlass com/sun/org/apache/xerces/internal/util/EntityResolverWrapper
instanceKlass org/xml/sax/ext/EntityResolver2
instanceKlass com/sun/org/apache/xerces/internal/parsers/AbstractSAXParser$AttributesProxy
instanceKlass org/xml/sax/ext/Attributes2
instanceKlass org/xml/sax/AttributeList
instanceKlass org/xml/sax/XMLReader
instanceKlass org/xml/sax/Parser
instanceKlass javax/xml/parsers/SAXParser
instanceKlass com/sun/org/apache/xerces/internal/xs/PSVIProvider
instanceKlass org/apache/batik/dom/svg/SVGDocumentFactory
instanceKlass org/apache/batik/util/XMLResourceDescriptor
instanceKlass org/apache/batik/transcoder/TranscoderInput
instanceKlass java/util/LinkedList$ListItr
instanceKlass org/apache/batik/util/Service
instanceKlass org/apache/batik/dom/DomExtension
instanceKlass org/apache/batik/i18n/LocaleGroup
instanceKlass org/apache/batik/i18n/LocalizableSupport
instanceKlass org/apache/batik/anim/dom/SVGDOMImplementation$VkernElementFactory
instanceKlass org/apache/batik/anim/dom/SVGDOMImplementation$ViewElementFactory
instanceKlass org/apache/batik/anim/dom/SVGDOMImplementation$UseElementFactory
instanceKlass org/apache/batik/anim/dom/SVGDOMImplementation$TspanElementFactory
instanceKlass org/apache/batik/anim/dom/SVGDOMImplementation$TrefElementFactory
instanceKlass org/apache/batik/anim/dom/SVGDOMImplementation$TitleElementFactory
instanceKlass org/apache/batik/anim/dom/SVGDOMImplementation$TextPathElementFactory
instanceKlass org/apache/batik/anim/dom/SVGDOMImplementation$TextElementFactory
instanceKlass org/apache/batik/anim/dom/SVGDOMImplementation$SymbolElementFactory
instanceKlass org/apache/batik/anim/dom/SVGDOMImplementation$SwitchElementFactory
instanceKlass org/apache/batik/anim/dom/SVGDOMImplementation$SvgElementFactory
instanceKlass org/apache/batik/anim/dom/SVGDOMImplementation$StyleElementFactory
instanceKlass org/apache/batik/anim/dom/SVGDOMImplementation$StopElementFactory
instanceKlass org/apache/batik/anim/dom/SVGDOMImplementation$ScriptElementFactory
instanceKlass org/apache/batik/anim/dom/SVGDOMImplementation$SetElementFactory
instanceKlass org/apache/batik/anim/dom/SVGDOMImplementation$RectElementFactory
instanceKlass org/apache/batik/anim/dom/SVGDOMImplementation$RadialGradientElementFactory
instanceKlass org/apache/batik/anim/dom/SVGDOMImplementation$PolylineElementFactory
instanceKlass org/apache/batik/anim/dom/SVGDOMImplementation$PolygonElementFactory
instanceKlass org/apache/batik/anim/dom/SVGDOMImplementation$PatternElementFactory
instanceKlass org/apache/batik/anim/dom/SVGDOMImplementation$PathElementFactory
instanceKlass org/apache/batik/anim/dom/SVGDOMImplementation$MpathElementFactory
instanceKlass org/apache/batik/anim/dom/SVGDOMImplementation$MissingGlyphElementFactory
instanceKlass org/apache/batik/anim/dom/SVGDOMImplementation$MetadataElementFactory
instanceKlass org/apache/batik/anim/dom/SVGDOMImplementation$MaskElementFactory
instanceKlass org/apache/batik/anim/dom/SVGDOMImplementation$MarkerElementFactory
instanceKlass org/apache/batik/anim/dom/SVGDOMImplementation$LinearGradientElementFactory
instanceKlass org/apache/batik/anim/dom/SVGDOMImplementation$LineElementFactory
instanceKlass org/apache/batik/anim/dom/SVGDOMImplementation$ImageElementFactory
instanceKlass org/apache/batik/anim/dom/SVGDOMImplementation$HkernElementFactory
instanceKlass org/apache/batik/anim/dom/SVGDOMImplementation$GlyphRefElementFactory
instanceKlass org/apache/batik/anim/dom/SVGDOMImplementation$GlyphElementFactory
instanceKlass org/apache/batik/anim/dom/SVGDOMImplementation$GElementFactory
instanceKlass org/apache/batik/anim/dom/SVGDOMImplementation$ForeignObjectElementFactory
instanceKlass org/apache/batik/anim/dom/SVGDOMImplementation$FontFaceUriElementFactory
instanceKlass org/apache/batik/anim/dom/SVGDOMImplementation$FontFaceSrcElementFactory
instanceKlass org/apache/batik/anim/dom/SVGDOMImplementation$FontFaceNameElementFactory
instanceKlass org/apache/batik/anim/dom/SVGDOMImplementation$FontFaceFormatElementFactory
instanceKlass org/apache/batik/anim/dom/SVGDOMImplementation$FontFaceElementFactory
instanceKlass org/apache/batik/anim/dom/SVGDOMImplementation$FontElementFactory
instanceKlass org/apache/batik/anim/dom/SVGDOMImplementation$FilterElementFactory
instanceKlass org/apache/batik/anim/dom/SVGDOMImplementation$FeTurbulenceElementFactory
instanceKlass org/apache/batik/anim/dom/SVGDOMImplementation$FeTileElementFactory
instanceKlass org/apache/batik/anim/dom/SVGDOMImplementation$FeSpotLightElementFactory
instanceKlass org/apache/batik/anim/dom/SVGDOMImplementation$FeSpecularLightingElementFactory
instanceKlass org/apache/batik/anim/dom/SVGDOMImplementation$FePointLightElementFactory
instanceKlass org/apache/batik/anim/dom/SVGDOMImplementation$FeOffsetElementFactory
instanceKlass org/apache/batik/anim/dom/SVGDOMImplementation$FeMorphologyElementFactory
instanceKlass org/apache/batik/anim/dom/SVGDOMImplementation$FeMergeNodeElementFactory
instanceKlass org/apache/batik/anim/dom/SVGDOMImplementation$FeMergeElementFactory
instanceKlass org/apache/batik/anim/dom/SVGDOMImplementation$FeImageElementFactory
instanceKlass org/apache/batik/anim/dom/SVGDOMImplementation$FeGaussianBlurElementFactory
instanceKlass org/apache/batik/anim/dom/SVGDOMImplementation$FeFuncBElementFactory
instanceKlass org/apache/batik/anim/dom/SVGDOMImplementation$FeFuncGElementFactory
instanceKlass org/apache/batik/anim/dom/SVGDOMImplementation$FeFuncRElementFactory
instanceKlass org/apache/batik/anim/dom/SVGDOMImplementation$FeFuncAElementFactory
instanceKlass org/apache/batik/anim/dom/SVGDOMImplementation$FeFloodElementFactory
instanceKlass org/apache/batik/anim/dom/SVGDOMImplementation$FeDistantLightElementFactory
instanceKlass org/apache/batik/anim/dom/SVGDOMImplementation$FeDisplacementMapElementFactory
instanceKlass org/apache/batik/anim/dom/SVGDOMImplementation$FeDiffuseLightingElementFactory
instanceKlass org/apache/batik/anim/dom/SVGDOMImplementation$FeConvolveMatrixElementFactory
instanceKlass org/apache/batik/anim/dom/SVGDOMImplementation$FeCompositeElementFactory
instanceKlass org/apache/batik/anim/dom/SVGDOMImplementation$FeComponentTransferElementFactory
instanceKlass org/apache/batik/anim/dom/SVGDOMImplementation$FeColorMatrixElementFactory
instanceKlass org/apache/batik/anim/dom/SVGDOMImplementation$FeBlendElementFactory
instanceKlass org/apache/batik/anim/dom/SVGDOMImplementation$EllipseElementFactory
instanceKlass org/apache/batik/anim/dom/SVGDOMImplementation$DescElementFactory
instanceKlass org/apache/batik/anim/dom/SVGDOMImplementation$DefsElementFactory
instanceKlass org/apache/batik/anim/dom/SVGDOMImplementation$DefinitionSrcElementFactory
instanceKlass org/apache/batik/anim/dom/SVGDOMImplementation$CursorElementFactory
instanceKlass org/apache/batik/anim/dom/SVGDOMImplementation$ColorProfileElementFactory
instanceKlass org/apache/batik/anim/dom/SVGDOMImplementation$ClipPathElementFactory
instanceKlass org/apache/batik/anim/dom/SVGDOMImplementation$CircleElementFactory
instanceKlass org/apache/batik/anim/dom/SVGDOMImplementation$AnimateTransformElementFactory
instanceKlass org/apache/batik/anim/dom/SVGDOMImplementation$AnimateMotionElementFactory
instanceKlass org/apache/batik/anim/dom/SVGDOMImplementation$AnimateColorElementFactory
instanceKlass org/apache/batik/anim/dom/SVGDOMImplementation$AnimateElementFactory
instanceKlass org/apache/batik/anim/dom/SVGDOMImplementation$AltGlyphItemElementFactory
instanceKlass org/apache/batik/anim/dom/SVGDOMImplementation$AltGlyphDefElementFactory
instanceKlass org/apache/batik/anim/dom/SVGDOMImplementation$AltGlyphElementFactory
instanceKlass org/apache/batik/anim/dom/SVGDOMImplementation$AElementFactory
instanceKlass org/apache/batik/dom/ExtensibleDOMImplementation$ElementFactory
instanceKlass org/apache/batik/dom/events/DocumentEventSupport$EventFactory
instanceKlass org/w3c/dom/css/ViewCSS
instanceKlass org/w3c/dom/views/AbstractView
instanceKlass org/apache/batik/css/engine/CSSEngine
instanceKlass org/apache/batik/dom/AbstractDOMImplementation
instanceKlass org/apache/batik/i18n/Localizable
instanceKlass org/apache/batik/dom/StyleSheetFactory
instanceKlass org/w3c/dom/css/DOMImplementationCSS
instanceKlass org/apache/batik/dom/util/CSSStyleDeclarationFactory
instanceKlass org/apache/batik/util/SVGFeatureStrings
instanceKlass org/apache/batik/bridge/ExternalResourceSecurity
instanceKlass org/apache/batik/bridge/FontFamilyResolver
instanceKlass org/apache/batik/bridge/ScriptSecurity
instanceKlass org/apache/batik/bridge/UserAgentAdapter
instanceKlass org/apache/batik/transcoder/DefaultErrorHandler
instanceKlass org/apache/batik/gvt/renderer/ImageRendererFactory
instanceKlass org/apache/batik/gvt/renderer/RendererFactory
instanceKlass org/apache/batik/bridge/UserAgent
instanceKlass org/apache/batik/bridge/BridgeContext
instanceKlass org/apache/batik/css/engine/CSSContext
instanceKlass org/apache/batik/bridge/ErrorConstants
instanceKlass org/apache/batik/dom/util/DocumentFactory
instanceKlass org/apache/batik/transcoder/TranscodingHints$Key
instanceKlass org/apache/batik/transcoder/ErrorHandler
instanceKlass org/apache/batik/transcoder/TranscoderSupport
instanceKlass org/apache/batik/transcoder/Transcoder
instanceKlass ui/e/j
instanceKlass com/sun/imageio/plugins/common/ReaderUtil
instanceKlass java/awt/image/BufferedImage$1
instanceKlass sun/awt/image/NativeLibLoader$1
instanceKlass sun/awt/image/NativeLibLoader
instanceKlass java/awt/image/SampleModel
instanceKlass java/awt/image/Raster
instanceKlass java/awt/image/DataBuffer$1
instanceKlass sun/awt/image/SunWritableRaster$DataStealer
instanceKlass java/awt/image/DataBuffer
instanceKlass com/sun/imageio/plugins/png/PNGImageDataEnumeration
instanceKlass javax/imageio/IIOParam
instanceKlass javax/imageio/metadata/IIOMetadata
instanceKlass javax/imageio/ImageIO$ImageReaderIterator
instanceKlass javax/imageio/spi/FilterIterator
instanceKlass javax/imageio/ImageIO$CanDecodeInputFilter
instanceKlass javax/imageio/spi/ServiceRegistry$Filter
instanceKlass javax/imageio/stream/FileCacheImageInputStream$StreamDisposerRecord
instanceKlass com/sun/imageio/stream/StreamCloser$1
instanceKlass com/sun/imageio/stream/StreamCloser$CloseAction
instanceKlass com/sun/imageio/stream/StreamCloser
instanceKlass sun/nio/fs/WindowsChannelFactory$2
instanceKlass sun/nio/fs/WindowsSecurityDescriptor
instanceKlass sun/nio/fs/WindowsPath$1
instanceKlass sun/security/provider/AbstractDrbg$NonceProvider
instanceKlass sun/nio/fs/BasicFileAttributesHolder
instanceKlass sun/nio/fs/WindowsDirectoryStream$WindowsDirectoryIterator
instanceKlass sun/nio/fs/WindowsDirectoryStream
instanceKlass java/nio/file/DirectoryStream
instanceKlass java/nio/file/Files$AcceptAllFilter
instanceKlass java/nio/file/DirectoryStream$Filter
instanceKlass java/net/NetworkInterface$1
instanceKlass java/net/DefaultInterface
instanceKlass java/net/Inet6Address$Inet6AddressHolder
instanceKlass java/net/InetAddress$PlatformNameService
instanceKlass java/net/InetAddress$NameService
instanceKlass java/net/Inet6AddressImpl
instanceKlass java/net/InetAddressImpl
instanceKlass java/net/InetAddressImplFactory
instanceKlass java/util/concurrent/ConcurrentSkipListMap$Node
instanceKlass java/util/concurrent/ConcurrentSkipListMap$Index
instanceKlass java/util/concurrent/ConcurrentNavigableMap
instanceKlass java/net/InetAddress$InetAddressHolder
instanceKlass java/net/InetAddress$1
instanceKlass jdk/internal/access/JavaNetInetAddressAccess
instanceKlass java/net/InetAddress
instanceKlass java/net/InterfaceAddress
instanceKlass java/net/NetworkInterface
instanceKlass sun/security/provider/SeedGenerator$1
instanceKlass ui/utils/swing/d/e
instanceKlass sun/security/provider/SeedGenerator
instanceKlass sun/security/provider/AbstractDrbg$SeederHolder
instanceKlass java/security/DrbgParameters$NextBytes
instanceKlass sun/security/provider/EntropySource
instanceKlass sun/security/provider/AbstractDrbg
instanceKlass java/security/DrbgParameters$Instantiation
instanceKlass java/security/DrbgParameters
instanceKlass sun/security/provider/MoreDrbgParameters
instanceKlass java/security/SecureRandomSpi
instanceKlass java/security/SecureRandomParameters
instanceKlass java/util/AbstractList$Itr
instanceKlass java/nio/file/TempFileHelper
instanceKlass javax/imageio/stream/ImageInputStreamImpl
instanceKlass javax/imageio/ImageIO$CacheInfo
instanceKlass javax/imageio/spi/PartialOrderIterator
instanceKlass javax/imageio/ImageWriter
instanceKlass javax/imageio/ImageTranscoder
instanceKlass javax/imageio/ImageTypeSpecifier
instanceKlass javax/imageio/metadata/IIOMetadataFormat
instanceKlass javax/imageio/ImageReader
instanceKlass javax/imageio/spi/IIORegistry$1
instanceKlass com/sun/imageio/plugins/jpeg/JPEG
instanceKlass javax/imageio/stream/ImageOutputStream
instanceKlass javax/imageio/spi/DigraphNode
instanceKlass javax/imageio/stream/ImageInputStream
instanceKlass javax/imageio/spi/SubRegistry
instanceKlass javax/imageio/spi/IIOServiceProvider
instanceKlass javax/imageio/spi/RegisterableService
instanceKlass javax/imageio/spi/ServiceRegistry
instanceKlass javax/imageio/ImageIO
instanceKlass ui/utils/swing/d/a
instanceKlass ui/e/k
instanceKlass java/awt/image/ImageProducer
instanceKlass java/awt/image/ImageFilter
instanceKlass java/awt/image/ImageConsumer
instanceKlass javax/swing/ImageIcon
instanceKlass java/io/FileOutputStream$1
instanceKlass com/sun/org/apache/xml/internal/serializer/WriterChain
instanceKlass com/sun/org/apache/xml/internal/serializer/utils/Messages
instanceKlass com/sun/org/apache/xml/internal/serializer/utils/Utils
instanceKlass com/sun/org/apache/xml/internal/serializer/dom3/NamespaceSupport
instanceKlass com/sun/org/apache/xml/internal/serializer/dom3/DOM3TreeWalker
instanceKlass com/sun/org/apache/xml/internal/serializer/dom3/DOM3SerializerImpl
instanceKlass com/sun/org/apache/xml/internal/serializer/DOM3Serializer
instanceKlass com/sun/org/apache/xerces/internal/dom/DOMOutputImpl
instanceKlass org/w3c/dom/ls/LSOutput
instanceKlass com/sun/org/apache/xml/internal/serializer/NamespaceMappings$MappingRecord
instanceKlass com/sun/org/apache/xml/internal/serializer/NamespaceMappings
instanceKlass jdk/internal/misc/ScopedMemoryAccess$Scope
instanceKlass java/nio/charset/Charset$1
instanceKlass java/nio/charset/Charset$2
instanceKlass com/sun/org/apache/xml/internal/serializer/Encodings$EncodingInfos
instanceKlass com/sun/org/apache/xml/internal/serializer/Encodings
instanceKlass com/sun/org/apache/xml/internal/serializer/ToStream$CharacterBuffer
instanceKlass com/sun/org/apache/xml/internal/serializer/EncodingInfo
instanceKlass com/sun/org/apache/xml/internal/serializer/ToStream$BoolStack
instanceKlass com/sun/org/apache/xml/internal/serializer/ElemContext
instanceKlass org/xml/sax/helpers/AttributesImpl
instanceKlass org/xml/sax/Attributes
instanceKlass com/sun/org/apache/xml/internal/serializer/CharInfo$CharKey
instanceKlass sun/util/ResourceBundleEnumeration
instanceKlass com/sun/org/apache/xml/internal/serializer/CharInfo
instanceKlass com/sun/org/apache/xml/internal/serializer/SerializerBase
instanceKlass com/sun/org/apache/xml/internal/serializer/SerializerConstants
instanceKlass com/sun/org/apache/xml/internal/serializer/SerializationHandler
instanceKlass com/sun/org/apache/xml/internal/serializer/Serializer
instanceKlass com/sun/org/apache/xml/internal/serializer/DOMSerializer
instanceKlass org/xml/sax/ext/DeclHandler
instanceKlass com/sun/org/apache/xml/internal/serializer/XSLOutputAttributes
instanceKlass com/sun/org/apache/xml/internal/serializer/ExtendedLexicalHandler
instanceKlass org/xml/sax/ext/LexicalHandler
instanceKlass com/sun/org/apache/xml/internal/serializer/ExtendedContentHandler
instanceKlass com/sun/org/apache/xml/internal/serializer/OutputPropertiesFactory
instanceKlass jdk/xml/internal/JdkProperty
instanceKlass com/sun/org/apache/xml/internal/serializer/dom3/LSSerializerImpl
instanceKlass org/w3c/dom/ls/LSSerializer
instanceKlass org/w3c/dom/DOMConfiguration
instanceKlass com/sun/org/apache/xerces/internal/dom/CoreDOMImplementationImpl
instanceKlass org/w3c/dom/ls/DOMImplementationLS
instanceKlass org/w3c/dom/DOMImplementation
instanceKlass com/sun/org/apache/xerces/internal/dom/DOMImplementationSourceImpl
instanceKlass org/w3c/dom/DOMImplementationSource
instanceKlass org/w3c/dom/bootstrap/DOMImplementationRegistry$4
instanceKlass org/w3c/dom/bootstrap/DOMImplementationRegistry$3
instanceKlass org/w3c/dom/bootstrap/DOMImplementationRegistry$2
instanceKlass org/w3c/dom/bootstrap/DOMImplementationRegistry
instanceKlass com/jidesoft/swing/XMLSerializer15
instanceKlass ui/frmwork/aD
instanceKlass java/text/DigitList$1
instanceKlass ui/frmwork/aI
instanceKlass jdk/internal/math/FDBigInteger
instanceKlass java/text/DontCareFieldPosition$1
instanceKlass java/text/Format$FieldDelegate
instanceKlass ui/frmwork/xhubcmdi
instanceKlass ui/utils/ao$e
instanceKlass ui/utils/ao
instanceKlass com/sun/org/apache/xpath/internal/axes/NodeSequence$IteratorCache
instanceKlass com/sun/org/apache/xml/internal/dtm/ref/DTMNodeListBase
instanceKlass com/sun/org/apache/xml/internal/dtm/DTMAxisTraverser
instanceKlass com/sun/org/apache/xml/internal/dtm/Axis
instanceKlass com/sun/org/apache/xpath/internal/objects/Comparator
instanceKlass com/sun/org/apache/xml/internal/dtm/ref/dom2dtm/DOM2DTMdefaultNamespaceDeclarationNode
instanceKlass org/xml/sax/helpers/LocatorImpl
instanceKlass org/xml/sax/Locator
instanceKlass com/sun/org/apache/xml/internal/utils/TreeWalker
instanceKlass com/sun/org/apache/xml/internal/utils/SuballocatedIntVector
instanceKlass com/sun/org/apache/xml/internal/dtm/ref/DTMDefaultBase
instanceKlass javax/xml/transform/dom/DOMSource
instanceKlass javax/xml/transform/Source
instanceKlass com/sun/org/apache/xml/internal/dtm/ref/DTMNodeProxy
instanceKlass org/w3c/dom/DocumentFragment
instanceKlass org/w3c/dom/Comment
instanceKlass org/w3c/dom/ProcessingInstruction
instanceKlass com/sun/org/apache/xml/internal/dtm/ref/ExpandedNameTable$HashEntry
instanceKlass com/sun/org/apache/xml/internal/dtm/ref/ExtendedType
instanceKlass com/sun/org/apache/xml/internal/dtm/ref/ExpandedNameTable
instanceKlass org/xml/sax/helpers/DefaultHandler
instanceKlass org/xml/sax/ContentHandler
instanceKlass org/xml/sax/DTDHandler
instanceKlass org/xml/sax/EntityResolver
instanceKlass com/sun/org/apache/xml/internal/dtm/DTM
instanceKlass com/sun/org/apache/xml/internal/utils/XMLStringFactory
instanceKlass com/sun/org/apache/xpath/internal/XPathContext$XPathExpressionContext
instanceKlass com/sun/org/apache/xalan/internal/extensions/ExpressionContext
instanceKlass com/sun/org/apache/xml/internal/utils/NodeVector
instanceKlass com/sun/org/apache/xpath/internal/VariableStack
instanceKlass com/sun/org/apache/xml/internal/utils/IntVector
instanceKlass com/sun/org/apache/xml/internal/dtm/DTMManager
instanceKlass javax/xml/namespace/QName
instanceKlass javax/xml/xpath/XPathConstants
instanceKlass javax/xml/xpath/XPathExpression
instanceKlass com/sun/org/apache/xpath/internal/axes/IteratorPool
instanceKlass com/sun/org/apache/xpath/internal/axes/SubContextList
instanceKlass com/sun/org/apache/xpath/internal/axes/PathComponent
instanceKlass com/sun/org/apache/xml/internal/dtm/DTMIterator
instanceKlass com/sun/org/apache/xpath/internal/axes/WalkerFactory
instanceKlass com/sun/org/apache/xpath/internal/compiler/OpMapVector
instanceKlass com/sun/org/apache/xpath/internal/compiler/Lexer
instanceKlass com/sun/org/apache/xml/internal/utils/ObjectVector
instanceKlass com/sun/org/apache/xpath/internal/compiler/OpMap
instanceKlass com/sun/org/apache/xpath/internal/compiler/XPathParser
instanceKlass com/sun/org/apache/xml/internal/utils/DefaultErrorHandler
instanceKlass javax/xml/transform/ErrorListener
instanceKlass com/sun/org/apache/xpath/internal/Expression
instanceKlass com/sun/org/apache/xpath/internal/XPathVisitable
instanceKlass com/sun/org/apache/xpath/internal/ExpressionNode
instanceKlass javax/xml/transform/SourceLocator
instanceKlass com/sun/org/apache/xpath/internal/compiler/FunctionTable
instanceKlass com/sun/org/apache/xpath/internal/XPath
instanceKlass com/sun/org/apache/xpath/internal/ExpressionOwner
instanceKlass com/sun/org/apache/xpath/internal/jaxp/XPathImplUtil
instanceKlass javax/xml/xpath/XPath
instanceKlass jdk/xml/internal/XMLSecurityManager
instanceKlass jdk/xml/internal/JdkXmlFeatures
instanceKlass javax/xml/xpath/XPathFactoryFinder$2
instanceKlass javax/xml/xpath/XPathFactoryFinder
instanceKlass javax/xml/xpath/XPathFactory
instanceKlass ui/frmwork/aG
instanceKlass ui/frmwork/aE
instanceKlass ui/utils/aa
instanceKlass ui/frmwork/a/i
instanceKlass ui/frmwork/x$a
instanceKlass ui/frmwork/z
instanceKlass ui/frmwork/y
instanceKlass ui/data/msgmgr/messagemanageri
instanceKlass ui/utils/d/c
instanceKlass ui/frmwork/aH
instanceKlass ui/frmwork/c/f
instanceKlass ui/utils/d/c$a
instanceKlass ui/frmwork/c/e
instanceKlass ui/bm
instanceKlass ui/frmwork/str/a
instanceKlass java/util/TimSort
instanceKlass ui/frmwork/aA
instanceKlass org/jdesktop/swingx/action/Targetable
instanceKlass ui/frmwork/h/e
instanceKlass ui/frmwork/b/p
instanceKlass ui/frmwork/b/h
instanceKlass com/jidesoft/swing/TabColorProvider
instanceKlass com/jidesoft/docking/DockableHolder
instanceKlass com/jidesoft/docking/Refocusable
instanceKlass com/jidesoft/docking/b
instanceKlass com/jidesoft/docking/Dockable
instanceKlass com/jidesoft/grid/IndexChangeListener
instanceKlass com/jidesoft/grid/TableAdapter
instanceKlass com/jidesoft/grid/SortListener
instanceKlass ui/utils/i/i/a/h
instanceKlass ui/utils/i/i/a/f
instanceKlass ui/dlg/c/J
instanceKlass java/awt/dnd/Autoscroll
instanceKlass ui/frmwork/str/robot/m
instanceKlass ui/frmwork/driveri
instanceKlass ui/g/an
instanceKlass ui/g/am
instanceKlass ui/dlg/f/Y
instanceKlass ui/dlg/f/X
instanceKlass ui/g/al
instanceKlass ui/g/ak
instanceKlass ui/g/ap
instanceKlass ui/g/ao
instanceKlass ui/project/projecti
instanceKlass ui/utils/p
instanceKlass sun/nio/fs/WindowsFileSystemProvider$1
instanceKlass java/util/Locale$1
instanceKlass sun/nio/cs/ArrayDecoder
instanceKlass sun/nio/cs/DelegatableDecoder
instanceKlass java/nio/charset/Charset$ExtendedProviderHolder$1
instanceKlass java/nio/charset/Charset$ExtendedProviderHolder
instanceKlass ui/utils/n
instanceKlass java/util/concurrent/ForkJoinPool$WorkQueue
instanceKlass ui/resource/utils/HResourceUtils
instanceKlass java/util/concurrent/ForkJoinPool$DefaultCommonPoolForkJoinWorkerThreadFactory
instanceKlass java/util/concurrent/ForkJoinPool$1
instanceKlass java/util/concurrent/ForkJoinPool$DefaultForkJoinWorkerThreadFactory
instanceKlass java/util/concurrent/ForkJoinPool$ForkJoinWorkerThreadFactory
instanceKlass java/util/concurrent/AbstractExecutorService
instanceKlass java/util/concurrent/ExecutorService
instanceKlass java/util/concurrent/Executor
instanceKlass java/awt/TrayIcon
instanceKlass java/awt/MenuComponent
instanceKlass java/awt/EventQueue$4
instanceKlass sun/awt/dnd/SunDragSourceContextPeer
instanceKlass java/awt/dnd/peer/DragSourceContextPeer
instanceKlass java/awt/ModalEventFilter
instanceKlass java/awt/EventDispatchThread$HierarchyEventFilter
instanceKlass java/awt/EventFilter
instanceKlass java/awt/EventDispatchThread$1
instanceKlass java/awt/Conditional
instanceKlass sun/awt/EventQueueItem
instanceKlass javax/swing/Timer$1
instanceKlass java/awt/EventQueue$6
instanceKlass java/awt/event/InvocationEvent$1
instanceKlass sun/awt/AWTAccessor$InvocationEventAccessor
instanceKlass java/awt/ActiveEvent
instanceKlass java/awt/EventQueue$1AWTInvocationLock
instanceKlass ui/frmwork/a/a
instanceKlass sun/font/AttributeValues$1
instanceKlass javax/swing/event/MenuKeyListener
instanceKlass java/awt/event/MouseMotionAdapter
instanceKlass javax/swing/ToolTipManager$stillInsideTimerAction
instanceKlass javax/swing/ToolTipManager$outsideTimerAction
instanceKlass javax/swing/ToolTipManager$insideTimerAction
instanceKlass java/awt/event/MouseAdapter
instanceKlass java/util/Random
instanceKlass java/util/random/RandomGenerator
instanceKlass ui/utils/o
instanceKlass ui/utils/b/a/a
instanceKlass com/sun/org/apache/xerces/internal/dom/CharacterDataImpl$1
instanceKlass org/w3c/dom/Text
instanceKlass org/w3c/dom/CharacterData
instanceKlass org/w3c/dom/Attr
instanceKlass com/sun/org/apache/xerces/internal/dom/NamedNodeMapImpl
instanceKlass org/w3c/dom/NamedNodeMap
instanceKlass com/jidesoft/swing/PersistenceUtils
instanceKlass com/sun/org/apache/xerces/internal/impl/Constants$ArrayEnumeration
instanceKlass com/sun/org/apache/xerces/internal/impl/Constants
instanceKlass com/sun/org/apache/xerces/internal/dom/DeferredDocumentImpl$RefCount
instanceKlass com/sun/org/apache/xerces/internal/dom/NodeListCache
instanceKlass org/w3c/dom/TypeInfo
instanceKlass org/w3c/dom/ElementTraversal
instanceKlass org/w3c/dom/Element
instanceKlass org/w3c/dom/DocumentType
instanceKlass com/sun/org/apache/xerces/internal/dom/NodeImpl
instanceKlass org/w3c/dom/events/EventTarget
instanceKlass org/w3c/dom/NodeList
instanceKlass org/w3c/dom/Document
instanceKlass org/w3c/dom/ranges/DocumentRange
instanceKlass org/w3c/dom/events/DocumentEvent
instanceKlass org/w3c/dom/traversal/DocumentTraversal
instanceKlass com/sun/org/apache/xerces/internal/dom/DeferredNode
instanceKlass com/sun/org/apache/xerces/internal/util/XMLSymbols
instanceKlass com/sun/org/apache/xerces/internal/util/XMLChar
instanceKlass com/sun/xml/internal/stream/Entity
instanceKlass com/sun/xml/internal/stream/util/BufferAllocator
instanceKlass com/sun/xml/internal/stream/util/ThreadLocalBufferAllocator
instanceKlass com/sun/org/apache/xerces/internal/impl/XMLEntityManager$EncodingInfo
instanceKlass sun/net/DefaultProgressMeteringPolicy
instanceKlass sun/net/ProgressMeteringPolicy
instanceKlass sun/net/ProgressMonitor
instanceKlass com/sun/org/apache/xerces/internal/util/URI
instanceKlass com/sun/org/apache/xerces/internal/utils/XMLLimitAnalyzer
instanceKlass com/sun/org/apache/xerces/internal/xni/parser/XMLInputSource
instanceKlass org/xml/sax/InputSource
instanceKlass com/sun/org/apache/xerces/internal/util/ErrorHandlerWrapper
instanceKlass com/sun/org/apache/xerces/internal/xni/parser/XMLErrorHandler
instanceKlass ui/frmwork/az$f
instanceKlass com/sun/org/apache/xerces/internal/util/FeatureState
instanceKlass com/sun/org/apache/xerces/internal/util/PropertyState
instanceKlass com/sun/org/apache/xerces/internal/impl/msg/XMLMessageFormatter
instanceKlass com/sun/org/apache/xerces/internal/util/MessageFormatter
instanceKlass com/sun/org/apache/xerces/internal/impl/XMLVersionDetector
instanceKlass com/sun/org/apache/xerces/internal/impl/validation/ValidationManager
instanceKlass com/sun/org/apache/xerces/internal/impl/dv/dtd/NMTOKENDatatypeValidator
instanceKlass com/sun/org/apache/xerces/internal/impl/dv/dtd/NOTATIONDatatypeValidator
instanceKlass com/sun/org/apache/xerces/internal/impl/dv/dtd/ENTITYDatatypeValidator
instanceKlass com/sun/org/apache/xerces/internal/impl/dv/dtd/ListDatatypeValidator
instanceKlass com/sun/org/apache/xerces/internal/impl/dv/dtd/IDREFDatatypeValidator
instanceKlass com/sun/org/apache/xerces/internal/impl/dv/dtd/IDDatatypeValidator
instanceKlass com/sun/org/apache/xerces/internal/impl/dv/dtd/StringDatatypeValidator
instanceKlass com/sun/org/apache/xerces/internal/impl/dv/DatatypeValidator
instanceKlass com/sun/org/apache/xerces/internal/impl/dv/DTDDVFactory
instanceKlass com/sun/org/apache/xerces/internal/impl/dtd/DTDGrammarBucket
instanceKlass com/sun/org/apache/xerces/internal/impl/dtd/XMLAttributeDecl
instanceKlass com/sun/org/apache/xerces/internal/impl/dtd/XMLSimpleType
instanceKlass com/sun/org/apache/xerces/internal/impl/dtd/XMLElementDecl
instanceKlass com/sun/org/apache/xerces/internal/impl/validation/ValidationState
instanceKlass com/sun/org/apache/xerces/internal/impl/dv/ValidationContext
instanceKlass com/sun/org/apache/xerces/internal/impl/dtd/XMLDTDValidator
instanceKlass com/sun/org/apache/xerces/internal/impl/RevalidationHandler
instanceKlass com/sun/org/apache/xerces/internal/impl/dtd/XMLDTDValidatorFilter
instanceKlass com/sun/org/apache/xerces/internal/xni/parser/XMLDocumentFilter
instanceKlass com/sun/org/apache/xerces/internal/impl/dtd/XMLEntityDecl
instanceKlass com/sun/org/apache/xerces/internal/impl/dtd/XMLDTDProcessor
instanceKlass com/sun/org/apache/xerces/internal/xni/parser/XMLDTDContentModelFilter
instanceKlass com/sun/org/apache/xerces/internal/xni/parser/XMLDTDFilter
instanceKlass com/sun/org/apache/xerces/internal/xni/parser/XMLDTDScanner
instanceKlass com/sun/org/apache/xerces/internal/xni/parser/XMLDTDContentModelSource
instanceKlass com/sun/org/apache/xerces/internal/xni/parser/XMLDTDSource
instanceKlass com/sun/org/apache/xerces/internal/xni/grammars/XMLDTDDescription
instanceKlass com/sun/org/apache/xerces/internal/xni/grammars/XMLGrammarDescription
instanceKlass com/sun/org/apache/xerces/internal/impl/XMLDocumentScannerImpl$TrailingMiscDriver
instanceKlass com/sun/org/apache/xerces/internal/impl/XMLDocumentScannerImpl$PrologDriver
instanceKlass com/sun/org/apache/xerces/internal/impl/XMLDocumentScannerImpl$XMLDeclDriver
instanceKlass com/sun/org/apache/xerces/internal/util/NamespaceSupport
instanceKlass com/sun/org/apache/xerces/internal/xni/NamespaceContext
instanceKlass com/sun/org/apache/xerces/internal/util/XMLAttributesImpl$Attribute
instanceKlass com/sun/org/apache/xerces/internal/util/XMLAttributesImpl
instanceKlass com/sun/org/apache/xerces/internal/xni/XMLAttributes
instanceKlass com/sun/org/apache/xerces/internal/impl/XMLDocumentFragmentScannerImpl$FragmentContentDriver
instanceKlass com/sun/org/apache/xerces/internal/impl/XMLDocumentFragmentScannerImpl$Driver
instanceKlass com/sun/org/apache/xerces/internal/impl/XMLDocumentFragmentScannerImpl$ElementStack2
instanceKlass com/sun/org/apache/xerces/internal/xni/QName
instanceKlass com/sun/org/apache/xerces/internal/impl/XMLDocumentFragmentScannerImpl$ElementStack
instanceKlass com/sun/org/apache/xerces/internal/xni/XMLString
instanceKlass com/sun/org/apache/xerces/internal/impl/XMLScanner
instanceKlass com/sun/xml/internal/stream/XMLBufferListener
instanceKlass com/sun/org/apache/xerces/internal/impl/XMLEntityHandler
instanceKlass com/sun/org/apache/xerces/internal/xni/parser/XMLDocumentScanner
instanceKlass com/sun/org/apache/xerces/internal/xni/parser/XMLDocumentSource
instanceKlass com/sun/org/apache/xerces/internal/impl/XMLErrorReporter
instanceKlass com/sun/org/apache/xerces/internal/impl/XMLEntityScanner
instanceKlass com/sun/org/apache/xerces/internal/xni/XMLLocator
instanceKlass com/sun/xml/internal/stream/XMLEntityStorage
instanceKlass com/sun/org/apache/xerces/internal/util/AugmentationsImpl$AugmentationsItemsContainer
instanceKlass com/sun/org/apache/xerces/internal/util/AugmentationsImpl
instanceKlass com/sun/org/apache/xerces/internal/xni/Augmentations
instanceKlass com/sun/org/apache/xerces/internal/util/XMLResourceIdentifierImpl
instanceKlass com/sun/org/apache/xerces/internal/xni/XMLResourceIdentifier
instanceKlass com/sun/org/apache/xerces/internal/impl/XMLEntityManager
instanceKlass com/sun/org/apache/xerces/internal/xni/parser/XMLEntityResolver
instanceKlass com/sun/org/apache/xerces/internal/xni/parser/XMLComponent
instanceKlass com/sun/org/apache/xerces/internal/util/SymbolTable$Entry
instanceKlass com/sun/org/apache/xerces/internal/util/SymbolTable
instanceKlass jdk/xml/internal/JdkConstants
instanceKlass javax/xml/parsers/SAXParserFactory
instanceKlass jdk/xml/internal/JdkXmlUtils
instanceKlass com/sun/org/apache/xerces/internal/util/ParserConfigurationSettings
instanceKlass com/sun/org/apache/xerces/internal/parsers/XML11Configurable
instanceKlass com/sun/org/apache/xerces/internal/xni/parser/XMLPullParserConfiguration
instanceKlass com/sun/org/apache/xerces/internal/xni/parser/XMLParserConfiguration
instanceKlass com/sun/org/apache/xerces/internal/xni/parser/XMLComponentManager
instanceKlass com/sun/org/apache/xerces/internal/parsers/XMLParser
instanceKlass com/sun/org/apache/xerces/internal/xni/XMLDTDContentModelHandler
instanceKlass com/sun/org/apache/xerces/internal/xni/XMLDTDHandler
instanceKlass com/sun/org/apache/xerces/internal/xni/XMLDocumentHandler
instanceKlass javax/xml/parsers/DocumentBuilder
instanceKlass com/sun/org/apache/xerces/internal/jaxp/JAXPConstants
instanceKlass com/sun/org/apache/xerces/internal/utils/XMLSecurityPropertyManager
instanceKlass com/sun/org/apache/xerces/internal/utils/XMLSecurityManager
instanceKlass javax/xml/parsers/FactoryFinder$1
instanceKlass jdk/xml/internal/SecuritySupport
instanceKlass javax/xml/parsers/FactoryFinder
instanceKlass javax/xml/parsers/DocumentBuilderFactory
instanceKlass ui/data/m/bd$c
instanceKlass ui/data/aP
instanceKlass ui/frmwork/T$b
instanceKlass ui/frmwork/cmd/a
instanceKlass ui/data/nocutils/nocutilsi
instanceKlass java/io/RandomAccessFile$1
instanceKlass com/google/protobuf/PrimitiveNonBoxingCollection
instanceKlass ui/data/p/d/a$u
instanceKlass ui/data/p/d/a$aC
instanceKlass ui/data/p/d/Q
instanceKlass ui/data/p/d/ao
instanceKlass ui/data/p/e/j
instanceKlass ui/data/p/e/i
instanceKlass ui/data/p/b/b/a/b
instanceKlass java/awt/Stroke
instanceKlass ui/data/p/e/b
instanceKlass ui/data/p/d/ap
instanceKlass ui/data/p/d/an
instanceKlass ui/data/p/d/a$q
instanceKlass ui/data/p/d/a$Z
instanceKlass ui/data/p/d/a$ab
instanceKlass ui/data/p/e/e
instanceKlass ui/data/p/d/d
instanceKlass com/google/protobuf/Internal$EnumLiteMap
instanceKlass com/google/protobuf/ProtocolMessageEnum
instanceKlass com/google/protobuf/Internal$EnumLite
instanceKlass com/google/protobuf/WireFormat
instanceKlass com/google/protobuf/UnknownFieldSet$Builder
instanceKlass ui/data/p/d/a
instanceKlass com/google/protobuf/ByteString$2
instanceKlass com/google/protobuf/ByteString$ArraysByteArrayCopier
instanceKlass com/google/protobuf/Android
instanceKlass com/google/protobuf/CodedInputStream
instanceKlass com/google/protobuf/Internal
instanceKlass com/google/protobuf/ByteString$ByteIterator
instanceKlass com/google/protobuf/ByteString$ByteArrayCopier
instanceKlass com/google/protobuf/ByteString
instanceKlass com/google/protobuf/ExtensionRegistry$ExtensionInfo
instanceKlass com/google/protobuf/Descriptors$GenericDescriptor
instanceKlass com/google/protobuf/FieldSet$FieldDescriptorLite
instanceKlass com/google/protobuf/ExtensionRegistryFactory
instanceKlass com/google/protobuf/ExtensionLite
instanceKlass com/google/protobuf/ExtensionRegistryLite
instanceKlass com/google/protobuf/AbstractParser
instanceKlass com/google/protobuf/UnknownFieldSet
instanceKlass com/google/protobuf/Message$Builder
instanceKlass com/google/protobuf/MessageLite$Builder
instanceKlass com/google/protobuf/Parser
instanceKlass com/google/protobuf/Internal$BooleanList
instanceKlass com/google/protobuf/Internal$DoubleList
instanceKlass com/google/protobuf/Internal$IntList
instanceKlass com/google/protobuf/Internal$FloatList
instanceKlass com/google/protobuf/Internal$LongList
instanceKlass com/google/protobuf/Internal$ProtobufList
instanceKlass com/google/protobuf/GeneratedMessageV3$BuilderParent
instanceKlass com/google/protobuf/AbstractMessage$BuilderParent
instanceKlass com/google/protobuf/AbstractMessageLite
instanceKlass com/google/protobuf/Message
instanceKlass com/google/protobuf/MessageLite
instanceKlass ui/data/p/d/a$K
instanceKlass com/google/protobuf/MessageOrBuilder
instanceKlass com/google/protobuf/MessageLiteOrBuilder
instanceKlass java/util/zip/ZipFile$ZipEntryIterator
instanceKlass ui/data/p/e/c
instanceKlass sun/nio/ch/FileChannelImpl$Closer
instanceKlass sun/nio/ch/NativeDispatcher
instanceKlass sun/nio/ch/NativeThreadSet
instanceKlass sun/nio/ch/IOUtil
instanceKlass java/nio/file/attribute/FileAttribute
instanceKlass java/nio/channels/spi/AbstractInterruptibleChannel
instanceKlass java/nio/channels/InterruptibleChannel
instanceKlass java/nio/channels/ScatteringByteChannel
instanceKlass java/nio/channels/GatheringByteChannel
instanceKlass java/nio/channels/SeekableByteChannel
instanceKlass java/nio/channels/ByteChannel
instanceKlass java/nio/channels/WritableByteChannel
instanceKlass sun/nio/fs/WindowsChannelFactory$Flags
instanceKlass sun/nio/fs/WindowsChannelFactory$1
instanceKlass sun/nio/fs/WindowsChannelFactory
instanceKlass ui/frmwork/g/a
instanceKlass ui/data/device/part
instanceKlass ui/data/device/m/a/f
instanceKlass ui/data/common/G
instanceKlass ui/data/aS
instanceKlass ui/data/netlist/a
instanceKlass ui/data/aM
instanceKlass ui/data/common/i
instanceKlass ui/data/aO
instanceKlass ui/views/p/h/c
instanceKlass ui/texteditor/a$a
instanceKlass ui/b/b
instanceKlass ui/texteditor/a
instanceKlass com/jidesoft/editor/selection/SelectionModel
instanceKlass com/jidesoft/editor/PageLoadListener
instanceKlass java/awt/im/InputMethodRequests
instanceKlass com/jidesoft/editor/highlight/Highlighter
instanceKlass com/jidesoft/swing/Overlayable
instanceKlass com/jidesoft/marker/MarkerModel
instanceKlass com/jidesoft/marker/MarkerListener
instanceKlass com/jidesoft/search/FindAndReplaceListener
instanceKlass com/jidesoft/search/FindAndReplaceTarget
instanceKlass com/jidesoft/editor/caret/CaretModel
instanceKlass com/jidesoft/swing/WholeWordsSupport
instanceKlass javax/swing/event/DocumentListener
instanceKlass com/jidesoft/swing/Searchable
instanceKlass java/awt/datatransfer/ClipboardOwner
instanceKlass com/jidesoft/editor/folding/FoldingModel
instanceKlass javax/swing/TransferHandler
instanceKlass java/awt/event/InputMethodListener
instanceKlass com/jidesoft/editor/folding/FoldingSpanListener
instanceKlass java/awt/event/MouseWheelListener
instanceKlass com/jidesoft/dialog/ButtonNames
instanceKlass java/awt/dnd/DropTargetListener
instanceKlass java/awt/event/AdjustmentListener
instanceKlass javax/swing/text/TabExpander
instanceKlass com/jidesoft/margin/Margin
instanceKlass com/jidesoft/margin/RowMarginSupport
instanceKlass com/jidesoft/margin/MarginSupport
instanceKlass com/jidesoft/utils/SystemInfo$JavaVersion
instanceKlass com/jidesoft/utils/SecurityUtils
instanceKlass com/jidesoft/utils/SystemInfo
instanceKlass java/util/Vector$Itr
instanceKlass java/awt/event/KeyEvent$1
instanceKlass sun/awt/AWTAccessor$KeyEventAccessor
instanceKlass jdk/internal/reflect/UnsafeFieldAccessorFactory
instanceKlass java/awt/VKCollection
instanceKlass com/jidesoft/shortcut/ShortcutSchemaManager
instanceKlass com/jidesoft/editor/action/InputHandler$NonRepeatable
instanceKlass com/jidesoft/editor/action/InputHandler$NonRecordable
instanceKlass javax/swing/AbstractAction
instanceKlass com/jidesoft/shortcut/Shortcut
instanceKlass com/jidesoft/shortcut/ShortcutSchema
instanceKlass com/jidesoft/search/FindResultIntepreter
instanceKlass com/jidesoft/editor/caret/CaretListener
instanceKlass com/jidesoft/editor/selection/SelectionListener
instanceKlass com/jidesoft/editor/SyntaxStyleSchema
instanceKlass ui/views/Y/a/ax
instanceKlass javax/swing/event/DocumentEvent
instanceKlass javax/swing/undo/AbstractUndoableEdit
instanceKlass javax/swing/undo/UndoableEdit
instanceKlass javax/swing/event/UndoableEditListener
instanceKlass javax/swing/text/AbstractDocument
instanceKlass javax/swing/text/Document
instanceKlass com/jidesoft/editor/LineBreak
instanceKlass com/jidesoft/editor/SyntaxStyle
instanceKlass com/jidesoft/editor/EffectStyle
instanceKlass com/jidesoft/editor/FontStyle
instanceKlass com/jidesoft/editor/ColorStyle
instanceKlass com/jidesoft/editor/Style
instanceKlass java/awt/event/KeyAdapter
instanceKlass java/awt/event/KeyListener
instanceKlass com/jidesoft/editor/DefaultCodeEditorSettings
instanceKlass ui/views/Y/a/H
instanceKlass com/jidesoft/editor/CodeEditorSettings
instanceKlass javax/swing/event/MouseInputListener
instanceKlass java/awt/event/MouseMotionListener
instanceKlass java/awt/event/ComponentListener
instanceKlass javax/swing/plaf/ComponentUI
instanceKlass java/awt/image/WritableRenderedImage
instanceKlass java/awt/Graphics
instanceKlass java/awt/Adjustable
instanceKlass javax/swing/event/RowSorterListener
instanceKlass javax/swing/event/CellEditorListener
instanceKlass javax/swing/event/ListSelectionListener
instanceKlass javax/swing/event/TableColumnModelListener
instanceKlass javax/swing/event/TableModelListener
instanceKlass javax/swing/event/ListDataListener
instanceKlass javax/swing/event/ChangeListener
instanceKlass de/javasoft/util/IVersion
instanceKlass javax/swing/plaf/synth/SynthStyleFactory
instanceKlass java/awt/Cursor$1
instanceKlass sun/awt/AWTAccessor$CursorAccessor
instanceKlass java/awt/Cursor
instanceKlass java/awt/event/FocusListener
instanceKlass java/awt/event/WindowListener
instanceKlass ui/utils/W
instanceKlass java/awt/image/RenderedImage
instanceKlass javax/swing/Action
instanceKlass javax/swing/event/PopupMenuListener
instanceKlass ui/utils/swing/K$b
instanceKlass ui/frmwork/av
instanceKlass java/awt/event/MouseListener
instanceKlass javax/swing/Scrollable
instanceKlass ui/utils/swing/K
instanceKlass ui/frmwork/az$a
instanceKlass ui/frmwork/az$e
instanceKlass ui/frmwork/az$c
instanceKlass com/jidesoft/plaf/UIDefaultsLookup
instanceKlass java/awt/GradientPaint
instanceKlass ui/utils/b/a/e
instanceKlass java/awt/AlphaComposite
instanceKlass java/awt/Composite
instanceKlass org/jdesktop/swingx/painter/Painter
instanceKlass java/awt/geom/RectangularShape
instanceKlass ui/frmwork/str/f
instanceKlass ui/frmwork/resource/iResourceComponent
instanceKlass ui/f/ca
instanceKlass java/awt/ItemSelectable
instanceKlass javax/swing/MenuElement
instanceKlass java/awt/Shape
instanceKlass java/awt/geom/Point2D
instanceKlass ui/utils/swing/d/b
instanceKlass ui/frmwork/az$d
instanceKlass ui/frmwork/az$l
instanceKlass org/xml/sax/ErrorHandler
instanceKlass org/w3c/dom/Node
instanceKlass ui/frmwork/az
instanceKlass ui/views/cJ
instanceKlass ui/views/cL
instanceKlass javax/swing/Icon
instanceKlass java/util/concurrent/locks/AbstractQueuedSynchronizer$Node
instanceKlass java/util/concurrent/ForkJoinPool$ManagedBlocker
instanceKlass java/time/Duration
instanceKlass java/time/temporal/TemporalAmount
instanceKlass ui/frmwork/cmd/b
instanceKlass java/time/temporal/TemporalUnit
instanceKlass java/util/concurrent/TimeUnit$1
instanceKlass java/lang/StringUTF16$CharsSpliterator
instanceKlass java/util/stream/Sink$ChainedInt
instanceKlass java/util/OptionalInt
instanceKlass java/util/stream/Sink$OfInt
instanceKlass java/util/function/IntConsumer
instanceKlass java/util/function/IntPredicate
instanceKlass java/util/stream/IntStream
instanceKlass java/lang/StringLatin1$CharsSpliterator
instanceKlass sun/util/resources/Bundles$2
instanceKlass sun/util/resources/LocaleData$LocaleDataResourceBundleProvider
instanceKlass java/util/spi/ResourceBundleProvider
instanceKlass java/text/DecimalFormatSymbols
instanceKlass java/text/DigitList
instanceKlass java/text/FieldPosition
instanceKlass ui/utils/j
instanceKlass ui/data/device/devmodeli
instanceKlass ui/data/common/types
instanceKlass ui/frmwork/a/k
instanceKlass javax/swing/TimerQueue$DelayedTimer
instanceKlass java/util/concurrent/Delayed
instanceKlass java/util/concurrent/BlockingQueue
instanceKlass javax/swing/TimerQueue
instanceKlass ui/utils/q/b
instanceKlass javax/swing/Timer$DoPostEvent
instanceKlass java/util/concurrent/atomic/AtomicBoolean
instanceKlass ui/data/common/J
instanceKlass ui/data/common/l
instanceKlass java/io/FilenameFilter
instanceKlass java/util/TimerTask
instanceKlass java/nio/channels/ReadableByteChannel
instanceKlass java/nio/channels/Channel
instanceKlass java/nio/file/FileVisitor
instanceKlass java/io/FileFilter
instanceKlass ui/utils/e/i
instanceKlass ui/frmwork/x11i
instanceKlass ui/bj
instanceKlass ui/data/common/w$a
instanceKlass ui/frmwork/a/c
instanceKlass java/net/SocketAddress
instanceKlass java/text/Format
instanceKlass java/awt/datatransfer/Transferable
instanceKlass javax/tools/JavaFileManager
instanceKlass javax/tools/OptionChecker
instanceKlass ui/utils/A$g
instanceKlass ui/utils/A$h
instanceKlass ui/utils/A$b
instanceKlass ui/utils/A
instanceKlass ui/utils/q/d
instanceKlass javax/swing/Timer
instanceKlass ui/frmwork/x
instanceKlass ui/utils/p/a/a
instanceKlass ui/data/common/parami
instanceKlass ui/frmwork/a/m
instanceKlass ui/frmwork/tcltasksi
instanceKlass ui/data/common/utils
instanceKlass ui/frmwork/E
instanceKlass ui/b$a
instanceKlass ui/b
instanceKlass java/util/Formattable
instanceKlass java/util/Formatter$Flags
instanceKlass java/util/Formatter$FormatSpecifier
instanceKlass java/util/Formatter$FormatString
instanceKlass java/util/Formatter$Conversion
instanceKlass java/util/Formatter
instanceKlass java/lang/ProcessEnvironment$CheckedEntry
instanceKlass java/lang/ProcessEnvironment$CheckedEntrySet$1
instanceKlass java/lang/ProcessEnvironment$EntryComparator
instanceKlass java/lang/ProcessEnvironment$NameComparator
instanceKlass java/util/regex/CharPredicates
instanceKlass java/util/regex/Pattern$BitClass
instanceKlass java/util/regex/Pattern$BmpCharPredicate
instanceKlass com/google/common/base/Function
instanceKlass sun/security/util/ManifestEntryVerifier$SunProviderHolder
instanceKlass ui/utils/n/a
instanceKlass ui/utils/ag
instanceKlass com/jidesoft/utils/Q
instanceKlass sun/util/resources/Bundles$CacheKeyReference
instanceKlass sun/util/resources/Bundles$CacheKey
instanceKlass sun/util/resources/Bundles
instanceKlass sun/util/resources/LocaleData$LocaleDataStrategy
instanceKlass sun/util/resources/Bundles$Strategy
instanceKlass sun/util/resources/LocaleData$1
instanceKlass sun/util/resources/LocaleData
instanceKlass sun/util/locale/provider/LocaleResources
instanceKlass sun/util/locale/provider/CalendarDataUtility$CalendarWeekParameterGetter
instanceKlass sun/util/locale/provider/LocaleServiceProviderPool$LocalizedObjectGetter
instanceKlass sun/util/locale/provider/LocaleServiceProviderPool
instanceKlass java/util/Locale$Builder
instanceKlass sun/util/locale/provider/CalendarDataUtility
instanceKlass java/util/Calendar$Builder
instanceKlass sun/util/locale/provider/AvailableLanguageTags
instanceKlass sun/util/resources/cldr/provider/CLDRLocaleDataMetaInfo
instanceKlass jdk/internal/module/ModulePatcher$PatchedModuleReader
instanceKlass sun/util/locale/InternalLocaleBuilder$CaseInsensitiveChar
instanceKlass sun/util/locale/InternalLocaleBuilder
instanceKlass sun/util/locale/StringTokenIterator
instanceKlass sun/util/locale/ParseStatus
instanceKlass sun/util/locale/LanguageTag
instanceKlass sun/util/cldr/CLDRBaseLocaleDataMetaInfo
instanceKlass sun/util/locale/provider/LocaleDataMetaInfo
instanceKlass sun/util/locale/provider/ResourceBundleBasedAdapter
instanceKlass sun/util/locale/provider/LocaleProviderAdapter$1
instanceKlass java/util/Collections$UnmodifiableCollection$1
instanceKlass sun/util/locale/provider/LocaleProviderAdapter
instanceKlass java/util/spi/LocaleServiceProvider
instanceKlass sun/util/calendar/ZoneInfoFile$ZoneOffsetTransitionRule
instanceKlass sun/util/calendar/ZoneInfoFile$1
instanceKlass sun/util/calendar/ZoneInfoFile
instanceKlass java/util/TimeZone
instanceKlass java/util/Calendar
instanceKlass java/util/logging/Logger$SystemLoggerHelper$1
instanceKlass java/util/logging/Logger$SystemLoggerHelper
instanceKlass java/util/logging/LogManager$4
instanceKlass jdk/internal/logger/BootstrapLogger$BootstrapExecutors
instanceKlass java/io/FilePermission$1
instanceKlass jdk/internal/access/JavaIOFilePermissionAccess
instanceKlass jdk/internal/logger/LoggerFinderLoader
instanceKlass java/lang/invoke/MethodHandle$1
instanceKlass java/util/stream/Streams
instanceKlass java/util/stream/Stream$Builder
instanceKlass java/util/stream/Streams$AbstractStreamBuilderImpl
instanceKlass java/util/stream/Sink$ChainedReference
instanceKlass java/util/stream/FindOps$FindOp
instanceKlass java/util/stream/TerminalOp
instanceKlass java/util/stream/FindOps$FindSink
instanceKlass java/util/stream/TerminalSink
instanceKlass java/util/stream/Sink
instanceKlass java/util/stream/FindOps
instanceKlass java/util/ArrayList$ArrayListSpliterator
instanceKlass java/util/Hashtable$Enumerator
instanceKlass java/util/concurrent/ConcurrentHashMap$MapEntry
instanceKlass java/util/Properties$EntrySet
instanceKlass java/util/Collections$3
instanceKlass java/util/logging/LogManager$LoggerContext$1
instanceKlass java/util/logging/LogManager$VisitedLoggers
instanceKlass java/util/function/Predicate
instanceKlass java/util/logging/LogManager$2
instanceKlass java/util/logging/LogManager$LoggingProviderAccess
instanceKlass java/util/logging/LogManager$LogNode
instanceKlass java/util/logging/LogManager$LoggerContext
instanceKlass java/util/logging/LogManager$1
instanceKlass java/util/logging/LogManager
instanceKlass java/util/logging/Logger$ConfigurationData
instanceKlass java/util/logging/Logger$LoggerBundle
instanceKlass java/util/logging/Level
instanceKlass java/util/logging/Handler
instanceKlass java/util/logging/Logger
instanceKlass com/jidesoft/utils/Lm
instanceKlass com/jidesoft/utils/ProductNames
instanceKlass sun/security/x509/NetscapeCertTypeExtension$MapEntry
instanceKlass sun/security/pkcs/ESSCertId
instanceKlass sun/security/pkcs/SigningCertificateInfo
instanceKlass jdk/internal/reflect/ClassDefiner$1
instanceKlass jdk/internal/reflect/ClassDefiner
instanceKlass jdk/internal/reflect/MethodAccessorGenerator$1
instanceKlass jdk/internal/reflect/Label$PatchInfo
instanceKlass jdk/internal/reflect/Label
instanceKlass jdk/internal/reflect/UTF8
instanceKlass jdk/internal/reflect/ClassFileAssembler
instanceKlass jdk/internal/reflect/ByteVectorImpl
instanceKlass jdk/internal/reflect/ByteVector
instanceKlass jdk/internal/reflect/ByteVectorFactory
instanceKlass jdk/internal/reflect/AccessorGenerator
instanceKlass jdk/internal/reflect/ClassFileConstants
instanceKlass java/util/Base64$Encoder
instanceKlass java/util/Base64$Decoder
instanceKlass java/util/Base64
instanceKlass javax/crypto/SecretKey
instanceKlass sun/security/util/Length
instanceKlass sun/security/util/KeyUtil
instanceKlass java/security/interfaces/XECKey
instanceKlass java/security/interfaces/ECKey
instanceKlass sun/security/util/JarConstraintsParameters
instanceKlass sun/security/util/ConstraintsParameters
instanceKlass java/security/Timestamp
instanceKlass sun/security/timestamp/TimestampToken
instanceKlass java/security/cert/CertPath
instanceKlass java/math/MutableBigInteger
instanceKlass sun/security/rsa/RSAPadding
instanceKlass sun/security/rsa/RSACore
instanceKlass java/security/interfaces/RSAPrivateCrtKey
instanceKlass sun/security/pkcs/PKCS8Key
instanceKlass java/security/interfaces/RSAPrivateKey
instanceKlass java/security/PrivateKey
instanceKlass javax/security/auth/Destroyable
instanceKlass sun/security/jca/ServiceId
instanceKlass java/security/Signature$1
instanceKlass jdk/internal/access/JavaSecuritySignatureAccess
instanceKlass java/security/SignatureSpi
instanceKlass jdk/internal/icu/util/CodePointTrie$Data
instanceKlass jdk/internal/icu/util/CodePointTrie$1
instanceKlass jdk/internal/icu/util/CodePointMap
instanceKlass jdk/internal/icu/util/VersionInfo
instanceKlass jdk/internal/icu/impl/ICUBinary$1
instanceKlass jdk/internal/icu/impl/ICUBinary
instanceKlass jdk/internal/icu/impl/NormalizerImpl$IsAcceptable
instanceKlass jdk/internal/icu/impl/ICUBinary$Authenticate
instanceKlass jdk/internal/icu/impl/NormalizerImpl
instanceKlass jdk/internal/icu/impl/Norm2AllModes$Norm2AllModesSingleton
instanceKlass jdk/internal/icu/impl/Norm2AllModes$NFKCSingleton
instanceKlass jdk/internal/icu/impl/Norm2AllModes
instanceKlass jdk/internal/icu/text/Normalizer2
instanceKlass jdk/internal/icu/text/NormalizerBase$ModeImpl
instanceKlass jdk/internal/icu/text/NormalizerBase$NFKDModeImpl
instanceKlass jdk/internal/icu/text/NormalizerBase$1
instanceKlass jdk/internal/icu/text/NormalizerBase$Mode
instanceKlass jdk/internal/icu/text/NormalizerBase
instanceKlass java/text/Normalizer
instanceKlass sun/security/x509/AVAKeyword
instanceKlass java/util/StringJoiner
instanceKlass sun/security/util/SignatureUtil
instanceKlass java/lang/constant/DynamicConstantDesc
instanceKlass java/lang/constant/DirectMethodHandleDesc$1
instanceKlass java/lang/constant/DirectMethodHandleDescImpl$1
instanceKlass java/lang/constant/DirectMethodHandleDescImpl
instanceKlass java/lang/constant/DirectMethodHandleDesc
instanceKlass java/lang/constant/MethodHandleDesc$1
instanceKlass java/lang/constant/MethodHandleDesc
instanceKlass java/lang/constant/MethodTypeDescImpl
instanceKlass java/lang/constant/MethodTypeDesc
instanceKlass java/lang/constant/ReferenceClassDescImpl
instanceKlass java/lang/constant/ConstantUtils
instanceKlass java/lang/constant/ClassDesc
instanceKlass java/lang/constant/ConstantDescs
instanceKlass java/lang/invoke/VarHandle$2
instanceKlass java/lang/invoke/VarHandle$TypesAndInvokers
instanceKlass java/lang/invoke/VarHandleByteArrayBase
instanceKlass sun/security/provider/ByteArrayAccess$BE
instanceKlass sun/security/provider/ByteArrayAccess
instanceKlass sun/security/util/MessageDigestSpi2
instanceKlass java/security/MessageDigestSpi
instanceKlass sun/awt/AppContext$PostShutdownEventRunnable
instanceKlass java/lang/Byte$ByteCache
instanceKlass sun/security/pkcs/PKCS9Attribute
instanceKlass sun/security/pkcs/PKCS9Attributes
instanceKlass sun/security/util/DisabledAlgorithmConstraints$1
instanceKlass sun/security/util/DisabledAlgorithmConstraints$Constraint
instanceKlass java/security/spec/ECFieldF2m
instanceKlass java/security/spec/ECParameterSpec
instanceKlass java/security/spec/ECPoint
instanceKlass java/security/spec/EllipticCurve
instanceKlass java/security/spec/ECFieldFp
instanceKlass java/security/spec/ECField
instanceKlass sun/security/util/CurveDB
instanceKlass sun/security/util/DisabledAlgorithmConstraints$Constraints
instanceKlass java/util/regex/IntHashSet
instanceKlass java/util/regex/Matcher
instanceKlass java/util/regex/MatchResult
instanceKlass sun/security/util/AbstractAlgorithmConstraints$1
instanceKlass sun/security/util/AlgorithmDecomposer
instanceKlass sun/security/util/DisabledAlgorithmConstraints$JarHolder
instanceKlass java/util/regex/Pattern$TreeInfo
instanceKlass java/util/regex/Pattern$CharPredicate
instanceKlass java/util/regex/ASCII
instanceKlass java/util/regex/Pattern$Node
instanceKlass java/util/regex/Pattern
instanceKlass sun/security/util/AbstractAlgorithmConstraints
instanceKlass java/security/AlgorithmConstraints
instanceKlass sun/security/pkcs/SignerInfo
instanceKlass java/security/cert/PolicyQualifierInfo
instanceKlass sun/security/x509/CertificatePolicyId
instanceKlass sun/security/x509/PolicyInformation
instanceKlass sun/security/x509/DistributionPoint
instanceKlass sun/security/x509/DNSName
instanceKlass sun/security/x509/URIName
instanceKlass sun/security/x509/GeneralName
instanceKlass sun/security/x509/AccessDescription
instanceKlass java/lang/invoke/VarHandle$AccessDescriptor
instanceKlass jdk/internal/logger/DefaultLoggerFinder$1
instanceKlass jdk/internal/event/EventHelper
instanceKlass jdk/internal/event/Event
instanceKlass sun/security/util/MemoryCache$CacheEntry
instanceKlass sun/security/x509/X509AttributeName
instanceKlass sun/security/x509/GeneralNames
instanceKlass sun/security/x509/KeyIdentifier
instanceKlass sun/security/x509/OIDMap$OIDInfo
instanceKlass sun/security/x509/PKIXExtensions
instanceKlass sun/security/x509/OIDMap
instanceKlass sun/security/x509/Extension
instanceKlass java/security/cert/Extension
instanceKlass sun/security/x509/CertificateExtensions
instanceKlass sun/security/rsa/RSAUtil
instanceKlass sun/security/util/IOUtils
instanceKlass java/security/interfaces/RSAPublicKey
instanceKlass java/security/interfaces/RSAKey
instanceKlass java/security/spec/PSSParameterSpec
instanceKlass java/security/spec/AlgorithmParameterSpec
instanceKlass java/security/spec/RSAPrivateKeySpec
instanceKlass java/security/spec/RSAPublicKeySpec
instanceKlass java/security/KeyFactorySpi
instanceKlass sun/security/rsa/SunRsaSignEntries
instanceKlass sun/security/jca/ProviderList$ServiceList$1
instanceKlass java/security/KeyFactory
instanceKlass java/security/spec/EncodedKeySpec$1
instanceKlass jdk/internal/access/JavaSecuritySpecAccess
instanceKlass java/security/spec/EncodedKeySpec
instanceKlass java/security/spec/KeySpec
instanceKlass sun/security/util/BitArray
instanceKlass sun/security/x509/X509Key
instanceKlass java/security/PublicKey
instanceKlass java/security/Key
instanceKlass sun/security/x509/CertificateX509Key
instanceKlass java/util/Date
instanceKlass sun/util/calendar/CalendarUtils
instanceKlass sun/util/calendar/CalendarDate
instanceKlass sun/util/calendar/CalendarSystem$GregorianHolder
instanceKlass sun/util/calendar/CalendarSystem
instanceKlass sun/security/x509/CertificateValidity
instanceKlass sun/security/x509/AVA
instanceKlass sun/security/x509/RDN
instanceKlass javax/security/auth/x500/X500Principal
instanceKlass sun/security/x509/X500Name$1
instanceKlass sun/security/x509/X500Name
instanceKlass sun/security/x509/GeneralNameInterface
instanceKlass sun/security/x509/CertificateAlgorithmId
instanceKlass sun/security/x509/SerialNumber
instanceKlass sun/security/x509/CertificateSerialNumber
instanceKlass sun/security/x509/CertificateVersion
instanceKlass sun/security/x509/X509CertInfo
instanceKlass sun/security/x509/CertAttrSet
instanceKlass sun/security/util/Cache$EqualByteArray
instanceKlass java/security/cert/X509Extension
instanceKlass sun/security/jca/GetInstance$Instance
instanceKlass sun/security/util/Cache
instanceKlass sun/security/jca/GetInstance
instanceKlass java/security/cert/CertificateFactorySpi
instanceKlass java/security/cert/CertificateFactory
instanceKlass sun/security/x509/AlgorithmId
instanceKlass sun/security/util/ByteArrayTagOrder
instanceKlass sun/security/util/ByteArrayLexOrder
instanceKlass sun/security/util/DerEncoder
instanceKlass sun/security/util/DerValue
instanceKlass sun/security/util/ObjectIdentifier
instanceKlass sun/security/pkcs/ContentInfo
instanceKlass sun/security/util/DerInputStream
instanceKlass sun/security/pkcs/PKCS7
instanceKlass sun/security/util/SecurityProviderConstants
instanceKlass java/security/Provider$UString
instanceKlass java/security/Provider$Service
instanceKlass sun/security/provider/NativePRNG$NonBlocking
instanceKlass sun/security/provider/NativePRNG$Blocking
instanceKlass sun/security/provider/NativePRNG
instanceKlass sun/security/provider/SunEntries$1
instanceKlass sun/security/provider/SunEntries
instanceKlass sun/security/jca/ProviderList$2
instanceKlass jdk/internal/math/FloatingDecimal$ASCIIToBinaryBuffer
instanceKlass jdk/internal/math/FloatingDecimal$PreparedASCIIToBinaryBuffer
instanceKlass jdk/internal/math/FloatingDecimal$ASCIIToBinaryConverter
instanceKlass jdk/internal/math/FloatingDecimal$BinaryToASCIIBuffer
instanceKlass jdk/internal/math/FloatingDecimal$ExceptionalBinaryToASCIIBuffer
instanceKlass jdk/internal/math/FloatingDecimal$BinaryToASCIIConverter
instanceKlass jdk/internal/math/FloatingDecimal
instanceKlass java/security/Provider$EngineDescription
instanceKlass java/security/Provider$ServiceKey
instanceKlass sun/security/jca/ProviderConfig
instanceKlass sun/security/jca/ProviderList
instanceKlass sun/security/jca/Providers
instanceKlass sun/security/util/ManifestDigester$Section
instanceKlass sun/security/util/ManifestDigester$Entry
instanceKlass sun/security/util/ManifestDigester$Position
instanceKlass sun/security/util/ManifestDigester
instanceKlass sun/security/util/SignatureFileVerifier
instanceKlass java/util/LinkedHashMap$LinkedHashIterator
instanceKlass sun/net/www/MessageHeader
instanceKlass sun/net/www/protocol/jar/JarFileFactory
instanceKlass sun/net/www/protocol/jar/URLJarFile$URLJarFileCloseController
instanceKlass java/net/URLConnection
instanceKlass ui/frmwork/T
instanceKlass javax/swing/RootPaneContainer
instanceKlass javax/swing/WindowConstants
instanceKlass java/awt/event/ActionListener
instanceKlass ui/utils/q
instanceKlass javax/swing/JComponent$2
instanceKlass javax/swing/JComponent$1
instanceKlass sun/swing/SwingAccessor$JComponentAccessor
instanceKlass java/awt/Container$1
instanceKlass sun/awt/AWTAccessor$ContainerAccessor
instanceKlass java/awt/LightweightDispatcher
instanceKlass java/awt/event/AWTEventListener
instanceKlass java/awt/LayoutManager
instanceKlass javax/swing/UIManager$2
instanceKlass sun/awt/KeyboardFocusManagerPeerImpl
instanceKlass java/awt/peer/KeyboardFocusManagerPeer
instanceKlass javax/swing/KeyStroke$1
instanceKlass sun/swing/SwingAccessor$KeyStrokeAccessor
instanceKlass java/awt/AWTKeyStroke
instanceKlass java/awt/FocusTraversalPolicy
instanceKlass java/awt/DefaultKeyboardFocusManager$2
instanceKlass java/awt/DefaultKeyboardFocusManager$1
instanceKlass sun/awt/AWTAccessor$DefaultKeyboardFocusManagerAccessor
instanceKlass java/awt/KeyboardFocusManager$1
instanceKlass sun/awt/AWTAccessor$KeyboardFocusManagerAccessor
instanceKlass java/awt/KeyboardFocusManager
instanceKlass java/awt/KeyEventPostProcessor
instanceKlass java/awt/KeyEventDispatcher
instanceKlass sun/awt/PaintEventDispatcher
instanceKlass javax/swing/RepaintManager$1
instanceKlass sun/swing/SwingAccessor$RepaintManagerAccessor
instanceKlass javax/swing/RepaintManager$DisplayChangedHandler
instanceKlass javax/swing/RepaintManager
instanceKlass javax/swing/plaf/metal/OceanTheme$6
instanceKlass javax/swing/plaf/metal/OceanTheme$5
instanceKlass javax/swing/plaf/metal/OceanTheme$4
instanceKlass javax/swing/plaf/metal/OceanTheme$3
instanceKlass javax/swing/plaf/metal/OceanTheme$2
instanceKlass javax/swing/plaf/metal/OceanTheme$1
instanceKlass java/util/EventListenerProxy
instanceKlass sun/awt/SunDisplayChanger
instanceKlass sun/java2d/SurfaceManagerFactory
instanceKlass sun/java2d/windows/WindowsFlags$1
instanceKlass sun/java2d/windows/WindowsFlags
instanceKlass java/awt/GraphicsEnvironment$LocalGE
instanceKlass javax/swing/plaf/metal/MetalLookAndFeel$FontActiveValue
instanceKlass java/lang/Character$CharacterCache
instanceKlass javax/swing/UIDefaults$LazyInputMap
instanceKlass java/awt/geom/Dimension2D
instanceKlass javax/swing/plaf/basic/BasicLookAndFeel$2
instanceKlass javax/swing/border/AbstractBorder
instanceKlass javax/swing/border/Border
instanceKlass javax/swing/UIDefaults$ActiveValue
instanceKlass javax/swing/UIDefaults$LazyValue
instanceKlass javax/swing/plaf/metal/DefaultMetalTheme$FontDelegate
instanceKlass javax/swing/plaf/UIResource
instanceKlass javax/swing/plaf/metal/MetalTheme
instanceKlass sun/swing/DefaultLookup
instanceKlass javax/swing/LookAndFeel
instanceKlass javax/swing/UIManager$1
instanceKlass sun/swing/SwingAccessor
instanceKlass sun/swing/SwingAccessor$UIDefaultsAccessor
instanceKlass javax/swing/UIManager$LAFState
instanceKlass javax/swing/SwingUtilities
instanceKlass javax/swing/SwingConstants
instanceKlass sun/swing/SwingUtilities2$LSBCacheEntry
instanceKlass sun/swing/StringUIClientPropertyKey
instanceKlass javax/swing/UIClientPropertyKey
instanceKlass java/awt/font/FontRenderContext
instanceKlass sun/swing/SwingUtilities2
instanceKlass java/util/IdentityHashMap$IdentityHashMapIterator
instanceKlass java/util/Collections$SynchronizedCollection
instanceKlass sun/awt/PostEventQueue
instanceKlass sun/awt/MostRecentKeyValue
instanceKlass java/awt/Queue
instanceKlass java/awt/EventQueue$3
instanceKlass java/awt/EventQueue$2
instanceKlass sun/awt/AWTAccessor$EventQueueAccessor
instanceKlass java/awt/EventQueue$1
instanceKlass java/awt/EventQueue
instanceKlass sun/awt/AppContext$1
instanceKlass sun/awt/AppContext$2
instanceKlass sun/awt/AppContext$3
instanceKlass sun/awt/AppContext$6
instanceKlass jdk/internal/access/JavaAWTAccess
instanceKlass sun/awt/AppContext$GetAppContextLock
instanceKlass sun/awt/AppContext
instanceKlass java/awt/Toolkit$DesktopPropertyChangeSupport$1
instanceKlass java/util/ComparableTimSort
instanceKlass java/util/Arrays$LegacyMergeSort
instanceKlass sun/awt/SunHints$Value
instanceKlass java/awt/RenderingHints$Key
instanceKlass sun/awt/SunHints
instanceKlass java/awt/RenderingHints
instanceKlass sun/awt/windows/WDesktopProperties$WinPlaySound
instanceKlass java/awt/Color
instanceKlass java/awt/Paint
instanceKlass java/util/concurrent/locks/ReentrantReadWriteLock$WriteLock
instanceKlass java/util/concurrent/locks/ReentrantReadWriteLock$ReadLock
instanceKlass java/util/concurrent/locks/ReentrantReadWriteLock
instanceKlass java/util/concurrent/locks/ReadWriteLock
instanceKlass sun/awt/windows/ThemeReader
instanceKlass sun/awt/windows/WDesktopProperties
instanceKlass java/lang/Shutdown$Lock
instanceKlass java/lang/Shutdown
instanceKlass java/lang/ApplicationShutdownHooks$1
instanceKlass java/lang/ApplicationShutdownHooks
instanceKlass sun/awt/AWTAutoShutdown
instanceKlass sun/awt/util/ThreadGroupUtils
instanceKlass sun/java2d/Disposer$1
instanceKlass sun/java2d/Disposer
instanceKlass sun/awt/windows/WToolkit$ToolkitDisposer
instanceKlass sun/java2d/DisposerRecord
instanceKlass sun/awt/util/PerformanceLogger$TimeData
instanceKlass sun/awt/util/PerformanceLogger
instanceKlass sun/awt/SunToolkit$ModalityListenerList
instanceKlass sun/awt/ModalityListener
instanceKlass java/beans/PropertyChangeListener
instanceKlass java/beans/ChangeListenerMap
instanceKlass java/beans/PropertyChangeSupport
instanceKlass sun/util/logging/PlatformLogger$ConfigurableBridge$LoggerConfiguration
instanceKlass jdk/internal/logger/BootstrapLogger$RedirectedLoggers
instanceKlass javax/swing/event/EventListenerList
instanceKlass sun/awt/windows/WDesktopPeer
instanceKlass java/awt/peer/DesktopPeer
instanceKlass java/awt/Component$DummyRequestFocusController
instanceKlass sun/awt/RequestFocusController
instanceKlass java/awt/Component$1
instanceKlass sun/awt/AWTAccessor$ComponentAccessor
instanceKlass java/awt/font/JavaAWTFontAccessImpl
instanceKlass jdk/internal/access/JavaAWTFontAccess
instanceKlass java/text/AttributedCharacterIterator$Attribute
instanceKlass sun/font/AttributeValues
instanceKlass java/awt/geom/AffineTransform
instanceKlass sun/font/FontAccess
instanceKlass java/awt/Font
instanceKlass sun/awt/windows/WObjectPeer
instanceKlass java/awt/dnd/peer/DropTargetPeer
instanceKlass java/awt/peer/ComponentPeer
instanceKlass java/awt/event/InputEvent$1
instanceKlass sun/awt/AWTAccessor$InputEventAccessor
instanceKlass java/awt/event/NativeLibLoader$1
instanceKlass java/awt/event/NativeLibLoader
instanceKlass java/awt/AWTEvent$1
instanceKlass sun/awt/AWTAccessor$AWTEventAccessor
instanceKlass java/util/EventObject
instanceKlass java/awt/Component$AWTTreeLock
instanceKlass sun/awt/DisplayChangedListener
instanceKlass sun/awt/image/SurfaceManager
instanceKlass sun/awt/image/SurfaceManager$ImageAccessor
instanceKlass java/awt/ImageCapabilities
instanceKlass java/awt/Image
instanceKlass sun/java2d/DestSurfaceProvider
instanceKlass sun/java2d/loops/RenderCache$Entry
instanceKlass sun/java2d/loops/RenderCache
instanceKlass sun/java2d/pipe/DrawImage
instanceKlass sun/java2d/pipe/GeneralCompositePipe
instanceKlass sun/java2d/pipe/SpanShapeRenderer
instanceKlass sun/java2d/pipe/AlphaPaintPipe
instanceKlass sun/java2d/pipe/AAShapePipe
instanceKlass sun/java2d/pipe/RegionIterator
instanceKlass sun/java2d/pipe/Region
instanceKlass sun/java2d/pipe/SpanClipRenderer
instanceKlass sun/java2d/pipe/PixelToShapeConverter
instanceKlass sun/java2d/pipe/AlphaColorPipe
instanceKlass sun/java2d/pipe/CompositePipe
instanceKlass sun/font/FontUtilities$1
instanceKlass sun/font/FontUtilities
instanceKlass sun/java2d/pipe/GlyphListPipe
instanceKlass sun/java2d/pipe/OutlineTextRenderer
instanceKlass java/lang/invoke/VarForm
instanceKlass java/lang/invoke/VarHandleGuards
instanceKlass jdk/internal/util/Preconditions$1
instanceKlass java/lang/invoke/VarHandle$1
instanceKlass java/lang/ClassValue$Version
instanceKlass java/lang/ClassValue$Identity
instanceKlass java/lang/ClassValue
instanceKlass java/lang/invoke/VarHandles
instanceKlass java/util/concurrent/ConcurrentLinkedQueue$Node
instanceKlass sun/java2d/ReentrantContextProvider
instanceKlass sun/java2d/marlin/FloatMath
instanceKlass sun/java2d/marlin/MarlinProperties
instanceKlass sun/java2d/marlin/MarlinConst
instanceKlass sun/java2d/pipe/RenderingEngine
instanceKlass sun/java2d/pipe/LoopPipe
instanceKlass sun/java2d/pipe/LoopBasedPipe
instanceKlass sun/java2d/pipe/ParallelogramPipe
instanceKlass sun/java2d/pipe/NullPipe
instanceKlass sun/java2d/pipe/DrawImagePipe
instanceKlass sun/java2d/pipe/TextPipe
instanceKlass sun/java2d/pipe/ShapeDrawPipe
instanceKlass sun/java2d/pipe/PixelFillPipe
instanceKlass sun/java2d/pipe/PixelDrawPipe
instanceKlass sun/java2d/StateTrackableDelegate$2
instanceKlass sun/java2d/StateTrackableDelegate
instanceKlass sun/java2d/cmm/ProfileDeferralInfo
instanceKlass java/awt/color/ICC_Profile$BuiltInProfile
instanceKlass java/awt/color/ICC_Profile
instanceKlass java/awt/color/ColorSpace$BuiltInSpace
instanceKlass java/awt/color/ColorSpace
instanceKlass java/awt/image/ColorModel$1
instanceKlass java/awt/image/ColorModel
instanceKlass sun/awt/image/PixelConverter
instanceKlass sun/java2d/loops/SurfaceType
instanceKlass sun/java2d/SurfaceData
instanceKlass sun/java2d/Surface
instanceKlass sun/java2d/StateTrackable
instanceKlass sun/java2d/DisposerTarget
instanceKlass java/awt/Transparency
instanceKlass sun/awt/windows/WToolkit$1
instanceKlass jdk/internal/logger/LazyLoggers$LazyLoggerAccessor
instanceKlass jdk/internal/logger/LazyLoggers$LoggerAccessor
instanceKlass jdk/internal/logger/AbstractLoggerWrapper
instanceKlass java/util/ServiceLoader$ProviderImpl
instanceKlass java/util/ServiceLoader$Provider
instanceKlass java/util/ServiceLoader$1
instanceKlass sun/util/logging/internal/LoggingProviderImpl$LogManagerAccess
instanceKlass java/util/concurrent/CopyOnWriteArrayList$COWIterator
instanceKlass java/nio/charset/CoderResult
instanceKlass java/nio/charset/CharsetDecoder
instanceKlass java/io/Reader
instanceKlass java/lang/Readable
instanceKlass jdk/internal/loader/URLClassPath$1
instanceKlass java/lang/CompoundEnumeration
instanceKlass jdk/internal/loader/BuiltinClassLoader$1
instanceKlass java/util/Collections$EmptyEnumeration
instanceKlass java/util/Collections$EmptyIterator
instanceKlass jdk/internal/jimage/ImageLocation
instanceKlass jdk/internal/loader/BuiltinClassLoader$2
instanceKlass java/util/ServiceLoader$3
instanceKlass java/util/ServiceLoader$2
instanceKlass java/util/ServiceLoader$LazyClassPathLookupIterator
instanceKlass java/util/Spliterators$1Adapter
instanceKlass java/util/function/Consumer
instanceKlass sun/reflect/annotation/AnnotationParser
instanceKlass java/lang/Class$3
instanceKlass java/lang/PublicMethods$Key
instanceKlass java/lang/PublicMethods$MethodList
instanceKlass java/util/EnumMap$1
instanceKlass java/util/stream/StreamOpFlag$MaskBuilder
instanceKlass java/util/stream/Stream
instanceKlass java/util/stream/BaseStream
instanceKlass java/util/stream/PipelineHelper
instanceKlass java/util/stream/StreamSupport
instanceKlass java/util/Spliterators$ArraySpliterator
instanceKlass java/util/Spliterator$OfDouble
instanceKlass java/util/Spliterator$OfLong
instanceKlass java/util/Spliterator$OfInt
instanceKlass java/util/Spliterator$OfPrimitive
instanceKlass java/util/Spliterator
instanceKlass java/util/Spliterators$EmptySpliterator
instanceKlass java/util/Spliterators
instanceKlass java/util/ServiceLoader$ModuleServicesLookupIterator
instanceKlass java/util/ServiceLoader
instanceKlass java/lang/System$LoggerFinder
instanceKlass jdk/internal/logger/BootstrapLogger$DetectBackend$1
instanceKlass jdk/internal/logger/BootstrapLogger$DetectBackend
instanceKlass jdk/internal/logger/BootstrapLogger
instanceKlass sun/util/logging/PlatformLogger$ConfigurableBridge
instanceKlass sun/util/logging/PlatformLogger$Bridge
instanceKlass java/lang/System$Logger
instanceKlass jdk/internal/logger/LazyLoggers$LazyLoggerFactories
instanceKlass jdk/internal/logger/LazyLoggers$1
instanceKlass jdk/internal/logger/LazyLoggers
instanceKlass sun/util/logging/PlatformLogger
instanceKlass java/util/Collections$SynchronizedMap
instanceKlass sun/awt/WeakIdentityHashMap
instanceKlass java/util/concurrent/locks/AbstractQueuedSynchronizer$ConditionObject
instanceKlass java/util/concurrent/locks/Condition
instanceKlass sun/awt/KeyboardFocusManagerPeerProvider
instanceKlass sun/awt/InputMethodSupport
instanceKlass sun/awt/ComponentFactory
instanceKlass sun/awt/PlatformGraphicsInfo
instanceKlass java/awt/GraphicsEnvironment
instanceKlass java/awt/Insets
instanceKlass java/lang/invoke/LambdaFormEditor$1
instanceKlass java/awt/Toolkit$1
instanceKlass java/awt/Toolkit$2
instanceKlass jdk/internal/jimage/decompressor/Decompressor
instanceKlass jdk/internal/jimage/ImageStringsReader
instanceKlass jdk/internal/jimage/ImageStrings
instanceKlass jdk/internal/jimage/ImageHeader
instanceKlass jdk/internal/jimage/NativeImageBuffer$1
instanceKlass jdk/internal/jimage/NativeImageBuffer
instanceKlass jdk/internal/jimage/BasicImageReader$1
instanceKlass jdk/internal/jimage/BasicImageReader
instanceKlass jdk/internal/jimage/ImageReader
instanceKlass jdk/internal/jimage/ImageReaderFactory$1
instanceKlass java/nio/file/Paths
instanceKlass jdk/internal/jimage/ImageReaderFactory
instanceKlass jdk/internal/module/SystemModuleFinders$SystemImage
instanceKlass jdk/internal/module/SystemModuleFinders$SystemModuleReader
instanceKlass java/lang/module/ModuleReader
instanceKlass jdk/internal/loader/BuiltinClassLoader$5
instanceKlass jdk/internal/module/Checks
instanceKlass jdk/internal/module/Resources
instanceKlass java/io/FileInputStream$1
instanceKlass java/util/Properties$LineReader
instanceKlass java/security/Security$1
instanceKlass java/security/Security
instanceKlass sun/security/util/SecurityProperties
instanceKlass sun/security/util/FilePermCompat
instanceKlass sun/security/util/SecurityConstants
instanceKlass java/util/ResourceBundle$ResourceBundleProviderHelper
instanceKlass java/util/ResourceBundle$3
instanceKlass java/util/LinkedList$Node
instanceKlass java/util/ResourceBundle$CacheKeyReference
instanceKlass java/util/ResourceBundle$CacheKey
instanceKlass java/util/ResourceBundle$Control
instanceKlass java/util/ResourceBundle$1
instanceKlass jdk/internal/access/JavaUtilResourceBundleAccess
instanceKlass java/util/ResourceBundle
instanceKlass java/awt/Toolkit$4
instanceKlass sun/awt/AWTAccessor
instanceKlass java/awt/Toolkit$3
instanceKlass sun/awt/AWTAccessor$ToolkitAccessor
instanceKlass java/awt/Toolkit
instanceKlass sun/awt/OSInfo$1
instanceKlass java/lang/invoke/MethodHandles$1
instanceKlass java/lang/Long$LongCache
instanceKlass sun/awt/OSInfo$WindowsVersion
instanceKlass sun/awt/OSInfo
instanceKlass javax/swing/UIManager$LookAndFeelInfo
instanceKlass javax/swing/UIManager
instanceKlass ui/views/h
instanceKlass ui/utils/p/a/a$a
instanceKlass ui/texteditor/lsp4v/k
instanceKlass ui/data/aN
instanceKlass ui/frmwork/U
instanceKlass ui/data/common/H
instanceKlass ui/frmwork/a/k$a
instanceKlass ui/frmwork/resource/HResource
instanceKlass java/awt/event/WindowFocusListener
instanceKlass java/util/EventListener
instanceKlass ui/PlanAhead$a
instanceKlass javax/swing/TransferHandler$HasGetTransferHandler
instanceKlass javax/accessibility/Accessible
instanceKlass com/jidesoft/action/DockableBarHolder
instanceKlass sun/security/util/ManifestEntryVerifier
instanceKlass ui/g
instanceKlass ui/utils/q$a
instanceKlass ui/aP$a
instanceKlass java/awt/Component
instanceKlass java/awt/MenuContainer
instanceKlass java/awt/image/ImageObserver
instanceKlass ui/PlanAhead
instanceKlass ui/frmwork/a/l
instanceKlass ui/frmwork/a/b
instanceKlass java/security/SecureClassLoader$DebugHolder
instanceKlass java/security/PermissionCollection
instanceKlass java/security/SecureClassLoader$1
instanceKlass java/security/SecureClassLoader$CodeSourceKey
instanceKlass java/util/zip/Checksum$1
instanceKlass java/util/zip/CRC32
instanceKlass java/util/zip/Checksum
instanceKlass sun/nio/ByteBuffered
instanceKlass java/lang/Package$VersionInfo
instanceKlass java/lang/NamedPackage
instanceKlass jdk/internal/loader/Resource
instanceKlass java/util/StringTokenizer
instanceKlass java/security/CodeSigner
instanceKlass sun/security/util/Debug
instanceKlass java/util/jar/JarVerifier
instanceKlass java/util/jar/Attributes$Name
instanceKlass java/util/jar/Attributes
instanceKlass java/util/TreeMap$PrivateEntryIterator
instanceKlass java/util/TreeMap$Entry
instanceKlass java/util/NavigableMap
instanceKlass java/util/SortedMap
instanceKlass java/util/NavigableSet
instanceKlass java/util/SortedSet
instanceKlass java/util/zip/ZipFile$InflaterCleanupAction
instanceKlass java/util/zip/Inflater$InflaterZStreamRef
instanceKlass java/util/zip/Inflater
instanceKlass java/util/zip/ZipEntry
instanceKlass java/lang/StringCoding
instanceKlass jdk/internal/util/jar/JarIndex
instanceKlass java/nio/Bits$1
instanceKlass jdk/internal/misc/VM$BufferPool
instanceKlass java/nio/Bits
instanceKlass sun/nio/ch/DirectBuffer
instanceKlass jdk/internal/perf/PerfCounter$CoreCounters
instanceKlass jdk/internal/perf/Perf
instanceKlass jdk/internal/perf/Perf$GetPerfAction
instanceKlass jdk/internal/perf/PerfCounter
instanceKlass java/nio/file/attribute/FileTime
instanceKlass java/util/zip/ZipUtils
instanceKlass java/util/zip/ZipFile$Source$End
instanceKlass java/io/RandomAccessFile$2
instanceKlass jdk/internal/access/JavaIORandomAccessFileAccess
instanceKlass java/io/RandomAccessFile
instanceKlass java/io/DataInput
instanceKlass java/io/DataOutput
instanceKlass sun/nio/fs/WindowsNativeDispatcher$CompletionStatus
instanceKlass sun/nio/fs/WindowsNativeDispatcher$AclInformation
instanceKlass sun/nio/fs/WindowsNativeDispatcher$Account
instanceKlass sun/nio/fs/WindowsNativeDispatcher$DiskFreeSpace
instanceKlass sun/nio/fs/WindowsNativeDispatcher$VolumeInformation
instanceKlass sun/nio/fs/WindowsNativeDispatcher$FirstStream
instanceKlass sun/nio/fs/WindowsNativeDispatcher$FirstFile
instanceKlass java/util/Enumeration
instanceKlass java/util/concurrent/ConcurrentHashMap$Traverser
instanceKlass java/util/concurrent/ConcurrentHashMap$CollectionView
instanceKlass jdk/internal/loader/NativeLibraries$NativeLibraryImpl
instanceKlass jdk/internal/loader/NativeLibrary
instanceKlass java/util/ArrayDeque$DeqIterator
instanceKlass jdk/internal/loader/NativeLibraries$1
instanceKlass jdk/internal/loader/NativeLibraries$LibraryPaths
instanceKlass sun/nio/fs/WindowsNativeDispatcher
instanceKlass sun/nio/fs/NativeBuffer$Deallocator
instanceKlass sun/nio/fs/NativeBuffer
instanceKlass java/lang/ThreadLocal$ThreadLocalMap
instanceKlass sun/nio/fs/NativeBuffers
instanceKlass sun/nio/fs/WindowsFileAttributes
instanceKlass java/nio/file/attribute/DosFileAttributes
instanceKlass sun/nio/fs/AbstractBasicFileAttributeView
instanceKlass sun/nio/fs/DynamicFileAttributeView
instanceKlass sun/nio/fs/WindowsFileAttributeViews
instanceKlass sun/nio/fs/Util
instanceKlass java/nio/file/attribute/BasicFileAttributeView
instanceKlass java/nio/file/attribute/FileAttributeView
instanceKlass java/nio/file/attribute/AttributeView
instanceKlass java/nio/file/Files
instanceKlass java/nio/file/CopyOption
instanceKlass java/nio/file/attribute/BasicFileAttributes
instanceKlass sun/nio/fs/WindowsPath
instanceKlass java/nio/file/Path
instanceKlass java/nio/file/Watchable
instanceKlass java/net/URI$Parser
instanceKlass sun/nio/fs/WindowsPathParser$Result
instanceKlass sun/nio/fs/WindowsPathParser
instanceKlass java/util/Collections$UnmodifiableCollection
instanceKlass java/util/Arrays$ArrayItr
instanceKlass java/nio/file/FileSystem
instanceKlass java/nio/file/OpenOption
instanceKlass java/nio/file/spi/FileSystemProvider
instanceKlass sun/nio/fs/DefaultFileSystemProvider
instanceKlass java/nio/file/FileSystems$DefaultFileSystemHolder$1
instanceKlass java/nio/file/FileSystems$DefaultFileSystemHolder
instanceKlass java/nio/file/FileSystems
instanceKlass java/util/zip/ZipFile$Source$Key
instanceKlass java/util/zip/ZipFile$Source
instanceKlass java/util/zip/ZipCoder
instanceKlass java/util/zip/ZipFile$CleanableResource
instanceKlass java/lang/Runtime$Version
instanceKlass java/util/jar/JavaUtilJarAccessImpl
instanceKlass jdk/internal/access/JavaUtilJarAccess
instanceKlass jdk/internal/loader/FileURLMapper
instanceKlass jdk/internal/loader/URLClassPath$JarLoader$1
instanceKlass java/util/zip/ZipFile$1
instanceKlass jdk/internal/access/JavaUtilZipFileAccess
instanceKlass java/util/zip/ZipFile
instanceKlass java/util/zip/ZipConstants
instanceKlass jdk/internal/loader/URLClassPath$Loader
instanceKlass jdk/internal/loader/URLClassPath$3
instanceKlass java/security/PrivilegedExceptionAction
instanceKlass sun/util/locale/LocaleObjectCache
instanceKlass sun/util/locale/BaseLocale$Key
instanceKlass sun/util/locale/LocaleUtils
instanceKlass sun/util/locale/BaseLocale
instanceKlass java/util/Locale
instanceKlass sun/net/util/URLUtil
instanceKlass java/lang/invoke/StringConcatFactory$3
instanceKlass java/lang/invoke/StringConcatFactory$2
instanceKlass java/lang/invoke/StringConcatFactory$1
instanceKlass java/lang/invoke/StringConcatFactory
instanceKlass java/util/function/BiFunction
instanceKlass java/lang/WeakPairMap$Pair$Lookup
instanceKlass java/lang/WeakPairMap$Pair
instanceKlass java/lang/WeakPairMap
instanceKlass java/lang/Module$ReflectionData
instanceKlass java/lang/ref/Cleaner$Cleanable
instanceKlass jdk/internal/ref/CleanerImpl
instanceKlass java/lang/ref/Cleaner$1
instanceKlass java/lang/ref/Cleaner
instanceKlass jdk/internal/ref/CleanerFactory$1
instanceKlass java/util/concurrent/ThreadFactory
instanceKlass jdk/internal/ref/CleanerFactory
instanceKlass jdk/internal/org/objectweb/asm/FieldVisitor
instanceKlass java/util/ArrayList$Itr
instanceKlass java/lang/invoke/InvokerBytecodeGenerator$ClassData
instanceKlass jdk/internal/org/objectweb/asm/Frame
instanceKlass java/lang/invoke/LambdaFormBuffer
instanceKlass java/lang/invoke/LambdaFormEditor$TransformKey
instanceKlass java/lang/invoke/LambdaFormEditor
instanceKlass sun/invoke/util/Wrapper$1
instanceKlass java/lang/invoke/DelegatingMethodHandle$Holder
instanceKlass java/lang/invoke/DirectMethodHandle$2
instanceKlass sun/invoke/empty/Empty
instanceKlass sun/invoke/util/VerifyType
instanceKlass java/lang/invoke/ClassSpecializer$Factory
instanceKlass java/lang/invoke/ClassSpecializer$SpeciesData
instanceKlass java/lang/invoke/ClassSpecializer$1
instanceKlass java/lang/invoke/ClassSpecializer
instanceKlass java/lang/invoke/InnerClassLambdaMetafactory$1
instanceKlass java/lang/invoke/MethodHandles$Lookup$ClassDefiner
instanceKlass jdk/internal/org/objectweb/asm/ClassReader
instanceKlass java/lang/invoke/MethodHandles$Lookup$ClassFile
instanceKlass jdk/internal/org/objectweb/asm/AnnotationVisitor
instanceKlass jdk/internal/org/objectweb/asm/Attribute
instanceKlass jdk/internal/org/objectweb/asm/Handler
instanceKlass jdk/internal/org/objectweb/asm/Label
instanceKlass jdk/internal/org/objectweb/asm/MethodVisitor
instanceKlass java/lang/invoke/LambdaProxyClassArchive
instanceKlass jdk/internal/org/objectweb/asm/ByteVector
instanceKlass jdk/internal/org/objectweb/asm/Symbol
instanceKlass jdk/internal/org/objectweb/asm/SymbolTable
instanceKlass jdk/internal/org/objectweb/asm/ClassVisitor
instanceKlass java/lang/invoke/InfoFromMemberName
instanceKlass java/lang/invoke/MethodHandleInfo
instanceKlass jdk/internal/org/objectweb/asm/ConstantDynamic
instanceKlass sun/invoke/util/BytecodeDescriptor
instanceKlass jdk/internal/org/objectweb/asm/Handle
instanceKlass sun/security/action/GetBooleanAction
instanceKlass jdk/internal/org/objectweb/asm/Type
instanceKlass java/lang/invoke/AbstractValidatingLambdaMetafactory
instanceKlass java/lang/invoke/MethodHandleImpl$1
instanceKlass jdk/internal/access/JavaLangInvokeAccess
instanceKlass java/lang/invoke/Invokers$Holder
instanceKlass java/lang/invoke/BootstrapMethodInvoker
instanceKlass java/lang/invoke/InvokerBytecodeGenerator$2
instanceKlass java/lang/invoke/InvokerBytecodeGenerator
instanceKlass java/lang/invoke/LambdaForm$Holder
instanceKlass java/lang/invoke/LambdaForm$Name
instanceKlass java/lang/reflect/Array
instanceKlass java/lang/invoke/Invokers
instanceKlass java/lang/invoke/MethodHandleImpl
instanceKlass sun/invoke/util/ValueConversions
instanceKlass java/lang/invoke/DirectMethodHandle$Holder
instanceKlass java/lang/invoke/LambdaForm$NamedFunction
instanceKlass sun/invoke/util/Wrapper$Format
instanceKlass java/lang/invoke/MethodTypeForm
instanceKlass java/lang/Void
instanceKlass java/lang/invoke/MethodType$ConcurrentWeakInternSet
instanceKlass java/lang/invoke/LambdaMetafactory
instanceKlass java/lang/ModuleLayer$Controller
instanceKlass java/util/concurrent/CopyOnWriteArrayList
instanceKlass jdk/internal/module/ServicesCatalog$ServiceProvider
instanceKlass jdk/internal/loader/AbstractClassLoaderValue$Memoizer
instanceKlass java/util/ImmutableCollections$ListItr
instanceKlass java/util/ListIterator
instanceKlass java/lang/ModuleLayer
instanceKlass jdk/internal/module/ModuleLoaderMap$Modules
instanceKlass jdk/internal/module/ModuleLoaderMap$Mapper
instanceKlass java/util/function/Function
instanceKlass jdk/internal/module/ModuleLoaderMap
instanceKlass java/util/ImmutableCollections$Set12$1
instanceKlass java/util/AbstractMap$1$1
instanceKlass java/lang/module/ResolvedModule
instanceKlass java/lang/module/Configuration
instanceKlass java/util/ImmutableCollections$SetN$SetNIterator
instanceKlass jdk/internal/loader/BuiltinClassLoader$LoadedModule
instanceKlass jdk/internal/loader/AbstractClassLoaderValue
instanceKlass jdk/internal/module/ServicesCatalog
instanceKlass jdk/internal/util/Preconditions
instanceKlass sun/net/util/IPAddressUtil
instanceKlass java/net/URLStreamHandler
instanceKlass java/util/HexFormat
instanceKlass sun/net/www/ParseUtil
instanceKlass java/net/URL$3
instanceKlass jdk/internal/access/JavaNetURLAccess
instanceKlass java/net/URL$DefaultFactory
instanceKlass java/net/URLStreamHandlerFactory
instanceKlass jdk/internal/loader/URLClassPath
instanceKlass java/security/Principal
instanceKlass java/security/ProtectionDomain$Key
instanceKlass java/security/ProtectionDomain$JavaSecurityAccessImpl
instanceKlass jdk/internal/access/JavaSecurityAccess
instanceKlass java/lang/ClassLoader$ParallelLoaders
instanceKlass java/security/cert/Certificate
instanceKlass jdk/internal/loader/ArchivedClassLoaders
instanceKlass java/util/Deque
instanceKlass java/util/Queue
instanceKlass jdk/internal/loader/ClassLoaderHelper
instanceKlass jdk/internal/loader/NativeLibraries
instanceKlass jdk/internal/loader/BootLoader
instanceKlass java/util/Optional
instanceKlass jdk/internal/module/SystemModuleFinders$SystemModuleFinder
instanceKlass java/lang/module/ModuleFinder
instanceKlass jdk/internal/module/SystemModuleFinders$3
instanceKlass jdk/internal/module/ModuleHashes$HashSupplier
instanceKlass jdk/internal/module/SystemModuleFinders$2
instanceKlass java/util/function/Supplier
instanceKlass java/lang/module/ModuleReference
instanceKlass jdk/internal/module/ModuleResolution
instanceKlass java/util/Collections$UnmodifiableMap
instanceKlass jdk/internal/module/ModuleHashes$Builder
instanceKlass jdk/internal/module/ModuleHashes
instanceKlass jdk/internal/module/ModuleTarget
instanceKlass java/lang/Enum
instanceKlass java/lang/module/ModuleDescriptor$Version
instanceKlass java/lang/module/ModuleDescriptor$Provides
instanceKlass java/lang/module/ModuleDescriptor$Opens
instanceKlass java/lang/module/ModuleDescriptor$Exports
instanceKlass java/lang/module/ModuleDescriptor$Requires
instanceKlass jdk/internal/module/Builder
instanceKlass jdk/internal/module/SystemModules$default
instanceKlass jdk/internal/module/SystemModules
instanceKlass jdk/internal/module/SystemModulesMap
instanceKlass java/net/URI$1
instanceKlass jdk/internal/access/JavaNetUriAccess
instanceKlass java/net/URI
instanceKlass jdk/internal/module/SystemModuleFinders
instanceKlass jdk/internal/module/ArchivedModuleGraph
instanceKlass jdk/internal/module/ArchivedBootLayer
instanceKlass jdk/internal/module/ModuleBootstrap$Counters
instanceKlass jdk/internal/module/ModulePatcher
instanceKlass java/io/FileSystem
instanceKlass java/io/DefaultFileSystem
instanceKlass java/io/File
instanceKlass java/lang/module/ModuleDescriptor$1
instanceKlass jdk/internal/access/JavaLangModuleAccess
instanceKlass sun/invoke/util/VerifyAccess
instanceKlass java/lang/module/ModuleDescriptor
instanceKlass jdk/internal/module/ModuleBootstrap
instanceKlass java/lang/invoke/MethodHandleStatics
instanceKlass java/util/Collections
instanceKlass sun/io/Win32ErrorMode
instanceKlass jdk/internal/misc/OSEnvironment
instanceKlass jdk/internal/misc/Signal$NativeHandler
instanceKlass java/util/Hashtable$Entry
instanceKlass jdk/internal/misc/Signal
instanceKlass java/lang/Terminator$1
instanceKlass jdk/internal/misc/Signal$Handler
instanceKlass java/lang/Terminator
instanceKlass java/nio/ByteOrder
instanceKlass java/nio/Buffer$1
instanceKlass jdk/internal/access/JavaNioAccess
instanceKlass jdk/internal/misc/ScopedMemoryAccess
instanceKlass java/nio/charset/CodingErrorAction
instanceKlass sun/nio/cs/SingleByte
instanceKlass java/lang/StringUTF16
instanceKlass sun/nio/cs/MS1252$Holder
instanceKlass sun/nio/cs/ArrayEncoder
instanceKlass java/nio/charset/CharsetEncoder
instanceKlass java/lang/reflect/Modifier
instanceKlass java/lang/Class$1
instanceKlass java/lang/Class$Atomic
instanceKlass java/lang/Class$ReflectionData
instanceKlass jdk/internal/util/ArraysSupport
instanceKlass java/nio/charset/StandardCharsets
instanceKlass sun/nio/cs/HistoricallyNamedCharset
instanceKlass sun/security/action/GetPropertyAction
instanceKlass java/lang/ThreadLocal
instanceKlass java/nio/charset/spi/CharsetProvider
instanceKlass java/nio/charset/Charset
instanceKlass java/io/Writer
instanceKlass java/io/OutputStream
instanceKlass java/io/Flushable
instanceKlass java/io/FileDescriptor$1
instanceKlass jdk/internal/access/JavaIOFileDescriptorAccess
instanceKlass java/io/FileDescriptor
instanceKlass jdk/internal/util/StaticProperty
instanceKlass java/util/HashMap$HashIterator
instanceKlass java/lang/Integer$IntegerCache
instanceKlass java/lang/CharacterData
instanceKlass java/util/Arrays
instanceKlass jdk/internal/misc/VM
instanceKlass java/lang/VersionProps
instanceKlass java/lang/StringConcatHelper
instanceKlass jdk/internal/util/SystemProps$Raw
instanceKlass jdk/internal/util/SystemProps
instanceKlass java/lang/System$2
instanceKlass jdk/internal/access/JavaLangAccess
instanceKlass java/lang/ref/Reference$1
instanceKlass jdk/internal/access/JavaLangRefAccess
instanceKlass java/lang/ref/ReferenceQueue$Lock
instanceKlass java/lang/ref/ReferenceQueue
instanceKlass jdk/internal/reflect/ReflectionFactory
instanceKlass jdk/internal/reflect/ReflectionFactory$GetReflectionFactoryAction
instanceKlass java/security/PrivilegedAction
instanceKlass java/util/concurrent/locks/LockSupport
instanceKlass java/util/concurrent/ConcurrentHashMap$Node
instanceKlass java/util/concurrent/ConcurrentHashMap$CounterCell
instanceKlass java/util/concurrent/locks/ReentrantLock
instanceKlass java/util/concurrent/locks/Lock
instanceKlass java/lang/Runtime
instanceKlass java/util/HashMap$Node
instanceKlass java/util/KeyValueHolder
instanceKlass java/util/Map$Entry
instanceKlass java/util/ImmutableCollections$MapN$MapNIterator
instanceKlass java/lang/Math
instanceKlass jdk/internal/reflect/Reflection
instanceKlass java/lang/invoke/MethodHandles$Lookup
instanceKlass java/lang/StringLatin1
instanceKlass java/security/Permission
instanceKlass java/security/Guard
instanceKlass java/lang/invoke/MemberName$Factory
instanceKlass java/lang/invoke/MethodHandles
instanceKlass jdk/internal/access/SharedSecrets
instanceKlass java/lang/reflect/ReflectAccess
instanceKlass jdk/internal/access/JavaLangReflectAccess
instanceKlass java/util/ImmutableCollections
instanceKlass java/util/Objects
instanceKlass java/util/Set
instanceKlass jdk/internal/misc/CDS
instanceKlass java/lang/Module$ArchivedData
instanceKlass java/lang/String$CaseInsensitiveComparator
instanceKlass java/util/Comparator
instanceKlass java/io/ObjectStreamField
instanceKlass jdk/internal/vm/vector/VectorSupport$VectorPayload
instanceKlass jdk/internal/vm/vector/VectorSupport
instanceKlass java/lang/reflect/RecordComponent
instanceKlass java/util/Iterator
instanceKlass java/lang/Number
instanceKlass java/lang/Character
instanceKlass java/lang/Boolean
instanceKlass java/util/concurrent/locks/AbstractOwnableSynchronizer
instanceKlass java/lang/LiveStackFrame
instanceKlass java/lang/StackFrameInfo
instanceKlass java/lang/StackWalker$StackFrame
instanceKlass java/lang/StackStreamFactory$AbstractStackWalker
instanceKlass java/lang/StackWalker
instanceKlass java/nio/Buffer
instanceKlass java/lang/StackTraceElement
instanceKlass java/util/RandomAccess
instanceKlass java/util/List
instanceKlass java/util/AbstractCollection
instanceKlass java/util/Collection
instanceKlass java/lang/Iterable
instanceKlass java/util/concurrent/ConcurrentMap
instanceKlass java/util/AbstractMap
instanceKlass java/security/CodeSource
instanceKlass jdk/internal/loader/ClassLoaders
instanceKlass java/util/jar/Manifest
instanceKlass java/net/URL
instanceKlass java/io/InputStream
instanceKlass java/io/Closeable
instanceKlass java/lang/AutoCloseable
instanceKlass jdk/internal/module/Modules
instanceKlass jdk/internal/misc/Unsafe
instanceKlass jdk/internal/misc/UnsafeConstants
instanceKlass java/lang/AbstractStringBuilder
instanceKlass java/lang/Appendable
instanceKlass java/lang/AssertionStatusDirectives
instanceKlass java/lang/invoke/MethodHandleNatives$CallSiteContext
instanceKlass jdk/internal/invoke/NativeEntryPoint
instanceKlass java/lang/invoke/CallSite
instanceKlass java/lang/invoke/MethodType
instanceKlass java/lang/invoke/TypeDescriptor$OfMethod
instanceKlass java/lang/invoke/LambdaForm
instanceKlass java/lang/invoke/MethodHandleNatives
instanceKlass java/lang/invoke/ResolvedMethodName
instanceKlass java/lang/invoke/MemberName
instanceKlass java/lang/invoke/VarHandle
instanceKlass java/lang/invoke/MethodHandle
instanceKlass jdk/internal/reflect/CallerSensitive
instanceKlass java/lang/annotation/Annotation
instanceKlass jdk/internal/reflect/FieldAccessor
instanceKlass jdk/internal/reflect/ConstantPool
instanceKlass jdk/internal/reflect/ConstructorAccessor
instanceKlass jdk/internal/reflect/MethodAccessor
instanceKlass jdk/internal/reflect/MagicAccessorImpl
instanceKlass java/lang/reflect/Parameter
instanceKlass java/lang/reflect/Member
instanceKlass java/lang/reflect/AccessibleObject
instanceKlass java/lang/Module
instanceKlass java/util/Map
instanceKlass java/util/Dictionary
instanceKlass java/lang/ThreadGroup
instanceKlass java/lang/Thread$UncaughtExceptionHandler
instanceKlass java/lang/Thread
instanceKlass java/lang/Runnable
instanceKlass java/lang/ref/Reference
instanceKlass java/lang/Record
instanceKlass java/security/AccessController
instanceKlass java/security/AccessControlContext
instanceKlass java/security/ProtectionDomain
instanceKlass java/lang/SecurityManager
instanceKlass java/lang/Throwable
instanceKlass java/lang/System
instanceKlass java/lang/ClassLoader
instanceKlass java/lang/Cloneable
instanceKlass java/lang/Class
instanceKlass java/lang/invoke/TypeDescriptor$OfField
instanceKlass java/lang/invoke/TypeDescriptor
instanceKlass java/lang/reflect/Type
instanceKlass java/lang/reflect/GenericDeclaration
instanceKlass java/lang/reflect/AnnotatedElement
instanceKlass java/lang/String
instanceKlass java/lang/constant/ConstantDesc
instanceKlass java/lang/constant/Constable
instanceKlass java/lang/CharSequence
instanceKlass java/lang/Comparable
instanceKlass java/io/Serializable
ciInstanceKlass java/lang/Object 1 1 92 7 1 10 12 1 1 10 7 12 1 1 1 10 7 12 1 1 1 10 12 1 1 8 1 10 12 1 1 10 7 12 1 1 1 10 12 1 10 12 1 1 100 1 8 1 10 12 1 3 8 1 100 1 5 0 1 1 1 1 1 1 1 1 1 1 1 1 1 1 1 1 100 1 1 1 7 1 1 1 1 1 1 1 100 1 1 1 1 1 1 1
ciMethod java/lang/Object equals (Ljava/lang/Object;)Z 512 0 29706 0 -1
ciMethod java/lang/Object toString ()Ljava/lang/String; 2 0 5255 0 -1
ciMethod java/lang/Object hashCode ()I 512 0 256 0 -1
ciInstanceKlass java/lang/Class 1 1 1611 10 7 12 1 1 1 9 7 12 1 1 1 9 12 1 1 7 1 10 10 12 1 1 8 1 10 12 1 8 1 8 1 10 12 1 1 10 12 1 1 10 12 1 10 10 12 1 10 12 1 1 10 12 1 1 10 7 12 1 1 10 12 1 10 12 1 10 12 1 8 1 10 12 1 8 1 10 12 1 8 1 8 1 10 12 1 1 10 7 12 1 1 1 18 12 1 1 11 7 12 1 1 1 8 1 8 1 8 1 10 7 12 1 1 1 11 12 1 1 7 1 8 1 10 12 1 11 100 12 1 1 1 10 12 1 1 11 8 1 18 8 1 10 12 1 10 7 12 1 1 10 7 12 1 1 1 10 12 1 1 10 7 12 1 1 1 9 100 12 1 1 1 10 100 12 1 1 1 10 7 12 1 1 1 10 12 1 1 18 12 1 1 10 7 12 1 1 1 10 7 12 1 1 10 12 1 1 10 7 1 100 1 10 12 1 1 9 12 1 1 7 1 8 1 10 12 1 10 12 1 1 10 12 1 1 10 7 12 1 1 1 7 1 10 12 1 7 1 7 1 10 10 12 1 1 10 12 1 1 100 1 10 100 12 1 1 1 10 12 1 1 10 12 1 1 9 12 1 1 10 12 1 10 12 1 10 12 1 1 9 12 1 1 9 12 1 1 10 12 1 1 10 100 1 10 12 1 10 12 1 10 12 1 1 10 9 12 1 10 12 1 8 1 10 12 1 1 10 12 1 1 10 12 1 10 12 1 1 10 12 1 1 10 12 1 1 9 7 12 1 1 1 10 7 12 1 1 10 12 10 12 1 10 12 1 1 10 100 12 1 1 10 12 1 10 12 1 1 10 100 12 1 1 1 10 12 1 10 12 1 1 10 12 1 10 12 1 10 12 1 1 10 7 1 10 10 10 12 1 1 10 12 1 1 10 12 10 12 1 1 100 1 8 1 10 10 12 1 1 10 12 1 100 1 11 12 1 10 100 12 1 1 10 12 1 10 12 1 10 100 12 1 1 10 10 12 1 1 8 1 10 12 1 10 12 1 1 8 1 9 12 1 10 12 1 10 12 1 10 12 1 10 12 100 1 9 12 1 10 12 1 9 12 1 10 12 1 10 12 1 10 12 1 10 10 12 1 10 12 1 10 12 1 10 12 1 10 12 1 10 12 1 100 1 10 12 1 10 12 1 1 10 12 1 1 10 12 1 1 10 12 1 1 10 12 1 1 10 12 1 1 7 1 10 10 12 1 1 10 12 1 1 10 12 1 1 10 10 12 1 10 12 1 1 10 12 1 1 10 12 1 1 10 12 1 1 7 1 10 10 12 11 100 12 1 1 10 12 1 1 10 12 1 10 7 12 1 1 1 10 12 1 1 10 10 12 1 1 100 1 10 10 12 1 1 10 100 12 1 1 1 100 1 7 1 10 12 1 1 10 12 1 10 10 12 1 1 10 12 1 10 12 1 10 12 1 10 100 12 1 1 1 11 100 12 1 1 10 12 1 10 12 1 9 12 1 10 12 1 1 10 12 1 9 12 1 1 100 1 10 9 12 1 1 10 12 100 1 10 12 1 9 12 1 10 100 12 1 1 1 10 12 1 10 12 1 10 100 12 1 1 1 10 12 1 10 12 10 12 1 1 100 1 10 8 1 10 12 1 11 11 12 1 1 11 100 12 1 1 11 12 1 8 1 10 12 1 10 12 1 1 9 12 1 9 12 1 1 10 7 12 1 1 9 12 1 10 12 1 1 10 10 12 1 10 7 12 1 1 1 10 100 12 1 1 10 100 12 1 1 9 12 1 1 10 12 1 9 12 1 10 12 1 10 12 1 1 9 12 1 1 9 12 1 10 12 1 10 12 1 1 9 12 1 100 1 10 10 12 1 1 7 1 10 12 1 1 100 11 100 1 9 12 1 1 9 12 1 100 1 10 12 1 9 12 1 1 9 12 1 10 12 1 10 12 1 1 9 12 1 7 1 10 10 12 1 1 10 10 12 1 1 10 12 10 10 12 1 9 12 1 10 12 1 1 10 7 12 1 1 1 10 12 1 1 10 12 1 8 10 7 8 1 18 8 1 8 1 10 12 1 9 12 1 9 12 1 1 10 12 1 7 1 100 1 10 12 1 9 12 1 1 7 1 10 10 12 1 10 7 1 9 12 1 8 1 10 12 1 7 1 10 12 1 10 12 1 1 9 12 1 100 1 8 1 10 7 1 4 10 10 12 11 7 12 1 1 1 10 12 1 100 1 10 12 1 1 10 8 1 8 1 10 12 1 1 9 100 12 1 1 11 12 100 1 11 100 12 1 1 9 12 1 10 100 12 1 1 1 10 100 12 1 1 10 12 1 1 9 12 1 9 10 12 1 1 10 12 1 1 10 12 1 1 10 12 1 1 10 12 1 1 11 12 1 100 1 11 12 1 10 100 12 1 1 1 10 12 1 100 1 11 12 1 10 100 12 1 1 1 10 12 1 10 11 12 1 11 12 1 1 10 12 1 10 12 1 1 9 12 1 1 9 100 12 1 1 10 12 1 10 100 12 1 1 1 10 12 1 1 10 12 1 10 12 1 10 12 1 10 7 12 1 1 1 10 12 1 8 1 10 12 1 10 12 1 10 12 1 10 100 12 1 1 1 11 100 12 1 1 1 10 12 1 1 10 12 1 18 12 1 1 11 12 1 1 18 11 12 1 18 12 1 11 12 1 10 12 1 1 10 12 1 10 12 1 10 12 10 12 1 8 1 10 12 1 7 1 9 12 1 1 100 1 100 1 100 1 100 1 100 1 1 1 3 1 3 1 3 1 1 1 1 1 1 1 5 0 1 1 1 1 1 1 1 1 1 1 1 1 1 1 1 1 1 1 1 1 1 1 1 100 1 1 1 1 1 1 1 100 1 1 1 1 1 1 7 1 1 1 1 1 1 1 1 1 1 1 1 1 1 1 1 1 1 1 1 1 1 1 1 1 1 1 1 1 1 1 1 1 1 1 1 1 1 100 1 1 1 1 1 1 1 1 1 1 1 1 1 1 1 1 1 1 1 1 1 1 1 1 1 1 1 1 100 1 1 1 1 1 1 1 1 1 1 1 1 1 1 1 1 1 1 1 1 1 1 1 1 1 1 1 1 1 1 1 1 1 1 1 1 1 1 1 1 1 1 1 1 1 1 1 1 1 1 1 1 1 100 1 100 1 1 1 1 1 1 1 1 1 1 1 1 1 1 1 1 1 1 1 1 1 1 1 1 1 1 1 1 1 1 1 1 1 1 1 1 1 1 1 1 1 1 1 1 1 1 1 1 1 1 1 1 1 1 1 1 1 1 1 1 1 1 1 100 1 1 1 1 1 1 1 1 1 1 1 1 1 1 1 1 1 1 1 1 1 1 1 1 1 1 1 1 1 1 1 1 1 1 1 1 1 1 1 1 1 1 1 1 1 1 1 1 1 1 1 1 1 1 1 1 1 1 1 1 1 1 1 1 1 1 1 1 15 10 7 12 1 1 1 16 15 10 12 16 15 11 12 16 1 16 15 16 15 10 12 16 16 15 10 12 16 15 16 1 15 10 12 16 1 1 1 1 1 1 1 1 100 1 1 100 1 100 1 1 100 1 100 1 1
staticfield java/lang/Class EMPTY_CLASS_ARRAY [Ljava/lang/Class; 0 [Ljava/lang/Class;
staticfield java/lang/Class serialPersistentFields [Ljava/io/ObjectStreamField; 0 [Ljava/io/ObjectStreamField;
ciInstanceKlass java/io/Serializable 1 0 7 100 1 100 1 1 1
instanceKlass jdk/internal/vm/vector/VectorSupport$VectorShuffle
instanceKlass jdk/internal/vm/vector/VectorSupport$VectorMask
instanceKlass jdk/internal/vm/vector/VectorSupport$Vector
ciInstanceKlass jdk/internal/vm/vector/VectorSupport$VectorPayload 0 0 32 10 100 12 1 1 1 9 100 12 1 1 1 10 100 12 1 1 1 1 1 1 1 1 1 1 1 1 1 1 1 1
ciInstanceKlass jdk/internal/vm/vector/VectorSupport$VectorShuffle 0 0 28 10 100 12 1 1 1 100 1 1 1 1 1 1 1 1 1 1 1 1 1 1 1 100 1 1 1 1
ciInstanceKlass jdk/internal/vm/vector/VectorSupport$VectorMask 0 0 28 10 100 12 1 1 1 100 1 1 1 1 1 1 1 1 1 1 1 1 1 1 1 100 1 1 1 1
ciInstanceKlass jdk/internal/vm/vector/VectorSupport$Vector 0 0 28 10 100 12 1 1 1 100 1 1 1 1 1 1 1 1 1 1 1 1 1 1 1 100 1 1 1 1
ciInstanceKlass jdk/internal/vm/vector/VectorSupport 0 0 487 100 1 10 100 12 1 1 1 9 12 1 1 10 12 1 1 100 1 10 12 1 11 100 12 1 1 1 11 100 12 1 1 1 11 100 12 1 1 11 100 12 1 1 1 11 100 1 100 1 10 12 1 1 11 100 12 1 1 11 100 12 1 1 100 1 11 100 12 1 1 11 100 12 1 1 11 100 12 1 1 1 11 100 12 1 1 1 11 100 12 1 1 1 11 100 12 1 1 1 100 1 10 12 1 1 11 100 12 1 1 100 1 11 100 12 1 1 11 100 12 1 1 11 100 12 1 1 11 100 1 100 1 9 12 1 1 10 100 12 1 1 11 100 12 1 1 10 12 1 1 10 100 12 1 1 1 10 12 1 10 12 1 1 10 12 1 1 1 1 1 3 1 3 1 3 1 3 1 3 1 3 1 3 1 3 1 3 1 3 1 3 1 3 1 3 1 3 1 3 1 3 1 3 1 3 1 3 1 3 1 3 1 3 1 3 1 3 1 3 1 3 1 3 1 3 1 3 1 3 1 3 1 3 1 3 1 3 1 3 1 3 1 3 1 3 1 3 1 1 1 1 1 3 1 1 1 1 1 1 3 1 1 1 1 1 1 1 1 1 1 1 1 1 1 1 1 1 1 1 1 1 1 1 1 1 1 1 1 1 1 1 1 1 1 1 1 1 1 1 1 1 1 1 1 1 1 1 1 1 1 1 1 1 1 1 1 1 1 1 1 1 1 1 1 1 1 1 1 1 1 1 1 1 1 1 1 1 1 1 1 1 1 1 1 1 1 1 1 1 1 1 1 1 1 1 1 1 1 1 1 1 1 1 1 1 1 1 1 1 1 1 1 1 1 1 1 1 1 1 1 1 1 1 1 1 1 1 1 1 1 1 1 1 1 1 1 1 1 1 1 1 1 1 1 1 1 1 1 1 1 1 1 1 1 1 1 1 1 1 1 1 1 1 1 1 1 1 1 1 1 1 1 1 1 1 1 1 1 1 1 1 1 1 1 1 1 1 1 1 1 1 1 1 1 1 1 1 1 1 100 1 100 1 1 1 1 1 1 1 1 1 1 1 1 1 1 1 1 1 1 1 1 1 1 1 1
ciInstanceKlass java/lang/reflect/RecordComponent 0 0 196 10 100 12 1 1 1 9 100 12 1 1 1 9 12 1 1 9 12 1 10 12 1 1 10 12 1 1 10 100 12 1 1 1 10 12 1 1 9 12 1 1 10 12 1 1 10 12 1 1 10 12 1 10 100 12 1 1 10 100 12 1 1 9 12 1 1 10 100 12 1 1 1 11 100 12 1 1 1 10 9 100 12 1 1 1 10 100 12 1 1 1 9 12 1 1 10 100 12 1 1 1 10 12 1 1 11 100 12 1 1 10 100 12 1 1 100 1 9 12 1 9 12 1 1 9 12 1 10 100 12 1 1 1 10 12 1 1 10 12 1 1 100 1 10 10 12 1 10 12 1 1 8 1 10 12 1 10 12 1 9 12 1 100 1 1 1 1 1 1 1 1 1 1 1 1 1 1 1 1 1 1 1 1 1 1 100 1 1 1 1 1 1 100 1 1
ciInstanceKlass java/util/Iterator 1 1 53 100 1 8 1 10 12 1 1 10 100 12 1 1 1 11 100 12 1 1 1 11 12 1 1 11 100 12 1 1 1 100 1 1 1 1 1 1 1 1 1 1 1 1 1 1 1 1 1 1 1 1 1
ciInstanceKlass java/lang/System 1 1 803 10 100 12 1 1 1 9 7 12 1 1 1 10 12 1 10 12 1 1 10 12 1 1 10 12 1 9 12 1 1 10 7 12 1 1 1 11 100 12 1 1 1 10 100 12 1 1 1 10 12 1 1 10 12 1 1 100 1 8 1 10 12 1 10 100 12 1 1 1 10 7 12 1 1 1 18 12 1 1 10 100 12 1 1 1 100 1 10 12 1 1 10 100 12 1 1 1 10 12 1 10 7 12 1 1 1 9 100 12 1 1 1 10 100 12 1 1 1 11 7 12 1 1 1 10 12 1 1 10 7 12 1 1 1 100 1 10 10 12 1 1 8 1 10 12 1 8 1 10 12 1 9 12 1 1 8 1 10 7 12 1 1 1 10 12 1 1 100 1 8 1 10 9 12 1 1 8 1 10 12 1 1 10 100 12 1 1 1 8 1 10 12 1 100 1 10 12 1 8 1 10 12 1 10 12 1 1 100 1 10 12 10 12 1 9 12 1 1 9 12 1 1 10 7 12 1 1 1 10 7 12 1 1 1 10 12 1 1 10 12 1 10 12 1 10 7 12 1 1 1 10 12 1 100 1 100 1 8 1 10 12 1 10 12 1 1 7 1 10 12 1 100 1 8 1 10 10 12 1 100 1 8 1 10 8 1 10 7 12 1 1 8 1 10 12 100 1 8 1 10 10 12 1 1 10 7 12 1 1 1 100 1 18 12 1 100 1 9 100 12 1 1 1 10 12 1 100 1 10 12 1 1 10 12 1 1 10 7 12 1 1 1 10 12 1 1 10 12 1 10 12 1 10 12 1 1 10 12 1 7 1 10 12 1 10 12 1 100 1 10 12 1 10 7 12 1 1 1 100 1 8 1 10 9 12 1 9 12 1 10 12 1 10 100 12 1 1 10 12 1 10 12 1 1 8 1 10 12 1 1 8 1 11 12 1 10 12 11 12 1 1 11 7 12 1 1 1 11 7 12 1 1 11 12 1 1 7 1 11 12 1 10 12 1 8 1 10 12 1 1 8 1 8 1 8 1 8 1 11 12 1 10 12 1 10 12 1 10 12 1 10 7 12 1 1 8 1 7 1 9 7 12 1 1 1 10 12 1 7 1 9 12 10 9 12 7 1 10 12 8 1 10 12 1 1 8 1 10 7 12 1 1 10 12 1 10 7 12 1 1 1 10 12 1 1 10 7 12 1 1 1 10 12 10 7 12 1 1 1 9 12 1 1 100 1 8 1 10 12 1 1 10 7 12 1 1 1 7 1 10 12 1 1 8 1 10 8 1 8 1 8 1 8 1 10 10 7 12 1 1 10 12 1 1 10 12 1 1 10 12 1 1 10 12 1 10 100 12 1 1 1 10 100 1 8 1 10 10 10 12 1 1 10 12 1 1 8 1 10 12 1 8 1 10 12 1 10 12 1 1 7 1 10 10 12 1 10 12 1 9 12 1 1 1 3 1 3 1 1 1 1 1 1 1 1 1 1 1 1 100 1 1 100 1 1 1 1 1 1 1 1 1 1 1 100 1 100 1 1 1 1 1 1 1 1 1 1 1 1 1 1 1 1 1 1 1 1 1 1 1 1 1 1 1 1 1 1 1 1 1 1 1 1 1 1 1 1 1 1 1 1 1 1 1 1 1 1 1 1 1 1 1 1 1 1 100 1 1 1 1 1 1 1 1 1 1 1 1 1 1 1 1 1 1 1 1 1 1 1 1 1 1 1 1 1 1 1 1 1 100 1 1 15 10 100 12 1 1 1 16 15 10 12 1 1 16 15 10 12 16 1 1 1 1 1 1 1 100 1 100 1 1
staticfield java/lang/System in Ljava/io/InputStream; java/io/BufferedInputStream
staticfield java/lang/System out Ljava/io/PrintStream; java/io/PrintStream
staticfield java/lang/System err Ljava/io/PrintStream; ui/be
instanceKlass jdk/internal/reflect/DelegatingClassLoader
instanceKlass java/security/SecureClassLoader
ciInstanceKlass java/lang/ClassLoader 1 1 1098 9 7 12 1 1 1 10 7 12 1 1 1 9 12 1 1 10 7 12 1 1 1 7 1 10 12 1 1 10 12 1 1 9 12 1 1 10 12 1 1 100 1 10 12 1 10 12 1 1 10 7 12 1 1 1 100 1 8 1 10 12 1 10 7 12 1 1 1 10 100 12 1 10 7 1 10 7 1 7 1 7 1 10 12 1 10 12 1 9 12 1 1 10 10 7 12 1 1 1 9 12 1 1 9 12 1 9 12 1 1 9 12 1 9 12 1 1 9 12 1 1 7 1 10 12 1 9 12 1 1 10 12 1 1 10 7 12 1 1 1 9 12 1 9 12 1 1 9 12 1 10 12 1 1 9 12 10 12 1 1 7 1 10 8 1 10 12 1 1 10 12 1 10 7 1 7 1 10 12 1 1 10 7 12 1 1 1 8 1 10 12 1 10 12 1 10 12 1 1 10 12 1 1 10 12 1 1 10 12 1 1 10 12 1 1 10 12 1 100 1 10 12 1 10 100 12 1 1 1 10 12 1 1 10 12 1 10 12 1 10 12 1 10 12 1 10 12 1 1 10 10 12 1 10 12 1 10 100 12 1 1 10 12 1 1 10 12 1 1 10 12 1 100 1 10 12 1 100 1 10 12 1 10 100 12 1 1 1 10 10 12 1 1 10 12 1 1 100 1 8 1 10 8 1 10 12 1 10 12 1 100 1 8 1 10 12 1 1 10 12 1 1 10 10 12 1 1 10 12 1 1 10 12 1 1 10 7 1 10 12 1 1 10 12 1 1 10 12 1 1 10 12 1 1 10 12 1 1 10 12 1 1 10 12 1 10 7 12 1 1 1 10 12 1 10 12 1 10 12 1 1 10 12 1 10 12 1 10 12 1 10 12 1 1 10 12 1 10 12 1 1 8 1 9 12 1 10 12 1 1 8 1 8 1 10 7 12 1 1 100 1 10 10 12 10 12 1 10 12 1 10 12 1 10 12 1 1 10 7 12 1 1 10 12 1 10 7 1 7 1 10 12 1 1 10 12 1 10 7 1 10 12 1 100 1 18 12 1 10 100 12 1 1 1 10 100 12 1 1 1 10 7 12 1 1 10 12 1 1 10 12 1 10 12 1 1 100 1 10 12 1 10 12 1 1 10 7 12 1 1 10 12 1 8 1 100 1 10 10 12 1 9 12 1 10 7 12 1 1 10 12 1 100 1 8 1 10 12 1 10 8 1 8 1 10 12 1 1 10 12 1 1 10 12 1 1 10 100 12 1 1 1 100 1 100 1 10 12 1 1 100 1 100 1 10 100 12 1 1 10 12 1 10 12 1 1 10 12 1 10 12 1 1 10 12 1 1 9 100 12 1 1 1 10 12 1 1 10 12 1 10 12 1 10 12 1 1 10 12 1 8 1 10 12 1 7 1 18 12 1 1 10 12 1 1 10 12 1 10 12 1 10 12 1 8 1 10 12 1 10 12 1 18 12 1 11 100 12 1 1 1 100 1 10 12 1 1 10 12 1 10 11 12 1 1 10 18 10 12 1 1 11 100 12 1 18 12 1 11 12 1 1 10 12 10 12 1 1 10 12 1 1 100 1 8 1 10 10 12 1 8 1 8 1 10 100 12 1 1 10 12 1 100 1 10 10 12 1 8 1 8 1 8 1 10 12 1 10 12 1 1 10 12 1 10 100 12 1 1 1 11 100 12 1 1 100 1 10 11 10 12 1 10 12 1 10 12 1 1 9 100 12 1 1 9 12 1 1 9 12 9 12 1 9 12 1 9 12 1 8 10 12 1 1 10 7 12 1 1 1 10 12 1 1 10 12 1 1 10 12 1 10 10 12 1 11 12 1 1 10 100 12 1 1 1 100 1 10 12 1 10 12 1 10 12 1 1 1 1 1 1 1 1 1 1 1 1 1 1 1 1 1 1 1 1 1 1 1 1 1 1 1 1 100 1 1 1 1 1 1 1 1 1 1 1 1 1 1 1 1 1 1 1 1 1 100 1 1 1 1 1 1 1 1 1 1 100 1 1 1 1 1 1 1 1 1 1 1 1 1 1 1 1 1 1 1 1 1 1 1 1 1 1 1 1 1 1 1 1 1 1 1 1 1 1 1 1 1 100 1 1 1 1 1 1 1 1 1 1 1 1 1 1 1 1 1 1 100 1 1 1 1 1 1 1 1 1 1 1 1 1 1 1 1 1 1 1 1 1 1 1 1 1 1 1 1 1 1 1 1 1 1 1 1 1 1 1 1 1 1 1 1 1 1 1 1 1 1 1 100 1 1 1 1 1 1 1 1 1 1 1 1 1 1 1 1 1 1 1 1 1 1 1 1 1 1 1 1 1 1 1 1 1 1 1 1 1 1 1 1 1 1 1 1 1 1 15 10 100 12 1 1 1 16 1 15 10 12 16 1 16 15 10 12 16 1 16 1 15 10 12 16 15 10 12 16 15 10 12 16 1 1 100 1 100 1 1
staticfield java/lang/ClassLoader nocerts [Ljava/security/cert/Certificate; 0 [Ljava/security/cert/Certificate;
staticfield java/lang/ClassLoader $assertionsDisabled Z 1
ciInstanceKlass jdk/internal/reflect/DelegatingClassLoader 1 1 18 10 7 12 1 1 1 100 1 1 1 1 1 1 1 1 1 1
instanceKlass sun/reflect/misc/MethodUtil
instanceKlass java/net/URLClassLoader
instanceKlass jdk/internal/loader/BuiltinClassLoader
ciInstanceKlass java/security/SecureClassLoader 1 1 102 10 7 12 1 1 1 7 1 10 12 1 9 7 12 1 1 1 10 12 1 10 12 1 10 12 1 1 10 12 1 1 10 12 1 7 1 10 7 1 10 12 1 7 1 10 12 1 11 7 12 1 1 1 7 1 11 12 1 10 12 1 1 1 1 1 1 1 1 1 1 1 1 1 1 1 1 1 1 1 1 1 1 1 1 1 1 1 1 1 1 1 1 1 1 1 1 100 1 1 1 1
instanceKlass jdk/internal/loader/ClassLoaders$BootClassLoader
instanceKlass jdk/internal/loader/ClassLoaders$PlatformClassLoader
instanceKlass jdk/internal/loader/ClassLoaders$AppClassLoader
ciInstanceKlass jdk/internal/loader/BuiltinClassLoader 1 1 737 9 7 12 1 1 1 10 7 12 1 1 1 10 7 12 1 1 1 9 12 1 1 9 12 1 1 7 1 10 12 1 9 12 1 10 12 1 9 12 1 10 7 12 1 1 1 10 7 12 1 1 1 10 7 12 1 1 1 11 7 12 1 1 1 100 1 100 1 10 10 12 1 1 8 1 10 12 1 10 12 7 1 10 12 1 10 12 1 1 11 7 12 1 1 1 11 7 12 1 1 1 11 12 1 1 7 1 8 1 8 1 10 9 12 1 1 10 7 12 1 1 11 12 1 1 10 12 1 1 10 12 1 1 10 12 1 1 10 7 12 1 1 1 10 12 1 10 100 12 1 1 1 10 12 1 1 11 7 12 1 1 1 10 7 12 1 1 7 1 10 7 12 1 1 1 10 12 1 100 1 8 1 10 12 1 1 10 8 1 10 12 1 1 10 12 1 1 10 12 1 1 11 7 12 1 1 11 12 1 7 1 10 11 12 1 1 11 10 12 1 1 7 1 10 12 1 10 7 12 1 10 12 1 7 1 10 12 1 10 7 12 1 1 1 100 1 10 12 1 1 11 12 1 100 1 100 1 10 12 1 10 12 1 1 100 1 100 1 10 12 1 10 12 1 18 12 1 1 10 12 1 10 12 1 1 18 100 1 10 7 12 1 1 1 7 1 10 10 12 1 1 10 12 1 1 10 12 1 1 10 12 1 9 12 1 1 100 1 10 10 12 1 1 10 12 1 1 10 12 1 10 12 10 12 1 1 10 12 1 1 10 12 1 1 10 12 1 10 12 1 1 18 12 1 7 1 10 12 1 1 10 12 1 10 12 1 1 10 12 1 100 1 10 12 1 7 1 10 12 1 10 7 12 1 1 1 10 12 1 11 12 1 7 1 10 12 1 7 1 100 1 10 12 1 10 12 1 11 12 1 1 10 12 1 1 10 12 1 1 10 12 1 1 10 12 1 1 10 12 1 10 12 1 10 12 1 10 12 1 8 1 10 12 1 1 10 7 12 1 1 10 12 1 100 1 8 1 8 1 10 10 12 1 8 1 8 1 10 7 12 1 1 1 11 7 12 1 1 1 9 7 12 1 1 1 10 7 12 1 1 1 9 12 1 9 12 1 9 12 1 9 12 1 9 12 1 9 12 1 10 7 12 1 1 1 8 1 10 12 1 7 1 10 12 1 1 10 12 1 7 1 10 11 12 1 1 10 12 10 12 1 10 12 1 100 1 10 12 1 10 12 1 10 10 12 1 10 7 12 1 1 8 1 10 7 12 1 1 10 12 1 1 1 1 1 1 1 1 1 1 1 1 1 1 1 1 1 1 1 1 1 1 1 1 1 1 1 1 1 1 1 1 1 1 1 1 1 1 1 1 1 1 1 1 1 1 1 1 1 1 1 1 1 1 1 1 100 1 1 1 1 1 1 1 1 1 1 1 1 1 1 1 1 1 1 100 1 100 1 1 1 1 1 1 1 1 1 1 1 1 1 1 1 1 1 1 1 1 1 1 1 1 1 1 1 1 1 1 1 1 1 1 1 1 1 1 1 1 1 1 1 1 1 1 1 1 1 1 1 100 1 1 15 10 100 12 1 1 1 16 15 10 12 16 15 10 12 16 15 10 12 16 1 1 1 100 1 1 1 1 1 100 1 100 1 1
staticfield jdk/internal/loader/BuiltinClassLoader packageToModule Ljava/util/Map; java/util/concurrent/ConcurrentHashMap
staticfield jdk/internal/loader/BuiltinClassLoader $assertionsDisabled Z 1
ciInstanceKlass java/security/AccessController 1 1 295 10 100 12 1 1 1 10 7 12 1 1 1 10 7 12 1 1 1 10 12 1 1 10 12 1 1 10 7 12 1 1 1 10 12 1 1 10 12 1 10 12 1 1 10 12 1 100 1 8 1 10 12 1 10 12 1 10 12 1 1 10 12 1 7 1 7 1 10 12 1 1 10 12 1 10 12 1 10 12 1 1 10 7 12 1 1 1 10 12 1 1 9 100 12 1 1 1 10 100 12 1 1 1 10 12 1 10 12 1 9 100 12 1 1 1 10 12 1 10 12 1 1 9 12 1 1 10 100 1 10 11 7 12 1 1 1 10 7 12 1 1 11 7 1 7 1 10 12 1 10 12 1 10 12 1 8 1 10 12 1 1 8 1 10 100 12 1 1 1 8 1 100 1 10 10 12 1 1 10 12 1 10 7 12 1 1 1 10 12 1 8 1 10 100 12 1 1 8 1 8 1 10 12 1 8 1 10 12 1 10 12 1 1 10 12 1 1 1 1 1 1 1 1 1 1 1 1 1 1 1 1 1 1 1 1 1 1 1 1 1 1 1 1 100 1 1 1 1 1 1 1 1 1 1 1 1 1 1 1 1 1 1 1 1 1 1 1 1 1 1 1 1 1 1 1 1 1 1 100 1 100 1 1 1 1 1 1 1 1 1 3 1 1 1
staticfield java/security/AccessController $assertionsDisabled Z 1
instanceKlass jdk/internal/reflect/GeneratedConstructorAccessor12
instanceKlass jdk/internal/reflect/GeneratedConstructorAccessor11
instanceKlass jdk/internal/reflect/GeneratedConstructorAccessor10
instanceKlass jdk/internal/reflect/GeneratedConstructorAccessor9
instanceKlass jdk/internal/reflect/GeneratedConstructorAccessor8
instanceKlass jdk/internal/reflect/GeneratedConstructorAccessor7
instanceKlass jdk/internal/reflect/GeneratedConstructorAccessor6
instanceKlass jdk/internal/reflect/GeneratedConstructorAccessor5
instanceKlass jdk/internal/reflect/GeneratedConstructorAccessor4
instanceKlass jdk/internal/reflect/GeneratedConstructorAccessor3
instanceKlass jdk/internal/reflect/GeneratedConstructorAccessor2
instanceKlass jdk/internal/reflect/BootstrapConstructorAccessorImpl
instanceKlass jdk/internal/reflect/GeneratedConstructorAccessor1
instanceKlass jdk/internal/reflect/DelegatingConstructorAccessorImpl
instanceKlass jdk/internal/reflect/NativeConstructorAccessorImpl
ciInstanceKlass jdk/internal/reflect/ConstructorAccessorImpl 1 1 27 10 7 12 1 1 1 100 1 100 1 1 1 1 1 1 1 1 1 100 1 100 1 100 1 1 1
instanceKlass jdk/internal/reflect/FieldAccessorImpl
instanceKlass jdk/internal/reflect/ConstructorAccessorImpl
instanceKlass jdk/internal/reflect/MethodAccessorImpl
ciInstanceKlass jdk/internal/reflect/MagicAccessorImpl 1 1 16 10 7 12 1 1 1 100 1 1 1 1 1 1 1 1
instanceKlass jdk/internal/reflect/GeneratedMethodAccessor14
instanceKlass jdk/internal/reflect/GeneratedMethodAccessor13
instanceKlass jdk/internal/reflect/GeneratedMethodAccessor12
instanceKlass jdk/internal/reflect/GeneratedMethodAccessor11
instanceKlass jdk/internal/reflect/GeneratedMethodAccessor10
instanceKlass jdk/internal/reflect/GeneratedMethodAccessor9
instanceKlass jdk/internal/reflect/GeneratedMethodAccessor8
instanceKlass jdk/internal/reflect/GeneratedMethodAccessor7
instanceKlass jdk/internal/reflect/GeneratedMethodAccessor6
instanceKlass jdk/internal/reflect/GeneratedMethodAccessor5
instanceKlass jdk/internal/reflect/GeneratedMethodAccessor4
instanceKlass jdk/internal/reflect/GeneratedMethodAccessor3
instanceKlass jdk/internal/reflect/GeneratedMethodAccessor2
instanceKlass jdk/internal/reflect/GeneratedMethodAccessor1
instanceKlass jdk/internal/reflect/DelegatingMethodAccessorImpl
instanceKlass jdk/internal/reflect/NativeMethodAccessorImpl
ciInstanceKlass jdk/internal/reflect/MethodAccessorImpl 1 1 25 10 7 12 1 1 1 100 1 100 1 1 1 1 1 1 1 1 1 100 1 100 1 1 1
ciInstanceKlass java/lang/Module 1 1 959 10 7 12 1 1 1 9 7 12 1 1 1 10 7 12 1 1 1 9 12 1 9 12 1 1 9 12 1 1 10 12 1 1 10 12 1 10 12 1 1 10 7 12 1 1 1 7 1 10 7 12 1 1 1 10 12 1 1 11 7 12 1 1 1 10 12 1 1 10 7 12 1 1 1 10 12 1 1 10 7 12 1 1 1 9 100 12 1 1 1 10 100 12 1 1 1 10 12 1 8 1 10 7 12 1 1 1 10 7 12 1 1 1 9 12 1 1 9 12 1 1 10 12 1 9 12 1 1 11 12 1 9 7 12 1 1 10 7 12 1 1 1 10 7 12 1 1 1 10 12 1 1 100 1 7 1 10 10 12 1 1 8 1 10 12 1 10 12 10 12 1 10 12 1 1 10 12 1 1 10 12 1 1 9 7 12 1 1 1 10 12 1 1 10 12 1 1 9 12 1 10 12 1 10 12 1 9 12 1 1 11 7 12 1 1 10 12 1 1 9 12 1 9 12 1 10 12 1 10 12 1 100 1 8 1 10 10 12 1 1 10 12 1 8 1 10 12 1 1 8 1 8 1 10 12 1 1 10 12 1 10 12 1 1 18 12 1 1 10 12 1 1 11 12 1 9 12 1 11 12 10 100 12 1 1 100 1 8 1 10 7 1 11 12 1 1 10 12 1 10 12 1 10 12 1 1 11 12 1 1 11 7 12 1 1 11 12 1 1 9 12 1 11 12 1 10 12 1 1 10 12 1 1 9 12 1 10 12 10 7 12 1 1 10 7 12 1 1 10 7 1 18 12 1 1 11 100 12 1 1 1 18 12 1 11 12 1 1 10 100 12 1 1 1 11 12 1 1 10 7 12 1 1 4 7 1 11 12 1 7 1 7 1 10 10 7 12 1 1 1 10 11 7 12 1 8 1 10 10 12 1 1 10 7 12 1 1 10 12 1 10 12 1 7 1 10 12 1 10 11 12 1 1 10 12 10 12 1 1 9 12 1 100 1 10 10 12 1 1 11 100 1 10 12 1 1 11 12 1 10 10 12 1 11 10 12 1 1 10 12 1 1 10 12 1 1 10 7 12 1 1 10 12 1 10 12 1 1 10 10 12 1 1 10 12 1 18 12 1 11 12 1 18 12 1 10 12 1 10 12 1 10 12 7 1 10 12 1 10 12 1 10 12 1 9 12 1 7 1 10 10 10 10 12 1 10 12 1 10 12 1 10 12 1 1 10 12 1 1 10 12 1 9 12 1 18 12 1 1 10 100 12 1 1 1 100 1 8 1 10 12 1 1 10 12 1 1 10 100 12 1 1 100 1 10 12 1 1 100 1 8 1 100 1 10 100 1 100 1 3 10 12 1 100 1 10 12 1 10 12 1 1 10 12 1 1 100 1 10 12 1 10 12 1 1 100 1 100 1 10 12 8 1 10 12 1 1 10 12 1 1 10 7 12 1 1 10 12 1 1 10 12 1 10 12 10 12 1 1 100 1 10 10 12 1 1 10 100 12 1 1 1 100 1 8 1 10 12 1 1 10 100 12 1 1 8 1 10 12 1 8 1 10 12 1 10 12 10 12 1 8 1 10 10 100 12 1 1 7 1 10 10 12 1 10 7 12 1 1 9 12 1 9 12 1 9 12 1 9 12 1 10 12 11 12 1 10 12 1 100 1 1 1 1 1 1 1 1 1 1 1 1 1 1 1 1 100 1 1 1 1 1 1 1 1 1 1 1 1 1 1 1 1 1 1 1 1 1 1 1 1 1 1 1 1 1 1 1 1 1 1 1 1 1 1 1 1 1 1 1 1 1 1 1 1 1 1 1 1 1 1 1 1 1 1 1 1 1 1 1 1 1 1 1 1 1 1 1 1 1 1 1 1 1 1 1 1 1 1 1 100 100 1 1 1 1 1 1 1 1 1 1 1 1 1 1 1 1 1 1 1 1 1 1 1 1 1 1 1 1 1 1 1 1 1 1 100 1 100 1 100 1 1 1 1 1 1 1 1 1 1 1 1 1 1 1 1 1 1 1 1 1 1 1 1 1 1 1 1 15 10 7 12 1 1 1 16 15 10 12 16 16 15 10 12 16 16 15 10 16 1 15 10 12 16 1 15 10 12 16 1 16 15 10 12 16 1 1 1 1 1 1 1 100 1 100 1 1
staticfield java/lang/Module ALL_UNNAMED_MODULE Ljava/lang/Module; java/lang/Module
staticfield java/lang/Module ALL_UNNAMED_MODULE_SET Ljava/util/Set; java/util/ImmutableCollections$Set12
staticfield java/lang/Module EVERYONE_MODULE Ljava/lang/Module; java/lang/Module
staticfield java/lang/Module EVERYONE_SET Ljava/util/Set; java/util/ImmutableCollections$Set12
staticfield java/lang/Module $assertionsDisabled Z 1
instanceKlass com/jidesoft/action/h
instanceKlass sun/swing/BakedArrayList
instanceKlass ui/utils/swing/d/c
ciInstanceKlass java/util/ArrayList 1 1 492 10 7 12 1 1 1 7 1 9 7 12 1 1 1 9 12 1 100 1 100 1 10 8 1 10 12 1 1 10 12 1 10 12 1 1 10 12 1 9 12 1 11 7 12 1 1 1 9 12 1 1 10 12 1 1 7 10 7 12 1 1 1 9 12 1 10 12 1 10 12 1 1 10 7 12 1 1 1 10 7 12 1 1 1 10 12 1 1 10 12 1 1 10 12 1 1 10 12 1 10 12 1 1 100 1 100 1 10 12 1 10 7 12 1 1 1 10 7 12 1 1 10 12 1 10 12 10 12 1 1 10 12 1 1 10 12 1 1 100 1 10 12 1 1 10 12 1 1 10 12 1 100 1 10 11 12 1 1 11 100 12 1 1 1 11 12 1 10 12 1 10 12 1 10 12 1 1 100 1 10 12 1 1 10 10 12 1 1 10 12 1 8 1 8 1 8 1 8 1 10 12 1 1 10 12 1 1 11 12 1 100 1 10 100 12 1 1 10 12 1 10 12 1 1 10 100 12 1 1 10 12 1 10 100 12 1 1 1 11 100 12 1 1 1 10 12 1 100 1 8 1 10 7 1 10 12 1 7 1 10 12 1 10 12 1 1 7 1 10 12 1 10 12 1 1 11 100 12 1 1 7 1 10 12 1 10 12 1 1 11 100 12 1 1 10 12 1 1 10 12 1 1 10 12 1 1 10 12 1 1 11 100 12 1 1 10 12 1 1 100 1 100 1 100 1 1 1 1 5 0 1 3 1 1 1 1 1 1 1 1 1 1 1 1 1 1 1 1 1 1 1 1 1 1 1 1 1 1 1 1 1 1 1 1 1 1 1 1 1 1 1 1 1 1 1 1 1 1 1 1 1 1 1 1 1 1 1 1 1 1 1 1 1 1 1 1 1 1 1 1 1 1 1 1 1 1 1 1 1 1 1 1 1 1 1 1 1 1 1 1 1 1 1 1 1 1 1 1 100 1 1 1 1 100 1 1 1 1 1 1 1 1 1 1 1 1 1 1 1 1 1 1 1 1 1 1 1 1 1 1 1 1 1 100 1 1 1 1 1 1 1 1 1 1 1 1 1 1 1 1 1 1 100 1 100 1 1 1 1 1 1
staticfield java/util/ArrayList EMPTY_ELEMENTDATA [Ljava/lang/Object; 0 [Ljava/lang/Object;
staticfield java/util/ArrayList DEFAULTCAPACITY_EMPTY_ELEMENTDATA [Ljava/lang/Object; 0 [Ljava/lang/Object;
ciInstanceKlass java/util/concurrent/ConcurrentHashMap 1 1 1210 7 1 7 1 3 10 12 1 1 3 100 1 10 7 12 1 1 1 100 1 10 100 12 1 1 1 100 1 11 12 1 1 11 12 1 11 12 1 1 9 12 1 1 9 12 1 1 9 12 1 10 7 12 1 1 1 7 1 10 12 1 1 10 12 1 1 10 7 12 1 1 1 4 10 12 1 9 12 1 10 12 1 1 100 1 10 5 0 10 12 1 10 12 1 1 5 0 10 12 1 1 10 12 1 9 12 1 1 10 12 1 1 9 12 1 9 12 1 1 10 12 1 1 9 12 1 10 12 1 1 9 12 1 1 10 12 1 1 100 1 10 100 1 10 12 1 10 12 1 1 10 12 1 1 10 12 1 1 10 12 1 10 12 1 1 10 12 1 1 100 1 10 12 1 1 7 1 100 1 8 1 10 12 1 10 12 1 1 10 12 1 1 11 7 12 1 1 10 12 1 1 11 12 1 1 11 7 12 1 1 1 11 7 12 1 1 1 11 12 1 7 1 11 12 1 11 12 1 10 12 1 1 10 12 1 1 9 12 1 1 10 100 12 1 1 1 9 10 12 1 1 9 12 1 10 12 1 1 5 0 9 12 1 1 7 1 10 12 1 9 12 1 1 7 1 10 12 1 9 12 1 7 1 10 100 1 10 10 12 1 1 8 1 10 12 1 10 12 1 1 11 100 1 10 12 1 10 100 12 1 1 1 8 1 10 100 12 1 1 1 8 1 10 12 1 8 1 10 12 1 10 12 1 1 10 100 12 1 1 10 12 1 10 12 1 10 12 1 9 12 1 9 10 12 1 9 12 1 1 11 100 12 1 1 1 11 100 12 1 1 1 100 1 10 12 11 100 12 1 1 10 11 7 12 1 10 12 1 100 1 10 12 1 100 1 10 10 9 100 12 1 1 1 10 12 3 10 100 12 1 1 9 12 1 10 12 1 1 9 12 1 1 9 12 1 10 12 1 1 10 100 12 1 1 9 12 1 9 7 12 1 1 10 12 1 1 10 12 1 3 9 12 1 9 12 1 10 12 1 1 7 1 9 3 9 12 1 100 1 10 12 1 9 12 1 10 12 1 9 12 1 10 12 1 9 12 1 10 100 12 1 1 1 100 10 12 1 100 1 5 0 10 100 12 1 1 100 1 10 12 1 1 10 12 1 10 12 1 100 1 10 12 1 10 100 1 100 1 10 10 12 1 10 100 1 10 12 1 10 100 1 10 12 1 10 100 1 10 12 1 1 100 1 10 12 1 10 10 12 1 100 1 10 12 1 10 10 12 1 100 1 10 12 1 10 100 1 10 12 1 10 100 1 10 12 1 10 100 1 10 12 1 10 100 1 10 12 1 10 100 1 10 12 1 10 100 1 10 12 1 10 100 1 10 12 1 10 100 1 10 10 100 1 10 10 100 1 10 10 100 1 10 12 1 10 100 1 10 12 1 10 100 1 10 12 1 10 100 1 10 12 1 10 100 1 10 12 1 10 100 1 10 10 100 1 10 10 100 1 10 10 100 1 10 12 1 10 100 1 10 12 1 10 100 1 10 12 1 10 100 1 10 12 1 10 100 1 10 12 1 10 10 12 1 10 7 12 1 1 1 10 12 1 7 1 7 1 10 12 1 9 12 1 1 9 12 1 1 10 12 1 1 8 10 12 1 1 8 8 8 8 7 10 12 1 1 10 12 1 100 1 8 1 10 7 1 100 1 100 1 1 1 5 0 1 1 3 1 3 1 1 1 1 3 1 3 1 3 1 1 1 1 1 3 1 3 1 3 1 1 1 1 1 1 1 1 1 1 1 1 1 1 1 1 1 1 1 1 1 1 1 1 1 100 1 1 1 1 1 1 1 1 1 1 1 1 1 1 1 1 1 1 1 1 1 1 1 1 1 1 1 1 1 1 1 1 1 1 1 1 1 1 1 1 1 1 1 1 1 1 1 1 1 1 1 1 1 1 1 1 1 1 1 1 1 1 1 1 1 1 1 1 1 1 1 1 1 1 1 1 1 1 1 1 1 1 1 1 100 1 1 1 1 1 1 1 1 1 1 1 100 1 1 1 1 1 1 1 1 1 1 1 1 1 1 1 1 1 1 1 1 1 1 1 1 1 1 1 1 1 1 1 1 1 1 1 1 1 1 1 1 1 1 1 1 1 1 1 1 1 1 1 1 1 1 1 1 1 1 1 1 1 1 1 1 1 1 1 1 1 1 1 1 1 1 1 1 1 1 1 1 1 1 1 1 1 1 1 1 1 1 1 1 1 1 1 1 1 1 1 1 1 1 1 1 1 1 1 1 1 1 1 1 1 1 1 1 1 1 1 1 1 1 1 1 1 1 1 1 1 1 1 1 1 1 1 1 1 1 1 1 1 1 1 1 1 1 1 1 1 1 1 1 1 1 1 1 1 1 1 1 1 1 1 1 1 1 1 1 1 1 1 1 1 1 1 1 1 1 1 1 1 1 1 1 1 1 1 1 1 1 1 1 1 1 1 1 1 1 1 1 1 1 1 1 1 1 1 1 1 1 1 1 1 1 1 1 1 1 1 1 1 1 1 100 1 100 1 100 1 100 1 100 1 100 1 100 1 100 1 100 1 1 1 1 1 1 1 1 1 1 1 1 1 1 1 1 1 1 1 1 1 1 1 1 1 1 1 1 1 1 1 1 1 1 1 1 1 1 1 1 1 1 1 1 1 1 1 1 1 1 1 1 1 1 1 1 1 1
staticfield java/util/concurrent/ConcurrentHashMap NCPU I 2
staticfield java/util/concurrent/ConcurrentHashMap serialPersistentFields [Ljava/io/ObjectStreamField; 3 [Ljava/io/ObjectStreamField;
staticfield java/util/concurrent/ConcurrentHashMap U Ljdk/internal/misc/Unsafe; jdk/internal/misc/Unsafe
staticfield java/util/concurrent/ConcurrentHashMap SIZECTL J 20
staticfield java/util/concurrent/ConcurrentHashMap TRANSFERINDEX J 32
staticfield java/util/concurrent/ConcurrentHashMap BASECOUNT J 24
staticfield java/util/concurrent/ConcurrentHashMap CELLSBUSY J 36
staticfield java/util/concurrent/ConcurrentHashMap CELLVALUE J 144
staticfield java/util/concurrent/ConcurrentHashMap ABASE I 16
staticfield java/util/concurrent/ConcurrentHashMap ASHIFT I 2
ciInstanceKlass java/lang/String 1 1 1396 10 7 12 1 1 1 8 1 9 7 12 1 1 1 9 12 1 1 9 12 1 1 10 12 1 10 12 1 1 10 12 1 1 9 12 1 1 10 7 12 1 1 1 10 7 1 10 7 12 1 1 1 10 12 1 1 10 12 1 1 10 12 1 10 12 1 1 10 12 1 10 7 12 1 1 1 9 7 12 1 1 1 10 7 12 1 1 1 10 12 1 1 10 12 1 1 10 12 1 1 10 12 1 1 10 12 1 1 9 7 12 1 1 10 12 9 7 12 1 1 3 10 7 12 1 1 1 7 1 11 12 1 1 11 12 1 11 12 1 1 10 7 12 1 1 1 10 12 1 1 9 100 12 1 1 1 10 12 1 1 10 12 1 11 12 1 1 10 12 1 1 10 12 10 12 1 1 10 100 12 1 1 1 10 7 12 1 1 1 10 12 1 1 10 12 1 10 12 1 1 100 1 10 12 1 1 100 1 100 1 10 12 1 1 10 12 1 1 10 12 1 100 1 100 1 100 1 10 12 1 10 12 1 1 10 12 1 1 10 12 1 10 12 1 1 10 12 1 1 10 7 12 1 1 7 1 11 10 12 1 10 12 11 12 1 11 12 1 10 12 1 1 10 12 1 1 10 10 7 12 1 1 1 10 7 12 1 1 10 12 1 1 10 7 12 1 1 10 12 1 10 12 1 1 10 12 1 100 1 10 10 12 1 1 10 12 1 10 12 1 10 12 1 1 100 1 10 12 1 1 10 12 10 12 1 10 12 1 1 10 100 12 1 1 1 10 12 1 10 12 1 1 10 12 1 10 12 1 3 3 10 12 1 10 12 1 1 10 12 1 1 10 12 1 1 10 12 1 10 12 1 1 10 12 1 1 10 12 1 10 12 1 10 12 1 10 12 1 1 10 12 1 10 12 1 10 12 1 10 12 1 10 12 1 10 12 1 10 100 1 10 8 1 10 12 1 1 10 12 1 8 1 10 12 1 1 10 12 10 12 1 8 1 10 10 12 1 1 10 12 1 1 10 12 1 10 12 1 1 10 12 10 7 1 10 10 12 1 10 12 1 10 12 1 10 10 12 1 10 12 1 1 10 12 1 100 1 10 10 12 1 100 1 10 10 12 1 10 12 1 1 10 12 1 10 12 1 1 10 10 12 1 1 10 100 1 10 10 12 1 10 12 1 1 10 12 1 1 10 100 1 10 12 1 10 12 1 10 12 1 10 12 1 1 10 12 1 11 7 1 11 12 10 12 1 10 12 1 1 10 12 1 1 10 10 12 1 10 12 1 9 12 1 1 11 7 12 1 1 1 10 10 12 1 10 12 1 1 10 10 12 1 10 12 1 10 12 1 1 9 12 1 10 12 1 1 10 10 12 1 1 10 12 10 10 12 1 10 12 10 10 12 10 10 12 1 10 12 1 10 12 10 10 12 10 12 1 10 12 10 12 10 10 12 1 10 12 1 1 10 12 1 10 10 12 1 10 7 12 1 1 1 10 12 1 1 10 10 7 12 1 1 1 11 10 12 1 10 12 1 1 10 12 1 1 10 7 12 1 1 1 10 12 1 10 10 12 1 10 12 1 10 12 1 10 100 12 1 1 10 12 1 100 1 100 1 8 1 10 10 10 12 1 8 1 10 12 1 3 3 7 1 10 10 12 1 10 12 1 10 12 1 1 10 12 1 1 11 7 12 1 1 1 7 1 10 12 1 1 10 12 1 10 12 1 1 10 12 1 1 8 1 10 12 1 1 10 12 1 11 100 12 1 1 1 11 100 12 1 1 11 12 1 1 10 12 1 10 12 1 1 10 10 7 12 1 1 1 10 12 1 10 12 1 10 10 12 10 12 1 1 10 10 12 1 10 10 12 1 10 10 12 1 10 10 12 1 10 12 1 1 10 10 12 1 8 1 10 12 1 1 18 12 1 1 11 100 12 1 1 1 7 1 3 18 12 1 18 12 1 8 1 10 100 12 1 1 1 11 12 1 1 10 12 10 10 12 1 10 11 12 1 1 10 12 1 1 11 12 1 18 3 11 10 12 1 11 11 10 12 1 10 12 1 1 8 1 10 12 1 10 12 1 10 12 1 1 10 10 12 1 11 100 12 1 7 1 100 1 10 12 1 7 1 10 10 7 12 1 1 1 100 1 10 7 1 10 10 12 1 10 10 12 1 8 1 10 10 12 1 8 1 8 1 10 12 1 10 12 1 10 10 12 10 100 12 1 1 10 7 12 1 1 10 100 12 1 1 8 1 10 12 1 10 12 1 1 10 10 12 8 1 8 1 10 8 1 8 1 8 1 8 1 10 12 1 10 12 1 8 1 10 100 12 1 1 1 10 12 10 12 1 1 10 12 10 10 12 10 12 7 1 9 12 1 1 7 1 10 100 1 100 1 100 1 100 1 1 1 1 1 1 5 0 1 1 1 1 1 3 1 3 1 1 1 1 1 1 1 1 1 1 1 1 1 1 1 100 1 1 1 100 1 1 1 1 1 1 1 1 1 1 1 1 1 1 1 1 1 1 1 1 1 1 1 1 1 100 1 1 1 1 1 1 1 1 1 100 1 1 1 1 1 1 1 1 1 1 1 1 1 1 1 1 1 1 1 1 1 1 1 1 1 1 1 1 1 1 1 1 1 1 1 1 1 1 1 1 1 1 1 1 1 1 1 1 1 1 1 1 1 1 1 1 1 1 1 1 1 1 1 1 1 1 1 1 1 1 1 1 1 1 1 1 1 1 1 1 1 1 1 1 1 1 1 1 1 1 1 1 1 1 1 1 1 1 1 1 1 1 1 1 1 1 1 1 1 1 1 1 1 1 1 1 1 1 1 1 1 1 1 1 1 1 1 1 1 1 1 1 1 1 1 1 1 1 1 1 1 1 1 1 1 1 1 1 1 1 1 1 1 1 1 1 1 1 1 1 1 1 1 1 1 1 1 1 1 1 1 100 1 1 1 1 1 1 1 1 1 1 1 1 1 1 1 1 1 1 1 1 1 1 1 1 100 1 1 1 1 1 1 1 1 1 1 1 1 1 100 1 1 1 1 1 1 1 1 1 1 1 1 1 1 1 15 10 100 12 1 1 1 16 15 10 12 16 15 10 12 15 10 12 15 10 12 1 1 1 1 100 1 100 1 1 1
staticfield java/lang/String COMPACT_STRINGS Z 1
staticfield java/lang/String serialPersistentFields [Ljava/io/ObjectStreamField; 0 [Ljava/io/ObjectStreamField;
staticfield java/lang/String CASE_INSENSITIVE_ORDER Ljava/util/Comparator; java/lang/String$CaseInsensitiveComparator
ciInstanceKlass java/security/ProtectionDomain 1 1 324 10 7 12 1 1 1 9 7 12 1 1 1 7 1 10 9 12 1 1 9 12 1 1 9 12 1 1 10 7 12 1 1 7 1 9 12 1 9 12 1 1 7 1 9 12 1 1 9 12 1 10 100 12 1 1 10 100 12 1 1 1 10 12 1 1 10 12 1 9 12 1 9 100 12 1 1 10 12 1 1 10 100 1 10 12 1 1 8 1 100 1 8 1 10 12 1 10 10 100 12 1 1 1 10 12 1 1 8 1 11 8 1 10 12 1 8 1 8 1 10 12 1 1 10 12 1 10 12 1 1 10 12 1 8 1 10 12 1 8 1 8 1 10 100 12 1 1 1 9 100 12 1 1 1 10 12 1 1 9 100 12 1 1 1 10 100 12 1 1 1 100 1 100 1 10 12 1 10 100 12 1 1 1 10 100 1 10 12 1 10 12 1 1 11 100 12 1 1 11 12 1 100 1 11 100 12 1 1 1 10 12 1 10 11 12 1 1 11 12 1 1 10 12 1 10 7 12 1 1 10 100 12 1 1 11 12 1 10 12 8 1 8 1 10 7 12 1 1 1 7 1 10 10 7 12 1 1 1 1 1 1 1 1 1 1 100 1 1 100 1 1 1 1 1 1 1 1 1 1 1 1 1 1 1 1 1 1 1 1 1 1 1 1 1 1 1 1 1 1 1 1 1 1 1 1 1 1 1 1 1 1 100 1 1 1 1 1 100 1 1 1 1 1
staticfield java/security/ProtectionDomain filePermCompatInPD Z 0
ciInstanceKlass java/security/CodeSource 1 1 395 10 7 12 1 1 1 9 7 12 1 1 1 9 12 1 1 9 12 1 1 9 12 1 1 10 7 12 1 1 1 9 12 1 1 10 7 12 1 1 10 7 10 100 12 1 1 1 10 100 12 1 1 1 10 12 1 1 7 1 10 10 7 12 1 1 1 10 7 12 1 1 1 10 12 1 1 10 12 1 7 1 10 12 1 1 10 12 1 1 10 12 1 1 10 12 1 10 10 10 12 1 1 10 100 12 1 1 1 10 12 1 10 12 1 10 12 1 8 1 10 12 1 10 12 1 10 12 1 1 10 12 1 8 1 10 12 1 1 10 100 1 10 10 12 1 1 8 1 10 12 1 10 12 1 10 12 1 8 1 8 1 9 12 1 1 100 1 8 1 10 12 1 10 12 1 1 8 1 10 12 1 8 1 8 1 8 1 10 100 12 1 1 10 12 1 1 10 12 1 10 12 1 1 10 12 1 1 10 12 1 1 100 1 100 1 10 12 1 10 12 10 12 1 1 10 100 12 1 1 10 12 1 100 1 10 12 10 8 1 10 12 1 10 12 1 10 12 1 1 100 1 10 12 1 1 100 1 100 1 8 1 8 1 10 10 12 1 1 10 100 12 1 1 1 100 1 10 12 10 12 1 1 11 100 12 1 1 10 10 12 1 11 10 12 1 8 1 100 1 10 12 1 10 12 1 1 10 12 1 11 12 1 1 11 100 1 1 1 1 5 0 1 1 1 1 1 1 1 1 1 1 1 1 1 1 1 1 1 1 1 1 1 1 1 1 1 1 1 1 1 1 1 1 1 1 1 1 1 1 1 1 1 1 1 1 1 1 1 1 1 1 1 1 1 1 1 1 1 1 1 1 1 1 1 1 1 100 1 1 1 1 1 1 1
ciInstanceKlass java/lang/StringBuilder 1 1 409 10 7 12 1 1 1 10 12 1 10 12 1 10 12 1 1 10 7 12 1 1 1 10 7 12 1 1 1 10 12 1 10 12 1 10 12 1 10 12 1 10 12 1 10 12 1 10 12 1 10 12 1 10 12 1 10 12 1 10 12 1 10 12 1 10 12 1 10 12 1 1 10 12 1 10 12 1 1 10 12 1 1 10 12 1 10 12 1 10 12 1 10 12 1 10 12 1 10 12 1 10 12 1 10 12 10 12 1 10 12 1 10 12 1 10 12 1 1 10 12 1 10 12 1 10 12 10 12 1 1 10 12 1 1 9 12 1 1 9 12 1 1 10 7 12 1 1 1 10 7 1 10 100 12 1 1 1 10 12 1 10 12 1 1 10 12 1 1 10 10 12 1 1 10 100 12 1 1 10 12 1 10 12 1 1 100 1 100 1 8 1 10 10 12 1 1 10 12 1 1 10 12 1 10 12 1 10 12 1 10 12 1 10 12 1 10 12 1 10 12 1 10 12 1 10 12 1 10 12 1 10 12 1 10 12 1 10 12 1 10 12 1 10 12 1 1 10 12 1 1 10 12 1 10 12 1 10 12 1 10 12 10 12 10 12 1 10 12 1 10 12 1 10 12 10 12 1 10 12 1 10 12 1 10 12 1 10 12 1 10 12 1 10 12 1 10 12 1 10 12 1 1 10 12 1 10 12 1 1 10 12 1 10 12 1 1 10 12 1 10 12 1 1 10 12 1 10 12 1 10 12 1 10 10 12 1 10 12 1 100 1 100 1 100 1 1 1 1 5 0 1 1 1 1 1 1 1 1 1 1 1 1 1 1 1 1 1 1 1 1 1 1 1 1 1 1 1 1 1 1 1 1 1 1 1 1 1 1 1 1 1 1 1 100 1 1 1 100 1 1 1 1 1 1 1 1 1 1
ciInstanceKlass jdk/internal/loader/ClassLoaders 1 1 183 10 100 12 1 1 1 10 7 12 1 1 1 10 12 1 1 10 100 12 1 1 1 9 7 12 1 1 1 9 12 1 1 9 12 1 1 7 1 11 100 12 1 1 1 100 1 11 12 1 1 11 12 1 1 10 100 12 1 1 1 10 100 12 1 1 1 100 1 100 1 10 7 12 1 1 1 9 12 1 1 10 12 1 1 7 1 10 12 1 1 10 12 1 7 1 8 1 10 7 12 1 1 1 10 12 1 1 7 1 10 12 1 10 12 1 10 12 1 8 1 10 7 12 1 1 8 1 8 1 10 12 1 7 1 10 12 1 10 12 1 10 12 1 1 1 1 1 1 1 1 1 1 1 1 1 1 1 1 1 1 1 1 100 1 1 1 1 1 1 1 1 1 1 1 1 1 1 1 1 1 1 1
staticfield jdk/internal/loader/ClassLoaders JLA Ljdk/internal/access/JavaLangAccess; java/lang/System$2
staticfield jdk/internal/loader/ClassLoaders BOOT_LOADER Ljdk/internal/loader/ClassLoaders$BootClassLoader; jdk/internal/loader/ClassLoaders$BootClassLoader
staticfield jdk/internal/loader/ClassLoaders PLATFORM_LOADER Ljdk/internal/loader/ClassLoaders$PlatformClassLoader; jdk/internal/loader/ClassLoaders$PlatformClassLoader
staticfield jdk/internal/loader/ClassLoaders APP_LOADER Ljdk/internal/loader/ClassLoaders$AppClassLoader; jdk/internal/loader/ClassLoaders$AppClassLoader
ciInstanceKlass jdk/internal/misc/Unsafe 1 1 1285 10 7 12 1 1 1 9 7 12 1 1 1 9 12 1 1 10 12 1 1 10 7 12 1 1 1 10 12 1 1 10 12 1 1 10 12 1 1 10 12 1 1 10 12 1 1 10 12 1 1 10 12 1 1 10 12 1 1 10 12 1 1 10 12 1 1 10 12 1 1 10 12 1 1 10 12 1 1 10 12 1 10 12 1 100 1 10 10 12 1 1 10 12 1 1 5 0 10 12 1 1 10 12 1 1 10 7 12 1 1 1 10 12 1 1 10 12 1 10 12 1 10 12 1 1 10 12 1 1 10 12 1 10 12 1 100 1 100 1 10 8 1 10 12 1 1 10 12 1 8 1 10 12 1 1 10 12 1 10 12 1 10 12 1 1 10 12 1 10 12 1 1 10 12 1 1 10 12 1 10 12 1 10 12 1 10 12 1 1 10 12 1 10 12 1 10 12 1 1 10 12 1 5 0 5 0 5 0 10 12 1 10 12 1 10 12 1 10 12 1 10 12 1 10 12 1 10 12 1 10 12 1 10 12 1 1 10 12 1 10 12 1 100 1 8 1 10 100 1 10 10 12 1 1 10 12 1 1 10 12 1 10 12 1 1 10 12 1 1 10 12 1 10 12 1 1 10 12 1 9 7 12 1 1 9 12 1 100 1 10 10 12 1 1 8 1 10 8 1 8 1 10 12 1 1 9 7 12 1 1 1 9 100 1 9 7 1 9 7 1 9 9 100 1 9 100 1 9 100 1 10 12 1 1 10 12 1 1 10 12 1 1 10 12 1 1 5 0 5 0 9 12 1 1 10 12 1 10 12 1 10 12 1 1 10 12 1 1 10 12 1 8 1 3 10 12 1 1 10 12 1 1 10 12 1 10 12 1 1 10 12 1 1 10 12 1 10 12 1 10 12 1 10 12 1 10 12 1 10 12 1 1 10 12 1 1 10 12 1 10 12 1 10 12 1 10 12 1 10 12 1 10 12 1 1 10 12 1 1 10 12 1 10 12 1 10 12 1 10 12 1 10 12 1 10 12 1 1 10 12 1 1 10 12 1 1 10 12 1 1 10 12 1 10 12 1 10 12 1 10 12 1 10 12 1 10 12 1 10 12 1 1 10 12 1 1 10 12 1 10 12 1 10 12 1 10 12 1 10 12 1 10 12 1 10 12 1 1 10 12 1 1 10 12 1 10 12 1 10 12 1 10 12 1 10 12 1 10 12 1 10 12 1 10 12 1 1 10 12 1 10 12 1 10 12 1 10 12 1 10 12 1 1 10 12 1 10 12 1 10 12 1 10 12 1 10 12 1 10 12 1 10 12 1 10 12 1 1 10 12 1 10 12 1 10 12 1 10 12 1 10 12 1 10 12 1 1 10 12 1 10 12 1 10 12 1 1 10 12 1 10 12 1 10 12 1 10 12 1 10 12 1 10 12 1 10 12 1 10 12 1 10 12 1 10 12 1 10 12 1 10 12 1 10 12 1 10 12 1 10 12 1 10 12 1 10 12 1 10 12 1 10 12 1 10 12 1 10 12 1 10 12 1 100 1 10 100 1 10 9 12 1 5 0 10 12 1 1 5 0 10 12 1 5 0 10 12 1 10 12 1 10 12 1 1 10 12 1 1 10 12 1 10 12 1 10 12 1 10 12 1 1 10 12 1 10 12 1 10 12 1 10 12 1 10 12 1 1 10 12 1 10 12 1 10 12 1 10 12 1 1 10 12 1 10 12 1 10 12 1 1 10 12 1 10 12 1 10 12 1 10 12 1 1 10 12 1 10 10 12 1 1 10 12 1 10 12 1 1 10 12 1 10 12 5 0 5 0 5 0 10 12 1 1 10 12 1 10 12 1 10 12 10 100 12 1 1 8 1 100 1 11 12 1 1 8 1 11 12 1 1 10 100 12 1 1 10 12 1 10 12 1 10 12 1 10 12 1 10 12 1 1 10 12 1 10 12 1 10 12 1 10 12 1 10 12 1 10 12 1 10 7 1 10 12 1 9 12 1 7 1 9 12 1 7 1 9 12 1 7 1 9 12 1 7 1 9 12 1 7 1 9 12 1 7 1 9 12 1 7 1 9 12 1 7 1 9 12 1 10 12 1 9 12 1 9 12 1 9 12 1 9 12 1 9 12 1 9 12 1 9 12 1 9 12 1 9 12 1 9 12 1 1 1 3 1 1 1 1 1 1 1 1 1 1 1 1 1 1 1 1 1 1 1 1 1 1 1 1 1 1 1 1 1 1 1 1 1 1 1 1 1 1 1 1 1 1 1 1 1 1 1 1 1 1 1 1 1 1 1 1 1 1 1 1 1 1 1 1 1 1 1 1 1 1 1 1 1 1 1 1 1 1 1 1 1 1 1 1 1 1 1 1 1 100 1 1 1 1 1 1 1 1 1 1 1 1 1 1 1 1 1 1 1 1 1 1 1 1 1 1 1 1 1 1 1 1 1 1 1 1 1 1 1 1 1 1 1 1 1 1 1 1 1 1 1 1 1 1 1 1 1 1 1 1 1 1 1 1 1 1 1 1 1 1 1 1 1 1 1 1 1 1 1 1 1 1 1 1 1 1 1 1 1 1 1 1 1 1 1 1 1 1 1 1 1 1 1 1 1 1 1 1 1 1 1 1 1 1 1 1 1 1 1 1 1 1 1 1 1 1 1 1 1 1 1 1 1 1 1 1 1 1 1 1 1 1 1 1 1 1 1 1 1 1 1 1 1 1 1 1 1 1 1 1 1 1 1 1 1 1 1 1 1 1 1 1 1 1 1 1 1 1 1 1 1 1 1 1 1 1 1 1 1 1 1 1 1 1 1 1 1 1 1 1 1 1 1 1 1 1 1 3 1 1 1 1 1 1 1 1 1 1 1 1 1 1 1 1 1 1 1 1 1
staticfield jdk/internal/misc/Unsafe theUnsafe Ljdk/internal/misc/Unsafe; jdk/internal/misc/Unsafe
staticfield jdk/internal/misc/Unsafe ARRAY_BOOLEAN_BASE_OFFSET I 16
staticfield jdk/internal/misc/Unsafe ARRAY_BYTE_BASE_OFFSET I 16
staticfield jdk/internal/misc/Unsafe ARRAY_SHORT_BASE_OFFSET I 16
staticfield jdk/internal/misc/Unsafe ARRAY_CHAR_BASE_OFFSET I 16
staticfield jdk/internal/misc/Unsafe ARRAY_INT_BASE_OFFSET I 16
staticfield jdk/internal/misc/Unsafe ARRAY_LONG_BASE_OFFSET I 16
staticfield jdk/internal/misc/Unsafe ARRAY_FLOAT_BASE_OFFSET I 16
staticfield jdk/internal/misc/Unsafe ARRAY_DOUBLE_BASE_OFFSET I 16
staticfield jdk/internal/misc/Unsafe ARRAY_OBJECT_BASE_OFFSET I 16
staticfield jdk/internal/misc/Unsafe ARRAY_BOOLEAN_INDEX_SCALE I 1
staticfield jdk/internal/misc/Unsafe ARRAY_BYTE_INDEX_SCALE I 1
staticfield jdk/internal/misc/Unsafe ARRAY_SHORT_INDEX_SCALE I 2
staticfield jdk/internal/misc/Unsafe ARRAY_CHAR_INDEX_SCALE I 2
staticfield jdk/internal/misc/Unsafe ARRAY_INT_INDEX_SCALE I 4
staticfield jdk/internal/misc/Unsafe ARRAY_LONG_INDEX_SCALE I 8
staticfield jdk/internal/misc/Unsafe ARRAY_FLOAT_INDEX_SCALE I 4
staticfield jdk/internal/misc/Unsafe ARRAY_DOUBLE_INDEX_SCALE I 8
staticfield jdk/internal/misc/Unsafe ARRAY_OBJECT_INDEX_SCALE I 4
staticfield jdk/internal/misc/Unsafe ADDRESS_SIZE I 8
ciInstanceKlass java/util/Map 1 1 259 11 7 12 1 1 1 11 12 1 1 10 100 12 1 1 11 12 1 1 11 7 12 1 1 1 11 100 12 1 1 1 11 12 1 1 7 1 11 12 1 11 12 1 100 1 100 1 10 12 1 1 11 100 12 1 1 1 11 100 12 1 1 1 11 12 1 11 12 1 10 12 1 1 11 12 1 11 100 12 1 9 7 12 1 1 1 100 1 10 12 7 1 7 1 10 12 1 7 1 10 7 1 11 12 1 1 7 1 11 12 1 1 1 1 1 1 1 1 1 1 1 1 1 1 1 1 1 1 1 1 1 1 1 1 1 1 1 1 1 1 1 1 1 1 1 1 1 1 1 1 1 1 1 1 1 1 1 1 1 1 1 1 1 1 1 1 1 1 1 1 1 1 1 1 1 1 1 1 1 1 1 1 1 1 1 1 1 1 1 1 1 1 1 1 1 1 1 1 1 1 1 1 1 1 1 1 1 1 1 1 1 1 1 1 1 1 1 1 1 1 1 1 1 1 1 1 1 1 1 1 1 1 1 1 1 1 1 1 1 100 1 1 1 1 1 1 1 1 1 1 1 1 1 1 1 1 1 1
ciInstanceKlass java/lang/ThreadGroup 1 1 293 10 7 12 1 1 1 9 7 12 1 1 1 8 1 9 12 1 1 7 1 9 12 1 9 12 1 1 10 12 1 1 10 12 1 1 10 12 1 10 12 1 1 10 12 1 9 12 1 1 10 12 1 1 10 12 1 9 12 1 10 100 12 1 1 1 9 12 1 9 12 1 1 10 7 12 1 1 1 100 10 12 1 1 10 7 12 1 1 1 10 100 12 1 9 12 1 10 12 1 1 10 12 1 1 9 12 1 1 10 12 1 1 10 12 1 10 12 1 10 12 1 1 10 12 1 1 10 12 1 10 12 1 10 10 12 1 10 12 1 10 100 1 10 10 12 1 10 12 1 10 12 1 7 10 12 1 9 12 1 1 10 12 1 1 8 1 10 100 12 1 1 1 10 12 1 1 10 12 1 1 10 12 1 1 11 100 1 100 1 9 12 1 100 1 10 8 1 10 12 1 1 10 12 1 1 8 1 10 12 1 10 100 12 1 1 1 10 12 1 1 10 100 1 8 1 10 8 1 10 12 1 8 1 1 1 1 1 1 1 1 1 1 1 1 1 1 1 1 1 3 1 1 1 1 1 1 1 1 1 1 1 1 1 1 1 1 1 1 1 1 1 1 1 1 1 1 1 1 1 1 1 1 1 1 1 1 1 1 1 1 1 1
instanceKlass java/security/Provider
ciInstanceKlass java/util/Properties 1 1 651 10 7 12 1 1 1 100 1 10 7 12 1 1 7 1 10 12 1 9 12 1 1 9 12 1 1 9 12 1 1 10 7 12 1 1 1 10 12 1 1 8 1 10 7 12 1 1 1 7 1 10 12 1 10 12 1 1 8 1 10 12 1 7 1 10 12 10 12 1 1 9 12 1 1 10 12 1 1 7 1 10 12 1 10 12 1 10 12 1 1 100 1 8 1 10 12 1 10 12 1 10 12 1 1 10 12 1 100 1 3 10 10 100 12 1 1 1 10 12 1 10 12 1 1 8 1 10 12 1 10 12 1 1 8 1 10 100 12 1 1 10 12 1 1 10 12 1 10 12 1 1 100 1 10 12 1 10 12 1 1 100 1 9 100 12 1 1 1 10 12 1 10 12 1 1 100 1 10 10 10 12 1 1 11 7 12 1 1 1 11 7 12 1 1 1 11 12 1 1 7 1 11 12 1 11 12 1 10 12 1 1 8 1 10 12 1 10 12 1 100 1 10 10 12 1 1 10 100 12 1 1 9 100 12 1 1 10 12 1 1 10 100 12 1 1 1 100 1 100 1 100 1 10 8 1 8 1 10 12 1 10 12 1 10 12 1 1 10 10 12 1 1 10 12 1 1 7 1 10 10 12 1 11 7 12 1 1 10 7 12 1 1 1 8 1 10 100 12 1 1 11 8 1 10 100 1 11 10 12 1 10 12 1 10 12 1 10 12 1 1 10 12 1 1 10 12 1 1 10 12 1 10 12 1 10 10 12 1 10 12 1 10 12 1 10 10 12 1 1 10 12 1 1 7 1 10 10 12 1 10 12 1 10 12 1 10 12 1 10 12 1 1 10 12 1 1 10 12 1 10 12 1 10 12 1 1 10 12 10 12 1 1 10 12 1 1 10 12 1 10 12 1 1 10 12 1 1 10 12 100 1 10 11 100 12 1 1 4 11 10 12 1 1 10 100 12 1 1 11 12 1 10 12 1 1 10 100 12 1 1 10 12 1 100 1 8 1 10 12 1 10 10 100 12 1 1 1 100 1 6 0 10 12 1 1 11 100 12 1 1 1 10 12 1 10 12 1 1 1 1 1 5 0 1 1 1 1 1 1 1 1 1 1 1 1 1 1 1 1 1 1 1 1 1 1 1 1 1 1 1 1 1 1 1 1 1 1 1 1 1 1 1 1 100 1 1 1 1 1 1 1 1 1 1 1 1 1 1 1 1 1 1 1 1 100 1 1 1 1 1 1 1 100 1 100 1 1 1 1 100 1 1 1 1 1 1 1 1 1 1 1 1 1 1 1 1 1 1 1 1 1 1 1 1 1 1 1 1 1 1 1 1 1 1 1 1 1 1 1 1 1 1 1 1 1 1 1 1 1 1 1 1 1 1 1 1 1 1 1 1 1 1 1 1 1 1 1 1 1 1 1 1 1 1 1 1 100 1 1 1 1 1 1 1 1 1 100 1 1 1
staticfield java/util/Properties UNSAFE Ljdk/internal/misc/Unsafe; jdk/internal/misc/Unsafe
instanceKlass java/util/Hashtable
ciInstanceKlass java/util/Dictionary 1 1 36 10 7 12 1 1 1 100 1 1 1 1 1 1 1 1 1 1 1 1 1 1 1 1 1 1 1 1 1 1 1 1 1 1 1 1
instanceKlass javax/swing/UIDefaults
instanceKlass java/util/Properties
ciInstanceKlass java/util/Hashtable 1 1 512 100 1 10 7 12 1 1 1 9 7 12 1 1 1 100 1 7 1 10 8 1 10 12 1 1 10 12 1 10 12 1 1 10 12 1 10 7 12 1 1 1 8 1 10 12 1 9 12 1 1 7 1 9 12 1 1 4 10 7 12 1 1 1 9 12 1 4 10 12 1 11 7 12 1 1 1 10 12 1 1 10 12 1 1 9 12 1 10 12 1 1 100 1 10 9 12 1 1 10 7 12 1 1 1 9 12 1 1 10 12 1 10 12 1 3 9 12 1 9 12 1 3 10 12 1 10 12 1 10 12 1 1 11 12 1 1 11 7 12 1 1 1 11 7 12 1 1 1 11 12 1 7 1 11 12 1 11 12 1 10 12 1 1 10 12 1 1 10 12 1 9 12 1 1 9 12 9 12 1 1 10 100 1 100 1 10 12 1 10 8 1 10 10 12 1 8 1 10 8 1 10 7 12 1 1 1 7 1 10 12 1 10 12 1 7 1 10 12 1 10 12 1 1 7 1 10 100 1 10 10 12 1 1 11 12 1 1 11 12 1 100 1 10 10 10 100 12 1 1 11 100 12 1 1 1 100 1 10 11 100 12 1 1 11 100 12 1 10 12 1 10 12 1 1 10 100 12 1 1 10 12 1 1 10 12 1 1 10 12 1 1 10 100 12 1 1 1 8 10 100 12 1 1 100 1 8 1 10 4 10 12 4 10 12 1 8 1 10 12 10 100 12 1 1 1 100 1 11 100 12 1 1 1 10 100 12 1 1 1 10 12 1 10 12 1 1 10 100 1 100 1 1 1 1 1 1 5 0 1 1 1 1 1 3 1 3 1 3 1 1 1 1 1 1 1 1 1 1 1 1 1 1 1 1 1 1 1 1 1 1 1 1 1 100 1 1 1 1 1 1 1 1 1 1 1 1 1 1 1 1 1 1 1 1 1 1 1 1 1 1 1 1 1 100 1 1 1 1 1 1 1 1 1 1 1 1 1 1 1 1 1 1 1 1 1 1 1 1 1 1 1 1 1 1 1 1 1 1 1 1 1 1 1 1 1 1 1 1 1 1 1 1 1 1 1 1 1 1 1 1 1 1 100 1 1 1 100 1 1 1 1 1 100 1 1 1 1 1 1 1 1 1 1 1 1 1 1 1 1 1 1
instanceKlass org/apache/batik/util/Base64DecodeStream
instanceKlass com/sun/imageio/plugins/common/InputStreamAdapter
instanceKlass java/io/SequenceInputStream
instanceKlass com/sun/org/apache/xerces/internal/impl/XMLEntityManager$RewindableInputStream
instanceKlass com/google/protobuf/IterableByteBufferInputStream
instanceKlass java/util/jar/JarVerifier$VerifierStream
instanceKlass java/util/zip/ZipFile$ZipFileInputStream
instanceKlass java/io/FilterInputStream
instanceKlass java/io/FileInputStream
instanceKlass java/io/ByteArrayInputStream
ciInstanceKlass java/io/InputStream 1 1 184 100 1 10 7 12 1 1 1 100 1 10 10 7 12 1 1 1 10 7 12 1 1 1 10 12 1 100 1 3 10 12 1 1 100 1 8 1 10 12 1 10 7 12 1 1 1 3 100 1 8 1 10 10 7 12 1 1 1 7 1 10 11 7 12 1 1 1 10 12 1 1 11 12 1 1 11 7 12 1 1 1 11 12 1 1 7 1 10 7 12 1 1 1 5 0 10 12 1 10 12 1 1 100 1 10 8 1 10 8 1 8 1 10 12 1 1 10 100 12 1 1 1 100 1 1 1 1 3 1 3 1 1 1 1 1 1 1 1 1 1 1 1 1 1 1 1 1 1 1 1 1 1 1 1 1 1 1 1 1 1 1 1 1 1 1 1 1 1 1 1 1 1 1 1 1 1 1 1 1 1 1 1 1
ciInstanceKlass java/io/ByteArrayInputStream 1 1 96 10 7 12 1 1 1 9 7 12 1 1 1 9 12 1 1 9 12 1 9 12 1 10 7 12 1 1 1 10 7 12 1 1 1 10 7 12 1 1 1 10 7 12 1 1 1 10 12 1 1 10 100 12 1 1 1 1 1 1 1 1 1 1 1 1 1 1 1 1 1 1 1 1 1 1 1 1 1 1 1 100 1 1 1 1 1 1 1 1 1 1 1 1 1 1
instanceKlass java/util/TimerThread
instanceKlass com/jidesoft/utils/PortingUtils$1
instanceKlass de/javasoft/plaf/synthetica/StyleFactory$ComponentPropertyStore$1
instanceKlass org/apache/batik/ext/awt/image/codec/imageio/AbstractImageIORegistryEntry$1
instanceKlass org/apache/batik/ext/awt/image/codec/png/PNGRegistryEntry$1
instanceKlass org/apache/batik/ext/awt/image/spi/JDKRegistryEntry$1
instanceKlass sun/awt/image/ImageFetcher
instanceKlass org/apache/batik/util/CleanerThread
instanceKlass org/apache/batik/util/HaltingThread
instanceKlass ui/utils/d/g
instanceKlass ui/utils/d/f
instanceKlass java/util/concurrent/ForkJoinWorkerThread
instanceKlass java/awt/EventDispatchThread
instanceKlass de/javasoft/plaf/synthetica/SyntheticaLookAndFeel$1
instanceKlass ui/frmwork/aC
instanceKlass ui/utils/E
instanceKlass java/util/logging/LogManager$Cleaner
instanceKlass ui/bk
instanceKlass jdk/internal/misc/InnocuousThread
instanceKlass java/lang/ref/Finalizer$FinalizerThread
instanceKlass java/lang/ref/Reference$ReferenceHandler
ciInstanceKlass java/lang/Thread 1 1 610 9 7 12 1 1 1 9 12 1 1 10 12 1 1 9 12 1 1 9 12 1 1 100 1 8 1 10 12 1 1 3 8 1 100 1 5 0 10 12 1 1 10 7 12 1 1 9 12 1 1 9 12 1 9 12 1 1 9 12 1 100 1 8 1 10 9 12 1 1 10 7 12 1 1 1 10 100 12 1 1 1 10 10 7 12 1 1 10 12 1 1 10 12 1 1 9 100 12 1 1 1 10 12 1 1 10 12 1 9 12 1 1 10 12 1 1 10 12 1 1 9 12 1 10 12 1 1 9 12 1 1 10 7 12 1 1 1 9 12 1 1 9 12 1 1 10 12 1 1 10 7 12 1 1 1 9 12 1 10 12 1 1 9 12 1 100 1 10 7 1 10 8 1 10 12 1 1 10 12 1 10 12 1 10 12 1 1 10 12 1 10 12 1 9 12 1 100 1 10 10 12 1 1 10 12 1 10 12 1 100 1 11 7 12 1 1 9 7 12 1 1 1 10 12 1 10 12 1 10 12 9 12 1 1 10 9 12 1 10 12 1 100 1 10 10 12 1 1 9 12 1 10 12 1 11 100 12 1 1 10 12 1 10 12 1 10 12 1 10 10 12 1 10 12 1 10 12 1 10 12 1 10 12 1 1 100 1 10 10 12 1 10 12 1 10 12 1 9 100 12 1 1 1 10 12 1 1 10 12 1 7 1 8 1 10 10 12 1 10 12 8 1 10 12 1 8 1 10 8 1 8 1 10 100 12 1 1 10 100 12 1 1 1 100 1 8 1 10 9 12 1 9 12 1 1 10 12 1 1 10 10 12 1 1 9 12 1 10 12 1 1 100 1 10 12 11 100 12 1 1 1 9 100 12 1 1 1 9 12 1 1 10 12 1 1 100 1 10 12 1 11 100 12 1 1 1 100 1 10 12 1 10 12 1 1 11 12 1 10 12 1 100 1 10 12 1 10 12 1 1 10 100 12 1 1 1 8 1 9 12 1 10 12 1 1 11 100 12 1 1 1 10 100 12 1 1 1 11 12 1 10 12 1 7 1 1 1 1 1 3 1 3 1 3 1 1 1 1 1 1 1 1 1 1 1 1 1 1 1 1 1 1 1 100 1 1 1 1 1 1 1 1 1 1 1 1 100 1 100 1 1 1 1 1 1 1 1 1 1 1 1 1 1 1 1 1 1 1 1 1 1 1 1 1 1 1 1 1 1 1 1 1 1 1 1 1 1 1 1 1 1 1 100 100 1 1 1 1 1 1 1 1 1 100 1 1 1 1 1 1 1 1 1 1 1 1 1 1 1 1 1 1 1 1 1 1 1 1 1 1 1 1 100 1 1 1 1 1 1 100 1 1 100 1 1 1 1 1 1
staticfield java/lang/Thread EMPTY_STACK_TRACE [Ljava/lang/StackTraceElement; 0 [Ljava/lang/StackTraceElement;
ciInstanceKlass java/lang/StringLatin1 1 1 380 7 1 10 100 12 1 1 1 100 1 10 12 1 10 7 12 1 1 1 10 7 12 1 1 1 10 12 1 10 7 12 1 1 1 10 12 1 1 10 7 12 1 1 1 10 12 1 1 10 12 1 1 10 10 12 1 10 12 1 1 10 9 7 12 1 1 1 10 12 1 1 10 7 12 1 1 1 10 12 10 12 1 1 10 12 1 1 10 12 1 1 10 7 12 1 1 1 10 12 1 10 12 1 1 9 12 1 1 100 1 10 10 100 12 1 1 1 10 7 12 1 1 1 10 12 1 10 12 1 100 1 100 1 8 1 10 12 1 8 1 10 12 100 1 10 10 10 7 12 1 1 1 8 1 8 1 8 1 10 12 1 1 10 100 12 1 1 10 12 1 10 12 1 1 10 12 1 1 10 12 1 1 10 12 1 10 12 10 12 10 12 1 10 12 10 10 12 1 10 12 1 10 12 1 10 100 12 1 1 1 10 100 12 1 1 1 10 12 1 1 10 12 1 1 10 10 7 12 1 1 1 1 1 1 1 1 1 1 1 1 1 1 1 1 1 1 1 1 1 1 1 1 1 1 1 1 1 1 1 1 1 1 1 1 1 1 1 1 1 1 1 1 1 1 1 1 1 1 1 1 100 1 1 1 1 1 1 1 1 1 1 1 1 1 1 1 1 1 1 1 1 1 1 1 1 1 1 1 1 1 1 1 1 1 1 1 1 1 1 1 1 1 1 1 1 100 1 1 1 1 1 1 1 1 1 1 1 1 1 1 1 1 1 1 1 1 1 100 1 1 1 1 1 1 1 1 1 1 1 1 1 1 1 1 1 1 1 1 1 1 1 1 1 1 100 1 1 1 1
staticfield java/lang/StringLatin1 $assertionsDisabled Z 1
ciMethod java/lang/StringLatin1 equals ([B[B)Z 1582 786 3863 0 -1
ciInstanceKlass java/lang/StringUTF16 1 1 598 100 1 7 1 10 100 12 1 1 1 100 1 10 7 1 3 100 1 100 1 10 8 1 10 12 1 1 10 12 1 8 1 10 12 1 1 10 12 1 9 12 1 1 10 12 1 1 100 1 8 1 10 12 1 9 12 1 1 9 12 1 10 10 12 1 1 10 12 1 1 10 7 12 1 1 1 10 12 1 10 12 1 1 10 12 1 1 10 12 1 1 10 12 1 1 10 12 1 10 12 1 1 10 12 1 1 10 12 1 1 10 12 1 1 10 12 1 10 12 1 10 12 1 1 10 12 1 100 1 10 12 1 10 10 12 1 1 10 12 1 10 12 1 1 10 12 1 10 100 12 1 1 1 10 100 12 1 1 1 10 12 10 12 1 1 10 12 1 10 12 1 1 10 12 1 1 10 12 1 10 12 1 10 12 1 3 10 12 1 1 10 12 1 10 12 1 10 12 1 10 12 1 10 12 1 10 12 1 1 9 12 1 10 12 1 10 12 1 10 12 1 10 12 1 10 12 1 10 10 12 10 12 10 10 100 12 1 1 1 10 7 12 1 1 1 10 12 1 10 12 1 100 1 8 1 8 1 10 12 1 1 100 1 10 10 7 12 1 1 1 10 7 12 1 1 8 1 8 1 8 1 10 12 1 1 10 12 1 1 10 12 10 12 1 10 100 12 1 1 10 12 1 1 10 12 1 1 10 12 1 10 12 10 12 10 12 1 10 12 10 12 1 10 12 1 10 12 1 10 12 1 10 12 1 10 100 12 1 1 1 10 100 12 1 1 1 10 12 1 1 10 12 1 1 11 100 12 1 1 10 12 1 10 12 1 10 12 1 1 9 12 1 1 9 12 1 5 0 5 0 10 12 1 10 12 10 12 10 7 12 1 1 1 10 12 1 1 1 1 1 1 1 1 1 1 1 1 1 1 1 1 1 1 1 1 1 1 1 1 1 1 1 1 1 1 1 100 1 1 1 1 1 1 1 1 1 1 1 1 1 1 1 1 1 1 1 1 1 1 1 1 1 1 1 1 1 1 1 1 1 1 1 1 1 1 1 1 1 1 1 1 1 1 1 1 1 1 1 1 1 1 1 1 1 1 1 1 1 1 1 1 1 1 1 1 1 1 1 1 1 1 1 1 1 1 1 1 1 1 100 1 1 1 1 1 1 1 1 1 1 1 1 1 1 1 1 1 100 1 1 1 1 1 1 1 1 1 1 1 1 1 1 1 1 1 1 1 1 1 1 1 1 1 1 1 1 1 1 1 1 1 1 1 1 1 1 1 1 1 1 1 1 1 1 1 1 1 1 1 1 1 1 1 1 1 1 1 1 1 100 1 100 1 1 1 1 1
staticfield java/lang/StringUTF16 HI_BYTE_SHIFT I 0
staticfield java/lang/StringUTF16 LO_BYTE_SHIFT I 8
staticfield java/lang/StringUTF16 $assertionsDisabled Z 1
ciMethod java/lang/StringUTF16 getChar ([BI)C 768 0 10108 0 -1
instanceKlass java/lang/Exception
instanceKlass java/lang/Error
ciInstanceKlass java/lang/Throwable 1 1 393 10 7 12 1 1 1 9 7 12 1 1 1 9 12 1 1 9 12 1 9 12 1 1 9 12 1 10 12 1 1 9 12 1 1 10 12 1 1 10 12 1 100 1 7 1 10 8 1 10 12 1 1 8 1 10 100 12 1 1 10 10 12 1 100 1 8 1 10 10 12 1 1 10 7 12 1 1 10 12 1 8 1 9 100 12 1 1 1 10 12 1 1 100 1 10 12 10 12 1 100 1 10 10 7 12 1 1 1 11 100 12 1 1 1 10 100 12 1 1 1 10 12 1 1 10 12 1 1 8 1 10 12 1 10 12 1 1 8 1 8 1 10 12 1 1 10 12 1 8 1 8 1 9 12 1 1 10 100 12 1 1 100 1 10 11 12 1 8 1 8 1 10 7 12 1 1 8 1 10 12 1 8 1 100 1 10 12 1 9 12 1 1 10 12 1 10 7 12 1 9 12 1 1 10 12 1 1 100 1 8 1 10 12 1 10 100 12 1 1 10 12 1 1 100 1 10 100 12 1 1 1 10 12 1 11 100 12 1 1 1 11 100 12 1 1 1 11 12 1 8 1 10 12 1 1 8 1 10 10 9 100 12 1 1 1 8 1 10 12 1 1 10 100 1 8 1 10 11 12 1 1 8 1 9 12 1 10 100 12 1 1 11 9 12 1 1 11 12 1 1 100 10 12 1 10 12 1 1 100 1 1 1 1 5 0 1 1 1 1 1 1 1 1 1 1 1 1 1 100 1 1 1 1 1 1 1 1 1 1 1 1 1 1 1 1 1 1 1 1 1 1 1 1 1 1 1 1 1 1 1 1 1 1 1 1 1 1 1 1 1 1 100 1 100 1 1 1 1 1 1 1 1 1 1 1 1 1 1 1 1 1 1
staticfield java/lang/Throwable UNASSIGNED_STACK [Ljava/lang/StackTraceElement; 0 [Ljava/lang/StackTraceElement;
staticfield java/lang/Throwable SUPPRESSED_SENTINEL Ljava/util/List; java/util/Collections$EmptyList
staticfield java/lang/Throwable EMPTY_THROWABLE_ARRAY [Ljava/lang/Throwable; 0 [Ljava/lang/Throwable;
staticfield java/lang/Throwable $assertionsDisabled Z 1
instanceKlass ui/views/Y/a/a$c
instanceKlass java/awt/print/PrinterException
instanceKlass de/concept/nlview/NlviewException
instanceKlass de/concept/nlview/NlviewArgListException
instanceKlass java/beans/PropertyVetoException
instanceKlass java/util/prefs/BackingStoreException
instanceKlass java/awt/datatransfer/UnsupportedFlavorException
instanceKlass javax/help/InvalidHelpSetContextException
instanceKlass javax/help/InvalidNavigatorViewException
instanceKlass javax/help/HelpSetException
instanceKlass java/text/ParseException
instanceKlass javax/swing/UnsupportedLookAndFeelException
instanceKlass java/awt/geom/NoninvertibleTransformException
instanceKlass org/apache/batik/transcoder/TranscoderException
instanceKlass java/awt/FontFormatException
instanceKlass java/lang/CloneNotSupportedException
instanceKlass javax/swing/text/BadLocationException
instanceKlass java/awt/AWTException
instanceKlass javax/xml/xpath/XPathException
instanceKlass org/xml/sax/SAXException
instanceKlass javax/xml/parsers/ParserConfigurationException
instanceKlass java/net/URISyntaxException
instanceKlass java/security/GeneralSecurityException
instanceKlass ui/utils/k
instanceKlass ui/frmwork/cmd/CommandFailedException
instanceKlass java/lang/InterruptedException
instanceKlass java/security/PrivilegedActionException
instanceKlass java/io/IOException
instanceKlass java/lang/ReflectiveOperationException
instanceKlass java/lang/RuntimeException
ciInstanceKlass java/lang/Exception 1 1 40 10 7 12 1 1 1 10 12 1 10 12 1 10 12 1 10 12 1 100 1 1 1 1 5 0 1 1 1 1 1 1 1 1 1 1 1 1 1 1
instanceKlass java/lang/InstantiationException
instanceKlass java/lang/IllegalAccessException
instanceKlass java/lang/reflect/InvocationTargetException
instanceKlass java/lang/NoSuchFieldException
instanceKlass java/lang/NoSuchMethodException
instanceKlass java/lang/ClassNotFoundException
ciInstanceKlass java/lang/ReflectiveOperationException 1 1 34 10 7 12 1 1 1 10 12 1 10 12 1 10 12 1 100 1 1 1 1 5 0 1 1 1 1 1 1 1 1 1 1 1
instanceKlass javax/help/UnsupportedOperationException
instanceKlass javax/swing/undo/CannotRedoException
instanceKlass javax/swing/undo/CannotUndoException
instanceKlass com/jidesoft/grid/EditingNotStoppedException
instanceKlass com/sun/beans/finder/SignatureException
instanceKlass org/w3c/dom/events/EventException
instanceKlass org/w3c/css/sac/CSSException
instanceKlass org/apache/batik/css/parser/ParseException
instanceKlass org/apache/batik/parser/ParseException
instanceKlass org/apache/batik/bridge/InterruptedBridgeException
instanceKlass org/apache/batik/dom/svg/LiveAttributeException
instanceKlass org/w3c/dom/svg/SVGException
instanceKlass org/apache/batik/bridge/BridgeException
instanceKlass ui/utils/X
instanceKlass java/util/MissingResourceException
instanceKlass java/util/NoSuchElementException
instanceKlass org/w3c/dom/DOMException
instanceKlass java/lang/SecurityException
instanceKlass java/lang/IndexOutOfBoundsException
instanceKlass java/lang/IllegalStateException
instanceKlass java/lang/UnsupportedOperationException
instanceKlass java/lang/IllegalArgumentException
instanceKlass java/lang/ArithmeticException
instanceKlass java/lang/NullPointerException
instanceKlass java/lang/IllegalMonitorStateException
instanceKlass java/lang/ArrayStoreException
instanceKlass java/lang/ClassCastException
ciInstanceKlass java/lang/RuntimeException 1 1 40 10 7 12 1 1 1 10 12 1 10 12 1 10 12 1 10 12 1 100 1 1 1 1 5 0 1 1 1 1 1 1 1 1 1 1 1 1 1 1
instanceKlass java/awt/AWTError
instanceKlass java/lang/AssertionError
instanceKlass java/lang/VirtualMachineError
instanceKlass java/lang/LinkageError
instanceKlass java/lang/ThreadDeath
ciInstanceKlass java/lang/Error 1 1 40 10 7 12 1 1 1 10 12 1 10 12 1 10 12 1 10 12 1 100 1 1 1 1 5 0 1 1 1 1 1 1 1 1 1 1 1 1 1 1
instanceKlass java/lang/StackOverflowError
instanceKlass java/lang/OutOfMemoryError
instanceKlass java/lang/InternalError
ciInstanceKlass java/lang/VirtualMachineError 1 1 34 10 100 12 1 1 1 10 12 1 10 12 1 10 12 1 100 1 1 1 1 5 0 1 1 1 1 1 1 1 1 1 1 1
ciInstanceKlass java/lang/StackOverflowError 1 1 26 10 100 12 1 1 1 10 12 1 100 1 1 1 1 5 0 1 1 1 1 1 1 1 1 1
instanceKlass java/lang/UnsatisfiedLinkError
instanceKlass java/lang/ExceptionInInitializerError
instanceKlass java/lang/IncompatibleClassChangeError
instanceKlass java/lang/BootstrapMethodError
instanceKlass java/lang/NoClassDefFoundError
ciInstanceKlass java/lang/LinkageError 1 1 31 10 7 12 1 1 1 10 12 1 10 12 1 100 1 1 1 1 5 0 1 1 1 1 1 1 1 1 1 1 1
ciInstanceKlass java/lang/ArrayStoreException 1 1 26 10 100 12 1 1 1 10 12 1 100 1 1 1 1 5 0 1 1 1 1 1 1 1 1 1
ciInstanceKlass java/lang/ThreadDeath 0 0 21 10 100 12 1 1 1 100 1 1 1 1 5 0 1 1 1 1 1 1 1
ciInstanceKlass java/lang/StackTraceElement 1 1 224 10 7 12 1 1 1 10 7 12 1 1 9 12 1 1 9 12 1 1 9 12 1 9 12 1 8 1 10 100 12 1 1 1 100 1 9 12 1 8 1 9 12 1 9 12 1 9 12 1 1 8 1 10 12 1 1 10 12 1 100 1 10 10 12 1 1 8 1 10 12 1 1 10 12 1 8 1 8 1 8 1 10 12 1 8 1 8 1 10 12 1 8 1 8 1 10 12 1 1 10 12 1 10 12 1 1 10 12 1 9 12 1 1 10 7 12 1 1 1 10 12 1 1 7 1 10 12 1 1 10 7 12 1 1 10 7 12 1 1 1 10 7 12 1 1 10 7 12 1 1 10 10 12 1 1 10 12 1 10 12 1 1 100 1 1 1 1 1 3 1 3 1 1 5 0 1 1 1 1 1 1 1 1 1 1 1 1 1 1 1 1 1 1 1 1 1 1 1 1 1 1 100 1 100 1 1 1 1 1 1 1 1 1 1 100 1 1 1 1 1 1 1 1
instanceKlass java/util/LinkedHashMap$LinkedValues
instanceKlass java/util/IdentityHashMap$Values
instanceKlass java/util/AbstractQueue
instanceKlass java/util/HashMap$Values
instanceKlass java/util/ArrayDeque
instanceKlass java/util/AbstractSet
instanceKlass java/util/ImmutableCollections$AbstractImmutableCollection
instanceKlass java/util/AbstractList
ciInstanceKlass java/util/AbstractCollection 1 1 160 10 7 12 1 1 1 10 7 12 1 1 1 10 12 1 1 11 7 12 1 1 1 11 12 1 1 10 12 1 1 10 100 12 1 1 1 10 12 1 1 10 12 1 1 10 7 12 1 1 10 7 12 1 1 1 7 1 10 100 12 1 1 1 10 100 12 1 1 1 100 1 10 11 12 1 11 7 1 10 12 1 10 12 1 10 100 12 1 1 1 11 8 1 100 1 10 10 12 1 1 8 1 10 12 1 10 12 1 1 1 1 1 1 1 1 1 1 1 1 1 1 1 1 1 1 1 1 1 1 1 1 1 1 1 1 1 1 1 1 1 1 1 1 1 1 1 1 1 1 1 1 1 1 1 1 1 1 1 1
ciInstanceKlass java/lang/Boolean 1 1 151 10 7 12 1 1 1 9 7 12 1 1 1 10 12 1 1 10 12 1 8 1 10 7 12 1 1 9 12 1 1 9 12 1 8 1 10 12 1 1 10 12 1 1 10 7 12 1 1 1 100 1 100 1 10 12 1 1 9 100 12 1 1 9 12 10 100 12 1 1 1 10 12 1 1 8 1 10 7 12 1 1 1 9 12 1 1 100 1 100 1 100 1 1 1 1 1 1 5 0 1 1 1 1 1 1 1 1 1 1 3 1 1 1 1 1 1 1 1 1 1 1 1 1 1 1 1 1 1 1 1 100 1 1 1 1 1 1 1 1 1 1 100 1 1 1 1 1 1 1 1
staticfield java/lang/Boolean TRUE Ljava/lang/Boolean; java/lang/Boolean
staticfield java/lang/Boolean FALSE Ljava/lang/Boolean; java/lang/Boolean
staticfield java/lang/Boolean TYPE Ljava/lang/Class; java/lang/Class
instanceKlass java/util/concurrent/locks/AbstractQueuedSynchronizer
ciInstanceKlass java/util/concurrent/locks/AbstractOwnableSynchronizer 1 1 32 10 7 12 1 1 1 9 7 12 1 1 1 100 1 1 1 1 5 0 1 1 1 1 1 1 1 1 1 1 1 1
instanceKlass java/lang/LiveStackFrameInfo
ciInstanceKlass java/lang/StackFrameInfo 0 0 132 10 100 12 1 1 1 9 100 12 1 1 1 9 100 1 9 12 1 1 11 100 12 1 1 1 9 12 1 1 11 12 1 1 10 12 1 1 10 100 12 1 1 1 10 12 1 11 12 1 11 12 1 1 11 12 1 10 12 1 1 9 12 1 1 10 12 1 1 10 100 12 1 1 10 12 1 1 11 12 1 1 10 12 1 9 12 1 1 10 12 1 1 100 1 8 1 10 12 1 10 100 12 1 1 1 100 1 1 1 1 1 1 1 1 1 1 1 1 1 1 1 1 1 1 100 1 1 1 1 1 1
ciInstanceKlass java/lang/LiveStackFrameInfo 0 0 97 10 100 12 1 1 1 9 100 12 1 1 1 9 12 1 9 12 1 9 12 1 9 12 1 1 100 1 10 12 1 1 10 12 1 8 1 10 12 1 1 8 1 8 1 8 1 10 100 1 10 12 1 100 1 10 12 1 100 1 100 1 1 1 3 1 3 1 1 1 1 1 1 1 1 1 1 1 1 1 1 1 1 1 1 1 1 1 1 1 1 1 1 1 100 1 1
ciMethod java/lang/Boolean booleanValue ()Z 256 0 128 0 -1
ciMethod java/lang/Boolean valueOf (Z)Ljava/lang/Boolean; 512 0 11940 0 -1
ciInstanceKlass java/lang/Character 1 1 576 7 1 100 1 100 1 9 12 1 1 8 1 9 12 1 1 100 1 9 12 1 1 10 100 12 1 1 1 10 100 12 1 1 1 10 100 12 1 1 1 10 7 12 1 1 1 9 7 12 1 1 1 10 12 1 10 12 1 1 10 12 1 1 10 7 12 1 1 10 12 1 1 3 3 3 3 3 10 12 1 1 10 12 1 3 11 7 12 1 1 1 11 12 1 1 10 12 1 1 10 12 1 1 100 1 10 10 12 1 3 10 12 1 1 10 12 1 10 12 1 1 100 1 8 1 10 12 1 1 10 12 1 10 12 1 10 12 1 10 12 1 10 12 1 1 10 12 1 10 7 12 1 1 10 10 12 1 10 10 12 1 10 12 1 1 10 12 1 10 10 12 1 10 12 1 10 12 1 10 12 1 10 12 1 10 12 1 10 12 1 10 12 10 10 12 10 10 12 1 10 10 12 1 10 10 12 1 10 10 12 1 10 10 12 1 10 10 12 1 10 10 12 1 1 10 10 12 1 10 5 0 10 12 1 10 12 1 10 10 12 1 10 10 12 1 1 10 10 12 1 10 10 12 1 9 12 1 1 100 1 10 10 12 1 10 12 1 1 3 10 100 12 1 1 1 10 12 1 10 100 12 1 1 100 1 10 10 12 1 1 10 12 1 1 10 12 1 1 8 1 10 12 1 9 100 12 1 1 1 10 12 1 10 10 12 1 10 12 1 1 10 12 1 10 10 12 1 1 10 10 12 1 1 100 1 8 1 10 12 1 1 10 7 12 1 1 1 8 1 10 12 1 1 9 12 1 1 100 1 100 1 100 1 1 1 1 3 1 3 1 3 1 3 1 1 1 1 1 3 1 1 3 1 3 1 3 1 3 1 3 1 3 1 3 1 3 1 3 1 3 1 3 1 3 1 3 1 3 1 3 1 3 1 3 1 3 1 3 1 3 1 3 1 3 1 3 1 3 1 3 1 3 1 3 1 3 1 1 1 1 1 1 1 1 1 1 1 1 1 1 1 1 1 1 1 3 1 1 1 1 1 1 1 3 1 1 3 1 1 1 1 1 3 1 1 5 0 1 1 1 1 1 1 1 1 1 1 1 1 1 1 1 1 1 1 1 1 1 1 1 1 1 1 1 1 1 1 1 1 1 1 1 1 1 1 1 1 1 1 1 1 1 1 1 1 1 1 1 1 1 1 1 1 1 1 1 1 1 1 1 1 1 1 1 1 1 1 1 1 1 1 1 1 1 1 1 1 1 1 1 1 1 1 1 1 1 100 1 100 1 1 1 1 1 1
staticfield java/lang/Character TYPE Ljava/lang/Class; java/lang/Class
staticfield java/lang/Character $assertionsDisabled Z 1
ciInstanceKlass java/lang/Float 1 1 223 7 1 100 1 10 7 12 1 1 1 10 100 12 1 1 1 4 100 1 10 12 1 1 10 12 1 1 8 1 8 1 10 100 12 1 1 1 10 12 1 1 10 12 1 1 10 4 4 4 10 7 12 1 1 9 12 1 1 10 12 1 1 10 12 1 10 12 1 10 12 1 1 10 12 1 10 12 1 3 10 12 1 1 10 12 1 1 10 12 1 10 100 12 1 1 1 10 12 1 1 10 12 1 1 8 1 10 7 12 1 1 1 9 12 1 1 100 1 100 1 100 1 1 1 1 1 4 1 1 1 4 1 1 3 1 3 1 3 1 3 1 1 1 1 5 0 1 1 1 1 1 1 1 1 1 1 100 1 1 1 1 1 1 1 1 1 1 1 1 1 3 1 1 1 1 1 1 1 1 1 1 1 1 1 1 1 1 1 1 1 1 1 1 1 1 1 1 1 1 1 1 1 1 1 1 1 1 1 1 100 1 1 1 1 1 1 1 100 1 100 1 1
staticfield java/lang/Float TYPE Ljava/lang/Class; java/lang/Class
instanceKlass java/math/BigDecimal
instanceKlass java/util/concurrent/atomic/Striped64
instanceKlass java/math/BigInteger
instanceKlass java/util/concurrent/atomic/AtomicLong
instanceKlass java/util/concurrent/atomic/AtomicInteger
instanceKlass java/lang/Long
instanceKlass java/lang/Integer
instanceKlass java/lang/Short
instanceKlass java/lang/Byte
instanceKlass java/lang/Double
instanceKlass java/lang/Float
ciInstanceKlass java/lang/Number 1 1 37 10 7 12 1 1 1 10 100 12 1 1 1 100 1 1 1 1 5 0 1 1 1 1 1 1 1 1 1 1 1 1 1 1 1 1 1
ciMethod java/lang/Number intValue ()I 0 0 1 0 -1
ciInstanceKlass java/lang/Integer$IntegerCache 1 1 93 10 100 12 1 1 1 7 1 10 7 12 1 1 1 9 7 12 1 1 1 8 1 10 7 12 1 1 1 10 12 1 1 10 100 12 1 1 1 3 10 12 1 100 1 9 12 1 1 10 7 12 1 1 1 9 12 1 1 10 12 1 9 12 1 100 1 10 1 1 3 1 1 1 1 1 1 1 1 1 1 1 1 1 1 100 1 100 1 1 1 1 1
staticfield java/lang/Integer$IntegerCache high I 127
staticfield java/lang/Integer$IntegerCache cache [Ljava/lang/Integer; 256 [Ljava/lang/Integer;
staticfield java/lang/Integer$IntegerCache $assertionsDisabled Z 1
ciInstanceKlass java/lang/Double 1 1 285 7 1 100 1 10 7 12 1 1 1 10 12 1 1 10 12 1 100 1 10 12 1 1 10 7 12 1 1 1 6 0 8 1 10 12 1 1 8 1 10 12 1 1 8 1 6 0 10 12 1 1 100 1 5 0 5 0 8 1 8 1 10 100 12 1 1 1 10 100 12 1 1 1 8 1 10 12 1 1 8 1 8 1 8 1 10 12 1 1 10 12 1 10 12 1 1 10 12 1 10 12 1 10 12 1 1 10 12 1 10 6 0 6 0 6 0 10 7 12 1 1 9 12 1 1 10 12 1 10 12 1 10 12 1 10 12 1 5 0 10 12 1 1 10 12 1 10 12 1 10 100 12 1 1 1 10 12 1 1 10 12 1 1 8 1 10 7 12 1 1 1 9 12 1 1 100 1 100 1 100 1 1 1 1 1 6 0 1 1 1 6 0 1 1 3 1 3 1 3 1 3 1 1 1 1 5 0 1 1 1 1 1 1 1 1 1 1 1 1 1 1 1 1 100 1 1 1 1 1 1 1 1 1 1 1 1 3 1 1 1 1 1 1 1 1 1 1 1 1 1 1 1 1 1 1 1 1 1 1 1 1 1 1 1 1 1 1 1 1 1 1 100 1 1 1 1 1 1 1 100 1 100 1 1
staticfield java/lang/Double TYPE Ljava/lang/Class; java/lang/Class
ciInstanceKlass java/lang/Byte 1 1 215 7 1 100 1 10 100 12 1 1 1 9 12 1 1 8 1 9 12 1 1 100 1 10 12 1 1 10 12 1 1 10 100 12 1 1 1 10 100 12 1 1 1 9 7 12 1 1 1 10 12 1 1 100 1 100 1 10 12 1 1 8 1 10 12 1 1 8 1 10 12 1 10 12 1 10 12 1 10 12 1 1 10 12 1 10 12 1 10 12 1 1 10 8 1 8 1 10 7 1 9 12 1 1 10 12 1 10 12 1 1 10 12 1 1 10 12 1 1 10 12 1 5 0 10 12 1 1 8 1 10 7 12 1 1 1 9 12 1 1 100 1 100 1 1 1 3 1 3 1 1 1 1 3 1 3 1 1 5 0 1 1 1 1 1 1 1 1 1 1 1 1 1 1 1 1 1 1 1 1 1 1 1 1 1 1 1 1 1 1 1 1 1 1 1 1 1 1 1 1 1 1 1 1 1 1 1 1 1 1 1 1 1 1 1
staticfield java/lang/Byte TYPE Ljava/lang/Class; java/lang/Class
ciInstanceKlass java/lang/Short 1 1 224 7 1 100 1 100 1 10 100 12 1 1 1 10 12 1 1 100 1 100 1 10 12 1 1 8 1 10 12 1 1 8 1 10 12 1 10 12 1 10 12 1 10 12 1 1 10 12 1 1 10 12 1 9 12 1 1 8 1 9 12 1 1 100 1 10 12 1 1 10 12 1 10 100 12 1 1 1 10 100 12 1 1 1 9 7 12 1 1 1 10 12 1 10 12 1 1 10 8 1 8 1 10 7 1 9 12 1 1 10 12 1 10 12 1 1 10 12 1 1 10 12 1 1 10 12 1 3 3 5 0 10 12 1 1 8 1 10 7 12 1 1 1 9 12 1 1 100 1 100 1 1 1 3 1 3 1 1 1 1 3 1 3 1 1 5 0 1 1 1 1 1 1 1 1 1 1 1 1 1 1 1 1 1 1 1 1 1 1 1 1 1 1 1 3 1 1 1 1 1 1 1 1 1 1 1 1 1 1 1 1 1 1 1 1 1 1 1 1 1 1 1 1 1
staticfield java/lang/Short TYPE Ljava/lang/Class; java/lang/Class
ciInstanceKlass java/lang/Integer 1 1 445 7 1 100 1 7 1 7 1 10 12 1 1 9 12 1 1 9 12 1 1 10 100 12 1 1 1 10 12 1 1 10 100 12 1 1 1 10 10 12 1 1 10 100 12 1 1 1 10 12 1 10 12 1 1 10 7 12 1 1 1 10 12 1 1 10 12 1 1 10 12 1 10 12 1 10 12 1 1 10 10 12 1 9 12 1 1 9 12 1 100 1 8 1 10 12 1 100 1 10 12 1 8 1 10 12 1 1 10 12 1 8 1 10 12 1 8 1 10 12 1 1 3 10 12 1 1 3 10 12 1 1 10 12 1 1 10 7 12 1 1 1 11 7 1 100 1 10 11 10 12 1 1 8 1 10 12 1 1 8 1 100 1 10 12 1 1 10 12 1 1 5 0 8 1 10 12 1 10 12 1 10 12 1 10 12 1 1 7 1 9 12 1 1 9 12 1 1 10 12 1 10 7 1 9 12 1 10 12 1 10 12 1 10 12 1 1 10 7 12 1 1 1 100 1 100 1 10 12 1 1 10 12 1 1 8 1 8 1 10 12 1 1 8 1 8 1 8 1 8 1 8 1 8 1 10 12 1 10 12 1 10 12 1 5 0 3 3 3 3 10 12 1 3 10 12 1 10 100 12 1 1 1 10 12 1 1 10 12 1 1 8 1 10 7 12 1 1 1 9 12 1 1 3 3 3 3 3 3 9 12 1 1 100 1 100 1 100 1 1 1 1 1 1 1 3 1 3 1 1 5 0 1 1 1 1 1 1 1 1 1 100 1 1 1 1 1 1 1 1 1 1 1 1 1 1 1 1 1 1 1 1 1 1 1 1 1 1 1 1 1 1 1 1 1 1 1 1 1 1 1 3 1 1 1 1 1 1 1 1 1 1 1 1 1 1 1 1 100 1 1 1 1 1 1 1 1 1 1 1 1 1 1 1 1 1 1 1 1 1 1 1 1 1 1 1 1 1 1 1 100 1 1 1 1 1 1 1 1 1 100 1 100 1 1
staticfield java/lang/Integer TYPE Ljava/lang/Class; java/lang/Class
staticfield java/lang/Integer digits [C 36
staticfield java/lang/Integer DigitTens [B 100
staticfield java/lang/Integer DigitOnes [B 100
staticfield java/lang/Integer sizeTable [I 10
ciMethod java/lang/Integer intValue ()I 256 0 128 0 -1
ciMethod java/lang/Integer <init> (I)V 756 0 5501 0 -1
ciMethod java/lang/Integer bitCount (I)I 444 0 429 0 -1
ciMethod java/lang/Integer valueOf (I)Ljava/lang/Integer; 118 0 15463 0 -1
ciInstanceKlass java/lang/Long 1 1 506 7 1 100 1 7 1 7 1 10 12 1 1 9 12 1 1 9 7 12 1 1 1 10 100 12 1 1 1 10 12 1 1 10 100 12 1 1 1 10 10 12 10 12 1 10 12 1 10 12 1 5 0 5 0 7 1 10 12 1 1 10 12 1 1 10 12 1 10 12 1 10 12 1 10 12 1 1 10 100 12 1 1 10 12 1 10 12 1 1 10 12 1 1 10 12 1 1 10 12 1 1 10 100 12 1 1 1 10 12 1 1 10 12 1 10 12 1 10 12 1 10 12 1 1 10 10 12 1 5 0 5 0 9 12 1 1 9 12 1 5 0 100 1 8 1 10 12 1 8 1 10 12 1 8 1 8 1 10 12 1 1 5 0 10 12 1 1 5 0 10 12 1 1 10 12 1 1 10 100 12 1 1 1 11 100 1 100 1 10 11 10 12 1 1 8 1 10 12 1 1 8 1 100 1 10 12 1 1 10 12 1 8 1 8 1 11 12 1 1 10 12 1 10 12 1 10 12 1 5 0 5 0 9 7 12 1 1 1 10 12 1 10 12 1 1 8 1 8 1 10 12 1 1 8 1 8 1 8 1 8 1 8 1 8 1 10 12 1 10 12 1 10 12 1 1 10 7 1 9 12 1 1 10 12 1 10 12 1 1 10 100 12 1 1 1 100 1 100 1 10 12 1 1 10 12 1 1 5 0 10 12 1 10 12 1 5 0 5 0 5 0 10 12 1 1 5 0 5 0 10 12 1 10 12 1 10 100 12 1 1 1 10 12 1 1 10 12 1 1 8 1 10 7 12 1 1 1 9 12 1 1 100 1 100 1 100 1 1 1 1 5 0 1 1 1 1 3 1 3 1 5 0 1 1 1 1 1 1 1 1 1 100 1 1 1 1 1 1 1 1 1 1 1 1 1 1 1 1 1 1 1 1 1 1 1 1 1 1 1 1 1 1 1 1 1 1 1 1 1 1 1 1 1 1 1 1 1 1 1 1 1 1 1 1 1 1 3 1 1 1 1 1 1 1 1 1 1 1 1 1 1 1 100 1 1 1 1 1 1 1 1 1 1 1 1 1 1 1 1 1 1 1 1 1 1 1 1 1 1 1 100 1 1 1 1 1 1 1 1 1 100 1 100 1 1
staticfield java/lang/Long TYPE Ljava/lang/Class; java/lang/Class
instanceKlass java/lang/ref/PhantomReference
instanceKlass java/lang/ref/FinalReference
instanceKlass java/lang/ref/WeakReference
instanceKlass java/lang/ref/SoftReference
ciInstanceKlass java/lang/ref/Reference 1 1 195 9 7 12 1 1 1 9 7 12 1 1 10 12 1 1 10 12 1 1 9 12 1 1 10 12 1 1 9 12 1 1 9 12 1 1 7 1 10 12 1 10 7 12 1 1 10 12 1 10 12 1 1 10 12 1 9 12 1 10 12 1 1 10 12 1 10 12 1 9 12 1 100 1 100 1 10 12 1 9 12 1 9 12 1 100 1 10 10 12 1 10 10 7 12 1 1 10 7 12 1 1 1 10 12 1 1 10 7 12 1 1 7 1 8 1 10 12 1 10 12 1 1 10 12 1 1 10 12 1 7 1 10 10 7 12 1 1 1 1 1 1 1 1 1 1 1 1 1 1 1 1 1 1 1 100 1 1 1 100 1 1 1 1 1 1 1 1 1 1 1 1 1 1 1 1 1 1 1 1 1 1 1 1 1 1 1 1 1 1 1 1 1 1 1
staticfield java/lang/ref/Reference processPendingLock Ljava/lang/Object; java/lang/Object
staticfield java/lang/ref/Reference $assertionsDisabled Z 1
instanceKlass sun/awt/SoftCache$ValueCell
instanceKlass com/sun/beans/util/Cache$Kind$Soft
instanceKlass sun/font/FontDesignMetrics$KeyReference
instanceKlass sun/font/StrikeCache$SoftDisposerRef
instanceKlass org/apache/batik/util/CleanerThread$SoftReferenceCleared
instanceKlass sun/util/locale/provider/LocaleResources$ResourceReference
instanceKlass sun/util/resources/Bundles$BundleReference
instanceKlass sun/security/util/MemoryCache$SoftCacheEntry
instanceKlass java/util/ResourceBundle$BundleReference
instanceKlass sun/util/locale/LocaleObjectCache$CacheEntry
instanceKlass java/lang/invoke/LambdaFormEditor$Transform
ciInstanceKlass java/lang/ref/SoftReference 1 1 47 10 7 12 1 1 1 9 7 12 1 1 1 9 12 1 10 12 1 10 12 1 1 1 1 1 1 1 1 1 1 1 1 1 1 1 1 1 1 1 1 100 1 1 1 1 1
ciInstanceKlass java/security/PrivilegedAction 1 0 14 100 1 100 1 1 1 1 1 1 1 1 1 1
instanceKlass com/jidesoft/plaf/ExtWindowsDesktopProperty$WeakPCL
instanceKlass com/jidesoft/plaf/WindowsDesktopProperty$WeakPCL
instanceKlass java/beans/WeakIdentityMap$Entry
instanceKlass javax/swing/text/DefaultStyledDocument$AbstractChangeHandler$DocReference
instanceKlass javax/swing/ActionPropertyChangeListener$OwnedWeakReference
instanceKlass javax/swing/text/GapContent$MarkData
instanceKlass javax/swing/plaf/synth/SynthLookAndFeel$AATextListener
instanceKlass sun/java2d/ReentrantContextProvider$HardReference
instanceKlass sun/awt/image/ImageWatched$AccWeakReference
instanceKlass java/util/logging/LogManager$LoggerWeakRef
instanceKlass java/util/logging/Level$KnownLevel
instanceKlass javax/swing/plaf/metal/MetalLookAndFeel$AATextListener
instanceKlass java/lang/ClassValue$Entry
instanceKlass java/util/ResourceBundle$KeyElementReference
instanceKlass java/lang/ThreadLocal$ThreadLocalMap$Entry
instanceKlass java/lang/WeakPairMap$WeakRefPeer
instanceKlass java/lang/invoke/MethodType$ConcurrentWeakInternSet$WeakEntry
instanceKlass java/util/WeakHashMap$Entry
ciInstanceKlass java/lang/ref/WeakReference 1 1 31 10 7 12 1 1 1 10 12 1 100 1 1 1 1 1 1 1 1 1 1 1 1 1 1 1 1 1 1 1 1
ciInstanceKlass java/util/logging/Level 1 1 294 10 7 12 1 1 1 10 12 1 10 7 12 1 1 100 1 10 9 12 1 1 9 12 1 1 9 12 1 9 12 1 9 12 1 1 10 7 12 1 1 1 10 12 1 1 10 12 1 1 10 100 12 1 1 1 9 100 12 1 1 1 11 100 12 1 1 1 10 100 12 1 1 1 8 1 10 100 12 1 1 1 10 12 1 1 9 100 12 1 1 10 10 12 1 1 10 12 1 10 12 1 10 12 1 100 1 18 12 1 1 10 12 1 1 10 7 12 1 1 1 10 12 1 1 10 100 12 1 1 1 10 12 1 1 10 12 1 100 1 10 12 1 10 12 1 1 10 12 1 1 18 100 1 18 12 1 10 12 1 8 1 3 9 12 1 8 1 9 12 8 1 9 12 8 1 9 12 8 1 9 12 8 1 9 12 8 1 9 12 8 1 9 12 8 1 3 9 12 9 12 1 1 100 1 1 1 1 1 5 0 1 1 1 1 1 1 1 1 1 1 1 1 1 1 1 1 1 1 1 1 100 1 1 1 1 1 1 1 1 1 1 1 1 1 1 1 1 1 1 1 1 1 1 1 1 1 1 15 10 7 12 1 1 1 16 1 15 10 12 1 1 16 1 15 10 12 1 15 10 100 12 1 1 8 1 1 1 1 100 1 100 1 1
staticfield java/util/logging/Level OFF Ljava/util/logging/Level; java/util/logging/Level
staticfield java/util/logging/Level SEVERE Ljava/util/logging/Level; java/util/logging/Level
staticfield java/util/logging/Level WARNING Ljava/util/logging/Level; java/util/logging/Level
staticfield java/util/logging/Level INFO Ljava/util/logging/Level; java/util/logging/Level
staticfield java/util/logging/Level CONFIG Ljava/util/logging/Level; java/util/logging/Level
staticfield java/util/logging/Level FINE Ljava/util/logging/Level; java/util/logging/Level
staticfield java/util/logging/Level FINER Ljava/util/logging/Level; java/util/logging/Level
staticfield java/util/logging/Level FINEST Ljava/util/logging/Level; java/util/logging/Level
staticfield java/util/logging/Level ALL Ljava/util/logging/Level; java/util/logging/Level
staticfield java/util/logging/Level standardLevels [Ljava/util/logging/Level; 9 [Ljava/util/logging/Level;
instanceKlass java/util/logging/LogManager$RootLogger
ciInstanceKlass java/util/logging/Logger 1 1 740 10 7 12 1 1 1 9 7 12 1 1 1 10 12 1 1 10 7 12 1 1 9 12 1 1 9 12 1 9 12 1 1 9 12 1 1 7 1 10 9 12 1 1 9 12 1 1 10 12 1 1 9 12 1 10 7 12 1 1 1 100 1 8 1 10 12 1 10 12 1 10 12 1 1 7 1 10 12 1 9 12 1 1 10 12 1 1 100 1 10 9 7 12 1 1 10 7 12 1 1 1 10 7 12 1 1 1 10 12 1 1 10 12 1 10 7 12 1 1 1 10 12 1 1 10 10 12 10 12 1 8 1 10 12 1 10 12 1 1 10 12 1 8 1 10 12 10 12 1 1 10 12 1 1 10 12 1 1 9 7 12 1 1 10 12 1 1 9 12 1 1 10 100 12 1 1 1 10 12 1 1 11 100 12 1 1 10 12 1 1 10 12 1 10 7 12 1 1 1 9 12 1 10 12 1 1 9 12 1 10 12 1 1 10 12 1 10 12 1 1 9 12 1 1 10 12 1 10 12 1 1 10 12 1 10 12 1 10 12 1 11 100 1 10 12 1 1 10 12 1 1 10 12 1 10 12 1 10 100 12 1 1 10 12 1 10 12 1 9 7 12 1 1 1 8 1 10 12 1 1 8 1 10 12 1 100 1 10 10 12 1 1 10 12 1 10 12 1 10 12 1 8 1 8 1 8 1 9 12 1 10 12 9 12 1 9 12 1 9 12 1 9 12 1 9 12 1 10 12 1 9 12 1 1 10 12 1 1 10 12 1 9 12 1 9 12 1 1 10 12 1 1 9 12 1 10 7 12 1 1 1 10 12 1 1 10 12 1 9 12 1 1 9 12 1 1 10 7 12 1 1 1 7 10 12 1 1 9 12 1 10 100 12 1 1 1 10 12 1 1 9 12 1 1 10 9 12 1 10 100 12 1 1 1 10 12 1 1 10 100 12 1 1 10 12 1 10 12 1 10 12 1 9 100 12 1 1 1 11 100 12 1 1 1 100 1 18 12 1 1 10 100 12 1 1 1 10 12 1 100 1 18 12 1 1 10 10 12 1 1 9 12 1 18 12 1 10 12 1 10 12 1 10 12 1 8 1 8 1 100 1 10 9 12 1 1 10 7 12 1 1 1 11 7 12 1 1 11 12 1 7 1 10 12 1 11 12 1 10 12 1 10 12 1 10 12 1 1 10 12 1 10 12 1 10 10 12 1 10 12 1 10 12 1 9 12 1 10 12 1 8 10 1 1 1 1 1 1 1 1 1 1 1 1 1 1 1 1 1 1 1 1 1 1 1 1 1 1 100 1 1 1 1 1 1 1 1 1 1 1 1 1 1 1 1 1 1 1 1 1 1 1 1 1 1 1 1 1 1 1 1 1 1 1 1 1 1 1 1 1 1 1 1 1 1 1 1 1 1 1 1 1 1 1 1 1 1 1 1 1 1 1 1 1 1 1 1 1 1 1 1 1 1 1 1 1 1 1 1 1 1 100 1 1 1 1 1 1 1 1 1 1 1 1 1 1 1 1 100 1 1 1 1 1 1 1 1 1 1 1 1 1 1 1 1 1 1 1 1 1 1 1 1 100 1 1 15 10 100 12 1 1 1 16 15 10 12 16 15 10 100 12 1 1 8 1 8 1 1 1 1 1 1 1 100 1 100 1 1
staticfield java/util/logging/Logger emptyHandlers [Ljava/util/logging/Handler; 0 [Ljava/util/logging/Handler;
staticfield java/util/logging/Logger offValue I 2147483647
staticfield java/util/logging/Logger SYSTEM_BUNDLE Ljava/util/logging/Logger$LoggerBundle; java/util/logging/Logger$LoggerBundle
staticfield java/util/logging/Logger NO_RESOURCE_BUNDLE Ljava/util/logging/Logger$LoggerBundle; java/util/logging/Logger$LoggerBundle
staticfield java/util/logging/Logger treeLock Ljava/lang/Object; java/lang/Object
staticfield java/util/logging/Logger global Ljava/util/logging/Logger; java/util/logging/Logger
ciMethod java/util/logging/Logger log (Ljava/util/logging/Level;Ljava/lang/String;)V 0 0 1 0 -1
ciMethod java/util/logging/Logger isLoggable (Ljava/util/logging/Level;)Z 512 0 12021 0 -1
instanceKlass java/lang/ref/Finalizer
ciInstanceKlass java/lang/ref/FinalReference 1 1 47 10 7 12 1 1 1 10 7 12 1 1 1 10 12 1 1 100 1 8 1 10 12 1 1 1 1 1 1 1 1 1 1 1 1 1 1 1 1 1 1 1 1 1 1 1 1
ciInstanceKlass java/lang/ref/Finalizer 1 1 152 9 7 12 1 1 1 10 7 12 1 1 1 9 12 1 1 9 12 1 1 9 12 1 9 12 1 10 12 1 10 12 1 1 9 12 1 1 100 1 10 12 1 7 1 11 7 12 1 1 100 1 10 12 1 100 1 10 12 1 10 100 12 1 1 1 10 100 12 1 1 1 100 1 10 10 12 1 10 7 12 1 1 1 7 1 10 7 1 10 10 7 12 1 1 1 10 12 1 1 10 7 12 1 1 7 1 10 12 1 10 12 1 1 10 12 1 1 10 12 1 1 1 1 1 1 1 1 1 1 1 1 1 1 1 1 1 1 1 1 1 1 1 1 1 1 1 1 1 1 1 1
staticfield java/lang/ref/Finalizer lock Ljava/lang/Object; java/lang/Object
staticfield java/lang/ref/Finalizer $assertionsDisabled Z 1
instanceKlass jdk/internal/ref/PhantomCleanable
instanceKlass jdk/internal/ref/Cleaner
ciInstanceKlass java/lang/ref/PhantomReference 1 1 39 10 100 12 1 1 1 10 7 12 1 1 1 1 1 1 1 1 1 1 1 1 1 1 1 1 1 1 1 1 1 1 1 1 1 1 1 1 1
instanceKlass java/lang/reflect/Executable
instanceKlass java/lang/reflect/Field
ciInstanceKlass java/lang/reflect/AccessibleObject 1 1 398 10 7 12 1 1 1 9 100 12 1 1 1 10 100 12 1 1 1 10 7 12 1 1 10 7 12 1 1 1 10 100 12 1 1 1 10 12 1 1 10 12 1 1 9 12 1 1 100 1 10 7 12 1 1 1 11 12 1 100 1 10 12 1 7 1 100 1 10 12 1 10 12 1 1 7 1 10 7 12 1 1 1 10 12 1 1 7 1 10 12 1 1 7 1 10 10 10 7 12 1 1 1 10 12 1 1 10 12 1 10 12 1 10 12 1 1 10 12 1 8 1 100 1 10 10 12 1 1 8 1 10 12 1 10 12 1 8 1 8 1 8 1 8 1 8 1 8 1 100 1 10 12 1 10 12 1 9 12 1 1 10 12 1 1 10 12 1 10 11 100 1 100 1 8 1 10 10 12 1 10 12 1 1 8 1 10 12 1 8 1 10 12 1 1 10 100 1 8 1 10 11 7 12 1 1 10 12 1 1 10 12 1 1 10 12 1 1 9 12 1 1 100 1 10 12 1 7 1 10 12 1 10 12 1 1 10 100 1 10 12 1 10 12 10 12 1 10 12 1 1 10 12 1 10 12 1 1 10 12 1 9 12 1 10 100 12 1 1 8 1 10 100 12 1 1 1 8 1 10 100 12 1 1 1 9 12 1 100 1 10 7 1 10 10 7 12 1 1 1 7 1 10 10 7 12 1 1 1 7 1 9 12 1 1 1 1 1 1 1 1 1 1 1 1 1 1 1 1 1 1 1 1 1 1 1 1 1 1 1 1 1 1 1 1 1 1 1 1 1 1 1 1 1 1 1 1 1 1 1 1 1 1 1 1 1 1 1 1 1 1 1 1 1 1 1 1 1 1 1 1 1 1 1 1 1 1 1 1 1 1 1 1 1 1 1 1 1
staticfield java/lang/reflect/AccessibleObject reflectionFactory Ljdk/internal/reflect/ReflectionFactory; jdk/internal/reflect/ReflectionFactory
instanceKlass java/lang/reflect/Constructor
instanceKlass java/lang/reflect/Method
ciInstanceKlass java/lang/reflect/Executable 1 1 548 10 7 12 1 1 1 10 7 12 1 1 1 10 7 12 1 1 1 11 7 12 1 1 1 10 7 12 1 1 1 10 12 1 1 10 7 12 1 1 1 10 100 12 1 1 1 10 12 1 8 1 10 10 12 1 1 10 12 1 1 10 100 12 1 1 1 18 12 1 1 11 100 12 1 1 1 8 1 8 1 8 1 10 100 12 1 1 1 11 12 1 1 100 1 8 1 8 1 10 12 1 100 1 8 1 10 12 1 8 1 11 100 12 1 1 1 100 1 10 12 1 1 11 12 1 8 1 18 8 1 10 12 1 10 12 1 1 18 8 1 10 12 1 100 1 10 12 1 10 12 1 11 100 12 1 1 10 12 1 1 8 1 8 1 10 12 1 1 10 12 1 1 10 10 12 1 100 1 10 10 12 1 10 12 1 1 10 100 12 1 1 10 12 1 10 12 1 10 12 1 1 10 100 12 1 1 10 12 1 10 12 1 10 100 12 1 1 1 10 12 1 8 1 10 12 1 10 12 1 3 100 1 8 1 10 12 1 10 12 1 10 10 12 1 10 12 1 1 8 1 8 1 8 1 9 12 1 10 12 1 100 1 8 1 9 12 1 10 12 1 10 12 1 1 10 12 1 1 10 12 1 10 12 10 12 1 100 1 10 12 1 10 12 1 1 100 1 10 100 12 1 1 1 7 1 10 7 12 1 1 1 10 12 1 1 11 7 12 1 1 10 7 12 1 1 10 100 12 1 1 1 10 12 1 1 9 12 1 10 12 1 1 10 12 1 10 12 1 1 9 100 12 1 1 1 10 100 12 1 1 1 10 12 1 10 12 1 1 9 12 1 10 10 10 10 100 12 1 1 1 10 12 1 9 12 1 10 12 1 1 9 12 1 100 1 100 1 1 1 1 1 1 1 1 1 1 1 1 1 1 1 1 1 1 1 1 1 1 1 1 1 1 1 1 1 1 1 1 1 1 100 1 1 1 1 1 1 1 1 100 1 1 1 1 1 1 1 1 1 1 1 1 100 1 1 1 1 1 1 1 1 1 1 1 1 1 1 1 1 1 1 1 1 1 1 1 1 1 1 1 1 1 1 1 1 1 1 1 1 1 1 1 1 1 100 1 1 1 1 1 1 1 1 1 1 1 1 1 1 1 1 1 1 1 1 1 100 1 100 1 1 15 10 100 12 1 1 1 16 15 16 1 16 1 15 10 12 16 1 100 1 1 100 1 100 1 1
ciInstanceKlass java/lang/reflect/Constructor 1 1 429 10 100 12 1 1 1 10 100 12 1 1 9 7 12 1 1 1 10 12 1 1 10 12 1 1 10 100 12 1 1 9 12 1 1 10 7 12 1 1 1 9 12 1 1 9 12 1 1 9 12 1 9 12 1 1 9 12 1 9 12 1 1 9 12 1 1 9 12 1 100 1 8 1 10 12 1 10 12 1 9 12 1 1 10 7 12 1 1 10 7 12 1 1 1 10 12 1 1 10 12 1 1 10 12 1 7 1 100 1 8 1 10 10 12 1 10 12 1 10 12 1 1 10 12 1 1 100 1 10 7 12 1 1 10 12 1 1 10 12 1 10 12 1 1 10 100 12 1 1 1 10 100 12 1 1 10 12 1 1 10 12 1 10 100 12 1 1 1 8 1 10 10 12 1 100 1 8 1 10 12 1 10 12 1 1 10 12 1 1 10 12 1 10 12 1 10 12 1 1 10 12 1 1 9 12 1 1 10 12 1 1 10 12 1 1 10 12 1 8 1 10 12 1 1 11 7 12 1 1 1 10 12 1 1 10 12 1 10 12 1 9 12 1 1 10 7 12 1 1 1 10 12 1 1 10 12 1 1 10 12 1 1 10 12 1 1 10 12 1 9 100 12 1 1 10 12 1 10 12 1 10 12 1 100 1 8 1 10 10 12 1 1 10 12 1 10 10 12 1 1 10 12 1 1 10 100 12 1 1 1 11 100 12 1 1 1 10 12 1 1 9 100 12 1 1 1 10 100 12 1 1 1 10 12 1 1 1 1 1 1 1 1 1 1 1 1 1 1 1 1 1 1 1 1 1 1 1 1 1 1 1 1 1 1 1 1 1 1 1 1 1 1 1 1 1 1 1 1 1 1 1 1 1 1 1 100 1 100 1 100 1 100 1 1 1 1 1 1 1 1 1 1 1 1 1 1 1 1 1 1 1 1 1 1 1 1 1 1 1 1 1 1 1 1 1 100 1 1
ciInstanceKlass java/lang/reflect/Method 1 1 446 9 7 12 1 1 1 10 100 12 1 1 1 10 100 12 1 1 9 12 1 1 10 12 1 1 10 12 1 1 10 100 12 1 1 10 7 12 1 1 1 9 12 1 1 9 12 1 9 12 1 1 9 12 1 9 12 1 9 12 1 1 9 12 1 9 12 1 1 9 12 1 9 12 1 9 12 1 1 100 1 8 1 10 12 1 10 12 1 9 12 1 1 8 1 10 7 12 1 1 10 7 12 1 1 1 10 12 1 1 10 12 1 1 10 12 1 10 12 1 1 10 12 1 1 100 1 10 12 1 1 10 12 10 7 12 1 1 10 12 1 1 10 12 1 10 12 1 10 12 1 10 7 12 1 1 1 10 12 1 1 10 7 1 10 100 12 1 1 1 10 7 12 1 1 10 12 1 1 10 12 1 1 10 12 1 10 7 12 1 1 1 10 12 1 10 8 1 10 12 1 10 12 1 7 1 8 1 8 1 8 1 10 12 1 10 12 1 1 10 12 1 1 10 10 12 1 1 10 12 1 11 100 1 9 12 1 1 10 12 1 1 10 12 1 10 12 1 1 10 12 1 1 11 7 12 1 1 1 10 12 1 10 12 1 10 12 1 10 12 1 10 12 1 9 12 1 1 10 7 12 1 1 1 10 12 1 1 10 7 12 1 1 1 10 7 12 1 1 1 10 7 12 1 1 1 11 7 12 1 1 1 10 7 12 1 1 1 7 1 100 1 100 1 10 12 1 10 12 1 1 10 12 1 100 1 8 1 10 12 1 10 10 12 1 1 10 12 1 1 10 12 1 1 10 12 1 1 8 1 10 12 1 1 1 1 1 1 1 1 1 1 1 1 1 1 1 1 1 1 1 1 1 1 1 1 1 1 1 1 1 1 1 1 1 1 1 1 1 1 1 1 1 1 1 1 1 1 1 1 1 1 1 1 1 100 1 100 1 100 1 1 1 1 1 1 1 1 1 1 1 1 1 1 1 1 1 1 1 1 1 1 1 1 1 1
ciMethod java/lang/reflect/Constructor newInstance ([Ljava/lang/Object;)Ljava/lang/Object; 1896 0 1021 0 -1
ciInstanceKlass java/lang/reflect/Field 1 1 437 9 7 12 1 1 1 10 12 1 1 10 100 12 1 1 1 10 100 12 1 1 9 12 1 1 10 12 1 1 10 12 1 1 10 100 12 1 1 10 7 12 1 1 1 9 12 1 1 9 12 1 9 12 1 9 12 1 1 9 12 1 1 9 12 1 9 12 1 1 9 12 1 1 100 1 8 1 10 12 1 10 12 1 9 12 1 1 9 12 1 10 12 1 10 7 12 1 1 10 12 1 1 10 12 1 1 10 12 1 10 12 1 1 7 1 10 12 1 1 10 12 1 1 10 12 1 1 10 12 1 10 12 1 10 100 1 10 100 12 1 1 100 1 10 8 1 10 12 1 1 10 12 1 1 8 1 10 12 10 12 1 8 1 8 1 10 11 100 1 9 12 1 10 12 1 1 10 12 1 1 11 7 12 1 1 1 11 12 1 1 11 12 1 1 11 12 1 1 11 12 1 1 11 12 1 1 11 12 1 1 11 12 1 1 11 12 1 1 11 12 1 1 11 12 1 1 11 12 1 1 11 12 1 1 11 12 1 1 11 12 1 1 11 12 1 1 11 12 1 1 11 12 1 1 10 12 1 10 100 12 1 1 10 12 1 10 12 1 1 10 12 9 12 1 1 10 7 12 1 1 1 10 12 1 1 10 100 12 1 1 10 12 1 1 11 100 1 10 12 1 100 1 10 100 12 1 1 1 10 100 12 1 1 1 9 12 1 10 100 12 1 1 1 11 100 12 1 1 1 10 12 1 1 10 12 1 1 9 100 12 1 1 1 10 100 12 1 1 1 10 12 1 1 100 1 1 1 1 1 1 1 1 1 1 1 1 1 1 1 1 1 1 1 1 1 1 1 1 1 1 1 1 1 1 1 1 1 1 1 100 1 1 1 1 1 1 1 1 1 1 1 1 1 1 1 1 1 1 1 1 1 1 1 1 1 1 1 1 1 1 1 1 1 1 100 1 1 1 1 1 1 1 1 100 1 1
ciInstanceKlass java/lang/reflect/Parameter 0 0 226 10 100 12 1 1 1 9 100 12 1 1 1 9 12 1 1 9 12 1 1 9 12 1 10 12 1 1 10 12 1 1 10 100 12 1 1 1 100 1 10 10 12 1 1 11 100 12 1 1 1 10 12 1 10 100 12 1 1 1 10 12 1 1 10 12 1 10 12 1 8 1 8 1 10 100 12 1 1 1 10 12 1 10 12 10 12 1 8 1 10 12 1 9 12 1 1 10 12 1 1 9 12 1 1 10 12 1 1 10 12 1 1 10 12 1 1 10 12 1 10 10 12 1 10 100 12 1 1 1 10 12 1 1 11 100 12 1 1 10 100 12 1 1 100 1 10 100 12 1 1 1 10 12 1 1 10 12 1 1 10 12 1 1 10 12 1 1 9 12 1 100 1 10 11 12 1 1 11 12 1 1 100 1 1 1 1 1 1 1 1 1 1 1 1 1 1 1 1 1 1 1 1 1 1 1 1 1 1 1 1 1 1 1 1 1 1 1 1 1 1 100 1 1 1 1
ciInstanceKlass java/lang/StringBuffer 1 1 470 10 7 12 1 1 1 10 12 1 10 12 1 10 12 1 1 9 7 12 1 1 1 10 12 1 1 10 12 1 10 12 1 1 9 12 1 1 10 12 1 10 12 1 1 10 12 1 1 10 12 1 10 12 1 1 10 12 1 10 12 1 1 10 12 1 1 10 7 12 1 1 1 10 12 1 1 10 12 1 10 12 1 10 12 1 10 12 1 10 12 1 10 12 1 10 12 1 10 12 1 10 12 1 10 12 1 10 12 1 10 12 1 10 12 1 10 12 1 1 10 12 1 10 12 1 1 10 12 1 1 10 10 12 1 1 10 12 1 10 12 1 10 12 1 10 12 1 10 12 1 10 12 1 10 12 10 12 1 10 12 1 10 12 1 10 12 1 1 10 12 1 10 12 1 10 10 12 1 1 10 12 1 1 9 12 1 1 10 7 12 1 1 1 10 7 1 10 10 100 12 1 1 1 10 10 12 1 10 8 10 100 12 1 1 1 8 10 12 1 8 1 10 12 1 10 12 1 10 100 12 1 1 1 10 100 12 1 1 1 7 1 10 12 100 1 8 1 10 10 12 1 1 10 12 1 1 10 12 1 1 10 12 1 10 12 1 10 12 1 10 12 1 10 12 1 10 12 1 10 12 1 10 12 1 10 12 1 10 12 1 10 12 1 10 12 1 10 12 1 10 12 1 10 12 1 10 12 1 10 12 10 12 10 12 1 10 12 1 10 12 1 10 12 10 12 1 10 12 1 10 12 1 10 12 1 10 12 1 10 12 1 10 12 1 10 12 1 10 12 1 10 12 1 10 12 1 7 1 10 12 1 9 7 12 1 1 1 9 7 1 9 12 1 1 100 1 100 1 100 1 1 1 1 5 0 1 1 1 1 1 1 1 1 1 1 1 1 1 1 1 1 1 1 1 1 1 1 1 1 1 1 1 1 1 1 1 1 1 1 1 1 1 1 1 1 1 1 1 1 1 1 1 1 1 1 1 1 1 1 1 1 1 1 1 1 100 1 1 1 1 1 100 1 1 1 1 1 1 1 1 1 1 1 1 1 1 1 1 1
staticfield java/lang/StringBuffer serialPersistentFields [Ljava/io/ObjectStreamField; 3 [Ljava/io/ObjectStreamField;
ciInstanceKlass java/lang/CharSequence 1 1 130 11 100 12 1 1 1 18 12 1 1 100 1 10 100 12 1 1 1 18 10 100 12 1 1 1 10 100 12 1 1 1 100 1 11 12 1 1 10 100 12 1 1 1 11 12 1 1 100 1 10 12 1 1 10 100 12 1 1 1 100 1 10 10 12 1 1 1 1 1 1 1 1 1 1 1 1 1 1 1 1 1 1 1 1 1 1 1 1 1 1 1 1 1 1 1 1 1 1 15 10 100 12 1 1 1 16 1 15 11 12 16 15 11 12 1 1 100 1 100 1 1 100 1 1 100 1 100 1 1
instanceKlass java/lang/StringBuilder
instanceKlass java/lang/StringBuffer
ciInstanceKlass java/lang/AbstractStringBuilder 1 1 547 7 1 7 1 10 7 12 1 1 1 9 7 12 1 1 1 9 12 1 9 12 1 1 9 12 1 1 10 7 12 1 1 1 10 12 1 1 3 3 10 12 1 10 12 1 1 11 7 1 100 1 100 1 10 8 1 10 12 1 10 12 1 10 12 1 1 10 12 1 10 12 1 10 12 1 9 12 1 1 10 12 1 1 10 7 12 1 1 1 10 10 12 1 10 12 1 10 12 1 1 10 12 1 1 10 7 12 1 1 1 10 7 12 1 1 1 100 1 8 1 10 10 12 1 1 100 1 10 12 10 12 1 1 10 10 12 1 1 10 12 1 1 10 12 1 1 10 12 1 1 100 1 10 10 12 1 10 7 12 1 1 1 10 12 1 1 10 12 1 10 12 1 1 10 10 12 1 1 10 12 10 12 1 10 12 1 1 10 12 1 1 10 12 1 1 10 12 1 10 10 12 1 1 10 12 1 10 12 1 1 8 1 10 12 1 1 10 12 1 10 12 1 10 12 1 10 12 1 10 12 1 10 12 1 10 7 12 1 1 10 12 1 10 12 1 10 100 12 1 1 1 10 12 1 10 12 1 10 12 1 10 12 1 10 12 1 1 10 12 1 10 12 1 1 10 12 1 1 10 10 7 12 1 1 1 10 12 1 10 12 1 10 12 1 1 10 12 1 10 12 1 10 12 1 10 12 1 10 12 1 10 12 1 10 12 1 10 12 1 10 12 1 1 10 12 1 10 12 1 10 12 10 12 1 1 18 12 1 1 100 1 10 100 12 1 1 1 18 10 12 1 1 10 12 1 10 12 1 1 11 12 1 10 12 1 10 12 1 10 10 12 1 10 8 1 8 1 8 1 10 10 100 1 10 12 1 100 1 10 100 1 10 100 1 1 1 3 1 1 1 1 1 1 1 1 1 1 100 1 1 1 1 1 1 1 1 1 1 1 1 1 1 1 1 1 1 1 1 1 1 1 1 1 1 1 1 1 1 1 1 1 1 1 1 1 1 1 1 1 1 1 1 1 1 1 1 1 1 1 1 1 1 1 1 1 1 1 1 1 1 1 1 1 1 1 1 1 1 1 1 1 1 1 1 1 1 1 1 1 1 1 1 1 1 1 1 1 1 1 1 1 1 1 1 1 100 1 1 100 1 1 1 1 1 100 1 1 1 1 1 1 15 10 100 12 1 1 1 16 1 15 10 12 16 15 10 12 1 1 1 1 100 1 100 1 1
staticfield java/lang/AbstractStringBuilder EMPTYVALUE [B 0
ciInstanceKlass java/lang/SecurityManager 0 0 576 10 100 12 1 1 1 9 100 12 1 1 1 10 100 12 1 1 1 100 1 8 1 10 12 1 10 12 1 1 10 100 12 1 1 1 10 100 1 10 100 1 10 9 100 12 1 1 1 10 100 12 1 1 1 10 12 1 1 10 100 12 1 1 100 1 8 1 10 9 12 1 1 9 12 1 8 1 9 12 1 100 1 10 8 1 10 12 1 1 10 12 1 10 12 1 1 100 1 10 10 12 1 1 100 1 8 1 10 12 1 8 1 8 1 8 1 8 1 8 1 8 1 10 12 1 8 1 8 1 8 1 8 1 8 1 10 100 12 1 1 1 10 12 1 1 8 1 100 1 8 1 10 8 1 8 1 8 1 8 1 8 1 10 100 12 1 1 8 1 100 1 8 1 8 1 10 8 1 10 12 1 100 1 8 1 10 10 12 1 1 10 12 1 10 12 1 10 12 1 10 100 12 1 1 1 10 12 1 10 100 12 1 1 11 100 12 1 1 1 18 12 1 1 11 100 12 1 1 1 18 12 1 1 11 12 1 1 18 18 11 12 1 18 12 1 11 12 1 1 9 12 1 1 9 12 1 9 12 1 9 12 1 100 1 10 100 12 1 1 10 12 1 10 12 1 18 12 1 18 10 100 12 1 1 1 18 12 1 10 12 1 18 18 8 1 10 12 1 9 12 1 1 11 100 12 1 1 1 8 1 100 1 10 12 1 10 12 1 1 10 12 1 1 9 12 1 1 10 12 1 10 12 1 1 8 1 100 1 10 9 12 1 8 1 10 12 1 8 1 100 1 10 10 100 12 1 1 10 100 1 9 100 12 1 1 1 11 12 1 1 10 12 1 11 12 1 10 12 1 100 1 10 10 12 1 1 10 12 1 1 1 1 1 1 1 1 1 1 1 100 1 1 1 1 1 1 1 1 1 1 1 1 1 1 1 1 1 1 1 1 1 1 1 1 1 1 1 1 1 1 1 1 1 1 1 1 1 1 1 1 1 1 1 1 1 1 1 1 1 1 1 1 1 1 1 1 3 1 1 1 1 1 1 1 1 1 1 100 1 1 1 1 1 1 1 1 1 1 1 1 1 1 1 1 1 1 1 1 1 1 1 1 1 1 1 1 1 1 1 1 1 1 1 1 1 1 15 10 100 12 1 1 1 16 15 10 100 12 1 1 1 16 1 16 15 10 12 16 1 15 10 12 16 15 11 100 1 16 1 16 1 15 10 12 16 15 10 12 16 15 10 12 1 16 1 15 11 12 1 15 10 12 16 15 10 16 1 1 1 1 100 1 100 1 1
ciInstanceKlass java/security/AccessControlContext 1 1 373 9 7 12 1 1 1 9 12 1 1 10 100 12 1 1 1 8 1 10 100 12 1 1 1 10 7 12 1 1 1 9 12 1 9 12 1 1 9 12 1 1 10 7 12 1 1 100 1 10 12 1 11 100 12 1 1 1 11 12 1 11 12 1 11 12 1 1 7 1 11 12 1 1 10 12 1 10 7 12 1 1 1 9 100 12 1 1 1 10 100 12 1 1 1 11 100 12 1 1 1 10 7 1 100 1 8 1 10 12 1 10 12 1 1 7 1 10 7 12 1 1 1 9 12 1 9 12 1 9 12 1 9 12 1 1 9 12 1 1 9 12 1 9 12 1 10 7 12 1 1 1 9 12 1 10 12 1 1 10 12 1 1 8 1 10 12 1 1 10 12 1 1 10 100 12 1 1 1 100 1 10 10 12 1 1 10 100 12 1 1 1 10 8 1 10 100 12 1 1 8 1 10 100 12 1 1 8 1 8 1 10 12 1 8 1 10 12 1 8 1 10 12 1 10 12 1 10 12 1 1 8 1 8 1 100 1 10 12 1 10 12 1 1 100 1 10 12 1 8 1 10 12 1 10 12 1 10 8 1 10 12 1 1 10 12 1 1 10 12 1 1 10 12 1 1 10 12 1 10 12 1 10 12 1 10 12 1 1 10 10 10 12 1 1 1 1 1 1 1 1 1 1 1 1 1 1 1 1 1 1 1 1 1 1 1 1 100 1 1 1 1 1 1 1 1 1 1 1 1 1 1 1 1 1 1 1 1 1 1 1 1 1 1 1 1 1 1 1 1 1 1 1 1 1 1 1 1 1 1 1 1 1 1 1 1 1 1 1 1 3 1 1
ciInstanceKlass java/net/URL 1 1 743 10 7 12 1 1 1 10 12 1 10 7 12 1 1 9 12 1 1 9 12 1 10 100 12 1 1 1 10 12 1 1 10 12 1 1 9 12 1 1 10 7 12 1 1 1 8 1 10 12 1 1 100 1 10 10 12 1 1 8 1 10 12 1 1 9 12 1 100 1 8 1 10 12 1 10 12 1 8 1 9 12 1 10 12 1 1 9 12 1 10 12 1 10 12 1 9 12 1 9 12 1 8 1 9 12 1 10 12 1 1 8 1 9 12 1 1 10 12 1 1 10 7 12 1 1 1 8 1 10 12 1 7 1 10 12 1 10 12 1 10 12 1 10 12 1 1 10 12 1 1 8 1 10 12 1 1 10 12 1 8 1 9 12 1 8 1 10 12 1 10 7 12 1 1 1 100 1 10 12 1 10 12 1 1 10 7 12 1 1 1 100 1 8 1 10 10 12 1 8 1 10 12 1 1 10 12 1 10 12 1 10 12 1 10 12 1 10 12 1 8 1 10 12 1 10 10 7 12 1 1 1 10 12 1 9 100 12 1 1 1 10 100 12 1 1 1 9 12 1 1 10 12 1 10 100 12 1 1 1 100 1 100 1 10 12 1 10 12 1 10 12 1 10 12 1 10 12 1 10 12 10 10 10 12 1 100 1 10 12 1 10 12 1 1 8 1 9 100 12 1 1 1 10 100 12 1 1 1 10 12 1 1 9 100 12 1 1 1 10 12 1 1 100 1 10 12 1 10 12 1 10 10 12 1 1 10 12 1 1 10 12 1 10 12 1 10 12 1 10 7 12 1 1 1 10 12 1 1 10 12 1 9 12 1 1 9 12 1 1 100 1 8 1 10 10 12 1 9 12 1 1 10 7 12 1 1 8 1 10 7 12 1 1 8 1 10 12 1 1 10 12 1 8 1 8 1 10 7 12 1 1 1 100 1 10 100 12 1 1 1 10 12 1 10 12 1 100 1 10 9 12 1 1 10 7 12 1 1 8 1 10 12 1 1 100 1 10 10 100 12 1 1 1 8 9 100 12 1 1 1 10 12 1 10 12 1 10 12 1 10 12 1 10 7 12 1 1 11 7 12 1 1 10 12 1 10 12 1 9 12 1 10 12 1 1 10 100 12 1 1 10 100 12 1 1 1 8 10 100 12 1 1 100 1 10 8 8 10 12 1 8 8 8 100 1 10 12 1 9 12 1 1 10 12 1 10 12 1 1 10 12 1 10 12 10 12 1 1 10 12 1 1 10 10 10 12 1 10 12 1 10 12 1 10 12 1 10 12 1 10 10 12 1 100 1 8 1 10 10 10 12 1 1 10 12 1 10 12 1 1 8 1 7 1 10 10 10 7 1 10 12 1 9 7 12 1 1 1 9 12 1 1 7 1 10 10 7 12 1 1 1 100 1 1 1 1 1 5 0 1 1 1 1 1 1 1 1 1 1 1 1 1 1 1 1 1 1 1 1 1 1 1 1 1 1 1 1 1 1 1 1 1 1 1 1 1 1 1 100 1 1 1 1 1 1 1 1 1 1 1 1 1 1 1 1 1 1 1 1 1 1 1 1 1 1 1 1 1 1 1 1 1 1 1 1 1 100 1 1 1 1 1 1 1 1 1 1 1 1 1 1 1 1 100 1 1 1 1 1 1 1 1 1 1 1 1 1 1 1 1 1 1
staticfield java/net/URL defaultFactory Ljava/net/URLStreamHandlerFactory; java/net/URL$DefaultFactory
staticfield java/net/URL streamHandlerLock Ljava/lang/Object; java/lang/Object
staticfield java/net/URL serialPersistentFields [Ljava/io/ObjectStreamField; 7 [Ljava/io/ObjectStreamField;
ciInstanceKlass java/util/jar/Manifest 1 1 336 10 7 12 1 1 1 7 1 10 9 7 12 1 1 1 7 1 10 9 12 1 1 9 12 1 1 10 12 1 10 12 1 1 10 12 1 1 10 12 1 1 10 12 1 1 11 7 1 11 12 1 1 10 12 1 1 10 100 12 1 1 1 100 1 100 1 10 8 1 10 12 1 1 10 12 1 1 10 12 1 10 12 1 11 100 1 10 12 1 10 12 1 1 11 12 1 1 10 12 1 11 12 1 1 11 100 12 1 1 1 11 100 12 1 1 11 12 1 1 100 1 10 12 1 8 1 11 12 1 7 1 10 12 1 1 11 12 1 10 12 1 10 12 1 10 100 12 1 1 1 8 1 10 12 1 1 10 9 7 12 1 1 1 10 12 1 1 10 100 12 1 10 12 1 10 12 1 9 100 12 1 1 1 8 1 10 12 1 8 1 8 1 7 1 10 12 1 10 12 1 10 12 1 1 100 1 8 1 10 12 1 1 8 1 10 10 12 1 1 8 1 10 12 1 1 10 7 12 1 1 1 10 12 1 10 11 12 1 1 10 12 1 10 7 12 1 1 1 10 12 1 1 10 12 1 1 11 10 12 1 11 10 12 1 100 1 1 1 1 1 1 1 1 1 1 1 1 1 1 1 1 1 1 1 1 1 1 1 1 1 1 1 1 1 1 1 1 1 1 1 1 1 1 1 1 1 1 1 100 1 1 1 1 1 1 1 1 1 1 1 1 1 1 100 1 1 1 1 1 1 1 1 1 1 1
instanceKlass java/util/concurrent/ConcurrentSkipListMap
instanceKlass java/util/EnumMap
instanceKlass sun/awt/SoftCache
instanceKlass java/util/TreeMap
instanceKlass java/util/IdentityHashMap
instanceKlass java/util/WeakHashMap
instanceKlass java/util/Collections$EmptyMap
instanceKlass sun/util/PreHashedMap
instanceKlass java/util/HashMap
instanceKlass java/util/ImmutableCollections$AbstractImmutableMap
instanceKlass java/util/concurrent/ConcurrentHashMap
ciInstanceKlass java/util/AbstractMap 1 1 192 10 7 12 1 1 1 10 7 12 1 1 1 11 7 12 1 1 1 10 11 12 1 1 11 7 12 1 1 1 11 12 1 1 7 1 11 12 1 10 12 1 1 11 12 1 100 1 10 11 12 1 11 7 1 10 12 1 1 11 12 1 9 12 1 1 7 1 10 12 1 9 12 1 1 100 1 10 11 11 12 1 1 11 12 1 100 1 100 1 11 12 1 8 1 100 1 10 10 12 1 1 8 1 10 12 1 10 12 1 1 10 12 1 1 1 1 1 1 1 1 1 1 1 1 1 1 1 1 1 1 1 1 1 1 1 1 1 1 1 1 1 1 1 1 1 1 1 1 1 1 1 1 100 1 1 1 1 1 1 1 1 1 1 1 1 1 1 1 1 100 1 1 1 1 1 1 1 1 1 100 1 100 1 100 1 100 1 1 1 1 1
instanceKlass java/util/Collections$SingletonList
instanceKlass sun/awt/util/IdentityArrayList
instanceKlass com/google/protobuf/AbstractProtobufList
instanceKlass sun/security/jca/ProviderList$ServiceList
instanceKlass sun/security/jca/ProviderList$3
instanceKlass java/util/Vector
instanceKlass java/util/AbstractSequentialList
instanceKlass java/util/Arrays$ArrayList
instanceKlass java/util/ArrayList$SubList
instanceKlass java/util/Collections$EmptyList
instanceKlass java/util/ArrayList
ciInstanceKlass java/util/AbstractList 1 1 218 10 7 12 1 1 1 9 7 12 1 1 1 10 12 1 1 10 12 1 1 100 1 10 10 12 1 1 11 7 12 1 1 1 11 12 1 1 11 12 1 10 7 12 1 1 1 10 12 1 11 12 1 11 12 1 11 12 1 10 12 1 1 10 12 1 1 11 100 12 1 1 1 11 100 1 11 7 1 10 12 1 100 1 10 12 1 10 12 1 1 100 1 100 1 10 12 1 100 1 10 100 1 100 1 10 8 1 10 12 1 1 10 12 1 10 12 1 1 10 12 1 8 1 100 1 8 1 8 1 8 1 10 7 1 11 10 10 12 1 11 12 1 10 12 1 1 8 1 8 1 1 1 1 1 1 1 1 1 1 1 1 1 1 1 1 1 1 1 1 1 1 1 1 1 1 1 1 1 1 1 1 1 1 1 1 1 1 1 1 1 1 1 1 1 1 1 1 1 1 1 1 1 1 1 1 1 1 100 1 100 1 1 1 1 1 1 1
ciInstanceKlass java/lang/AssertionStatusDirectives 0 0 24 10 100 12 1 1 1 100 1 1 1 1 1 1 1 1 1 1 1 1 1 1 1 1
ciInstanceKlass java/lang/invoke/MethodHandleNatives$CallSiteContext 1 1 49 10 7 12 1 1 1 7 1 10 10 7 12 1 1 1 10 7 12 1 1 1 10 7 12 1 1 1 100 1 1 1 1 1 1 1 1 1 1 1 1 1 1 1 1 1 100 1 1
ciInstanceKlass jdk/internal/invoke/NativeEntryPoint 0 0 92 10 100 12 1 1 1 9 100 12 1 1 1 10 100 12 1 1 1 100 1 9 12 1 9 12 1 9 12 1 1 9 12 1 1 9 12 1 1 100 1 8 1 10 12 1 11 100 12 1 1 1 10 12 1 1 10 12 1 11 100 12 1 1 11 12 1 10 12 1 1 10 12 1 1 1 1 1 1 1 1 1 1 1 1 1 1 1 1 1 1 1
instanceKlass java/lang/invoke/VolatileCallSite
instanceKlass java/lang/invoke/MutableCallSite
instanceKlass java/lang/invoke/ConstantCallSite
ciInstanceKlass java/lang/invoke/CallSite 1 1 302 10 7 12 1 1 1 10 7 12 1 1 1 9 7 12 1 1 1 10 12 1 1 9 12 1 1 10 7 12 1 1 1 10 12 1 100 1 10 12 1 1 10 12 1 1 9 100 12 1 1 1 10 100 12 1 1 10 12 1 1 100 1 100 1 10 10 100 12 1 1 1 10 12 1 1 8 1 10 12 1 10 12 1 1 10 12 1 10 12 1 1 10 12 1 1 10 10 100 12 1 1 10 12 1 1 9 12 1 9 100 12 1 1 1 8 1 10 7 12 1 1 1 10 12 1 1 100 1 10 12 1 1 9 12 1 8 1 100 1 10 12 1 10 12 1 100 1 8 1 10 10 12 1 10 12 1 1 100 1 10 12 1 1 10 12 1 10 12 1 10 12 1 1 10 12 1 1 9 12 1 1 8 10 12 1 1 9 12 1 1 100 1 10 10 12 1 10 100 12 1 1 1 10 12 1 1 10 12 1 1 10 12 1 10 7 12 1 1 1 100 1 8 1 10 10 12 10 12 1 1 100 1 100 1 100 1 8 1 10 12 1 10 7 12 1 1 1 1 1 1 1 1 1 1 1 1 1 1 1 1 1 1 1 1 1 1 1 1 1 1 1 1 1 1 1 1 1 1 1 1 1 1 1 1 1 1 1 1 1 1 1 1 1 1 1 1 1 1 1 1 1
staticfield java/lang/invoke/CallSite $assertionsDisabled Z 1
ciInstanceKlass java/lang/invoke/VolatileCallSite 0 0 37 10 100 12 1 1 1 10 12 1 10 100 12 1 1 1 10 12 1 10 12 1 1 1 1 1 1 1 1 1 1 1 1 1 1 1 1
ciInstanceKlass java/lang/invoke/MethodType 1 1 771 7 1 10 7 12 1 1 1 9 12 1 1 9 12 1 1 9 12 1 1 10 7 12 1 1 1 9 7 12 1 1 8 1 10 100 12 1 1 1 9 7 1 9 7 1 10 12 1 1 100 1 10 8 1 10 12 1 1 10 12 1 10 12 1 1 100 1 8 1 10 12 1 100 1 10 10 12 1 10 12 1 1 10 12 1 1 11 7 12 1 1 1 9 12 1 11 12 1 1 7 7 1 10 7 12 1 1 1 10 12 1 9 12 1 1 10 7 12 1 1 10 12 1 1 10 7 12 1 1 1 10 7 12 1 1 1 10 12 1 9 12 1 1 10 12 1 1 100 1 10 12 1 1 10 12 1 1 10 12 1 1 10 12 1 1 10 12 1 1 10 12 1 10 12 1 10 12 1 1 10 12 1 8 1 8 1 10 12 1 1 9 12 1 1 100 1 10 10 12 1 1 10 12 1 10 12 1 1 10 12 1 1 10 12 1 10 12 1 1 10 12 1 8 1 10 12 1 1 10 100 12 1 1 1 10 12 1 10 12 1 1 10 12 1 10 12 1 10 12 1 1 10 12 1 10 12 1 9 12 1 10 12 1 10 10 12 1 1 10 12 1 9 12 1 1 10 12 1 1 10 12 1 1 10 12 1 1 10 12 1 1 7 1 10 12 10 12 1 10 12 1 100 1 8 1 8 1 8 1 10 12 1 10 12 1 10 12 1 10 11 12 1 1 11 12 1 10 100 12 1 1 1 9 12 1 10 12 1 10 12 1 1 10 12 1 1 10 12 1 10 12 1 10 100 12 1 1 1 10 12 1 1 10 12 1 10 12 1 10 12 1 10 9 12 1 1 7 1 10 12 1 10 12 1 1 9 100 12 1 1 1 10 100 12 1 1 1 10 100 12 1 1 1 10 12 1 1 10 100 12 1 1 1 10 12 1 1 8 1 10 7 12 1 1 1 11 12 1 1 9 12 1 1 10 12 1 1 10 12 1 10 12 1 1 10 12 1 1 10 100 12 1 1 100 1 10 12 1 1 11 100 12 1 1 1 18 12 1 1 11 12 1 1 18 12 1 11 12 1 100 1 11 100 12 1 1 10 12 1 100 1 10 12 1 10 100 12 1 1 10 12 1 1 9 12 1 1 9 100 12 1 1 1 10 100 12 1 1 1 9 12 1 10 100 12 1 1 10 12 1 100 10 12 1 1 10 12 1 10 7 1 7 1 9 12 1 1 100 1 100 1 100 1 1 1 5 0 1 1 1 1 1 1 1 3 1 3 1 3 1 1 1 1 1 1 1 1 1 1 1 1 1 1 1 1 1 1 1 1 1 1 1 1 1 1 1 1 1 1 1 1 1 1 1 1 1 1 1 1 1 1 1 1 1 1 1 1 1 1 1 1 1 1 1 1 1 1 1 1 1 1 1 1 1 1 1 1 1 1 1 1 1 1 1 1 1 1 1 1 1 1 1 1 1 1 1 1 1 1 1 1 1 1 1 1 1 1 1 1 1 1 1 1 1 1 1 1 1 1 1 1 1 1 1 1 1 1 1 1 1 1 1 1 1 1 1 100 1 100 1 1 1 1 1 1 1 1 1 1 1 1 1 100 1 1 1 100 1 1 1 1 1 1 1 1 1 1 1 1 1 1 1 1 1 1 1 1 1 15 10 100 12 1 1 1 16 15 10 12 16 16 15 10 12 16 1 1 1 1 100 1 1 100 1 1 100 1 100 1 1
staticfield java/lang/invoke/MethodType internTable Ljava/lang/invoke/MethodType$ConcurrentWeakInternSet; java/lang/invoke/MethodType$ConcurrentWeakInternSet
staticfield java/lang/invoke/MethodType NO_PTYPES [Ljava/lang/Class; 0 [Ljava/lang/Class;
staticfield java/lang/invoke/MethodType objectOnlyTypes [Ljava/lang/invoke/MethodType; 20 [Ljava/lang/invoke/MethodType;
staticfield java/lang/invoke/MethodType METHOD_HANDLE_ARRAY [Ljava/lang/Class; 1 [Ljava/lang/Class;
staticfield java/lang/invoke/MethodType serialPersistentFields [Ljava/io/ObjectStreamField; 0 [Ljava/io/ObjectStreamField;
staticfield java/lang/invoke/MethodType $assertionsDisabled Z 1
ciInstanceKlass java/lang/BootstrapMethodError 0 0 45 10 100 12 1 1 1 10 12 1 10 12 1 10 100 12 1 1 1 10 100 12 1 1 1 1 1 1 5 0 1 1 1 1 1 1 1 1 1 1 1 100 1 1 1
ciInstanceKlass java/lang/Record 0 0 22 10 100 12 1 1 1 100 1 1 1 1 1 1 1 1 1 1 1 1 1 1
ciInstanceKlass java/lang/ClassNotFoundException 1 1 96 7 1 10 7 12 1 1 1 10 12 1 10 12 1 1 10 100 12 1 1 1 8 1 10 100 12 1 1 1 10 7 12 1 1 10 100 12 1 1 1 10 100 12 1 1 1 10 12 1 1 7 1 10 12 1 9 12 1 1 1 1 1 5 0 1 1 1 1 1 1 1 1 1 1 1 1 1 1 1 1 1 1 100 1 1 1 1 1 1 1 1 1 1 1 1
staticfield java/lang/ClassNotFoundException serialPersistentFields [Ljava/io/ObjectStreamField; 1 [Ljava/io/ObjectStreamField;
ciInstanceKlass jdk/internal/loader/ClassLoaders$AppClassLoader 1 1 119 8 1 10 7 12 1 1 1 10 7 12 1 1 1 10 100 12 1 1 1 10 12 1 1 10 100 12 1 1 1 10 12 1 1 10 12 1 1 7 1 8 1 10 12 10 7 12 1 1 1 10 100 12 1 1 10 12 1 1 10 12 1 1 10 7 12 1 1 1 100 1 10 12 1 1 1 1 1 1 1 1 1 1 1 1 1 1 1 1 1 1 1 1 1 100 1 1 1 1 1 1 1 1 1 1 1 1 1 1 1 1 1 1 1 100 1 1 1
ciInstanceKlass jdk/internal/loader/ClassLoaders$PlatformClassLoader 1 1 42 8 1 10 7 12 1 1 1 10 7 12 1 1 1 100 1 10 12 1 100 1 1 1 1 1 1 1 1 1 1 1 1 1 1 100 1 1 1 100 1 1
ciInstanceKlass java/lang/ArithmeticException 1 1 26 10 100 12 1 1 1 10 12 1 100 1 1 1 1 5 0 1 1 1 1 1 1 1 1 1
ciInstanceKlass java/lang/NullPointerException 1 1 52 10 100 12 1 1 1 10 12 1 9 100 12 1 1 1 10 12 1 1 9 12 1 1 10 12 1 1 10 12 1 1 1 1 5 0 1 1 1 1 1 1 1 1 100 1 100 1 100 1 1 1
ciInstanceKlass java/lang/IllegalMonitorStateException 1 1 26 10 100 12 1 1 1 10 12 1 100 1 1 1 1 5 0 1 1 1 1 1 1 1 1 1
ciInstanceKlass java/lang/OutOfMemoryError 1 1 26 10 100 12 1 1 1 10 12 1 100 1 1 1 1 5 0 1 1 1 1 1 1 1 1 1
ciInstanceKlass java/lang/InternalError 0 0 34 10 100 12 1 1 1 10 12 1 10 12 1 10 12 1 100 1 1 1 1 5 0 1 1 1 1 1 1 1 1 1 1 1
ciInstanceKlass java/lang/ClassCastException 1 1 26 10 100 12 1 1 1 10 12 1 100 1 1 1 1 5 0 1 1 1 1 1 1 1 1 1
ciInstanceKlass java/lang/NoClassDefFoundError 0 0 26 10 100 12 1 1 1 10 12 1 100 1 1 1 1 5 0 1 1 1 1 1 1 1 1 1
instanceKlass java/nio/ShortBuffer
instanceKlass java/nio/CharBuffer
instanceKlass java/nio/IntBuffer
instanceKlass java/nio/LongBuffer
instanceKlass java/nio/ByteBuffer
ciInstanceKlass java/nio/Buffer 1 1 224 100 1 10 7 12 1 1 1 9 7 12 1 1 1 9 12 1 9 12 1 1 9 12 1 9 12 1 1 10 12 1 1 10 12 1 1 10 12 100 1 100 1 10 8 1 10 12 1 1 10 12 1 8 1 8 1 10 12 1 1 10 12 1 8 1 9 12 1 1 100 1 8 1 10 12 1 8 1 8 1 9 12 10 12 1 8 1 8 1 8 1 10 12 1 8 1 8 1 8 1 100 1 10 100 1 10 100 1 10 100 1 10 10 100 12 1 1 1 10 11 100 12 1 1 10 7 12 1 1 1 10 7 12 1 1 1 9 12 1 1 10 7 12 1 1 1 9 12 1 1 7 1 10 10 7 12 1 1 1 1 1 3 1 1 1 1 1 1 1 1 1 1 1 1 1 1 1 1 1 1 100 1 1 1 1 1 1 1 1 1 1 1 1 1 1 1 1 1 1 1 1 1 1 1 1 1 1 1 1 1 1 1 1 1 1 1 1 1 1 1 1 1 1
staticfield java/nio/Buffer UNSAFE Ljdk/internal/misc/Unsafe; jdk/internal/misc/Unsafe
staticfield java/nio/Buffer SCOPED_MEMORY_ACCESS Ljdk/internal/misc/ScopedMemoryAccess; jdk/internal/misc/ScopedMemoryAccess
staticfield java/nio/Buffer $assertionsDisabled Z 1
instanceKlass jdk/internal/math/FloatingDecimal$1
instanceKlass java/util/concurrent/locks/ReentrantReadWriteLock$Sync$ThreadLocalHoldCounter
instanceKlass jdk/internal/misc/TerminatingThreadLocal$1
instanceKlass jdk/internal/misc/TerminatingThreadLocal
ciInstanceKlass java/lang/ThreadLocal 1 1 141 9 7 12 1 1 1 3 10 7 12 1 1 1 100 1 10 12 1 1 10 7 12 1 1 10 12 1 9 12 1 1 10 7 12 1 1 1 10 12 1 1 10 7 12 1 1 1 9 7 12 1 1 1 10 12 1 1 10 12 1 10 12 1 1 10 12 1 1 7 1 10 12 1 1 10 12 1 1 9 12 1 1 10 12 10 12 1 100 1 10 10 1 1 1 1 1 1 1 1 1 1 1 1 1 1 1 1 1 1 1 1 1 1 1 1 1 1 1 1 1 1 1 1 1 1 1 1 1 1 1 1 1 1 1 1 1 1 1 1 1
ciInstanceKlass java/util/concurrent/atomic/AtomicInteger 1 1 181 10 7 12 1 1 1 9 7 12 1 1 1 9 12 1 1 9 12 1 1 10 7 12 1 1 1 10 12 1 1 10 12 1 1 10 12 1 10 12 1 10 12 1 1 11 100 12 1 1 1 10 12 1 1 11 100 12 1 1 10 100 12 1 1 1 10 12 1 1 10 12 1 10 12 1 10 12 1 10 12 1 10 12 1 1 10 12 1 10 12 1 10 12 1 10 12 1 10 12 1 10 12 1 1 8 10 12 1 1 100 1 1 1 5 0 1 1 1 1 1 1 1 1 1 1 1 1 1 1 1 1 1 1 1 1 1 1 1 1 1 1 1 1 1 1 1 1 1 1 1 1 1 1 1 1 1 1 1 1 1 1 1 1 1 1 1 1 1 1 1 1 1 1 1 1 1 1 1 1 1
staticfield java/util/concurrent/atomic/AtomicInteger U Ljdk/internal/misc/Unsafe; jdk/internal/misc/Unsafe
staticfield java/util/concurrent/atomic/AtomicInteger VALUE J 12
ciInstanceKlass jdk/internal/misc/UnsafeConstants 1 1 34 10 100 12 1 1 1 9 7 12 1 1 1 9 12 1 9 12 1 1 9 12 1 9 12 1 1 1 1 1 1 1 1 1
staticfield jdk/internal/misc/UnsafeConstants ADDRESS_SIZE0 I 8
staticfield jdk/internal/misc/UnsafeConstants PAGE_SIZE I 4096
staticfield jdk/internal/misc/UnsafeConstants BIG_ENDIAN Z 0
staticfield jdk/internal/misc/UnsafeConstants UNALIGNED_ACCESS Z 1
staticfield jdk/internal/misc/UnsafeConstants DATA_CACHE_LINE_FLUSH_SIZE I 0
instanceKlass java/lang/invoke/DelegatingMethodHandle
instanceKlass java/lang/invoke/BoundMethodHandle
instanceKlass java/lang/invoke/DirectMethodHandle
ciInstanceKlass java/lang/invoke/MethodHandle 1 1 644 100 1 9 7 12 1 1 1 10 7 12 1 1 1 10 7 12 1 1 1 7 1 7 1 10 12 1 1 9 12 1 1 10 12 1 10 12 1 1 10 12 1 1 10 100 12 1 1 1 10 12 1 1 10 12 1 1 11 100 12 1 1 1 10 12 1 1 10 12 1 10 12 1 9 12 1 1 10 12 1 1 100 1 100 1 10 8 1 10 12 1 1 10 12 1 8 1 10 12 1 1 10 12 1 10 7 12 1 1 1 10 12 1 10 12 1 1 10 12 1 1 10 12 1 1 10 12 1 1 10 7 12 1 1 1 10 100 12 1 1 1 7 1 10 12 1 1 10 12 1 1 10 12 1 1 8 1 10 7 12 1 1 1 8 1 10 12 1 1 10 12 1 1 10 12 1 1 10 12 1 8 1 10 12 1 1 8 1 10 12 1 8 1 10 100 12 1 1 1 9 12 1 1 100 1 10 9 100 12 1 1 1 9 100 1 8 1 10 12 1 1 10 12 1 10 12 1 1 10 12 1 10 12 1 1 10 12 1 10 12 1 1 10 12 1 10 12 1 1 10 12 1 1 8 1 10 12 1 1 8 1 10 12 1 10 12 1 1 10 12 1 10 12 1 10 12 1 1 9 100 12 1 1 1 10 12 1 1 11 12 1 10 12 1 10 12 1 1 10 100 12 1 1 1 100 1 11 12 1 10 100 1 11 12 1 100 1 10 12 1 11 12 1 9 100 12 1 1 1 11 12 1 1 11 100 12 1 1 1 10 12 1 1 9 12 1 11 12 1 9 12 1 9 12 1 9 12 1 11 12 1 1 9 12 1 9 12 1 9 12 1 9 12 1 9 12 1 9 12 1 9 12 1 8 1 10 12 1 10 12 1 8 1 10 12 1 10 12 1 10 10 7 12 1 1 10 12 1 1 100 1 8 1 10 12 1 1 10 12 1 1 10 12 1 10 12 1 100 1 10 100 12 1 1 1 10 12 1 9 7 12 1 1 1 10 12 1 1 10 12 1 1 8 1 9 12 1 9 12 1 1 9 12 1 1 10 12 1 7 1 10 12 1 10 12 1 1 9 12 1 1 9 12 1 1 10 7 12 1 1 1 11 7 12 1 1 9 12 1 10 12 1 1 10 12 1 9 12 1 10 12 1 8 10 12 1 1 8 1 1 1 1 1 1 100 1 1 1 1 1 1 1 1 1 1 1 1 1 1 1 1 1 1 1 1 1 1 1 1 1 1 1 1 1 1 1 1 1 1 1 1 1 1 1 1 1 1 1 1 1 1 1 1 1 1 1 1 1 1 1 1 1 1 1 1 1 1 1 1 1 1 1 1 1 100 1 1 1 1 1 1 1 1 1 100 1 1 1 1 1 1 1 1 1 1 1 1 1 1 1 1 1 1 1 1 1 1 1 1 1 1 1 100 1 1 100 1 1 100 1 1 1 1
staticfield java/lang/invoke/MethodHandle FORM_OFFSET J 20
staticfield java/lang/invoke/MethodHandle UPDATE_OFFSET J 13
staticfield java/lang/invoke/MethodHandle $assertionsDisabled Z 1
ciInstanceKlass jdk/internal/reflect/CallerSensitive 1 1 17 100 1 100 1 100 1 1 1 1 1 1 1 1 1 1 1
ciInstanceKlass jdk/internal/reflect/NativeConstructorAccessorImpl 1 1 126 10 7 12 1 1 1 9 7 12 1 1 1 9 12 1 1 10 7 12 1 1 1 10 7 12 1 1 1 10 7 12 1 1 1 9 12 1 9 12 1 1 9 12 1 1 10 7 12 1 1 1 7 1 10 10 12 1 1 10 12 1 10 12 1 10 12 1 1 9 12 1 1 10 7 12 1 1 1 100 1 10 12 1 1 10 12 1 1 8 10 12 1 1 1 1 1 1 1 1 1 1 1 1 1 1 1 1 1 1 1 1 1 1 100 1 100 1 100 1 1 1 1 1 1 1
staticfield jdk/internal/reflect/NativeConstructorAccessorImpl U Ljdk/internal/misc/Unsafe; jdk/internal/misc/Unsafe
staticfield jdk/internal/reflect/NativeConstructorAccessorImpl GENERATED_OFFSET J 16
instanceKlass com/jidesoft/utils/CacheMap$Cache
instanceKlass javax/swing/UIDefaults$TextAndMnemonicHashMap
instanceKlass org/apache/batik/transcoder/TranscodingHints
instanceKlass java/lang/ProcessEnvironment
instanceKlass java/util/LinkedHashMap
ciInstanceKlass java/util/HashMap 1 1 610 10 7 12 1 1 1 100 1 10 12 1 1 100 1 10 7 12 1 1 1 100 1 11 12 1 1 11 12 1 11 12 1 1 10 7 12 1 1 1 7 1 3 10 7 12 1 1 1 100 1 100 1 10 8 1 10 12 1 1 10 12 1 10 12 1 1 10 12 1 10 7 12 1 1 1 8 1 10 12 1 9 12 1 1 10 12 1 9 12 1 1 4 10 12 1 10 12 1 1 11 7 12 1 1 9 12 1 1 4 10 12 1 1 11 12 1 1 11 7 12 1 1 1 11 7 12 1 1 1 11 12 1 1 7 1 11 12 1 11 12 1 10 12 1 10 12 1 1 9 12 10 12 1 1 9 7 12 1 1 1 9 12 9 12 1 10 12 1 1 9 12 1 7 1 10 12 1 1 10 12 1 1 10 12 1 1 10 12 1 1 10 12 1 1 9 12 1 10 12 1 1 3 10 12 1 1 10 12 1 1 9 12 1 1 9 10 12 1 1 10 12 1 1 10 12 1 1 10 12 1 9 12 1 1 7 1 10 12 1 10 12 1 10 7 12 1 1 1 7 1 9 12 1 1 7 1 10 9 12 7 1 10 100 1 10 11 7 12 1 1 1 100 1 10 11 100 12 1 1 11 100 12 1 1 1 10 12 1 100 1 100 1 10 12 1 10 12 1 10 12 1 10 100 12 1 1 10 12 1 1 10 12 1 1 10 100 12 1 1 1 8 10 100 12 1 1 1 100 1 10 4 10 100 12 1 1 1 4 10 12 1 10 100 12 1 1 1 10 12 1 8 1 4 10 100 12 1 1 1 100 1 11 100 12 1 1 1 10 12 1 10 12 1 10 10 12 1 1 100 1 100 1 1 1 1 5 0 1 3 1 1 1 3 1 3 1 3 1 1 1 1 1 1 1 1 1 1 1 1 1 1 1 1 1 1 1 1 1 1 100 1 1 1 1 1 1 1 1 1 1 1 1 1 1 1 1 1 1 1 1 1 1 1 1 1 1 1 1 1 1 1 1 100 1 1 1 1 1 1 1 1 1 1 1 1 1 1 1 1 1 1 1 1 1 1 1 1 1 1 1 1 1 1 1 1 1 1 1 1 1 1 1 1 1 1 1 1 1 1 1 1 1 1 100 1 1 1 1 1 1 1 1 1 1 1 1 1 1 1 1 1 1 1 1 1 1 1 1 1 1 1 1 1 1 1 1 1 1 1 1 1 1 1 1 1 1 1 1 1 1 1 1 100 1 1 1 1 1 1 1 1 100 1 1 1 1 1 1 1 1 1 1 1 1 1 1 100 1 100 1 100 1 100 1 100 1 100 1 100 1 100 1 1 1 1 1 1 1 1 1 1 1 1 1 1 1 1 1 1
instanceKlass java/lang/invoke/DirectMethodHandle$Special
instanceKlass java/lang/invoke/DirectMethodHandle$Interface
instanceKlass java/lang/invoke/DirectMethodHandle$Constructor
instanceKlass java/lang/invoke/DirectMethodHandle$Accessor
ciInstanceKlass java/lang/invoke/DirectMethodHandle 1 1 940 7 1 7 1 100 1 7 1 7 1 10 7 12 1 1 1 10 7 12 1 1 1 100 1 10 12 1 10 12 1 1 10 7 12 1 1 10 12 1 1 10 12 1 10 12 1 7 1 10 12 1 1 10 12 1 1 10 12 1 10 12 1 1 10 7 12 1 1 1 10 12 1 9 12 1 1 100 1 10 9 12 1 1 9 12 1 10 12 1 10 12 1 10 12 1 1 10 12 1 10 12 1 10 12 1 10 7 12 1 1 1 10 12 1 10 12 1 1 8 1 10 12 1 1 7 1 10 12 1 7 1 10 10 12 1 10 12 1 10 12 1 10 7 12 1 1 1 10 12 1 1 100 1 10 12 1 10 12 1 7 1 10 12 1 10 12 1 1 10 12 1 1 10 12 1 8 10 100 12 1 1 1 10 12 1 10 12 1 10 12 1 1 10 12 1 9 7 12 1 1 1 7 1 10 12 1 10 7 12 1 1 1 10 12 1 10 12 1 1 9 12 1 1 100 1 10 8 1 10 12 1 1 10 12 1 10 12 1 10 10 12 1 10 12 1 10 12 1 10 12 1 10 12 1 1 10 12 1 10 12 1 1 10 12 1 10 12 1 1 10 10 7 12 1 1 1 10 12 1 10 12 1 1 10 12 1 10 12 1 1 8 1 9 7 12 1 1 1 8 1 9 12 1 9 12 1 8 1 9 12 1 9 12 1 8 1 9 12 1 9 12 1 8 1 10 12 1 10 12 1 1 9 12 1 1 7 1 10 12 1 1 100 1 10 7 12 1 1 1 10 12 1 1 10 12 1 10 12 1 1 7 1 10 12 1 1 10 12 1 10 12 1 1 7 1 10 12 1 1 10 7 12 1 1 1 10 12 1 10 12 1 10 12 1 9 12 1 1 10 7 1 9 12 9 12 1 10 7 12 1 1 1 10 12 1 7 1 7 1 7 1 9 12 1 1 10 7 12 1 10 12 1 1 10 12 1 100 1 10 12 1 10 12 1 1 9 100 12 1 1 1 10 12 1 1 100 1 10 100 12 1 1 1 10 12 1 10 12 1 8 1 9 12 1 9 12 1 10 12 1 9 12 1 1 10 100 12 1 1 1 9 12 1 1 9 12 1 1 10 12 1 10 12 1 10 12 1 10 12 1 10 12 1 1 10 12 1 10 7 12 1 1 9 12 1 10 12 1 10 12 1 10 12 1 10 12 1 1 10 12 1 1 9 12 1 1 10 12 1 1 9 7 12 1 1 1 9 12 1 9 12 1 9 12 1 9 12 1 9 12 1 9 12 1 9 12 1 9 12 1 9 12 1 9 12 1 9 12 1 9 12 1 9 12 1 9 12 1 9 12 1 9 12 1 9 12 1 9 12 1 9 12 1 9 12 1 9 12 1 9 12 1 9 12 1 9 12 1 9 12 1 9 12 1 9 12 1 9 12 1 9 12 1 9 12 1 9 12 1 9 12 1 9 12 1 9 12 1 9 12 1 9 12 1 8 1 9 12 1 1 9 12 1 1 10 12 1 10 12 1 1 9 7 1 10 12 1 9 12 1 1 10 12 10 12 1 10 12 1 10 12 1 10 8 1 8 1 8 1 8 1 10 12 1 1 9 12 1 1 10 12 1 10 100 12 1 1 1 8 9 12 1 1 10 12 1 1 8 1 8 8 9 12 1 8 1 8 8 8 8 8 1 8 10 12 1 10 12 1 8 1 8 1 10 12 1 10 12 1 10 12 1 10 12 1 1 7 1 1 1 1 3 1 3 1 3 1 3 1 3 1 3 1 3 1 3 1 3 1 3 1 1 1 1 1 1 1 1 1 1 3 1 3 1 1 1 1 3 1 1 1 1 1 1 1 1 1 1 1 1 1 1 1 1 1 1 1 1 1 1 1 1 1 1 1 1 1 1 1 1 1 1 1 1 1 1 1 1 1 1 1 1 1 1 1 1 1 1 1 1 1 1 1 1 100 1 1 1 1 1 1 1 1 1 1 1 1 100 1 1 1 1 1 1 1 1 1 1 1 1 1 1 1 1 1 1 1 1 1 1 1 1 1 1 1 1 1 1 1 1 1 1 1 1 1 1 1 1 1 1 1 1 1 1 1 1 1 1 1
staticfield java/lang/invoke/DirectMethodHandle IMPL_NAMES Ljava/lang/invoke/MemberName$Factory; java/lang/invoke/MemberName$Factory
staticfield java/lang/invoke/DirectMethodHandle FT_UNCHECKED_REF I 8
staticfield java/lang/invoke/DirectMethodHandle ACCESSOR_FORMS [Ljava/lang/invoke/LambdaForm; 132 [Ljava/lang/invoke/LambdaForm;
staticfield java/lang/invoke/DirectMethodHandle ALL_WRAPPERS [Lsun/invoke/util/Wrapper; 10 [Lsun/invoke/util/Wrapper;
staticfield java/lang/invoke/DirectMethodHandle NFS [Ljava/lang/invoke/LambdaForm$NamedFunction; 12 [Ljava/lang/invoke/LambdaForm$NamedFunction;
staticfield java/lang/invoke/DirectMethodHandle OBJ_OBJ_TYPE Ljava/lang/invoke/MethodType; java/lang/invoke/MethodType
staticfield java/lang/invoke/DirectMethodHandle LONG_OBJ_TYPE Ljava/lang/invoke/MethodType; java/lang/invoke/MethodType
staticfield java/lang/invoke/DirectMethodHandle $assertionsDisabled Z 1
ciInstanceKlass java/lang/invoke/LambdaForm 1 1 1052 100 1 9 7 12 1 1 1 10 7 12 1 1 1 10 7 12 1 1 9 12 1 1 9 12 1 1 10 12 1 1 100 1 10 9 12 1 10 12 1 1 9 12 1 10 7 12 1 1 1 9 12 1 9 12 1 9 12 1 1 9 12 1 10 12 1 1 7 1 10 12 1 10 100 12 1 1 1 10 100 12 1 1 1 10 12 1 10 12 1 1 9 100 12 1 1 1 10 12 1 1 9 12 1 10 12 1 1 10 12 1 10 12 1 1 10 12 1 1 10 100 12 1 1 1 7 1 10 10 12 1 1 8 1 10 12 1 10 12 1 10 12 1 1 7 1 10 7 12 1 1 1 10 12 1 1 10 12 1 10 12 1 1 9 12 1 1 9 12 1 9 12 1 1 10 12 1 9 12 1 10 100 12 1 1 1 10 12 1 1 10 12 1 9 12 1 1 10 100 12 1 1 1 10 12 1 10 12 1 10 12 1 10 12 1 10 12 1 10 12 1 1 10 12 1 10 12 1 1 8 1 10 12 1 10 12 1 8 1 8 1 9 12 1 9 12 1 9 12 1 1 10 12 1 1 10 12 1 9 12 1 10 12 1 1 10 7 12 1 1 1 10 12 1 1 10 12 1 10 12 1 10 12 1 1 9 12 1 10 12 1 8 1 8 1 8 1 8 1 8 1 8 1 8 1 8 1 10 12 1 9 12 1 7 1 10 12 1 1 9 12 1 10 12 1 10 12 1 1 10 12 10 12 1 10 12 1 1 10 12 1 1 10 10 12 1 1 10 12 1 1 7 1 8 1 10 12 1 1 10 12 1 10 12 1 1 10 8 1 10 12 1 1 8 1 8 1 8 1 10 12 1 9 12 1 1 10 12 1 1 10 12 1 1 100 1 10 12 1 1 10 12 1 10 7 12 1 1 1 10 12 1 1 9 12 1 1 8 1 10 100 12 1 1 1 10 7 12 1 1 10 12 10 10 12 1 1 9 12 1 8 10 12 1 1 100 1 10 12 1 1 10 12 1 9 7 12 1 1 9 12 1 1 8 1 10 100 12 1 1 10 12 1 1 100 1 100 1 10 10 12 1 1 10 12 1 1 8 1 8 1 100 1 8 1 10 12 10 12 1 10 12 1 10 12 1 1 8 1 8 1 9 100 12 1 1 1 10 12 1 10 12 1 1 8 1 8 1 8 1 100 1 8 1 100 1 8 1 100 1 8 1 10 12 1 8 1 9 10 7 12 1 1 1 10 12 1 9 12 1 1 10 12 1 10 10 12 1 10 12 1 10 12 1 10 12 1 1 10 12 1 10 12 1 1 10 12 1 1 10 12 1 1 8 1 100 10 12 1 10 12 1 9 12 1 1 10 7 12 1 1 8 1 8 1 100 1 8 1 8 1 8 1 8 1 8 1 8 1 8 1 8 1 10 12 1 1 10 12 1 1 10 12 1 10 12 1 8 1 8 1 8 1 10 12 1 8 1 10 12 1 8 1 8 1 8 1 8 1 8 1 10 12 1 10 12 1 10 12 1 1 10 7 12 1 1 1 10 12 1 10 12 1 10 12 1 10 12 1 10 12 1 10 12 1 10 12 1 9 12 1 1 8 1 10 12 1 1 9 12 1 1 10 12 1 1 9 12 1 9 12 1 1 9 12 1 9 12 1 1 7 1 10 7 12 1 1 1 9 12 1 10 12 1 10 12 1 8 1 10 12 1 9 12 1 1 7 1 10 7 12 1 1 1 8 1 100 1 10 12 1 9 12 1 9 12 1 10 12 1 10 12 1 10 7 12 1 1 1 10 12 1 9 7 12 1 1 10 12 1 1 10 12 1 10 12 1 9 12 10 12 1 10 10 12 1 9 9 12 1 7 9 12 1 1 10 12 1 1 9 12 1 10 12 1 10 7 1 9 1 1 1 1 3 1 3 1 3 1 1 1 1 1 1 1 1 1 1 1 1 1 1 1 1 1 1 1 1 1 1 1 1 1 1 1 1 1 1 1 1 1 1 1 1 1 1 1 1 1 1 1 1 1 1 1 1 1 1 1 1 1 1 1 1 100 1 1 1 1 1 1 1 1 1 1 1 1 1 1 1 1 1 1 1 1 1 1 1 1 1 1 1 1 1 1 1 1 1 1 1 1 1 1 1 1 1 1 1 1 1 1 1 1 1 1 1 1 1 1 1 1 1 1 1 100 1 1 1 1 1 1 1 1 1 1 1 1 1 1 1 1 1 1 1 1 1 1 1 1 1 1 1 1 1 1 1 1 1 1 100 1 1 1 1 1 1 1 1 1 1 1 1 1 1 1 1 1 1 1 1 1 1 100 1 1 1 100 1 1 100 1 1 1 1 1 1 1 1 1 1 1
staticfield java/lang/invoke/LambdaForm COMPILE_THRESHOLD I 0
staticfield java/lang/invoke/LambdaForm INTERNED_ARGUMENTS [[Ljava/lang/invoke/LambdaForm$Name; 5 [[Ljava/lang/invoke/LambdaForm$Name;
staticfield java/lang/invoke/LambdaForm IMPL_NAMES Ljava/lang/invoke/MemberName$Factory; java/lang/invoke/MemberName$Factory
staticfield java/lang/invoke/LambdaForm LF_identity [Ljava/lang/invoke/LambdaForm; 6 [Ljava/lang/invoke/LambdaForm;
staticfield java/lang/invoke/LambdaForm LF_zero [Ljava/lang/invoke/LambdaForm; 6 [Ljava/lang/invoke/LambdaForm;
staticfield java/lang/invoke/LambdaForm NF_identity [Ljava/lang/invoke/LambdaForm$NamedFunction; 6 [Ljava/lang/invoke/LambdaForm$NamedFunction;
staticfield java/lang/invoke/LambdaForm NF_zero [Ljava/lang/invoke/LambdaForm$NamedFunction; 6 [Ljava/lang/invoke/LambdaForm$NamedFunction;
staticfield java/lang/invoke/LambdaForm createFormsLock Ljava/lang/Object; java/lang/Object
staticfield java/lang/invoke/LambdaForm DEBUG_NAME_COUNTERS Ljava/util/HashMap; null
staticfield java/lang/invoke/LambdaForm DEBUG_NAMES Ljava/util/HashMap; null
staticfield java/lang/invoke/LambdaForm TRACE_INTERPRETER Z 0
staticfield java/lang/invoke/LambdaForm $assertionsDisabled Z 1
ciInstanceKlass java/lang/invoke/MethodHandleNatives 1 1 684 100 1 10 7 12 1 1 1 9 7 12 1 1 1 10 12 1 1 100 1 10 10 12 1 1 10 12 1 10 12 1 8 1 8 1 8 1 8 1 8 1 8 1 8 1 8 1 8 1 8 1 10 12 1 1 7 1 10 7 12 1 1 1 10 100 12 1 1 1 7 1 10 10 12 1 1 8 1 10 12 1 8 1 10 12 1 1 8 1 10 12 1 1 9 100 12 1 1 1 8 1 10 100 12 1 1 1 100 1 10 12 100 1 100 1 8 1 7 1 10 10 12 1 7 1 9 7 12 1 1 10 12 1 1 10 12 1 10 7 12 1 1 1 7 1 10 12 1 1 10 7 12 1 1 1 10 12 1 10 12 1 1 10 12 1 1 9 12 1 8 1 10 12 1 8 1 10 12 1 8 1 8 1 8 1 100 1 10 12 1 8 1 10 12 1 1 10 12 1 10 100 12 1 1 1 100 1 8 1 10 100 12 1 1 1 7 1 8 1 10 12 1 8 1 8 1 8 1 8 1 8 1 10 12 1 1 10 12 1 1 10 12 1 10 12 1 1 10 12 1 1 7 1 10 12 1 100 1 100 1 10 12 1 10 12 1 8 1 8 1 10 10 12 1 1 10 12 1 1 8 1 10 100 12 1 1 1 8 1 8 1 10 12 1 1 10 7 12 1 1 1 100 1 10 12 1 1 7 1 9 12 1 1 10 7 12 1 1 1 10 10 12 1 9 12 1 10 12 1 1 9 12 1 9 12 1 10 12 1 1 10 12 1 10 12 1 1 7 1 7 1 10 12 1 1 10 12 1 10 12 1 1 10 7 12 1 1 1 10 12 1 8 1 10 12 1 10 12 1 10 12 1 1 10 12 1 10 7 12 1 1 1 10 12 1 1 100 1 8 1 10 9 7 12 1 1 1 10 12 1 1 10 12 1 1 100 1 10 12 1 1 10 12 1 1 100 1 100 1 10 10 100 1 100 1 10 100 1 10 10 12 1 1 10 100 1 10 12 1 10 12 1 10 12 1 1 10 12 1 1 10 12 1 1 10 12 1 10 12 1 1 10 8 1 100 1 10 12 1 10 12 1 10 12 1 10 12 1 10 12 1 1 10 12 1 9 12 1 1 10 7 12 1 1 1 9 12 1 1 11 7 12 1 1 1 10 12 1 10 12 1 10 10 12 1 10 7 12 1 1 1 1 1 1 1 1 1 1 1 1 1 1 1 100 1 1 1 1 1 1 1 1 1 1 1 1 1 1 1 1 1 1 1 1 1 1 1 1 1 1 1 1 1 1 1 1 1 1 1 1 1 1 1 1 1 1 1 1 1 1 1 1 1 1 1 1 1 1 1 1 1 1 1 1 1 1 1 1 1 1 1 1 1 1 1 1 1 1 1 1 1 1 1 1 1 1 1 1 1 1 1 1 1 1 1 1 1 1 1 1 1 1 100 1 1 1 1 1 1 1 1 1 1 1 1 1 1 1 1 1 1 1 1 1 1 1 1 1 1 1 1 100 1 1 1 1 1 1 1 100 1 1 1
staticfield java/lang/invoke/MethodHandleNatives JLA Ljdk/internal/access/JavaLangAccess; java/lang/System$2
staticfield java/lang/invoke/MethodHandleNatives $assertionsDisabled Z 1
ciInstanceKlass jdk/internal/reflect/ConstantPool 1 1 142 10 100 12 1 1 1 9 7 12 1 1 1 10 12 1 1 10 12 1 1 10 12 1 10 12 1 1 10 12 1 1 10 12 1 10 12 1 1 10 12 1 10 12 1 1 10 12 1 10 12 1 10 12 1 10 12 1 1 10 12 1 1 10 12 1 1 10 12 1 1 10 12 1 10 12 1 1 10 100 12 1 1 1 8 11 7 12 1 1 1 10 7 12 1 1 1 1 1 1 1 1 1 1 1 1 1 1 1 1 1 1 1 1 1 1 1 1 1 1 1 1 1 1 1 1 1 1 1 1 1 1 1 1 1 1 1 1 1 1 1 1
instanceKlass jdk/internal/reflect/UnsafeQualifiedStaticFieldAccessorImpl
ciInstanceKlass jdk/internal/reflect/UnsafeStaticFieldAccessorImpl 1 1 47 10 7 12 1 1 1 9 7 12 1 1 1 10 7 12 1 1 1 9 12 1 1 8 11 7 12 1 1 1 10 7 12 1 1 1 1 1 1 1 1 1 1 1 1 1 1
instanceKlass jdk/internal/reflect/UnsafeFieldAccessorImpl
ciInstanceKlass jdk/internal/reflect/FieldAccessorImpl 1 1 59 10 7 12 1 1 1 100 1 100 1 1 1 1 1 1 1 1 1 100 1 1 1 1 1 1 1 1 1 1 1 1 1 1 1 1 1 1 1 100 1 1 1 1 1 1 1 1 1 1 1 1 1 1 1 1 1 1 1
instanceKlass jdk/internal/reflect/UnsafeObjectFieldAccessorImpl
instanceKlass jdk/internal/reflect/UnsafeStaticFieldAccessorImpl
ciInstanceKlass jdk/internal/reflect/UnsafeFieldAccessorImpl 1 1 254 10 7 12 1 1 1 9 7 12 1 1 1 10 7 12 1 1 1 10 7 12 1 1 1 9 12 1 1 10 7 12 1 1 1 9 12 1 1 10 12 1 10 12 1 9 12 1 10 12 1 1 10 7 12 1 1 10 7 12 1 1 1 10 12 1 1 100 1 10 10 12 1 1 10 12 1 1 8 1 10 10 12 1 100 1 8 1 10 12 1 8 1 10 12 1 8 1 10 12 1 100 1 10 12 1 1 10 8 1 10 12 1 1 8 1 10 100 12 1 1 8 1 10 100 12 1 1 8 1 10 100 12 1 1 8 1 10 100 12 1 1 8 1 10 100 12 1 1 8 1 10 100 12 1 1 8 1 10 100 12 1 1 8 1 10 100 12 1 1 10 12 1 1 8 1 8 1 8 1 8 1 8 1 8 1 10 100 12 1 1 1 8 1 8 1 8 1 10 12 10 12 1 1 1 1 1 1 1 1 1 1 1 1 1 1 1 1 1 1 1 1 1 1 1 1 1 1 1 1 1 1 1 1 1 1 1 1 1 1 1 1 1 1 1 1 1 1 1 1 1 1 1 1
staticfield jdk/internal/reflect/UnsafeFieldAccessorImpl unsafe Ljdk/internal/misc/Unsafe; jdk/internal/misc/Unsafe
ciInstanceKlass java/lang/invoke/ConstantCallSite 1 1 65 10 7 12 1 1 1 9 7 12 1 1 1 9 12 1 1 10 7 12 1 1 1 10 12 1 100 1 10 12 9 12 1 1 100 1 10 10 12 1 1 10 12 1 1 1 1 1 1 1 1 1 1 1 1 1 100 1 1 1 1 1 1 1 1
staticfield java/lang/invoke/ConstantCallSite UNSAFE Ljdk/internal/misc/Unsafe; jdk/internal/misc/Unsafe
ciInstanceKlass java/lang/invoke/MutableCallSite 0 0 63 10 100 12 1 1 1 10 12 1 9 100 12 1 1 1 10 12 1 10 12 1 1 9 12 1 1 10 100 12 1 1 1 10 100 12 1 1 1 10 12 1 1 1 1 1 1 1 1 1 1 1 1 1 1 1 1 1 1 100 1 1 1
instanceKlass java/lang/invoke/VarHandleInts$FieldStaticReadOnly
instanceKlass java/lang/invoke/VarHandleLongs$FieldInstanceReadOnly
instanceKlass java/lang/invoke/VarHandleInts$FieldInstanceReadOnly
instanceKlass java/lang/invoke/VarHandleByteArrayAsLongs$ByteArrayViewVarHandle
instanceKlass java/lang/invoke/VarHandleByteArrayAsInts$ByteArrayViewVarHandle
instanceKlass java/lang/invoke/VarHandleReferences$FieldStaticReadOnly
instanceKlass java/lang/invoke/VarHandleReferences$FieldInstanceReadOnly
ciInstanceKlass java/lang/invoke/VarHandle 1 1 390 10 7 12 1 1 1 10 7 12 1 1 9 12 1 1 9 12 1 1 100 1 10 8 1 10 12 1 1 10 7 12 1 1 1 10 12 1 1 10 100 12 1 1 1 9 100 12 1 1 1 10 12 1 1 10 100 12 1 1 1 10 12 1 1 9 12 1 10 12 1 9 12 1 1 10 7 12 1 1 10 12 1 9 7 12 1 1 1 9 12 1 1 10 12 1 1 100 1 100 1 10 8 1 10 12 1 1 10 12 1 8 1 10 12 1 10 12 1 10 12 1 1 9 7 12 1 1 1 10 12 1 10 12 1 1 10 12 1 10 10 100 12 1 1 1 10 12 1 1 10 12 1 1 10 100 12 1 1 1 10 100 12 1 1 1 10 100 12 1 1 1 9 12 1 1 10 9 12 1 1 10 12 1 10 12 1 10 12 1 1 10 12 1 10 100 12 1 1 1 9 12 1 1 10 12 1 1 9 12 1 10 12 1 10 12 1 10 100 12 1 1 100 1 10 9 7 12 1 1 1 9 12 1 1 10 7 12 1 1 1 10 12 1 10 12 1 10 12 1 10 12 1 10 12 1 10 12 1 1 7 1 10 10 7 12 1 1 1 9 12 1 1 8 10 12 1 1 7 1 10 12 1 1 100 1 1 1 1 1 1 1 1 1 1 1 1 1 1 1 1 1 1 1 1 1 1 1 1 1 1 1 1 1 1 1 1 1 1 1 1 1 1 1 1 1 1 1 1 1 1 1 1 1 1 1 1 1 1 1 1 1 1 1 1 1 1 1 1 1 1 1 1 1 1 1 1 1 1 1 1 1 1 1 1 1 1 1 1 1 1 1 1 1 100 1 100 1 100 1 1 1 1 1 1 1 100 1 1 1
staticfield java/lang/invoke/VarHandle AIOOBE_SUPPLIER Ljava/util/function/BiFunction; jdk/internal/util/Preconditions$1
staticfield java/lang/invoke/VarHandle VFORM_OFFSET J 16
staticfield java/lang/invoke/VarHandle $assertionsDisabled Z 1
ciInstanceKlass java/lang/invoke/MemberName 1 1 757 7 1 7 1 100 1 9 12 1 1 10 7 12 1 1 1 9 12 1 1 10 12 1 1 10 12 1 1 10 12 1 1 10 12 1 10 12 1 1 10 7 12 1 1 1 10 12 1 9 100 12 1 1 10 12 1 100 1 100 1 10 12 1 8 1 10 12 1 1 10 12 1 10 12 1 1 10 12 1 9 12 1 1 8 1 10 100 12 1 1 1 7 1 10 10 12 1 1 100 1 100 1 10 12 1 1 9 12 1 1 100 1 8 1 10 12 1 10 12 1 10 12 1 10 12 1 10 12 1 1 10 12 1 10 12 1 10 12 1 1 10 12 1 1 10 12 1 8 1 8 1 8 1 10 100 12 1 1 1 10 12 1 9 12 1 1 3 10 12 1 10 12 1 10 12 1 10 10 7 12 1 1 1 10 12 1 10 12 1 10 12 1 10 12 1 7 1 8 10 12 1 1 10 12 1 1 8 1 9 100 1 8 9 100 1 10 12 1 1 10 12 1 10 12 1 8 1 10 12 1 1 10 12 1 10 12 1 10 12 1 10 12 1 1 100 1 10 12 1 1 10 12 1 8 1 10 12 1 10 12 1 8 1 10 12 1 1 10 12 1 1 100 1 10 12 1 1 10 12 8 1 8 1 100 1 10 12 1 10 100 12 1 1 1 100 1 10 12 10 12 1 10 12 1 10 12 1 10 12 1 10 10 12 1 10 12 1 10 12 1 3 10 12 1 3 10 12 1 3 3 3 3 3 3 3 100 1 10 12 1 10 7 12 1 1 1 10 12 1 3 9 12 1 10 12 1 1 3 10 12 1 10 10 7 12 1 1 1 10 12 1 1 10 100 1 10 10 12 1 10 12 1 10 12 1 10 10 12 1 1 10 12 1 10 12 1 10 12 1 100 1 10 10 10 12 100 1 10 10 10 12 1 1 10 12 1 1 10 10 12 1 8 10 100 1 10 12 1 10 100 1 10 12 1 10 12 1 10 12 1 10 10 12 1 10 12 1 1 10 12 1 1 10 12 1 10 12 1 10 12 1 100 1 10 12 1 1 100 1 8 1 10 7 1 10 12 1 10 12 10 12 1 1 10 12 1 10 12 1 8 1 8 1 8 1 8 1 10 12 1 10 12 1 10 12 1 1 8 1 8 1 10 12 1 8 1 10 10 12 1 10 12 1 8 1 8 1 10 10 12 1 8 1 10 100 12 1 1 1 8 1 10 12 1 10 12 1 1 10 12 1 8 1 8 1 8 1 8 1 100 1 10 8 1 8 1 8 1 8 1 10 12 1 100 1 100 1 100 1 10 100 1 10 100 1 10 100 12 1 1 1 9 7 12 1 1 1 100 1 100 1 1 1 1 1 1 1 3 1 3 1 3 1 3 1 3 1 3 1 1 1 1 1 1 1 1 3 1 3 1 1 1 1 3 1 1 1 1 1 1 1 1 1 1 1 1 1 1 1 1 1 1 1 1 1 1 1 1 1 1 1 1 1 1 1 1 1 1 1 1 1 1 1 1 1 1 1 1 1 1 1 1 1 1 1 1 1 1 1 1 1 1 1 1 1 1 1 1 1 1 1 1 1 1 1 1 1 1 1 1 1 1 1 1 1 1 1 1 1 1 1 1 1 1 1 1 1 1 1 1 1 1 1 1 1 1 1 1 1 1 100 1 1 1 1 1 1 1 1 1 1 1 1 1 1 1
staticfield java/lang/invoke/MemberName $assertionsDisabled Z 1
ciInstanceKlass java/lang/invoke/ResolvedMethodName 1 1 16 10 100 12 1 1 1 100 1 1 1 1 1 1 1 1
ciInstanceKlass java/lang/StackWalker 0 0 235 9 100 12 1 1 1 10 100 12 1 1 1 100 1 10 100 12 1 1 1 10 12 1 1 11 100 12 1 1 1 10 12 1 1 10 12 1 1 10 12 1 1 100 1 8 1 10 12 1 10 12 1 10 12 1 10 100 12 1 1 9 12 1 1 9 12 1 1 9 12 1 1 9 12 1 1 10 12 1 1 9 12 1 1 10 100 12 1 1 1 11 12 1 1 100 1 8 1 10 10 100 12 1 1 9 12 1 1 10 12 1 1 10 100 12 1 1 1 10 100 12 1 1 1 18 12 1 1 100 1 8 1 10 10 12 1 1 10 100 12 1 1 1 9 100 12 1 1 11 100 12 1 1 1 10 12 1 1 1 1 1 1 1 1 1 1 1 1 1 1 1 1 1 1 1 1 1 1 1 1 1 1 1 1 1 1 1 1 1 1 1 1 1 1 1 1 1 1 1 1 1 1 1 1 1 1 1 100 1 1 15 10 100 12 1 1 1 16 15 10 12 16 1 1 1 1 1 1 1 100 1 100 1 1
ciInstanceKlass java/lang/StackStreamFactory$AbstractStackWalker 1 0 306 100 1 100 1 3 10 100 12 1 1 1 10 100 12 1 1 10 100 12 1 1 1 9 12 1 1 10 12 1 1 9 12 1 1 9 12 1 1 9 12 1 1 9 12 1 9 100 12 1 1 1 10 100 12 1 1 1 10 12 1 1 9 12 1 1 10 100 12 1 1 1 10 12 1 1 9 12 1 1 9 100 12 1 1 1 100 1 10 8 1 10 12 1 1 10 12 1 8 1 10 12 1 1 10 100 12 1 1 1 100 1 8 1 10 12 1 8 1 10 12 9 100 12 1 1 1 10 100 12 1 1 9 12 1 8 1 5 0 8 1 8 1 9 12 1 1 10 12 1 1 10 12 1 1 10 12 1 9 12 1 10 12 1 10 12 1 10 12 1 10 12 1 1 10 12 1 10 12 1 1 8 1 10 12 1 10 12 1 10 12 1 10 12 1 1 8 1 10 12 1 1 10 12 1 1 10 12 1 1 10 12 1 10 12 1 10 100 12 1 1 1 9 12 1 8 1 10 12 1 10 12 1 10 12 1 10 12 1 10 12 1 10 12 1 10 12 1 1 10 12 1 1 10 12 1 1 10 12 1 8 1 1 1 1 1 1 1 1 1 1 1 1 1 1 1 1 1 1 100 1 1 1 1 100 1 1 1 1 1 1 1 1 1 1 1 1 1 1 1 1 1 1 1 1 1
ciInstanceKlass jdk/internal/module/Modules 1 1 504 10 100 12 1 1 1 9 7 12 1 1 1 11 7 12 1 1 1 11 12 1 1 11 12 1 1 11 12 1 1 11 12 1 11 12 1 11 12 1 11 12 1 11 12 1 1 10 100 12 1 1 1 10 100 12 1 1 1 18 12 1 1 10 100 12 1 1 1 100 1 10 100 12 1 1 1 10 100 12 1 1 1 10 100 12 1 1 10 12 1 1 11 12 1 9 12 1 1 11 100 12 1 1 1 10 12 1 1 10 10 12 1 10 9 12 1 1 10 100 12 1 1 10 12 1 1 10 100 12 1 1 100 1 11 100 12 1 1 1 10 100 12 1 1 1 11 100 12 1 1 10 12 1 1 10 100 12 1 1 10 100 12 1 1 1 10 12 1 1 10 12 1 1 11 12 1 1 18 12 1 1 11 100 12 1 1 10 100 12 1 1 1 11 100 12 1 1 1 100 1 11 12 1 1 11 100 12 1 1 1 11 12 1 1 10 12 1 1 10 100 12 1 1 18 12 1 1 11 12 1 1 18 12 1 1 11 12 1 1 10 12 1 18 18 10 12 1 1 9 12 1 1 11 100 12 1 1 1 100 1 10 11 12 1 11 12 1 1 11 12 1 1 10 100 1 10 12 1 1 10 100 12 1 1 10 12 1 1 11 12 10 12 1 1 100 1 10 18 12 1 10 12 1 1 100 1 8 1 10 12 1 10 100 12 1 1 18 12 1 11 11 12 10 12 1 10 10 100 1 18 12 1 10 10 10 7 12 1 1 10 7 12 1 1 1 10 12 1 1 1 1 1 1 1 1 1 1 1 1 1 1 1 1 1 1 1 1 1 1 1 1 1 1 1 1 1 1 1 1 1 100 1 1 1 1 1 1 1 1 1 1 1 1 1 1 1 1 1 1 1 1 1 1 1 1 1 1 1 1 1 1 1 1 1 1 1 100 1 1 1 1 1 1 1 1 1 1 1 1 1 1 1 1 1 1 1 1 1 1 1 15 10 100 12 1 1 1 16 15 10 12 1 16 16 15 10 12 1 16 1 16 1 15 10 12 1 16 1 16 1 15 10 12 16 1 15 10 16 1 15 10 12 16 1 15 10 12 16 15 10 12 16 15 10 12 1 1 1 100 1 100 1 1
staticfield jdk/internal/module/Modules JLA Ljdk/internal/access/JavaLangAccess; java/lang/System$2
staticfield jdk/internal/module/Modules JLMA Ljdk/internal/access/JavaLangModuleAccess; java/lang/module/ModuleDescriptor$1
staticfield jdk/internal/module/Modules $assertionsDisabled Z 1
ciInstanceKlass java/util/Locale 1 1 1155 9 7 12 1 1 1 7 1 10 12 1 1 9 12 1 1 11 7 12 1 1 1 10 7 12 1 1 9 12 1 1 9 12 1 1 100 1 10 10 12 1 1 8 1 10 12 1 1 10 12 1 1 10 12 1 10 12 1 10 12 1 11 12 1 1 9 7 12 1 1 1 10 100 1 10 9 12 1 1 10 7 12 1 1 9 7 12 1 1 1 9 12 1 10 12 1 1 9 12 1 1 9 12 1 100 1 8 1 10 12 1 9 12 1 10 12 1 10 12 1 1 10 7 12 1 1 1 8 1 8 1 10 7 12 1 1 1 8 1 10 12 10 7 12 1 1 1 10 12 1 1 10 12 1 8 1 8 1 8 1 8 1 10 12 1 1 10 7 12 1 1 100 1 9 12 1 1 10 12 1 1 9 12 1 10 12 1 9 12 1 10 12 1 9 12 1 10 12 1 9 12 1 10 12 1 1 10 7 12 1 1 1 10 12 1 1 7 1 10 10 12 1 1 10 100 1 10 12 1 1 10 12 1 1 8 1 10 12 1 8 1 10 7 12 1 1 1 100 1 8 1 10 12 1 10 100 12 1 1 1 9 7 12 1 1 1 10 12 1 1 8 1 10 100 12 1 1 1 9 12 1 1 100 1 8 1 10 12 1 1 10 12 1 1 10 100 12 1 1 1 9 12 1 8 1 10 12 1 10 10 10 12 1 10 10 12 1 1 10 12 1 1 100 1 7 1 10 8 1 10 12 1 1 10 12 1 10 12 1 10 10 100 12 1 1 1 10 12 1 1 10 100 12 1 1 1 10 12 1 10 12 1 10 12 1 8 1 10 12 1 10 12 1 10 12 10 12 1 10 8 1 9 12 1 10 7 12 1 1 1 10 10 12 1 10 8 1 10 12 1 10 10 12 1 10 12 1 1 11 7 12 1 1 1 11 7 12 1 1 11 12 1 1 10 12 1 10 12 1 10 12 1 10 8 1 10 12 1 1 10 12 1 1 10 12 1 1 10 12 1 100 1 8 1 8 1 10 8 1 10 8 1 8 1 10 12 1 1 10 12 1 10 12 1 1 10 12 1 1 10 12 1 10 12 1 100 1 10 12 1 1 8 1 9 100 12 1 1 1 10 7 12 1 1 10 12 1 1 10 12 1 10 100 12 1 1 1 10 12 1 1 10 12 1 1 8 1 10 100 12 1 1 10 12 1 1 10 12 1 8 1 100 1 10 12 1 10 12 1 1 10 100 12 1 1 1 10 12 1 1 11 100 12 1 1 1 18 12 1 1 11 100 12 1 1 1 18 12 1 1 11 12 1 1 18 12 1 10 12 1 10 12 1 10 12 1 1 11 12 1 1 100 100 1 10 10 12 1 1 8 1 10 12 1 100 1 100 1 10 12 1 9 12 1 1 10 12 1 10 10 12 1 10 100 1 8 1 10 10 12 1 10 12 1 10 10 8 1 8 1 8 1 9 12 1 10 12 1 10 12 1 8 1 10 12 1 10 12 1 10 100 12 1 1 18 12 1 10 12 1 8 1 10 12 1 10 12 1 8 1 10 100 12 1 1 1 11 12 1 1 18 12 1 11 12 1 1 10 12 1 10 100 12 1 1 1 8 1 10 100 12 1 1 8 1 8 1 8 1 8 1 8 1 10 12 1 10 12 1 10 100 12 1 1 1 10 100 12 1 1 100 1 10 12 1 10 10 12 1 10 12 1 10 8 1 10 12 1 1 8 1 8 1 9 12 1 8 1 8 1 9 12 1 10 100 12 1 1 1 9 100 12 1 1 1 10 10 12 1 10 10 12 1 1 10 12 1 1 100 1 10 12 1 1 10 12 1 1 10 7 12 1 1 7 1 10 10 12 1 1 9 12 1 9 12 1 9 12 1 9 12 1 9 12 1 9 12 1 9 12 1 9 12 1 9 12 1 9 12 1 9 12 1 9 12 1 9 12 1 9 12 1 9 12 1 9 12 1 9 12 1 9 12 1 9 12 1 9 12 1 9 12 1 10 12 7 1 10 12 1 9 12 1 1 9 12 1 1 100 1 100 1 1 1 1 1 1 3 1 3 1 1 5 0 1 3 1 3 1 3 1 3 1 3 1 3 1 1 1 1 1 1 1 1 1 1 1 1 1 1 1 1 1 1 1 1 1 1 1 1 1 1 1 1 1 1 1 1 1 1 1 1 1 1 1 1 1 1 1 1 1 1 1 1 1 1 1 1 1 1 1 1 1 1 1 1 100 1 1 1 1 1 1 1 1 1 1 1 1 1 1 1 1 1 1 1 1 1 1 1 1 1 1 1 1 1 1 1 1 1 1 1 1 1 1 1 100 1 1 1 1 1 1 1 1 1 1 1 1 1 1 1 1 1 1 100 1 1 1 1 1 1 1 1 100 1 1 100 1 1 1 1 1 1 1 1 1 1 1 1 1 1 1 1 1 1 1 1 1 1 1 1 1 1 1 1 1 1 100 1 100 1 100 1 100 1 100 1 1 15 10 100 12 1 1 1 16 15 10 12 16 16 15 16 15 10 12 15 10 12 16 15 10 12 16 1 1 1 1 1 1 100 1 1 1 1 1 1 1 100 1 100 1 1
staticfield java/util/Locale ENGLISH Ljava/util/Locale; java/util/Locale
staticfield java/util/Locale FRENCH Ljava/util/Locale; java/util/Locale
staticfield java/util/Locale GERMAN Ljava/util/Locale; java/util/Locale
staticfield java/util/Locale ITALIAN Ljava/util/Locale; java/util/Locale
staticfield java/util/Locale JAPANESE Ljava/util/Locale; java/util/Locale
staticfield java/util/Locale KOREAN Ljava/util/Locale; java/util/Locale
staticfield java/util/Locale CHINESE Ljava/util/Locale; java/util/Locale
staticfield java/util/Locale SIMPLIFIED_CHINESE Ljava/util/Locale; java/util/Locale
staticfield java/util/Locale TRADITIONAL_CHINESE Ljava/util/Locale; java/util/Locale
staticfield java/util/Locale FRANCE Ljava/util/Locale; java/util/Locale
staticfield java/util/Locale GERMANY Ljava/util/Locale; java/util/Locale
staticfield java/util/Locale ITALY Ljava/util/Locale; java/util/Locale
staticfield java/util/Locale JAPAN Ljava/util/Locale; java/util/Locale
staticfield java/util/Locale KOREA Ljava/util/Locale; java/util/Locale
staticfield java/util/Locale UK Ljava/util/Locale; java/util/Locale
staticfield java/util/Locale US Ljava/util/Locale; java/util/Locale
staticfield java/util/Locale CANADA Ljava/util/Locale; java/util/Locale
staticfield java/util/Locale CANADA_FRENCH Ljava/util/Locale; java/util/Locale
staticfield java/util/Locale ROOT Ljava/util/Locale; java/util/Locale
staticfield java/util/Locale CONSTANT_LOCALES Ljava/util/Map; java/util/HashMap
staticfield java/util/Locale CHINA Ljava/util/Locale; java/util/Locale
staticfield java/util/Locale PRC Ljava/util/Locale; java/util/Locale
staticfield java/util/Locale TAIWAN Ljava/util/Locale; java/util/Locale
staticfield java/util/Locale serialPersistentFields [Ljava/io/ObjectStreamField; 6 [Ljava/io/ObjectStreamField;
staticfield java/util/Locale $assertionsDisabled Z 1
instanceKlass java/util/LinkedHashSet
ciInstanceKlass java/util/HashSet 1 1 285 10 7 12 1 1 1 7 1 10 9 7 12 1 1 1 11 7 12 1 1 1 4 10 7 12 1 1 1 10 12 1 10 12 1 1 10 12 1 7 1 10 10 12 1 1 11 7 12 1 1 1 10 10 12 1 1 10 12 1 1 9 12 1 1 10 12 1 1 10 12 1 1 10 12 1 10 7 12 1 1 1 10 100 1 100 1 10 12 1 10 100 12 1 1 10 12 1 10 12 1 10 12 1 1 10 12 1 1 11 100 12 1 1 11 12 1 10 12 1 1 10 100 12 1 1 1 10 12 1 100 1 100 1 10 8 1 10 12 1 1 10 12 1 10 12 1 1 10 12 1 10 12 1 10 100 12 1 1 1 8 1 10 12 1 4 10 12 1 4 10 12 1 8 1 4 10 100 12 1 1 1 100 1 10 12 1 1 11 100 12 1 1 1 100 1 10 12 1 100 1 10 12 1 10 12 1 1 10 12 1 10 100 1 100 1 1 1 1 5 0 1 1 1 1 1 1 1 1 1 1 1 1 1 1 1 1 1 1 1 1 1 1 1 1 1 1 1 1 1 1 1 1 1 1 100 1 1 1 1 100 1 1 1 1 1 1 1 1 1 1 1 1 1 1 1 100 1 1 100 1 100 1 1 1
staticfield java/util/HashSet PRESENT Ljava/lang/Object; java/lang/Object
ciMethod java/util/HashSet add (Ljava/lang/Object;)Z 512 0 9104 0 -1
ciMethod java/util/HashSet contains (Ljava/lang/Object;)Z 922 0 9909 0 -1
ciInstanceKlass java/util/Date 1 1 561 10 7 12 1 1 1 10 7 12 1 1 1 10 7 12 1 1 9 12 1 1 10 12 1 10 100 12 1 1 1 10 12 1 10 12 1 1 10 100 12 1 1 1 10 100 12 1 1 1 100 1 9 12 1 1 10 12 1 1 10 12 1 1 10 12 1 10 12 1 1 10 12 1 1 10 100 1 10 12 1 1 100 1 3 10 7 12 1 1 1 10 12 1 1 9 12 1 1 10 12 1 1 9 12 1 1 9 12 1 1 9 12 1 1 10 12 1 1 10 100 12 1 1 10 12 1 1 10 12 1 1 3 100 1 10 10 12 1 10 10 12 10 12 1 1 10 12 1 10 12 1 10 12 1 1 10 12 1 10 12 1 10 12 1 10 12 1 10 12 1 10 12 1 10 12 1 10 12 1 10 12 1 10 12 1 1 10 12 1 1 10 12 10 12 1 1 100 1 10 12 10 12 1 1 10 12 1 1 10 12 1 1 10 12 1 10 12 1 9 100 12 1 1 1 10 12 1 1 10 12 1 8 1 10 12 1 10 12 1 1 10 100 12 1 1 1 10 100 12 1 1 1 10 12 1 1 10 12 1 10 12 1 8 1 100 1 10 12 1 1 10 12 1 1 10 12 1 10 12 1 10 12 1 10 7 12 1 1 10 12 1 3 3 10 12 1 1 100 1 10 12 1 10 12 1 10 12 1 1 10 12 10 12 1 10 12 1 1 5 0 9 12 1 10 12 1 1 8 1 10 12 1 1 10 100 12 1 1 10 12 1 10 100 12 1 1 10 12 1 10 100 12 1 1 100 1 10 12 1 10 12 1 1 10 12 1 1 10 12 1 1 8 1 8 1 8 1 8 1 8 1 8 1 8 1 8 1 8 1 8 1 8 1 8 1 8 1 8 1 8 1 8 1 8 1 8 1 8 1 8 1 8 1 8 1 8 1 8 1 8 1 8 1 8 1 8 1 8 1 8 1 8 1 8 1 100 1 100 1 100 1 1 1 5 0 1 1 1 1 1 1 1 1 1 1 1 1 1 1 1 1 1 1 1 1 1 1 1 1 1 1 1 1 1 1 1 1 1 1 1 1 1 1 1 1 1 1 1 100 1 1 1 1 1 1 1 1 1 1 1 1 1 1 1 1 1 1 1 1 1 1 1 1 1 1 1 1 1 1 1 1 1 1 1 1 1 1 1 1 1 1 1 1 1 1 1 1 100 1 1 1 1 100 1 1 1 1 1 1 1 1 1 1 1 1 1 1 1 1 1
staticfield java/util/Date gcal Lsun/util/calendar/BaseCalendar; sun/util/calendar/Gregorian
staticfield java/util/Date wtb [Ljava/lang/String; 32 [Ljava/lang/String;
staticfield java/util/Date ttb [I 32
ciMethod java/lang/ThreadLocal get ()Ljava/lang/Object; 512 0 5605 0 -1
ciInstanceKlass java/util/Hashtable$Entry 1 1 98 10 7 12 1 1 1 9 7 12 1 1 1 9 12 1 1 9 12 1 9 12 1 1 10 12 1 1 10 12 1 100 1 10 100 1 11 12 1 10 12 1 1 11 12 1 10 100 12 1 1 1 100 1 10 10 12 1 1 10 12 1 1 8 1 10 1 1 1 1 1 1 1 1 1 1 1 1 1 1 1 1 1 1 1 1 1 1 1 1 1 1 100 1 1 1 100 1
ciMethod java/util/concurrent/atomic/AtomicInteger get ()I 336 0 168 0 0
ciMethod java/lang/RuntimeException <init> (Ljava/lang/Throwable;)V 0 0 10 0 -1
ciMethod java/util/Hashtable put (Ljava/lang/Object;Ljava/lang/Object;)Ljava/lang/Object; 512 72 11394 0 -1
ciMethod java/util/Hashtable get (Ljava/lang/Object;)Ljava/lang/Object; 512 0 11520 0 1568
ciMethod java/util/Hashtable remove (Ljava/lang/Object;)Ljava/lang/Object; 154 44 884 0 -1
ciMethod java/util/Map get (Ljava/lang/Object;)Ljava/lang/Object; 0 0 1 0 -1
ciMethod java/lang/StringBuilder <init> (Ljava/lang/String;)V 20 0 12101 0 -1
ciMethod java/lang/StringBuilder toString ()Ljava/lang/String; 502 0 86152 0 -1
ciMethod java/lang/StringBuilder append (Ljava/lang/String;)Ljava/lang/StringBuilder; 510 0 140184 0 -1
ciMethod java/lang/String length ()I 7356 0 1335713 0 96
ciMethod java/lang/String equals (Ljava/lang/Object;)Z 2186 0 22579 0 384
ciMethod java/lang/String coder ()B 11560 0 1481298 0 64
ciMethod java/lang/String startsWith (Ljava/lang/String;I)Z 762 5040 7646 0 480
ciMethod java/lang/String startsWith (Ljava/lang/String;)Z 512 0 85059 0 448
ciMethod java/lang/String toUpperCase ()Ljava/lang/String; 1052 0 3440 0 -1
ciMethod java/lang/String endsWith (Ljava/lang/String;)Z 512 0 141497 0 480
ciMethod java/lang/String contains (Ljava/lang/CharSequence;)Z 512 0 6456 0 -1
ciMethod java/security/AccessController doPrivileged (Ljava/security/PrivilegedAction;)Ljava/lang/Object; 22 0 5199 0 -1
ciMethod java/lang/Class getDeclaredConstructor ([Ljava/lang/Class;)Ljava/lang/reflect/Constructor; 54 0 217 0 -1
ciMethod java/lang/Class getResourceAsStream (Ljava/lang/String;)Ljava/io/InputStream; 24 0 72 0 -1
ciMethod java/lang/Class initClassName ()Ljava/lang/String; 516 0 258 0 -1
ciMethod java/lang/Class getSuperclass ()Ljava/lang/Class; 512 0 256 0 -1
ciMethod java/lang/Class isInstance (Ljava/lang/Object;)Z 512 0 256 0 -1
ciMethod java/lang/Class isAssignableFrom (Ljava/lang/Class;)Z 512 0 256 0 -1
ciMethod java/lang/Class forName (Ljava/lang/String;)Ljava/lang/Class; 56 0 864 8 -1
ciMethod java/lang/Class getName ()Ljava/lang/String; 512 0 60935 0 96
ciMethod java/lang/Object notifyAll ()V 512 0 256 0 -1
ciMethod java/lang/Object getClass ()Ljava/lang/Class; 512 0 256 0 -1
ciMethod java/lang/Object wait ()V 32 0 19 0 -1
ciMethod java/lang/Object <init> ()V 6486 0 988695 0 128
ciInstanceKlass java/awt/LayoutManager 1 0 16 100 1 100 1 1 1 1 1 1 1 1 1 1 1 1
instanceKlass javax/swing/JWindow
instanceKlass java/awt/Dialog
instanceKlass java/awt/Frame
ciInstanceKlass java/awt/Window 1 1 1793 10 7 12 1 1 1 9 7 12 1 1 1 9 12 1 9 12 1 9 12 1 1 7 1 10 9 12 1 1 7 1 10 9 12 1 1 9 12 1 9 12 1 9 12 1 9 12 1 1 9 12 1 1 9 12 1 9 12 1 1 9 12 1 9 12 1 9 7 12 1 1 1 9 12 1 9 12 1 9 12 1 9 12 1 10 12 1 1 10 7 12 1 1 10 12 1 1 10 12 1 1 10 7 12 1 1 1 10 12 1 9 12 1 7 1 10 12 1 9 12 1 1 10 12 1 10 12 1 7 1 10 12 1 1 9 12 1 1 9 12 1 10 12 1 1 10 7 12 1 1 10 12 1 1 100 1 8 1 10 12 1 7 1 10 10 12 1 1 10 12 1 1 10 12 1 1 10 7 12 1 1 1 10 12 1 9 7 12 1 1 9 7 12 1 1 10 12 1 9 12 1 9 12 1 9 9 10 12 1 1 10 12 1 1 9 7 12 1 1 1 9 12 1 7 1 9 12 1 1 10 12 1 10 7 12 1 1 1 10 7 12 1 1 1 10 7 12 1 1 10 12 10 12 1 1 10 9 12 1 1 10 12 1 1 10 12 1 1 10 12 1 100 1 10 12 1 9 12 1 18 12 1 1 9 12 1 1 11 100 12 1 1 7 1 10 10 12 1 9 12 1 1 7 1 11 12 1 8 1 10 12 1 1 10 12 1 1 10 12 1 1 10 12 1 1 9 10 12 1 10 12 1 1 11 7 12 1 1 1 9 12 1 1 10 7 1 10 12 1 10 12 1 10 10 12 1 1 9 7 12 1 1 9 12 1 10 12 1 9 12 1 10 12 1 10 12 1 1 10 12 1 10 12 1 9 10 100 12 1 1 1 9 10 12 1 11 12 1 10 12 10 10 10 12 1 10 12 1 10 12 1 1 100 1 10 12 1 1 10 12 1 9 12 1 1 10 7 12 1 1 1 10 12 1 10 7 12 1 1 10 12 1 10 12 1 10 10 7 12 1 1 10 12 1 10 10 12 1 1 10 12 1 9 12 1 10 10 12 1 10 12 1 9 12 1 1 10 12 1 10 12 1 9 12 1 7 1 10 12 1 10 12 1 11 12 1 9 12 1 1 9 12 1 1 7 1 5 0 10 12 1 1 10 12 1 10 12 1 1 10 7 12 1 1 1 10 12 1 10 12 1 10 10 12 1 10 12 1 10 12 1 100 1 10 12 10 12 1 10 12 1 10 12 1 1 100 1 9 7 12 1 1 1 8 1 10 100 12 1 1 10 12 1 100 1 8 1 10 10 11 10 12 1 11 12 1 10 12 1 9 12 1 1 10 12 1 1 9 100 12 1 1 1 10 100 12 1 1 1 7 1 8 1 8 1 10 12 1 10 7 12 1 1 1 100 1 9 12 1 1 10 100 12 1 1 1 9 12 1 1 10 100 12 1 1 1 10 12 1 1 10 12 1 1 10 12 1 1 10 100 12 1 1 1 100 1 11 12 1 1 10 10 12 1 1 10 10 12 10 7 12 1 1 10 10 12 1 1 10 12 1 1 10 12 10 12 1 10 12 1 1 9 12 1 9 12 1 10 12 1 1 10 12 1 10 12 1 10 10 12 1 10 12 1 1 9 12 1 10 7 12 1 1 9 12 1 1 10 12 1 9 12 1 1 10 12 1 10 12 10 12 10 12 7 1 10 12 1 1 100 1 100 1 100 1 100 1 100 1 10 10 12 1 9 12 1 5 0 5 0 10 12 1 1 10 12 1 10 12 1 1 10 12 1 10 12 1 10 12 1 10 11 12 1 11 12 1 11 12 1 11 12 1 11 12 1 11 12 1 11 12 1 11 12 1 11 12 1 11 12 1 10 100 12 1 1 8 1 10 12 1 1 10 100 12 1 1 10 12 1 10 12 1 10 12 1 10 9 12 1 10 12 1 1 9 12 1 9 12 1 10 12 1 11 12 1 8 10 12 1 10 12 1 10 12 1 1 10 10 12 1 10 100 12 1 1 1 10 12 1 1 10 10 12 1 1 10 12 1 10 12 1 1 10 7 12 1 1 10 12 1 10 12 1 8 1 9 12 1 1 10 12 1 1 10 12 1 10 12 1 1 8 9 100 12 1 1 1 10 100 12 1 1 1 10 12 1 10 12 1 1 10 12 1 100 1 10 12 1 10 12 1 10 12 1 10 12 1 1 10 100 12 1 1 10 100 12 1 1 1 10 12 1 1 10 100 12 1 1 1 10 12 1 1 10 100 12 1 1 10 12 1 1 10 100 12 1 1 1 10 12 1 1 10 12 1 10 12 1 10 12 1 10 12 1 1 10 10 12 1 1 8 1 100 1 8 1 10 10 12 1 100 1 10 9 12 1 1 9 12 1 10 12 9 12 1 1 10 100 12 1 1 8 1 10 12 1 1 8 1 8 1 10 12 1 8 1 11 12 1 1 11 100 12 1 1 11 12 1 100 1 100 1 10 12 1 1 10 100 12 1 1 10 12 1 1 10 12 1 1 10 12 1 1 10 12 1 1 10 12 1 11 100 1 10 12 1 10 12 1 1 8 10 100 12 1 8 10 12 1 8 8 8 10 12 1 8 10 12 1 1 8 100 1 8 10 12 1 10 100 12 1 1 1 10 12 1 1 10 12 1 1 9 12 1 1 100 1 10 10 9 12 1 1 9 7 12 1 1 1 10 7 12 1 1 1 10 12 1 18 12 1 10 12 1 10 12 1 1 10 12 1 1 9 7 1 9 10 9 9 10 10 12 1 10 12 1 10 12 1 10 12 1 1 9 12 1 10 12 1 10 12 1 1 8 1 10 12 1 10 8 1 10 12 1 8 1 9 100 12 1 1 1 10 12 1 1 100 1 8 1 10 11 12 1 1 100 1 10 12 1 8 1 9 12 1 8 1 10 100 12 1 1 11 12 1 1 10 12 1 1 10 10 12 1 1 10 7 12 1 1 10 12 1 8 1 10 12 1 10 12 1 8 1 10 12 1 1 11 12 1 11 12 1 10 12 1 10 100 12 1 1 1 100 1 10 12 1 100 1 10 12 1 10 12 1 1 10 12 1 10 12 1 10 12 1 10 10 12 1 1 8 1 10 12 1 1 100 1 11 12 1 1 10 100 12 1 1 1 10 12 1 1 100 1 10 100 1 10 10 10 12 1 10 12 1 1 10 12 10 12 1 10 12 1 6 0 10 12 1 1 9 12 1 9 12 1 100 1 10 12 1 8 1 10 12 1 1 10 12 1 10 12 1 10 12 1 8 1 10 8 1 10 8 1 10 12 7 1 10 10 7 12 1 1 1 100 1 1 1 1 1 3 1 1 1 1 8 1 1 5 0 1 1 1 1 1 1 1 1 1 1 1 1 1 100 1 1 1 1 1 1 100 1 1 1 1 1 1 1 1 1 1 1 1 1 1 1 1 1 1 1 1 1 1 1 1 1 1 1 1 1 1 1 1 1 1 1 1 1 1 1 1 1 1 1 1 1 1 1 1 1 1 1 1 1 1 1 1 1 1 1 1 1 1 1 1 1 1 1 1 1 1 1 1 1 1 1 1 1 1 1 1 1 1 1 1 1 1 1 1 1 1 1 1 1 1 1 1 1 100 1 1 1 1 1 1 1 1 1 1 1 1 1 1 1 100 1 1 1 1 1 100 1 1 1 1 1 1 1 1 1 1 1 1 1 1 1 1 1 1 1 1 1 1 1 1 1 1 1 1 1 1 1 1 100 1 1 1 1 1 100 1 1 1 1 1 1 1 1 1 1 1 1 1 1 1 1 1 1 1 1 1 1 1 1 1 1 1 100 1 1 1 1 1 1 1 1 1 1 1 1 1 1 1 1 1 1 1 1 1 1 1 1 1 1 1 1 1 1 1 1 1 1 1 1 1 1 1 1 1 1 1 1 1 1 1 1 1 1 1 1 1 1 1 1 15 10 7 12 1 1 8 1 8 1 1 1 1 1 1 100 1 1 1 1 1 1 100 1 1 100 1 1 100 1 1 100 1 100 1 1
staticfield java/awt/Window allWindows Lsun/awt/util/IdentityArrayList; sun/awt/util/IdentityArrayList
staticfield java/awt/Window log Lsun/util/logging/PlatformLogger; sun/util/logging/PlatformLogger
staticfield java/awt/Window locationByPlatformProp Z 0
staticfield java/awt/Window beforeFirstWindowShown Ljava/util/concurrent/atomic/AtomicBoolean; java/util/concurrent/atomic/AtomicBoolean
instanceKlass com/jidesoft/swing/ResizableFrame
instanceKlass com/jidesoft/document/FrameFloatingDocumentContainer
instanceKlass ui/aK
ciInstanceKlass javax/swing/JFrame 1 1 445 10 7 12 1 1 1 100 1 9 7 12 1 1 1 9 12 1 1 9 12 1 1 10 12 1 10 12 1 10 12 1 10 12 1 100 1 5 0 10 12 1 1 10 7 12 1 1 1 10 12 1 1 10 12 1 1 10 12 1 1 8 1 10 7 12 1 1 1 10 12 1 1 10 12 1 1 10 12 1 1 10 12 1 1 10 100 12 1 1 10 12 1 10 12 1 7 1 10 12 1 1 10 7 12 1 1 1 10 10 12 1 10 12 1 1 10 100 12 1 1 1 10 12 1 10 12 1 10 100 12 1 1 100 1 8 1 10 10 12 1 1 10 100 12 1 1 8 10 12 1 1 9 12 1 1 10 7 12 1 1 1 8 10 12 1 10 12 1 1 10 12 1 1 10 12 1 1 10 12 1 10 12 1 1 10 100 12 1 1 1 10 12 1 9 12 1 1 10 12 1 1 10 10 12 1 1 10 10 100 1 8 1 10 12 1 10 12 1 1 10 10 12 1 10 12 1 1 10 12 1 1 10 12 1 1 10 12 1 10 12 1 10 12 1 1 9 100 12 1 1 10 12 1 1 10 12 1 1 10 12 1 1 9 12 1 1 9 7 12 1 1 1 10 12 1 1 9 12 1 10 12 1 1 10 12 1 8 1 8 1 8 1 8 1 8 1 10 12 1 1 8 1 8 1 10 12 1 18 12 1 1 100 1 10 12 1 7 1 8 1 10 100 1 100 1 100 1 1 1 1 1 1 1 100 1 1 1 1 1 1 1 1 1 1 1 1 1 1 1 1 1 1 3 1 1 1 1 1 1 1 1 1 1 1 1 1 1 1 1 1 1 1 1 1 1 3 1 1 1 1 1 1 1 1 1 1 1 1 100 1 1 1 1 1 1 1 1 1 1 1 1 1 1 1 1 1 1 1 1 1 1 100 1 1 1 1 1 1 1 1 1 1 1 1 1 1 15 10 100 12 1 1 8 1 1 1 100 1 1 100 1 100 1 1
staticfield javax/swing/JFrame defaultLookAndFeelDecoratedKey Ljava/lang/Object; java/lang/StringBuffer
ciInstanceKlass sun/security/util/ObjectIdentifier 1 1 400 10 100 12 1 1 1 9 7 12 1 1 1 9 12 1 1 100 1 9 12 1 1 10 12 1 1 10 12 1 1 10 12 1 1 9 12 1 1 10 12 1 1 9 100 12 1 1 1 10 100 12 1 1 10 7 12 1 1 10 7 12 1 1 1 10 12 1 1 10 12 1 1 10 12 1 100 1 10 12 1 10 12 1 1 10 12 1 10 12 1 1 10 12 1 1 10 12 1 1 10 12 1 10 12 1 1 10 7 12 1 1 1 10 12 10 12 1 10 12 10 12 1 10 12 1 10 7 12 1 1 1 9 12 1 1 100 1 100 1 7 1 10 8 1 10 12 1 1 10 12 1 1 10 10 12 1 10 100 12 1 1 1 10 100 12 1 1 1 3 9 12 1 1 10 7 12 1 1 1 10 10 12 1 1 10 7 12 1 1 100 1 10 12 1 10 7 12 1 1 1 10 7 12 1 1 1 10 12 1 1 10 12 1 1 10 12 1 5 0 10 12 1 5 0 10 12 1 1 10 12 1 1 10 12 10 12 1 8 1 10 12 1 10 12 1 9 12 1 100 1 8 1 10 12 1 8 1 10 100 12 1 1 10 12 1 10 12 1 1 8 1 10 8 1 8 1 8 1 10 12 1 9 12 1 1 8 1 5 0 8 1 8 1 8 1 8 1 8 1 8 1 10 7 12 1 1 1 10 100 1 1 1 3 1 1 5 0 1 1 1 1 1 1 1 1 1 1 1 1 1 1 100 1 1 1 1 1 1 1 1 1 1 1 1 1 1 1 1 1 1 1 1 1 1 1 1 1 1 1 1 1 1 1 1 1 1 1 1 1 1 1 1 1 1 1 1 1 1 1 1 1 1 1 1 1 1 1 1 1 1 1 1 1 1 1 1 1 1 1
staticfield sun/security/util/ObjectIdentifier $assertionsDisabled Z 1
ciInstanceKlass java/lang/InterruptedException 0 0 26 10 100 12 1 1 1 10 12 1 100 1 1 1 1 5 0 1 1 1 1 1 1 1 1 1
instanceKlass java/awt/Button
instanceKlass javax/swing/ImageIcon$3
instanceKlass javax/swing/ImageIcon$2$1
instanceKlass java/awt/Canvas
instanceKlass java/awt/Container
ciInstanceKlass java/awt/Component 1 1 3062 9 7 12 1 1 1 9 12 1 1 100 1 8 1 10 12 1 1 9 12 1 1 10 12 1 1 10 7 12 1 1 1 100 1 10 12 1 9 12 1 1 7 1 10 7 1 9 12 1 1 9 12 1 9 12 1 9 12 1 9 12 1 9 12 1 9 12 1 9 12 1 9 12 1 10 7 12 1 1 1 9 7 12 1 1 1 9 12 1 9 12 1 7 1 5 0 9 12 1 1 9 12 1 9 12 1 1 9 12 1 9 12 1 10 12 1 1 9 12 1 9 12 1 9 12 1 9 12 1 1 10 7 12 1 1 1 9 12 1 1 7 1 9 12 1 1 9 12 1 1 10 12 1 10 12 1 1 8 10 12 1 1 10 12 1 1 9 12 1 1 9 12 1 1 10 12 1 10 7 12 1 1 10 12 1 1 100 1 10 12 1 10 12 1 1 9 12 1 1 10 12 1 1 10 10 10 12 1 10 12 1 8 1 10 12 1 9 12 1 1 11 10 100 12 1 1 1 10 100 12 1 1 10 7 1 8 1 10 9 12 1 100 1 8 1 10 10 12 1 1 10 7 1 10 7 12 1 1 10 12 1 7 1 100 1 18 12 1 1 10 10 12 1 10 12 1 10 12 1 10 12 1 1 10 12 1 10 7 12 1 1 1 10 12 1 1 10 12 1 1 7 1 9 12 1 9 12 1 10 12 10 12 1 10 12 1 1 11 12 1 1 11 100 12 1 1 1 10 100 12 1 1 10 7 12 1 1 1 10 12 1 1 10 7 12 1 1 7 1 10 100 1 10 12 10 12 1 1 10 12 1 1 10 12 1 1 10 10 10 12 1 10 12 1 1 11 12 1 10 12 1 10 12 1 100 1 8 1 9 100 12 1 1 1 10 10 12 10 12 1 10 7 12 1 1 10 12 1 10 12 1 10 12 1 10 12 1 10 12 1 1 10 12 1 1 7 1 10 12 1 10 100 12 1 1 1 10 12 1 10 12 5 0 10 12 1 10 12 1 11 12 1 7 1 5 0 5 0 10 12 1 1 10 12 1 1 7 1 10 12 1 9 12 1 1 7 1 10 10 12 1 1 10 7 12 1 1 10 12 1 10 12 10 12 1 10 12 1 10 12 1 10 12 1 9 12 1 1 10 12 1 1 10 11 12 1 1 8 9 12 1 10 12 1 10 11 12 1 8 10 12 1 1 9 12 1 1 10 10 12 1 11 12 1 1 9 12 1 8 10 7 1 10 12 1 9 12 1 1 100 1 8 1 10 10 12 1 1 8 11 12 1 1 10 100 12 1 1 10 10 12 1 10 12 1 10 12 1 9 11 9 9 8 1 10 12 1 10 12 1 10 12 1 1 9 12 1 9 12 1 10 12 1 1 10 10 12 1 1 7 1 10 10 12 1 10 12 1 9 9 10 12 1 10 12 1 10 12 10 12 1 10 12 1 10 12 1 1 10 12 1 1 10 10 10 12 1 1 10 12 1 10 12 11 12 10 12 1 5 0 10 12 1 1 9 9 9 9 10 12 1 10 12 1 10 12 1 10 12 1 10 10 10 9 12 1 9 12 1 1 8 1 10 12 10 12 1 10 12 1 11 12 1 10 12 1 10 12 9 12 1 9 12 1 8 1 10 12 10 12 1 11 9 12 1 9 12 1 8 1 10 12 1 100 1 4 8 1 9 100 12 1 1 1 10 12 1 10 7 12 1 1 11 10 12 1 10 12 1 10 12 1 10 12 1 10 12 1 10 10 10 12 1 1 7 1 11 12 1 10 7 12 1 1 10 12 1 10 11 10 12 1 10 100 12 1 1 1 100 1 10 12 1 11 12 1 1 10 100 12 1 1 1 9 12 1 1 11 10 12 1 1 10 100 1 10 12 1 1 10 12 1 1 10 100 12 1 1 10 12 1 1 100 1 10 12 1 1 10 12 1 10 10 12 1 100 1 10 12 1 10 7 12 1 1 1 10 12 1 10 100 12 1 1 10 10 12 1 100 1 11 12 1 1 10 100 12 1 1 10 100 1 9 12 1 9 12 1 10 12 1 1 10 12 1 11 10 12 1 1 11 10 10 12 1 1 10 10 12 1 1 10 100 1 100 1 10 12 9 100 12 1 1 1 10 12 1 10 12 1 1 7 1 100 1 8 1 10 12 1 8 1 8 1 10 100 12 1 1 100 1 10 12 1 10 12 1 1 100 1 10 12 1 10 12 1 1 100 1 10 100 1 10 12 1 100 1 10 100 1 10 12 1 1 100 1 10 10 12 1 1 10 12 1 10 12 1 1 10 12 1 10 12 1 10 12 1 10 12 1 9 12 1 1 9 7 12 1 1 1 10 7 12 1 1 1 18 12 1 10 12 1 9 12 1 8 1 10 12 1 1 7 1 10 12 1 7 1 10 12 1 9 12 1 9 12 1 10 12 1 1 10 12 1 1 10 12 1 9 12 1 18 10 12 7 1 10 12 1 1 11 12 1 100 1 10 12 1 1 10 12 1 10 12 1 10 12 1 1 10 12 1 7 1 100 1 7 1 18 100 1 10 12 1 10 12 1 1 8 1 10 12 1 10 12 1 10 12 1 1 10 12 1 10 12 1 1 9 100 12 1 1 9 12 1 10 10 12 1 9 12 1 10 12 1 1 10 12 1 1 10 12 1 10 12 1 11 12 1 10 12 1 10 12 1 1 10 10 8 10 10 12 1 1 18 12 1 10 12 1 10 10 10 10 18 10 10 12 1 1 10 12 1 10 12 1 10 12 1 10 12 1 10 12 1 10 12 1 10 12 1 10 12 1 10 12 1 1 10 12 1 10 12 1 10 12 1 10 10 5 0 9 12 1 1 9 9 12 1 1 5 0 9 12 1 1 5 0 9 12 1 1 5 0 9 12 1 1 5 0 9 12 1 1 9 12 1 1 9 12 1 1 5 0 5 0 5 0 5 0 10 12 10 9 9 10 10 7 12 1 1 1 10 12 1 7 1 10 12 1 1 100 1 10 12 1 10 12 1 1 10 12 7 1 7 1 10 12 1 10 12 1 1 10 12 7 1 100 1 10 12 1 10 12 8 1 10 12 1 10 8 1 10 12 1 8 1 7 1 100 1 10 12 1 10 12 1 10 12 7 1 7 1 10 12 1 10 12 7 1 7 1 10 12 1 10 12 7 1 7 1 10 12 1 10 12 100 1 100 1 10 12 1 10 12 100 1 100 1 7 1 10 12 1 1 100 1 10 12 1 10 5 0 10 7 12 1 1 1 9 12 1 1 11 7 12 1 1 1 7 1 10 12 1 7 1 10 12 1 11 12 1 1 10 12 1 10 12 1 1 10 12 1 1 8 1 9 12 1 1 10 12 1 1 7 1 10 12 1 1 10 12 1 1 10 12 1 10 12 1 10 12 10 12 1 1 10 12 1 1 10 12 1 1 10 12 1 10 11 12 1 11 12 1 11 12 1 11 12 1 10 11 12 1 11 12 1 10 11 12 1 11 12 1 11 12 1 10 11 12 1 11 12 1 11 12 1 11 12 1 11 12 1 11 12 1 11 12 1 11 12 1 10 11 12 1 11 12 1 10 11 12 1 11 12 1 11 12 1 10 12 1 1 10 12 1 10 12 1 10 12 1 10 12 1 10 12 1 10 12 1 1 10 12 1 9 12 1 10 12 1 1 10 12 1 10 12 1 10 12 1 1 11 12 1 1 10 10 12 1 10 12 1 9 12 1 1 10 100 12 1 10 12 1 1 100 1 10 10 12 1 10 12 1 10 10 12 1 1 10 12 1 10 12 1 1 10 12 1 10 10 10 12 1 1 10 12 1 11 10 12 1 8 10 12 1 8 1 10 12 1 1 10 12 1 1 10 12 1 11 12 1 1 11 7 12 1 1 11 12 1 7 1 8 1 10 12 1 3 8 1 11 12 8 1 7 1 10 12 1 10 7 12 1 1 1 9 12 1 1 10 12 1 10 12 1 8 10 12 1 1 10 12 1 9 7 12 1 1 10 12 1 1 10 12 1 10 12 1 8 1 10 12 1 8 1 10 12 1 8 1 8 1 8 1 10 12 1 10 12 1 10 100 12 1 1 11 12 1 1 10 12 1 10 12 1 1 8 1 18 12 1 10 12 1 8 1 8 1 10 12 1 8 1 10 12 1 1 10 12 1 8 1 9 12 1 8 1 9 12 1 1 11 100 12 1 1 1 8 1 7 1 10 10 12 1 9 10 12 1 10 12 1 9 12 1 18 12 1 10 12 1 10 12 1 9 12 1 10 12 1 1 8 1 10 12 1 18 10 12 1 10 12 1 18 12 1 10 12 1 1 10 100 12 1 1 1 18 10 12 1 1 18 10 100 12 1 1 1 18 10 12 1 10 12 1 9 12 1 10 10 12 1 10 10 12 1 1 9 12 1 10 12 1 10 10 10 12 1 9 12 1 11 100 12 1 1 10 10 12 1 1 9 12 1 10 12 1 1 10 12 1 10 12 1 8 1 10 12 1 1 8 1 8 1 8 1 18 12 1 10 10 12 1 18 12 1 9 12 1 1 10 12 1 1 8 1 10 100 12 1 10 12 1 10 12 1 10 100 1 10 9 12 1 1 7 1 10 12 10 12 1 1 10 12 1 10 10 12 1 10 12 10 12 1 10 10 10 12 1 10 100 12 1 1 10 100 12 1 1 10 12 1 10 100 12 1 1 10 100 12 1 1 10 100 12 1 1 100 1 8 1 10 100 12 1 1 1 10 12 1 10 100 12 1 1 1 11 100 12 1 1 1 10 12 1 10 100 12 1 1 8 1 10 12 1 1 8 1 8 1 8 1 8 1 8 1 10 12 1 8 1 8 1 8 1 10 100 12 1 1 10 12 1 10 12 1 10 12 1 1 10 12 1 1 10 12 1 1 10 12 1 1 10 12 1 1 10 12 1 1 100 1 9 12 1 10 12 1 1 10 12 1 1 10 12 1 1 8 100 1 10 10 12 1 1 10 10 12 1 10 10 12 1 10 12 1 10 12 1 1 10 12 1 1 11 100 1 10 12 1 10 12 1 1 100 1 10 10 12 1 9 12 1 9 12 1 9 12 1 9 12 1 10 12 1 1 9 12 1 10 12 1 11 100 12 1 1 9 12 1 8 1 10 12 1 1 10 12 1 9 12 1 10 10 12 1 1 10 12 1 9 12 1 18 12 1 10 7 1 9 12 1 10 12 1 1 10 11 12 1 1 10 12 1 10 12 1 18 12 1 10 12 1 1 10 10 12 1 1 10 12 1 1 10 12 1 10 12 1 10 10 12 1 18 12 1 10 12 1 10 12 1 1 10 10 12 1 18 12 1 18 10 12 1 10 12 1 18 10 12 1 10 12 1 10 10 10 12 1 1 10 12 1 10 12 1 10 12 1 18 10 12 1 18 12 1 10 12 1 10 12 10 12 1 18 10 12 1 10 12 1 10 12 1 18 12 1 18 10 12 1 10 12 1 10 12 1 1 11 12 1 1 10 12 1 8 1 10 12 1 1 9 12 1 8 1 8 1 8 1 8 1 8 1 8 1 8 1 7 1 10 10 12 1 10 12 1 7 1 8 1 10 8 1 8 1 10 100 12 1 1 1 7 1 10 10 7 12 1 1 1 7 1 10 100 1 1 1 1 1 3 1 3 1 3 1 1 8 1 1 8 1 1 1 8 1 1 1 8 1 1 1 1 1 1 8 1 1 8 1 1 8 1 1 1 1 1 8 1 1 8 1 1 1 4 1 1 4 1 1 1 5 0 1 1 1 1 1 1 1 1 1 1 1 1 1 100 1 1 1 1 1 1 1 1 1 1 1 1 1 1 1 1 1 1 1 1 1 1 1 1 1 1 1 1 1 1 1 1 1 1 1 1 1 1 1 1 1 1 1 1 1 1 1 1 1 1 1 1 100 1 1 1 1 1 1 1 1 1 100 1 1 1 1 1 1 1 1 1 1 1 1 1 1 1 1 1 1 1 1 1 1 1 1 1 1 1 1 1 1 1 1 1 1 1 1 1 1 1 1 1 1 1 1 1 1 100 1 1 1 1 1 1 1 1 1 1 1 1 1 1 1 1 1 1 1 1 1 1 1 1 1 1 1 1 1 1 1 100 1 100 1 1 1 1 1 1 1 1 1 1 1 1 1 1 1 1 1 1 1 1 1 1 1 1 1 1 1 1 1 1 1 1 1 1 1 1 1 1 1 1 1 1 1 1 1 1 1 1 1 1 1 1 1 1 1 1 1 1 1 1 1 1 1 1 1 1 1 1 1 1 1 1 1 1 1 1 1 1 1 1 1 1 1 1 100 1 1 1 1 1 1 1 1 1 1 1 1 1 1 1 1 1 1 1 1 1 1 1 1 1 1 1 1 1 1 1 1 1 1 1 1 1 1 1 1 1 1 100 1 1 1 1 1 1 1 1 1 1 1 1 1 1 1 1 1 1 1 1 1 1 1 1 1 1 1 1 1 1 1 1 1 1 1 1 1 1 1 1 1 1 1 1 1 1 1 1 1 1 1 1 1 1 1 1 1 1 1 1 1 1 1 100 1 1 1 1 1 1 100 1 1 1 1 1 1 1 1 1 1 1 1 1 1 1 1 1 1 1 1 1 1 1 1 1 1 1 1 1 1 1 1 1 1 1 1 1 1 1 1 1 100 1 1 1 1 1 1 100 1 100 1 100 1 1 15 10 7 12 1 1 8 1 8 1 8 1 8 1 8 1 8 1 8 1 8 1 8 1 8 1 8 1 8 1 8 1 8 1 8 1 8 1 8 1 8 1 8 1 8 1 8 1 8 1 8 1 8 1 8 1 8 1 1 1 1 1 1 1 1 1 1 1 1 1 1 1 1 1 100 1 1 1 1 1 100 1 100 1 1
staticfield java/awt/Component log Lsun/util/logging/PlatformLogger; sun/util/logging/PlatformLogger
staticfield java/awt/Component eventLog Lsun/util/logging/PlatformLogger; sun/util/logging/PlatformLogger
staticfield java/awt/Component focusLog Lsun/util/logging/PlatformLogger; sun/util/logging/PlatformLogger
staticfield java/awt/Component mixingLog Lsun/util/logging/PlatformLogger; sun/util/logging/PlatformLogger
staticfield java/awt/Component focusTraversalKeyPropertyNames [Ljava/lang/String; 4 [Ljava/lang/String;
staticfield java/awt/Component LOCK Ljava/lang/Object; java/awt/Component$AWTTreeLock
staticfield java/awt/Component coalesceMap Ljava/util/Map; java/util/WeakHashMap
staticfield java/awt/Component coalesceEventsParams [Ljava/lang/Class; 2 [Ljava/lang/Class;
staticfield java/awt/Component $assertionsDisabled Z 1
instanceKlass javax/swing/CellRendererPane
instanceKlass javax/swing/plaf/basic/BasicSplitPaneDivider
instanceKlass java/awt/Panel
instanceKlass java/awt/Window
instanceKlass javax/swing/JComponent
ciInstanceKlass java/awt/Container 1 1 1754 10 7 12 1 1 1 7 1 10 9 7 12 1 1 1 9 12 1 1 9 12 1 9 12 1 1 9 12 1 1 9 12 1 9 12 1 7 1 9 12 1 1 10 12 1 1 11 7 12 1 1 11 12 1 1 100 1 100 1 18 12 1 1 10 12 1 10 12 1 1 9 12 1 1 11 12 1 1 7 10 12 1 1 10 12 1 10 12 1 1 9 12 1 1 7 1 11 12 1 10 7 12 1 1 10 12 1 10 12 1 1 100 1 8 1 10 9 12 1 1 7 1 8 1 10 12 1 10 12 1 1 8 1 9 18 12 1 10 12 1 1 10 12 1 10 12 1 1 10 8 1 10 7 12 1 1 1 10 7 12 1 1 1 10 12 1 10 12 1 1 10 12 1 1 10 12 1 9 12 1 1 11 7 12 1 1 7 1 5 0 10 12 1 1 10 12 1 1 5 0 10 12 1 10 12 1 1 10 12 1 1 11 12 1 10 12 1 11 12 1 1 9 12 1 1 9 12 1 1 5 0 10 7 12 1 1 1 7 1 10 12 1 10 12 1 1 100 1 10 12 1 1 10 12 1 1 10 12 1 10 12 1 10 12 1 10 12 1 10 12 1 10 12 1 1 100 1 10 12 1 1 10 12 1 7 1 10 12 1 1 9 10 12 1 10 12 1 10 12 1 11 100 12 1 1 10 12 1 1 10 12 1 1 10 12 1 1 10 12 1 1 10 12 1 10 12 1 1 10 12 1 1 11 12 1 1 11 12 1 11 12 1 1 10 12 1 10 12 1 10 12 1 10 10 12 1 7 1 11 12 1 1 11 12 1 10 12 1 10 12 1 10 12 1 10 7 12 1 1 1 10 12 1 1 10 12 1 5 0 11 12 1 1 10 12 7 1 11 12 1 1 11 7 12 1 1 11 12 1 10 12 1 1 10 12 10 12 9 12 1 9 12 1 9 12 1 11 12 1 9 12 1 1 9 7 12 1 1 1 10 7 12 1 1 1 8 1 10 12 1 8 1 8 1 5 0 8 1 10 12 1 10 12 1 9 12 1 8 1 10 12 1 1 10 12 1 11 12 1 1 9 12 1 10 12 1 10 12 1 11 12 1 10 12 1 10 12 1 9 12 1 11 12 1 10 12 1 11 12 1 10 12 1 11 12 1 10 12 1 10 10 11 12 1 10 12 1 10 10 12 1 1 10 12 1 1 10 7 12 1 1 10 12 1 1 9 12 1 1 10 12 1 11 12 1 1 10 7 1 10 12 1 10 12 1 9 12 1 10 12 1 11 12 1 10 9 12 1 10 12 1 11 12 1 10 12 1 11 12 1 1 10 12 1 1 11 12 1 10 12 1 10 12 1 10 12 1 9 12 1 1 10 100 12 1 1 1 11 12 1 10 7 12 1 1 1 10 12 1 100 1 10 12 1 1 9 12 1 9 12 1 10 100 12 1 1 10 12 1 1 100 1 10 11 10 12 1 11 12 11 10 100 12 1 1 10 10 100 12 1 1 10 10 12 1 10 12 1 10 100 12 1 1 10 10 100 12 1 1 10 10 12 1 10 12 1 10 100 12 1 1 10 10 7 12 1 1 9 12 1 10 12 7 1 10 12 1 1 7 1 10 10 12 1 10 12 1 10 12 1 1 10 12 1 1 10 12 1 10 11 12 1 11 12 1 9 12 1 1 10 7 12 1 10 12 1 11 12 1 10 12 1 10 12 1 1 9 100 12 1 1 1 10 12 1 1 9 100 1 10 12 1 1 9 12 1 9 12 1 9 12 1 10 12 1 9 9 11 100 1 10 10 12 1 1 10 12 1 9 100 1 9 10 12 1 1 10 12 1 10 12 1 1 10 12 1 1 10 12 1 9 100 1 9 10 7 12 1 1 7 1 10 100 1 10 12 10 7 12 1 1 1 100 1 10 12 1 1 10 12 1 1 10 12 1 1 10 12 1 1 10 12 1 1 10 12 1 10 12 1 9 9 12 1 10 12 1 1 10 9 10 12 10 10 12 1 1 10 12 1 10 12 1 10 12 1 10 12 1 10 12 1 10 12 1 10 10 100 12 1 1 1 9 12 1 1 10 12 1 1 10 100 12 1 1 1 8 1 10 12 1 1 100 1 10 12 1 10 12 1 1 9 12 1 1 18 12 1 1 10 12 1 10 12 1 1 10 100 1 11 100 12 1 100 1 10 12 1 10 12 10 7 12 1 1 100 1 10 12 1 100 1 10 10 100 12 1 1 10 12 1 1 10 12 1 10 12 1 10 12 1 1 10 7 12 1 1 18 12 1 10 12 1 1 10 12 1 8 1 10 12 1 1 10 12 1 1 10 12 1 10 12 1 10 12 1 10 12 1 10 12 1 10 12 1 10 12 1 1 10 12 1 1 10 12 1 10 12 1 9 12 1 1 8 10 12 1 1 10 12 1 10 12 1 8 10 12 1 9 12 1 8 10 100 12 1 1 1 9 100 12 1 1 1 10 12 1 1 10 12 1 1 10 12 1 10 12 1 1 10 12 1 1 10 12 1 10 100 12 1 1 1 8 1 10 100 12 1 1 1 8 10 12 1 8 8 8 10 12 1 8 10 12 1 8 1 10 12 1 1 10 12 1 1 100 1 10 100 12 1 1 1 10 100 12 1 1 10 12 1 10 7 12 1 1 1 10 12 1 100 1 8 1 10 10 10 12 1 10 12 1 10 12 1 10 12 1 1 100 1 9 12 1 100 1 11 12 1 1 10 100 12 1 1 10 12 1 1 10 12 1 1 11 100 1 11 10 12 11 12 1 10 10 10 100 1 8 1 10 10 12 1 8 1 10 12 1 10 12 1 9 100 12 1 1 1 10 12 1 1 10 12 1 1 10 12 1 10 12 1 10 12 1 10 12 1 10 12 1 1 9 12 1 18 12 1 10 10 12 1 1 10 12 1 1 10 12 10 12 1 18 12 1 10 12 1 10 12 10 12 1 10 11 12 1 10 12 1 10 12 1 10 12 1 10 12 1 10 10 12 1 10 12 1 10 12 1 11 12 1 1 18 12 1 10 12 1 10 12 1 10 12 1 18 12 1 10 12 1 10 10 10 12 1 18 10 12 1 10 12 1 100 1 18 12 1 1 10 12 1 1 8 1 10 12 1 1 8 1 8 1 7 1 9 12 1 1 10 12 1 9 7 1 9 12 1 1 10 12 1 10 12 1 7 1 10 10 7 12 1 1 1 7 1 8 1 10 10 12 1 1 1 1 1 1 5 0 1 3 1 1 1 1 1 1 1 1 1 1 1 1 1 100 1 1 1 1 1 1 1 1 1 1 1 1 1 1 1 1 1 1 1 1 1 1 1 1 1 1 1 1 1 1 1 1 1 1 1 1 1 1 1 1 1 1 1 1 1 1 1 1 1 1 1 1 1 1 1 1 1 1 1 1 1 1 1 1 1 1 1 1 1 1 1 1 1 1 1 1 1 1 1 1 1 1 1 1 1 1 1 100 1 1 1 1 1 1 1 1 1 1 1 1 1 1 1 1 1 1 1 1 1 1 1 1 1 1 1 1 1 1 1 1 1 1 1 1 1 1 1 1 1 1 1 1 1 1 1 1 1 1 1 1 1 1 1 1 1 1 1 1 1 1 1 1 1 1 1 1 1 1 1 1 1 1 1 1 1 1 1 1 1 1 1 1 1 1 100 1 1 1 1 1 1 1 1 100 1 1 1 1 1 1 1 1 1 1 1 1 1 1 1 1 1 1 1 1 1 1 1 1 1 1 1 1 1 1 1 1 1 1 1 1 1 100 1 100 1 1 15 10 7 12 1 1 8 1 8 1 15 10 100 12 1 1 1 16 15 10 12 8 1 8 1 8 1 8 1 8 1 8 1 16 15 10 12 1 1 1 1 1 1 1 1 1 1 1 1 100 1 1 1 1 100 1 1 1 1 100 1 100 1 1
staticfield java/awt/Container log Lsun/util/logging/PlatformLogger; sun/util/logging/PlatformLogger
staticfield java/awt/Container eventLog Lsun/util/logging/PlatformLogger; sun/util/logging/PlatformLogger
staticfield java/awt/Container EMPTY_ARRAY [Ljava/awt/Component; 0 [Ljava/awt/Component;
staticfield java/awt/Container mixingLog Lsun/util/logging/PlatformLogger; sun/util/logging/PlatformLogger
staticfield java/awt/Container serialPersistentFields [Ljava/io/ObjectStreamField; 8 [Ljava/io/ObjectStreamField;
staticfield java/awt/Container isJavaAwtSmartInvalidate Z 0
instanceKlass ui/utils/swing/u/e
instanceKlass com/jidesoft/plaf/basic/BasicDockableFrameTitlePane
instanceKlass com/jidesoft/status/MemoryStatusBarItem$e
instanceKlass com/jidesoft/plaf/basic/BasicCollapsiblePaneTitlePane
instanceKlass javafx/embed/swing/JFXPanel
instanceKlass javax/swing/JProgressBar
instanceKlass ui/utils/swing/x/b
instanceKlass de/concept/nlview/Nlview
instanceKlass ui/views/Y/a/R
instanceKlass com/jidesoft/action/DockableBarContainer
instanceKlass com/jidesoft/swing/Contour
instanceKlass javax/help/JHelpContentViewer
instanceKlass javax/help/JHelp
instanceKlass javax/help/JHelpNavigator
instanceKlass com/jidesoft/swing/Gripper
instanceKlass com/jidesoft/popup/JidePopup
instanceKlass com/jidesoft/combobox/AbstractComboBox
instanceKlass javax/swing/Box$Filler
instanceKlass javax/swing/Box
instanceKlass javax/swing/JSeparator
instanceKlass javax/swing/plaf/basic/BasicInternalFrameTitlePane
instanceKlass javax/swing/JInternalFrame$JDesktopIcon
instanceKlass de/javasoft/plaf/synthetica/SyntheticaScrollPaneCorner
instanceKlass javax/swing/JSplitPane
instanceKlass javax/swing/JToolBar
instanceKlass javax/swing/JScrollPane
instanceKlass javax/swing/JLayeredPane
instanceKlass ui/e/f
instanceKlass org/apache/batik/swing/gvt/JGVTComponent
instanceKlass javax/swing/JSpinner
instanceKlass javax/swing/table/JTableHeader
instanceKlass com/jidesoft/docking/DockableFrame
instanceKlass com/jidesoft/swing/InfiniteProgressPanel
instanceKlass com/jidesoft/editor/CodeEditorPainter
instanceKlass com/jidesoft/margin/AbstractMargin
instanceKlass com/jidesoft/editor/CodeEditor
instanceKlass de/javasoft/plaf/synthetica/SyntheticaRootPaneUI$8
instanceKlass javax/swing/JMenuBar
instanceKlass javax/swing/JRootPane
instanceKlass javax/swing/JToolTip
instanceKlass javax/swing/JScrollBar
instanceKlass javax/swing/JOptionPane
instanceKlass javax/swing/JInternalFrame
instanceKlass javax/swing/JTree
instanceKlass javax/swing/JTable
instanceKlass javax/swing/JList
instanceKlass javax/swing/JComboBox
instanceKlass javax/swing/JPopupMenu
instanceKlass javax/swing/JViewport
instanceKlass javax/swing/text/JTextComponent
instanceKlass javax/swing/JTabbedPane
instanceKlass javax/swing/AbstractButton
instanceKlass javax/swing/JLabel
instanceKlass javax/swing/JPanel
ciInstanceKlass javax/swing/JComponent 1 1 1952 9 7 12 1 1 1 10 7 12 1 1 1 10 12 1 1 9 12 1 1 9 12 1 1 10 7 12 1 1 1 10 12 1 1 100 1 11 12 1 1 10 100 12 1 1 1 9 12 1 1 7 1 10 12 1 1 100 1 100 1 10 7 12 1 1 1 11 7 12 1 1 1 9 12 1 9 12 1 1 11 7 12 1 1 1 11 12 1 1 7 1 10 12 1 11 10 12 1 1 10 12 1 1 8 1 10 12 1 1 100 1 5 0 10 12 1 1 9 12 1 1 8 1 10 12 1 10 12 1 1 10 12 1 1 10 12 1 1 7 1 7 1 10 7 1 10 12 7 1 10 9 12 1 1 9 12 1 1 9 12 1 1 7 1 10 12 1 9 12 1 1 5 0 10 12 1 8 1 10 12 1 1 10 7 12 1 1 1 8 1 10 12 1 10 12 1 1 10 12 1 1 9 12 1 1 10 12 1 10 7 12 1 1 1 9 7 12 1 1 1 10 7 12 1 1 1 9 12 1 9 12 1 9 12 1 10 7 12 1 1 1 8 1 10 12 1 10 12 1 10 12 1 9 12 1 1 10 7 12 1 1 1 7 1 10 12 1 1 8 1 9 12 1 10 100 12 1 1 10 12 1 10 12 1 10 12 1 1 10 7 12 1 1 1 10 12 1 1 10 12 1 1 10 12 1 10 12 1 10 12 1 10 12 1 1 10 12 1 9 12 1 10 12 1 10 12 1 1 10 12 1 1 10 12 1 10 12 1 10 12 1 10 12 1 10 12 1 10 12 1 1 10 10 12 1 10 12 1 10 12 1 1 10 12 1 1 9 12 1 1 9 12 1 9 12 1 9 12 1 11 7 12 1 1 1 10 12 1 1 10 12 1 1 10 12 1 10 10 10 12 1 1 10 12 1 10 12 1 10 12 1 1 10 12 1 1 11 7 12 1 1 1 10 10 12 1 1 10 7 12 1 1 1 10 12 1 10 12 1 10 12 1 10 12 1 10 12 1 10 12 1 10 12 1 10 12 1 10 12 1 1 10 12 1 10 12 10 12 1 10 12 1 10 12 1 10 12 1 10 8 1 10 12 1 1 10 12 1 1 10 12 1 10 12 1 10 12 1 1 100 1 10 12 1 10 12 1 10 12 1 1 10 12 1 10 12 1 10 12 1 8 1 10 12 1 10 12 1 10 12 1 10 12 1 10 12 10 8 10 7 12 1 1 1 10 12 1 1 10 12 1 10 12 1 1 10 12 1 10 12 1 10 12 1 10 12 1 10 12 10 12 1 10 12 1 10 12 1 10 12 10 12 1 1 10 12 1 9 12 1 1 8 11 12 1 1 10 7 12 1 1 10 12 1 1 10 7 1 10 12 1 9 12 1 9 12 1 9 12 1 9 12 1 9 12 1 9 12 1 1 10 12 1 1 10 12 1 1 9 12 1 9 12 1 10 12 1 9 7 12 1 1 1 100 1 8 10 10 12 1 1 10 12 1 1 10 12 1 10 12 1 1 10 12 1 1 7 1 10 12 1 10 7 12 1 1 1 10 7 12 1 1 8 1 7 1 10 12 1 1 10 10 12 1 1 10 12 10 10 12 1 1 11 100 12 1 1 11 12 1 10 12 1 10 12 1 10 10 12 1 10 12 1 10 12 10 7 12 1 1 1 10 12 1 1 10 12 1 10 12 1 1 10 12 1 10 12 1 10 12 100 1 10 100 12 1 1 1 10 12 1 9 12 1 1 10 10 7 1 100 1 8 1 10 12 1 9 12 1 1 9 12 1 1 9 12 1 8 1 9 12 1 1 10 10 12 1 1 10 12 10 10 12 1 1 10 12 1 1 10 12 1 10 12 1 1 9 100 12 1 1 1 10 100 12 1 1 1 10 10 10 12 1 10 12 10 12 10 12 1 10 12 1 8 1 10 12 1 10 7 1 10 12 1 10 12 1 10 8 1 10 12 1 7 1 10 12 1 10 12 1 10 12 1 10 12 1 1 10 12 1 10 12 1 10 100 12 1 1 1 10 12 1 10 12 1 1 10 12 1 10 12 1 10 12 1 1 10 12 1 10 12 1 1 10 12 1 10 12 1 10 12 1 10 12 1 10 12 1 1 100 1 10 12 1 1 10 12 1 1 100 1 10 12 1 1 10 12 1 1 8 1 10 7 12 1 1 1 10 12 1 10 12 1 7 1 100 1 10 10 12 1 10 12 1 10 12 1 7 1 10 10 12 1 9 12 1 5 0 10 100 12 1 1 9 12 1 100 1 10 12 1 1 8 1 10 100 1 10 12 1 1 10 12 1 1 10 12 1 10 12 1 10 12 1 100 1 8 1 9 100 12 1 1 1 10 10 12 1 10 10 10 12 1 1 10 12 10 10 12 1 1 10 7 12 1 1 8 1 7 1 10 12 1 10 12 1 8 10 12 1 100 1 10 12 1 1 18 12 1 1 10 100 12 1 1 1 11 100 12 1 1 10 12 1 10 12 1 100 1 10 12 1 10 12 1 100 1 10 10 12 1 10 10 10 10 10 10 10 10 10 10 10 12 1 1 10 10 12 10 10 12 1 10 12 1 9 12 1 1 10 100 12 1 1 10 12 10 12 1 1 10 12 1 7 1 10 12 1 1 9 12 1 7 1 10 12 1 1 10 10 12 1 1 10 12 1 9 10 12 1 1 10 12 1 7 1 10 12 1 1 10 100 1 10 7 1 10 12 1 1 10 12 1 1 10 10 12 1 8 1 10 12 10 12 1 10 12 10 12 1 10 12 1 10 12 1 10 7 12 1 1 1 10 12 1 10 12 1 1 10 12 1 10 12 1 10 12 1 10 12 1 10 12 1 18 12 1 1 10 12 1 1 10 12 1 10 12 1 1 10 12 1 1 10 12 1 10 12 1 10 7 1 10 10 12 1 10 10 12 1 10 12 1 1 10 11 12 10 12 1 9 12 1 3 10 12 1 10 12 1 1 10 12 1 1 100 1 10 100 12 1 1 1 8 10 100 12 1 1 8 10 12 1 8 8 8 10 12 1 8 8 10 12 1 8 100 1 8 8 8 8 9 12 1 1 100 1 10 12 1 100 1 100 1 10 10 10 10 12 1 10 12 1 10 100 12 1 1 10 12 1 10 10 12 1 1 10 10 8 1 10 10 8 1 10 12 1 18 12 1 10 12 1 10 12 1 7 1 8 1 10 9 12 1 8 7 1 10 10 7 12 1 1 1 7 1 10 9 12 1 1 100 1 100 1 1 1 1 1 1 1 1 3 1 3 1 3 1 1 1 1 3 1 8 1 1 1 1 1 1 1 1 3 1 3 1 3 1 3 1 3 1 3 1 3 1 3 1 3 1 3 1 3 1 3 1 3 1 3 1 3 1 3 1 3 1 3 1 3 1 3 1 3 1 3 1 3 1 3 1 1 1 1 1 1 1 1 1 1 1 100 1 1 1 1 1 1 1 1 1 1 1 1 1 1 1 1 1 1 1 1 1 1 1 1 1 1 1 1 1 1 1 1 1 1 1 1 1 100 1 1 1 1 1 1 1 1 1 1 1 1 1 1 1 1 1 1 1 1 1 1 1 1 1 1 1 1 1 1 1 1 1 1 1 1 1 1 1 1 1 1 1 1 1 1 1 1 1 1 1 1 1 1 1 1 1 1 1 1 1 1 1 1 1 1 1 1 1 1 1 1 1 1 1 1 1 1 1 1 1 1 1 1 1 1 1 1 1 1 1 1 1 1 1 1 1 1 1 1 1 1 1 1 1 1 1 1 1 1 1 1 1 1 1 1 1 1 1 1 1 1 1 1 100 100 1 1 1 1 1 1 100 1 1 1 1 1 1 1 1 1 1 1 1 1 1 1 1 1 1 1 1 100 1 1 1 1 1 1 1 1 1 1 1 1 1 1 1 1 1 1 1 1 1 1 1 1 1 1 1 1 1 1 1 1 1 1 1 1 1 1 1 1 1 1 1 1 1 1 1 1 1 1 1 1 1 1 1 1 1 1 1 1 1 1 1 1 1 1 1 1 1 1 1 1 1 1 1 1 1 1 1 1 1 1 100 1 1 1 1 1 1 1 1 1 1 1 1 1 1 1 1 1 1 1 1 1 1 1 1 1 1 1 1 1 1 1 1 1 1 1 1 1 1 1 100 1 1 1 1 1 1 1 1 1 1 1 1 1 1 1 1 1 1 1 1 1 1 100 1 1 1 1 1 1 1 1 1 1 1 1 1 1 1 1 1 1 1 1 1 1 100 1 100 1 100 1 100 1 1 15 10 7 12 1 1 8 1 15 10 100 12 1 1 1 16 15 10 12 8 1 1 100 1 1 1 1 1 100 1 1 1 1 1 100 1 1 1 1 1 100 1 1 1 1 100 1 100 1 1
staticfield javax/swing/JComponent readObjectCallbacks Ljava/util/Hashtable; java/util/Hashtable
staticfield javax/swing/JComponent INPUT_VERIFIER_SOURCE_KEY Ljava/lang/Object; java/lang/StringBuilder
staticfield javax/swing/JComponent focusController Lsun/awt/RequestFocusController; javax/swing/JComponent$2
instanceKlass ui/views/V/c$a
instanceKlass ui/utils/swing/i/k
instanceKlass com/jidesoft/marker/MarkerArea
instanceKlass ui/frmwork/cmd/h
instanceKlass ui/views/P
instanceKlass com/jidesoft/docking/Workspace
instanceKlass com/jidesoft/swing/SidePane
instanceKlass com/jidesoft/docking/DefaultDockingManager$DockedHiddenSlidingContainer
instanceKlass com/jidesoft/docking/DefaultDockingManager$MainPanel
instanceKlass com/jidesoft/docking/SlidingOverFrameContainer
instanceKlass com/jidesoft/docking/DockedFrameContainer
instanceKlass ui/utils/swing/n/E
instanceKlass ui/views/J/a/c$a
instanceKlass com/jidesoft/pane/CollapsiblePane
instanceKlass ui/views/R/d/a
instanceKlass com/jidesoft/swing/ResizablePanel
instanceKlass com/jidesoft/navigation/BreadcrumbBar
instanceKlass ui/utils/swing/n/u
instanceKlass com/jidesoft/action/MainContainer
instanceKlass ui/utils/swing/n/k
instanceKlass com/jidesoft/status/StatusBar
instanceKlass ui/c/m/a/a
instanceKlass ui/views/p
instanceKlass ui/utils/l
instanceKlass javax/help/plaf/basic/BasicSearchCellRenderer
instanceKlass com/jidesoft/swing/JideSplitPaneDivider
instanceKlass com/jidesoft/plaf/basic/BasicJideTabbedPaneUI$ScrollableTabPanel
instanceKlass com/jidesoft/plaf/basic/BasicJideTabbedPaneUI$TabContainer
instanceKlass com/jidesoft/swing/JideSplitPane
instanceKlass org/jdesktop/swingx/JXPanel
instanceKlass ui/utils/swing/n/b/a
instanceKlass com/jidesoft/swing/LabeledTextField
instanceKlass com/jidesoft/action/j
instanceKlass com/jidesoft/wizard/LeftPane
instanceKlass com/jidesoft/field/IPTextField
instanceKlass com/jidesoft/grid/l
instanceKlass com/jidesoft/combobox/AbstractComboBox$EditorComponent
instanceKlass com/jidesoft/combobox/PopupPanel
instanceKlass ui/utils/i/x
instanceKlass ui/utils/i/w
instanceKlass ui/utils/swing/n/n
instanceKlass com/jidesoft/dialog/ButtonPanel
instanceKlass com/jidesoft/swing/NullPanel
instanceKlass com/jidesoft/swing/DefaultOverlayable
instanceKlass com/jidesoft/margin/MarginArea
instanceKlass de/javasoft/plaf/synthetica/SyntheticaTitlePane
instanceKlass ui/utils/swing/v/f
instanceKlass ui/utils/swing/n/y
instanceKlass com/jidesoft/swing/ContentContainer
ciInstanceKlass javax/swing/JPanel 1 1 153 10 7 12 1 1 1 10 7 12 1 1 1 10 12 1 1 8 1 9 7 12 1 1 1 10 12 1 1 10 12 1 10 12 1 7 1 10 10 12 10 7 12 1 1 1 7 1 10 12 1 1 9 12 1 1 10 12 1 8 1 10 100 12 1 1 10 12 1 1 10 100 12 1 1 1 10 12 1 1 10 12 1 1 10 100 12 1 1 1 10 12 1 9 12 1 1 100 1 10 12 1 10 12 1 100 1 1 1 1 1 1 1 1 1 1 1 1 1 1 1 1 1 3 1 1 1 1 3 1 1 1 1 1 1 1 1 1 1 100 1 1 1 1 1 1 1 1 1 1 1 1 1
ciInstanceKlass java/util/EventListener 1 0 7 100 1 100 1 1 1
ciInstanceKlass javax/swing/UIManager 1 1 775 10 7 12 1 1 1 9 7 12 1 1 1 10 7 12 1 1 1 7 1 9 7 12 1 1 10 10 12 1 1 18 12 1 1 9 7 12 1 1 1 8 1 10 7 12 1 1 1 8 1 18 12 1 10 12 1 10 12 1 1 9 12 1 1 9 7 1 10 12 1 1 10 12 1 1 10 12 1 1 10 12 1 10 12 1 1 9 12 1 1 10 100 12 1 1 8 1 10 7 12 1 1 1 8 1 10 12 1 1 10 7 12 1 1 1 10 12 1 10 12 1 1 10 12 1 1 7 1 10 12 1 1 100 1 100 1 100 1 10 12 1 10 12 1 18 12 10 12 1 10 7 12 1 1 1 10 12 1 10 12 1 1 10 12 1 1 10 12 1 1 8 10 7 12 1 1 1 8 1 7 1 10 10 12 1 1 10 12 1 1 7 1 8 1 10 10 7 12 1 1 1 10 7 12 1 1 1 7 1 9 12 1 1 8 1 10 7 12 1 1 1 100 1 10 12 1 10 12 1 8 1 8 1 9 12 1 10 12 1 1 10 8 1 8 1 10 12 1 8 1 9 12 1 1 10 10 7 12 1 1 1 10 12 1 10 12 1 1 10 12 1 10 12 1 1 10 12 1 10 12 1 1 10 12 1 10 12 1 1 10 12 1 10 100 12 1 1 1 10 100 12 1 1 10 10 12 1 1 10 12 1 10 12 1 10 12 1 10 12 1 1 10 12 1 10 12 1 1 10 12 1 10 12 1 10 12 1 10 12 1 1 10 12 1 1 9 12 1 10 12 1 1 10 12 1 8 1 9 12 1 1 8 1 10 7 12 1 100 1 9 12 1 1 18 10 100 12 1 1 9 12 1 1 100 1 10 10 12 1 10 12 1 1 10 12 1 1 10 12 1 1 10 12 1 10 12 1 1 10 12 1 1 10 12 1 10 12 1 1 10 12 1 1 10 7 1 10 12 1 10 8 1 10 100 1 8 1 10 12 1 10 12 1 10 12 1 10 12 1 10 12 1 1 11 100 12 1 1 11 12 1 8 1 10 12 1 8 1 10 7 12 1 1 1 8 1 10 12 1 100 1 8 1 10 8 1 10 12 100 1 18 10 10 12 1 1 11 100 1 10 10 8 1 10 18 9 12 1 1 10 7 1 9 12 1 10 7 12 1 1 10 7 12 1 1 1 7 1 10 10 12 1 1 10 12 1 1 10 12 1 10 12 1 10 12 1 10 12 1 9 7 12 1 1 7 1 10 10 7 12 1 1 1 7 1 10 10 12 1 1 10 7 12 1 1 1 9 7 12 1 1 1 11 7 12 1 1 1 7 1 10 8 1 10 12 1 8 1 8 1 8 1 8 1 8 1 8 1 10 12 1 1 8 1 8 1 8 1 10 10 12 1 1 7 100 1 1 1 1 1 1 1 8 1 1 1 1 1 1 1 1 1 100 1 1 1 1 1 1 1 1 1 1 100 1 1 1 1 1 1 1 1 1 1 1 1 1 1 1 1 1 1 100 1 100 1 100 1 1 1 1 1 1 1 1 1 1 1 1 1 1 1 1 1 1 1 1 1 1 100 1 1 1 1 1 1 1 1 1 1 1 1 1 1 1 100 1 1 100 1 1 1 1 1 1 1 1 1 1 1 1 1 1 1 1 1 1 1 1 1 1 1 1 1 1 1 15 10 7 12 1 1 8 1 8 1 8 1 8 1 8 1 8 1 1 1 1 1 1 100 1 100 1 1
staticfield javax/swing/UIManager classLock Ljava/lang/Object; java/lang/Object
instanceKlass javax/swing/plaf/InsetsUIResource
ciInstanceKlass java/awt/Insets 1 1 111 10 7 12 1 1 1 9 7 12 1 1 1 9 12 1 9 12 1 9 12 1 10 12 1 1 10 100 12 1 1 1 18 12 1 1 10 12 1 1 100 1 100 1 10 12 1 10 7 12 1 1 10 7 12 1 1 1 10 12 1 100 1 100 1 1 1 1 5 0 1 1 1 1 1 1 1 1 1 1 1 1 1 1 1 1 1 1 1 1 1 1 1 1 1 1 1 15 10 100 12 1 1 8 1 1 100 1 100 1 1
instanceKlass sun/awt/windows/WToolkit
ciInstanceKlass sun/awt/SunToolkit 1 1 1569 7 1 8 1 10 12 1 1 10 7 12 1 1 1 7 1 10 12 1 1 10 100 12 1 1 1 8 1 8 1 10 7 12 1 1 1 10 12 1 1 9 7 12 1 1 1 7 1 10 12 9 7 12 1 1 1 10 12 1 1 7 1 10 12 1 8 1 10 7 1 7 1 10 9 12 1 1 7 1 10 9 12 1 9 12 1 1 10 7 12 1 1 10 12 1 10 12 1 9 12 1 1 11 100 12 1 1 9 100 12 1 1 1 11 12 1 11 12 1 11 12 1 10 12 1 10 100 12 1 1 1 10 12 1 1 10 12 1 1 10 12 1 10 12 1 1 10 7 12 1 1 1 11 7 12 1 1 1 10 7 12 1 1 10 7 12 1 1 1 10 12 1 1 10 12 1 1 10 12 1 7 1 10 12 1 1 11 7 12 1 1 1 100 1 10 12 1 1 11 100 12 1 1 11 12 1 1 11 12 1 10 12 1 9 12 1 1 11 100 12 1 1 10 12 1 1 11 100 12 1 1 1 10 7 12 1 1 1 10 12 1 1 10 7 12 1 1 1 10 12 1 11 100 1 10 10 12 1 1 11 7 12 1 1 1 11 12 1 1 10 7 12 1 1 1 100 1 100 1 10 12 1 1 10 12 1 1 7 1 10 12 1 1 10 12 1 1 10 12 1 1 10 10 12 1 10 12 1 1 100 1 18 12 1 1 10 10 10 12 1 7 1 100 1 10 12 5 0 10 12 1 10 12 1 10 12 1 10 12 1 10 12 1 10 12 1 1 100 1 10 12 1 10 10 12 1 100 1 8 1 10 100 1 10 10 12 1 10 12 1 10 12 1 10 12 1 1 100 1 10 12 1 11 12 1 1 10 12 1 1 10 12 1 1 10 100 12 1 1 1 10 100 12 1 1 1 10 100 12 1 1 1 10 12 1 1 10 7 12 1 1 1 7 1 100 1 8 1 8 1 8 1 8 1 8 1 10 12 1 1 11 12 1 1 8 1 8 1 10 12 1 1 9 12 1 1 10 7 12 1 1 1 10 7 1 7 1 7 1 10 12 10 12 1 1 10 100 1 10 12 9 12 1 100 1 10 10 12 1 1 10 12 1 100 1 10 12 1 1 10 7 1 10 12 1 7 1 10 12 1 7 1 10 12 1 100 1 10 12 1 1 10 7 12 1 1 1 10 10 12 1 1 10 12 1 11 12 1 1 10 12 1 1 10 12 1 1 10 12 1 1 10 12 1 1 3 10 12 1 1 10 12 1 10 12 1 10 12 1 10 12 1 100 1 10 10 12 1 10 12 1 1 10 100 12 1 1 100 1 10 12 1 100 1 10 7 12 1 1 1 10 100 12 1 1 10 100 12 1 1 1 10 12 1 1 10 12 1 10 12 1 10 12 1 1 100 1 11 100 12 1 1 10 12 1 11 12 1 1 11 100 12 1 1 11 12 1 11 12 1 11 12 1 6 0 10 12 1 10 12 1 10 12 1 10 100 12 1 1 1 6 0 10 12 1 1 6 0 6 0 6 0 6 0 6 0 10 12 1 10 12 1 1 100 1 10 12 1 10 12 1 1 9 7 12 1 1 1 9 12 1 10 100 12 1 1 1 10 12 1 1 10 12 1 10 12 1 1 10 12 1 1 10 100 12 1 1 1 100 1 10 12 1 1 10 12 1 10 12 1 1 11 12 1 1 11 12 1 100 1 9 100 12 1 1 1 100 1 100 1 10 12 1 9 12 1 1 8 1 8 1 10 12 1 8 1 10 10 12 1 10 12 1 1 10 12 1 8 1 8 1 8 1 7 1 10 12 1 10 12 1 1 8 1 8 1 10 10 12 1 8 1 9 12 1 1 10 12 1 1 9 100 12 1 1 10 12 1 1 10 12 1 1 10 12 1 1 9 100 12 1 1 1 9 12 1 9 12 1 10 12 1 10 12 1 100 1 10 12 1 1 10 12 1 10 12 1 10 12 10 100 1 100 1 100 1 100 1 100 1 100 1 100 1 100 1 100 1 100 1 100 1 5 0 10 12 1 1 100 1 8 1 10 18 12 1 1 10 12 1 1 100 1 9 12 1 10 12 1 10 12 1 1 10 12 1 10 12 1 10 12 1 1 10 12 1 10 12 1 11 12 1 10 12 100 1 10 10 12 1 100 1 5 0 10 12 1 10 12 10 12 5 0 10 12 1 8 1 8 1 10 12 1 1 10 12 1 1 9 12 1 9 12 1 10 12 1 9 12 1 10 12 1 1 8 1 9 12 1 8 1 9 12 1 8 1 8 1 9 12 1 8 1 9 12 1 8 1 9 12 1 8 1 9 12 1 10 12 1 9 12 1 10 9 12 1 8 1 10 12 1 1 9 12 1 1 10 12 10 12 1 10 12 1 10 12 1 1 100 1 11 100 12 1 1 1 100 1 10 12 1 10 12 1 1 10 12 1 9 12 1 1 8 1 9 12 1 100 1 10 10 100 12 1 1 10 5 0 10 10 12 1 10 12 1 1 10 12 1 10 12 1 1 10 12 1 1 10 12 1 1 10 7 12 1 1 10 12 1 1 10 12 1 100 1 10 12 1 1 11 7 1 11 12 1 10 12 1 9 12 1 1 10 10 12 1 1 7 1 10 10 7 12 1 1 1 10 100 1 100 1 100 1 1 1 3 1 1 1 3 1 1 1 3 1 3 1 3 1 3 1 1 1 1 1 1 1 1 1 1 1 1 1 1 1 1 1 100 1 1 1 100 1 1 1 1 1 1 1 1 1 1 1 1 1 1 1 1 1 1 1 1 1 1 1 1 1 1 1 1 1 1 1 1 1 1 1 1 1 1 1 1 1 1 1 1 1 1 1 1 1 1 1 1 1 1 1 1 1 1 1 1 1 1 1 1 1 1 1 1 1 1 1 1 1 1 1 1 1 1 1 1 1 1 1 1 1 1 1 1 1 1 1 1 1 1 1 1 1 1 1 1 1 1 1 1 1 1 1 1 1 1 1 1 1 1 1 1 1 1 1 1 1 1 1 1 1 1 1 1 1 1 1 1 1 1 1 1 1 1 1 1 1 1 1 1 1 1 1 1 1 1 1 1 1 1 1 1 1 1 1 1 1 1 1 1 1 1 1 1 1 1 1 1 1 1 1 1 1 1 1 1 1 1 1 1 1 1 1 1 1 1 1 1 1 1 1 1 1 1 1 1 1 1 1 1 1 1 1 1 1 1 1 1 1 1 1 1 1 1 1 1 1 1 1 1 1 1 1 1 1 1 1 1 1 1 1 1 1 1 1 1 1 1 1 1 1 1 1 1 1 1 1 1 1 1 1 1 1 1 1 1 1 1 1 1 1 1 1 1 1 1 1 1 1 1 1 1 1 1 1 1 1 1 1 100 1 1 1 1 1 1 1 1 1 1 15 10 100 12 1 1 8 1 15 10 100 12 1 1 1 16 15 10 12 1 1 1 1 1 1 1 1 100 1 1 100 1 1 1 1 1 1 100 1 100 1 1 1 100 1 8 1 1 12 10 1 1
staticfield sun/awt/SunToolkit AWT_LOCK Ljava/util/concurrent/locks/ReentrantLock; java/util/concurrent/locks/ReentrantLock
staticfield sun/awt/SunToolkit AWT_LOCK_COND Ljava/util/concurrent/locks/Condition; java/util/concurrent/locks/AbstractQueuedSynchronizer$ConditionObject
staticfield sun/awt/SunToolkit appContextMap Ljava/util/Map; java/util/Collections$SynchronizedMap
staticfield sun/awt/SunToolkit fileImgCache Lsun/awt/SoftCache; sun/awt/SoftCache
staticfield sun/awt/SunToolkit urlImgCache Lsun/awt/SoftCache; sun/awt/SoftCache
staticfield sun/awt/SunToolkit DEACTIVATION_TIMES_MAP_KEY Ljava/lang/Object; java/lang/Object
instanceKlass java/util/Stack
ciInstanceKlass java/util/Vector 1 1 493 10 7 12 1 1 1 100 1 100 1 10 8 1 10 12 1 1 10 12 1 10 12 1 1 10 12 1 7 1 9 7 12 1 1 1 9 12 1 1 10 12 1 10 12 1 11 7 12 1 1 1 9 12 1 10 12 1 1 100 1 100 10 7 12 1 1 1 10 7 12 1 1 1 9 12 1 10 12 1 10 12 1 1 10 7 12 1 1 1 7 1 10 12 1 10 12 1 1 10 12 1 1 10 12 1 100 1 8 1 10 100 1 10 10 12 1 100 1 10 10 8 1 10 12 10 12 1 1 10 12 1 10 12 1 10 12 1 1 100 1 100 1 10 12 1 10 12 1 10 12 1 1 10 12 1 10 12 1 1 10 100 12 1 1 1 18 12 1 1 10 12 1 1 18 10 12 1 1 11 100 12 1 10 12 1 1 10 12 1 1 100 1 10 10 12 1 1 10 10 12 1 1 10 10 12 1 1 10 100 12 1 1 1 10 12 1 1 10 100 12 1 1 1 8 10 100 12 1 1 1 8 10 12 1 10 12 1 1 100 1 8 1 10 100 1 8 1 10 10 10 100 12 1 1 1 8 10 100 12 1 1 1 10 12 1 10 12 1 8 1 7 1 10 12 1 7 1 10 11 100 12 1 1 1 11 100 12 1 1 10 12 1 1 100 1 10 12 1 11 12 1 100 1 100 1 100 1 100 1 1 1 1 5 0 1 1 1 1 1 1 1 1 1 1 1 1 1 1 1 1 1 1 1 1 1 1 1 1 1 1 1 1 1 1 1 1 1 1 1 1 1 1 1 1 1 1 1 1 1 1 1 1 1 1 1 1 1 1 1 1 1 1 1 1 1 1 1 1 1 1 1 1 1 1 1 1 1 1 100 1 1 1 1 1 1 1 1 1 1 1 1 1 1 1 1 1 100 1 1 1 1 1 1 1 1 1 1 1 1 1 1 1 1 1 100 1 1 1 1 1 1 1 1 1 1 1 1 1 1 1 1 1 1 1 1 1 1 1 1 1 1 1 1 1 1 1 1 1 1 1 1 1 1 1 1 1 1 15 10 100 12 1 1 1 16 15 10 12 15 10 12 1 1 1 1 1 1 100 1 100 1 1
ciInstanceKlass java/awt/peer/ComponentPeer 1 0 97 100 1 100 1 1 1 1 3 1 3 1 3 1 3 1 3 1 3 1 1 1 1 1 1 1 1 1 1 1 1 1 1 1 1 1 1 1 1 1 1 1 1 1 1 1 1 1 1 1 1 1 1 1 1 1 1 1 1 1 1 1 1 1 1 1 1 100 1 1 1 1 1 1 1 1 1 1 1 1 1 1 1 1 1 1 1 100 1 100 1 1 100 1 100 1 1
instanceKlass de/javasoft/plaf/synthetica/ScalableFont
instanceKlass javax/swing/plaf/FontUIResource
ciInstanceKlass java/awt/Font 1 1 1318 9 7 12 1 1 1 10 7 12 1 1 1 7 1 9 12 1 1 9 12 1 1 11 12 1 1 9 12 1 1 7 1 10 12 1 1 10 12 1 1 9 12 1 1 10 12 1 1 10 12 1 4 10 12 1 9 12 1 10 12 1 1 10 7 12 1 1 1 9 12 1 1 7 1 11 12 1 1 9 7 12 1 1 9 7 12 1 1 1 10 7 1 9 12 1 1 9 12 1 8 1 9 12 1 6 0 10 12 1 100 1 10 12 1 1 11 12 1 1 11 12 1 1 10 7 12 1 1 1 10 12 1 1 10 12 1 1 10 7 12 1 1 1 10 12 1 1 10 12 1 10 12 1 1 9 12 1 10 12 1 1 10 12 1 1 10 12 1 10 12 1 9 12 1 10 12 1 1 9 12 1 9 12 1 9 12 1 100 1 8 1 10 12 100 1 8 1 10 10 7 12 1 1 1 100 1 10 12 1 9 7 12 1 1 1 10 12 1 1 10 12 1 1 9 12 1 10 12 1 10 12 1 10 12 1 10 12 1 9 100 12 1 1 1 11 100 12 1 1 1 11 12 10 7 12 1 1 1 8 1 8 1 100 1 10 100 12 1 1 1 11 100 12 1 1 1 10 7 12 1 1 1 100 1 10 12 1 10 12 1 1 10 100 12 1 1 1 10 12 1 100 1 8 1 10 10 12 1 100 1 8 1 10 12 1 1 10 12 1 100 1 8 1 10 100 1 10 10 100 12 1 1 1 10 12 1 1 100 1 10 12 100 1 10 12 1 1 10 100 12 1 1 1 3 8 1 10 12 1 3 8 1 10 12 1 10 12 1 1 10 12 1 10 12 1 10 12 1 100 1 10 100 1 10 12 1 1 10 12 1 10 12 1 10 100 1 8 10 12 1 10 100 12 1 1 1 10 12 1 18 12 1 1 9 12 1 7 1 10 12 1 1 10 12 1 10 10 12 1 9 12 1 1 6 0 10 100 12 1 1 1 10 12 1 1 10 12 1 10 12 1 1 9 12 1 10 12 1 10 12 1 10 12 8 1 10 12 1 1 10 12 1 10 12 1 10 10 12 1 8 1 8 1 10 12 1 10 12 1 1 10 12 1 10 12 1 10 12 1 1 10 100 12 1 1 1 10 12 1 100 1 10 12 1 1 10 12 1 9 12 1 1 10 12 1 8 1 8 1 8 1 8 1 10 12 1 1 100 1 10 12 1 1 9 12 1 10 12 1 10 10 12 1 10 12 1 10 12 1 10 12 1 1 10 100 12 1 1 10 18 12 1 10 12 1 1 9 12 1 1 10 100 12 1 1 10 100 12 1 1 10 12 1 1 10 12 1 1 10 12 1 10 12 1 10 12 1 10 12 1 10 12 1 10 12 1 1 10 12 100 1 9 12 1 9 12 1 9 12 1 9 12 1 9 12 1 9 12 1 9 12 1 9 12 1 9 12 1 9 12 1 9 12 1 9 12 1 9 12 1 9 12 1 9 12 1 9 12 1 9 12 1 9 12 1 9 12 1 9 12 1 9 12 1 9 12 1 10 12 1 10 12 1 1 10 12 1 1 10 12 1 1 10 100 12 1 1 10 12 1 18 12 10 12 10 12 1 10 12 1 10 12 1 11 100 12 1 1 11 12 1 1 10 12 1 10 12 1 1 10 12 1 1 9 100 12 1 1 1 9 12 1 10 100 12 1 1 1 10 12 1 9 12 1 1 10 12 1 9 12 1 1 10 100 12 1 100 1 9 12 1 1 10 12 1 10 12 1 1 10 10 12 1 1 10 12 1 10 12 1 100 1 10 10 12 1 1 10 12 1 1 9 12 1 100 1 10 12 1 10 12 1 10 12 1 10 12 10 12 1 1 9 12 1 10 12 1 1 10 12 1 1 10 12 1 100 1 18 12 10 18 18 10 12 1 10 12 1 10 12 1 10 12 1 10 7 12 1 1 1 10 12 1 1 10 12 1 100 1 10 12 1 100 1 10 12 1 10 12 1 10 12 1 10 12 1 10 12 1 11 12 1 11 12 1 11 12 1 10 12 1 7 1 10 12 1 10 12 1 10 12 1 10 12 1 10 100 12 1 1 10 12 1 1 10 12 1 1 8 1 10 12 1 10 12 1 10 12 1 7 1 10 10 7 12 1 1 1 9 12 1 10 12 1 1 9 12 1 9 12 1 9 12 1 9 12 1 9 12 1 9 12 1 10 12 1 9 12 1 9 12 1 9 12 1 9 12 1 9 12 1 9 12 1 9 12 1 9 12 1 9 12 1 9 12 1 9 12 1 9 12 1 9 12 1 9 12 1 4 4 4 4 4 4 4 100 1 1 1 1 1 1 8 1 1 8 1 1 8 1 1 8 1 1 3 1 3 1 3 1 1 1 1 1 1 1 1 5 0 1 1 1 1 1 3 1 1 1 1 1 1 1 1 1 1 1 1 1 1 1 1 1 1 1 1 1 1 1 1 1 1 1 1 1 1 1 1 1 1 1 1 1 1 1 1 1 1 1 1 1 1 1 1 1 1 100 1 1 1 1 1 100 1 1 1 1 1 1 1 1 1 1 1 1 1 1 100 1 1 1 1 1 1 1 1 1 1 1 1 1 1 1 1 1 1 1 1 1 1 1 1 1 1 1 1 1 1 1 1 1 1 1 1 1 1 1 1 1 1 1 1 100 1 1 1 1 1 1 1 1 1 1 1 1 1 1 1 1 1 1 1 1 1 1 1 1 1 1 1 1 1 1 1 1 1 1 1 1 1 1 1 1 1 1 1 1 1 1 1 1 100 1 1 1 1 1 1 100 1 1 1 1 1 1 1 1 1 1 1 1 1 1 1 1 1 1 1 1 1 1 1 1 1 1 1 1 1 1 1 1 1 15 10 100 12 1 1 8 1 8 1 8 1 8 1 8 1 8 1 1 100 1 1 100 1 1 100 1 100 1 1 1 100 1 100 1 1
staticfield java/awt/Font identityTx Ljava/awt/geom/AffineTransform; java/awt/geom/AffineTransform
staticfield java/awt/Font RECOGNIZED_MASK I 16777087
staticfield java/awt/Font PRIMARY_MASK I 4194431
staticfield java/awt/Font SECONDARY_MASK I 12582656
staticfield java/awt/Font LAYOUT_MASK I 8388416
staticfield java/awt/Font EXTRA_MASK I 100
staticfield java/awt/Font ssinfo [F 8
ciInstanceKlass sun/font/AttributeValues 1 1 772 10 7 12 1 1 1 8 1 9 7 12 1 1 1 9 12 1 1 9 12 1 4 9 12 1 9 12 1 9 12 1 1 9 12 1 9 12 1 9 7 12 1 1 1 10 12 1 1 9 12 1 9 12 1 9 12 1 9 12 1 9 12 1 9 12 1 1 10 7 12 1 1 1 9 12 1 1 10 12 1 10 12 1 9 12 1 10 100 1 10 12 1 1 9 12 1 9 12 1 9 12 1 1 9 12 1 9 12 1 1 9 12 1 9 12 1 1 9 12 1 9 12 1 9 12 1 9 12 1 9 12 1 1 9 12 1 9 12 1 9 12 1 9 12 1 9 12 1 9 12 1 1 9 12 1 9 12 1 9 12 1 9 12 1 9 12 1 1 9 12 1 9 12 1 9 12 1 9 12 1 9 12 1 9 12 1 9 12 1 9 12 1 9 12 1 9 12 1 1 9 12 1 9 12 1 9 12 1 100 1 8 1 10 12 1 9 12 1 1 18 12 1 1 10 12 1 1 18 18 10 12 1 10 12 1 100 1 18 10 12 1 1 9 12 1 10 12 1 1 100 1 10 12 1 1 10 12 1 11 100 12 1 1 11 12 1 1 11 100 12 1 1 1 11 100 12 1 1 11 12 1 1 100 1 11 12 1 100 1 10 12 1 1 11 12 1 10 12 1 100 1 9 12 1 1 10 12 1 10 100 1 10 10 12 1 11 12 1 1 8 1 10 100 12 1 1 1 10 10 10 12 1 100 1 10 12 1 1 10 12 1 1 10 100 1 10 10 12 1 1 10 12 1 10 12 1 10 100 12 1 1 10 12 1 100 1 100 1 10 10 12 1 1 10 12 1 8 1 10 12 1 10 12 1 9 7 12 1 1 1 10 12 1 10 12 1 10 12 1 10 12 1 10 18 12 1 10 12 1 1 10 12 1 1 10 12 1 1 7 1 10 12 1 100 1 10 12 1 1 100 1 100 1 100 1 100 1 10 12 1 9 100 12 1 1 1 10 100 1 10 100 1 100 1 9 12 1 1 10 10 12 1 9 12 1 10 4 4 4 10 100 12 1 1 1 10 12 1 18 9 12 1 11 12 1 9 12 1 10 12 1 1 10 100 12 1 1 1 10 12 1 1 10 12 10 12 1 9 12 1 10 12 10 12 1 1 7 1 10 12 1 10 12 1 1 10 12 1 1 9 12 1 1 9 12 1 10 12 1 1 10 12 1 10 12 1 1 10 12 1 10 12 1 10 12 1 10 12 1 10 12 1 10 12 1 10 12 1 1 100 1 10 7 12 1 1 1 7 10 12 1 1 100 1 1 1 1 1 1 1 1 1 1 1 1 1 1 1 1 1 1 1 1 1 1 1 1 1 1 1 1 1 1 1 1 1 1 1 1 1 1 1 1 1 1 1 1 1 1 1 1 1 1 1 1 1 1 1 1 1 1 1 1 1 1 1 1 1 1 1 1 1 1 1 1 1 1 1 1 1 1 1 1 1 1 1 1 1 1 1 1 1 1 1 1 1 1 1 1 1 1 1 1 1 1 1 1 1 1 1 1 1 1 1 1 1 1 1 1 1 1 1 1 1 1 1 1 1 1 1 1 1 1 1 1 1 1 1 1 1 1 1 1 1 1 1 1 1 1 1 1 1 1 1 1 1 1 1 1 1 15 10 100 12 1 1 8 1 8 1 8 1 8 1 8 1 8 1 1 1 100 1 1 100 1 1 100 1 100 1 1
staticfield sun/font/AttributeValues DEFAULT Lsun/font/AttributeValues; sun/font/AttributeValues
staticfield sun/font/AttributeValues MASK_ALL I 16777215
ciInstanceKlass javax/swing/event/EventListenerList 1 1 194 10 7 12 1 1 1 9 7 12 1 1 1 9 12 1 10 12 1 1 10 7 12 1 1 1 7 1 7 1 7 1 10 12 1 1 100 1 18 12 1 1 10 12 1 10 7 12 1 1 1 10 12 1 10 100 12 1 1 100 1 10 12 1 1 10 12 1 1 10 100 12 1 1 10 12 1 1 10 100 12 1 1 1 10 12 1 1 100 1 10 100 12 1 1 10 12 1 1 10 12 1 1 8 1 18 12 1 18 12 1 18 12 1 1 1 1 1 1 1 1 1 1 1 1 1 1 1 1 1 1 1 1 1 1 1 1 1 100 1 1 1 1 1 1 1 1 1 1 1 1 1 1 1 1 1 100 1 1 1 1 1 1 1 1 1 1 100 1 1 1 1 1 1 15 10 100 12 1 1 8 1 8 1 8 1 8 1 1 100 1 100 1 1
staticfield javax/swing/event/EventListenerList NULL_ARRAY [Ljava/lang/Object; 0 [Ljava/lang/Object;
instanceKlass javax/swing/event/SwingPropertyChangeSupport
instanceKlass java/awt/Toolkit$DesktopPropertyChangeSupport
ciInstanceKlass java/beans/PropertyChangeSupport 1 1 299 10 7 12 1 1 1 7 1 10 9 7 12 1 1 1 100 1 10 9 12 1 1 7 1 10 12 1 1 10 12 1 1 7 1 10 12 1 1 10 12 1 1 10 12 1 10 12 1 10 12 1 1 7 1 10 12 1 1 10 12 1 10 12 1 1 7 1 10 12 1 10 12 1 1 10 7 12 1 1 1 10 12 1 10 7 12 1 1 10 12 1 1 10 12 1 10 10 12 1 10 12 1 1 11 12 1 100 1 10 12 1 10 12 1 1 10 12 1 1 10 12 1 1 11 100 12 1 1 1 11 100 12 1 1 1 11 12 1 100 1 11 12 1 100 1 11 12 1 7 1 10 10 12 1 10 12 1 1 10 12 1 1 10 100 12 1 1 1 8 1 10 100 12 1 1 8 8 1 10 12 1 10 12 1 100 1 10 12 1 10 100 12 1 1 1 10 100 12 1 1 10 12 1 10 12 1 10 12 1 10 12 1 1 7 1 10 12 1 9 12 1 1 9 12 1 1 1 1 1 5 0 1 1 1 1 1 1 1 1 1 1 1 1 1 1 1 1 1 1 1 1 1 1 1 1 1 1 1 1 1 1 1 1 1 1 1 1 1 1 1 1 1 1 1 1 100 1 1 100 1 1 1 1 1 1 100 1 1 1 1 1 1 1 100 1 1 1 1
staticfield java/beans/PropertyChangeSupport serialPersistentFields [Ljava/io/ObjectStreamField; 3 [Ljava/io/ObjectStreamField;
ciInstanceKlass java/beans/PropertyChangeListener 1 0 11 100 1 100 1 100 1 1 1 1 1
instanceKlass java/awt/SystemColor
instanceKlass org/apache/xmlgraphics/java2d/color/ColorWithAlternatives
instanceKlass javax/swing/plaf/ColorUIResource
ciInstanceKlass java/awt/Color 1 1 390 8 1 18 12 1 1 18 18 18 100 1 18 10 12 1 1 10 7 12 1 1 10 7 12 1 1 9 12 1 1 9 12 1 9 12 1 1 9 12 1 1 9 12 1 1 10 12 1 3 4 6 0 10 12 1 10 12 1 10 100 12 1 1 1 18 12 1 18 18 10 12 1 1 10 12 1 10 12 1 10 12 1 10 12 1 10 12 1 6 0 10 7 12 1 1 1 10 12 1 10 12 1 1 10 100 12 1 1 1 18 12 1 10 7 12 1 1 1 10 12 1 10 12 1 1 10 12 1 4 10 12 1 1 4 4 10 12 1 1 10 12 1 10 12 1 10 12 1 10 12 1 1 10 12 1 10 12 1 100 1 10 12 1 100 1 9 12 1 1 9 12 1 9 12 1 9 12 1 9 12 1 9 12 1 9 12 1 9 12 1 9 12 1 9 12 1 9 12 1 9 12 1 9 12 1 9 12 1 9 12 1 9 12 1 9 12 1 9 12 1 9 12 1 9 12 1 9 12 1 9 12 1 9 12 1 9 12 1 9 12 1 9 12 1 10 7 12 1 1 10 7 12 1 1 1 10 12 1 100 1 100 1 1 1 1 5 0 1 1 1 1 1 1 1 1 1 1 1 1 1 1 100 1 1 1 1 1 1 1 1 1 1 1 1 1 1 1 100 1 1 1 1 1 1 1 1 1 1 1 1 1 1 100 1 1 1 1 1 1 1 1 1 1 1 1 1 1 1 1 1 1 1 1 1 1 1 1 1 1 1 1 1 1 1 1 1 1 1 1 1 1 1 1 1 1 1 1 1 1 15 10 100 12 1 1 8 1 8 1 8 1 8 1 8 1 8 1 8 1 8 1 8 1 1 100 1 100 1 1
staticfield java/awt/Color white Ljava/awt/Color; java/awt/Color
staticfield java/awt/Color WHITE Ljava/awt/Color; java/awt/Color
staticfield java/awt/Color lightGray Ljava/awt/Color; java/awt/Color
staticfield java/awt/Color LIGHT_GRAY Ljava/awt/Color; java/awt/Color
staticfield java/awt/Color gray Ljava/awt/Color; java/awt/Color
staticfield java/awt/Color GRAY Ljava/awt/Color; java/awt/Color
staticfield java/awt/Color darkGray Ljava/awt/Color; java/awt/Color
staticfield java/awt/Color DARK_GRAY Ljava/awt/Color; java/awt/Color
staticfield java/awt/Color black Ljava/awt/Color; java/awt/Color
staticfield java/awt/Color BLACK Ljava/awt/Color; java/awt/Color
staticfield java/awt/Color red Ljava/awt/Color; java/awt/Color
staticfield java/awt/Color RED Ljava/awt/Color; java/awt/Color
staticfield java/awt/Color pink Ljava/awt/Color; java/awt/Color
staticfield java/awt/Color PINK Ljava/awt/Color; java/awt/Color
staticfield java/awt/Color orange Ljava/awt/Color; java/awt/Color
staticfield java/awt/Color ORANGE Ljava/awt/Color; java/awt/Color
staticfield java/awt/Color yellow Ljava/awt/Color; java/awt/Color
staticfield java/awt/Color YELLOW Ljava/awt/Color; java/awt/Color
staticfield java/awt/Color green Ljava/awt/Color; java/awt/Color
staticfield java/awt/Color GREEN Ljava/awt/Color; java/awt/Color
staticfield java/awt/Color magenta Ljava/awt/Color; java/awt/Color
staticfield java/awt/Color MAGENTA Ljava/awt/Color; java/awt/Color
staticfield java/awt/Color cyan Ljava/awt/Color; java/awt/Color
staticfield java/awt/Color CYAN Ljava/awt/Color; java/awt/Color
staticfield java/awt/Color blue Ljava/awt/Color; java/awt/Color
staticfield java/awt/Color BLUE Ljava/awt/Color; java/awt/Color
ciInstanceKlass java/awt/RenderingHints 1 1 416 10 7 12 1 1 1 7 1 10 12 1 9 7 12 1 1 1 10 12 1 1 10 12 1 1 10 12 1 1 10 12 1 1 7 1 10 12 1 1 10 12 1 10 12 1 1 10 12 1 100 1 18 12 1 1 10 12 1 10 12 1 10 12 1 10 100 12 1 1 11 100 12 1 1 1 11 100 12 1 1 1 11 100 12 1 1 11 12 1 1 100 1 11 12 1 11 12 1 10 10 12 1 10 12 1 1 10 100 12 1 1 1 10 12 1 10 12 1 10 12 1 10 100 1 100 1 10 12 1 10 12 1 1 10 12 1 1 10 10 100 12 1 1 1 18 12 1 10 12 1 9 7 12 1 1 1 9 12 1 9 12 1 1 9 9 12 1 9 9 12 1 9 9 12 1 9 12 9 12 1 9 9 12 1 9 9 12 1 9 9 12 1 9 12 9 12 1 9 9 12 1 9 9 12 1 9 9 12 1 9 12 9 12 1 9 9 12 1 9 9 12 1 9 9 12 1 9 9 12 1 9 9 12 1 9 9 12 1 9 9 12 1 9 9 12 1 9 12 1 9 12 1 9 12 9 12 1 9 9 12 1 9 9 12 1 9 9 12 1 9 12 9 12 1 9 9 12 1 9 9 12 1 9 9 12 1 9 12 9 12 1 9 9 12 1 9 9 12 1 9 9 12 1 9 12 9 12 1 9 9 12 1 9 9 12 1 9 9 12 1 9 12 9 12 1 9 9 12 1 9 9 12 1 9 9 12 1 9 12 9 12 1 9 9 12 1 9 9 12 1 9 9 12 1 9 100 1 1 1 1 1 1 1 1 1 1 1 1 1 1 1 1 1 1 1 1 1 1 1 1 1 1 1 1 1 1 1 1 1 1 1 1 1 1 1 15 10 100 12 1 1 8 1 8 1 1 1 1 100 1 100 1 100 1 1
staticfield java/awt/RenderingHints KEY_ANTIALIASING Ljava/awt/RenderingHints$Key; sun/awt/SunHints$Key
staticfield java/awt/RenderingHints VALUE_ANTIALIAS_ON Ljava/lang/Object; sun/awt/SunHints$Value
staticfield java/awt/RenderingHints VALUE_ANTIALIAS_OFF Ljava/lang/Object; sun/awt/SunHints$Value
staticfield java/awt/RenderingHints VALUE_ANTIALIAS_DEFAULT Ljava/lang/Object; sun/awt/SunHints$Value
staticfield java/awt/RenderingHints KEY_RENDERING Ljava/awt/RenderingHints$Key; sun/awt/SunHints$Key
staticfield java/awt/RenderingHints VALUE_RENDER_SPEED Ljava/lang/Object; sun/awt/SunHints$Value
staticfield java/awt/RenderingHints VALUE_RENDER_QUALITY Ljava/lang/Object; sun/awt/SunHints$Value
staticfield java/awt/RenderingHints VALUE_RENDER_DEFAULT Ljava/lang/Object; sun/awt/SunHints$Value
staticfield java/awt/RenderingHints KEY_DITHERING Ljava/awt/RenderingHints$Key; sun/awt/SunHints$Key
staticfield java/awt/RenderingHints VALUE_DITHER_DISABLE Ljava/lang/Object; sun/awt/SunHints$Value
staticfield java/awt/RenderingHints VALUE_DITHER_ENABLE Ljava/lang/Object; sun/awt/SunHints$Value
staticfield java/awt/RenderingHints VALUE_DITHER_DEFAULT Ljava/lang/Object; sun/awt/SunHints$Value
staticfield java/awt/RenderingHints KEY_TEXT_ANTIALIASING Ljava/awt/RenderingHints$Key; sun/awt/SunHints$Key
staticfield java/awt/RenderingHints VALUE_TEXT_ANTIALIAS_ON Ljava/lang/Object; sun/awt/SunHints$Value
staticfield java/awt/RenderingHints VALUE_TEXT_ANTIALIAS_OFF Ljava/lang/Object; sun/awt/SunHints$Value
staticfield java/awt/RenderingHints VALUE_TEXT_ANTIALIAS_DEFAULT Ljava/lang/Object; sun/awt/SunHints$Value
staticfield java/awt/RenderingHints VALUE_TEXT_ANTIALIAS_GASP Ljava/lang/Object; sun/awt/SunHints$Value
staticfield java/awt/RenderingHints VALUE_TEXT_ANTIALIAS_LCD_HRGB Ljava/lang/Object; sun/awt/SunHints$Value
staticfield java/awt/RenderingHints VALUE_TEXT_ANTIALIAS_LCD_HBGR Ljava/lang/Object; sun/awt/SunHints$Value
staticfield java/awt/RenderingHints VALUE_TEXT_ANTIALIAS_LCD_VRGB Ljava/lang/Object; sun/awt/SunHints$Value
staticfield java/awt/RenderingHints VALUE_TEXT_ANTIALIAS_LCD_VBGR Ljava/lang/Object; sun/awt/SunHints$Value
staticfield java/awt/RenderingHints KEY_TEXT_LCD_CONTRAST Ljava/awt/RenderingHints$Key; sun/awt/SunHints$LCDContrastKey
staticfield java/awt/RenderingHints KEY_FRACTIONALMETRICS Ljava/awt/RenderingHints$Key; sun/awt/SunHints$Key
staticfield java/awt/RenderingHints VALUE_FRACTIONALMETRICS_OFF Ljava/lang/Object; sun/awt/SunHints$Value
staticfield java/awt/RenderingHints VALUE_FRACTIONALMETRICS_ON Ljava/lang/Object; sun/awt/SunHints$Value
staticfield java/awt/RenderingHints VALUE_FRACTIONALMETRICS_DEFAULT Ljava/lang/Object; sun/awt/SunHints$Value
staticfield java/awt/RenderingHints KEY_INTERPOLATION Ljava/awt/RenderingHints$Key; sun/awt/SunHints$Key
staticfield java/awt/RenderingHints VALUE_INTERPOLATION_NEAREST_NEIGHBOR Ljava/lang/Object; sun/awt/SunHints$Value
staticfield java/awt/RenderingHints VALUE_INTERPOLATION_BILINEAR Ljava/lang/Object; sun/awt/SunHints$Value
staticfield java/awt/RenderingHints VALUE_INTERPOLATION_BICUBIC Ljava/lang/Object; sun/awt/SunHints$Value
staticfield java/awt/RenderingHints KEY_ALPHA_INTERPOLATION Ljava/awt/RenderingHints$Key; sun/awt/SunHints$Key
staticfield java/awt/RenderingHints VALUE_ALPHA_INTERPOLATION_SPEED Ljava/lang/Object; sun/awt/SunHints$Value
staticfield java/awt/RenderingHints VALUE_ALPHA_INTERPOLATION_QUALITY Ljava/lang/Object; sun/awt/SunHints$Value
staticfield java/awt/RenderingHints VALUE_ALPHA_INTERPOLATION_DEFAULT Ljava/lang/Object; sun/awt/SunHints$Value
staticfield java/awt/RenderingHints KEY_COLOR_RENDERING Ljava/awt/RenderingHints$Key; sun/awt/SunHints$Key
staticfield java/awt/RenderingHints VALUE_COLOR_RENDER_SPEED Ljava/lang/Object; sun/awt/SunHints$Value
staticfield java/awt/RenderingHints VALUE_COLOR_RENDER_QUALITY Ljava/lang/Object; sun/awt/SunHints$Value
staticfield java/awt/RenderingHints VALUE_COLOR_RENDER_DEFAULT Ljava/lang/Object; sun/awt/SunHints$Value
staticfield java/awt/RenderingHints KEY_STROKE_CONTROL Ljava/awt/RenderingHints$Key; sun/awt/SunHints$Key
staticfield java/awt/RenderingHints VALUE_STROKE_DEFAULT Ljava/lang/Object; sun/awt/SunHints$Value
staticfield java/awt/RenderingHints VALUE_STROKE_NORMALIZE Ljava/lang/Object; sun/awt/SunHints$Value
staticfield java/awt/RenderingHints VALUE_STROKE_PURE Ljava/lang/Object; sun/awt/SunHints$Value
staticfield java/awt/RenderingHints KEY_RESOLUTION_VARIANT Ljava/awt/RenderingHints$Key; sun/awt/SunHints$Key
staticfield java/awt/RenderingHints VALUE_RESOLUTION_VARIANT_DEFAULT Ljava/lang/Object; sun/awt/SunHints$Value
staticfield java/awt/RenderingHints VALUE_RESOLUTION_VARIANT_BASE Ljava/lang/Object; sun/awt/SunHints$Value
staticfield java/awt/RenderingHints VALUE_RESOLUTION_VARIANT_SIZE_FIT Ljava/lang/Object; sun/awt/SunHints$Value
staticfield java/awt/RenderingHints VALUE_RESOLUTION_VARIANT_DPI_FIT Ljava/lang/Object; sun/awt/SunHints$Value
instanceKlass org/apache/batik/ext/awt/AvoidTilingHintKey
instanceKlass org/apache/batik/ext/awt/ColorSpaceHintKey
instanceKlass org/apache/batik/ext/awt/BufferedImageHintKey
instanceKlass org/apache/batik/ext/awt/AreaOfInterestHintKey
instanceKlass org/apache/batik/ext/awt/TranscodingHintKey
instanceKlass sun/awt/SunHints$Key
ciInstanceKlass java/awt/RenderingHints$Key 1 1 125 10 7 12 1 1 1 10 7 12 1 1 1 10 7 12 1 1 1 10 7 12 1 1 1 9 7 12 1 1 1 18 12 1 1 10 12 1 9 12 1 1 10 7 12 1 1 1 7 1 10 12 1 100 1 18 12 1 10 12 1 1 10 12 1 10 12 1 1 10 12 1 10 12 1 1 10 12 1 1 10 12 1 1 1 1 1 1 1 1 1 1 1 1 1 1 1 1 1 1 1 1 1 1 1 100 1 1 15 10 7 12 1 1 8 1 8 1 1 1 100 1 100 1 1
instanceKlass sun/awt/SunHints$LCDContrastKey
ciInstanceKlass sun/awt/SunHints$Key 1 1 49 10 7 12 1 1 1 9 7 12 1 1 1 10 12 1 1 7 1 10 12 1 1 1 1 1 1 1 1 1 1 1 1 1 1 1 1 1 1 1 1 1 100 1 1 100 1 1 1
ciInstanceKlass sun/awt/SunHints$LCDContrastKey 1 1 38 10 7 12 1 1 1 7 1 10 12 1 1 100 1 1 1 1 1 1 1 1 1 1 1 1 1 1 1 1 1 1 1 100 1 1 1 1
ciInstanceKlass sun/awt/AppContext 1 1 513 9 7 12 1 1 1 7 1 11 7 12 1 1 1 10 12 1 1 9 12 1 1 9 7 12 1 1 10 7 12 1 1 7 1 10 9 12 1 9 12 1 1 9 12 1 5 0 9 12 1 1 5 0 9 12 1 9 12 1 1 9 12 1 9 12 1 1 10 7 12 1 1 1 9 12 1 1 11 12 1 1 7 1 10 12 1 10 7 12 1 1 1 7 1 9 12 1 1 7 1 10 9 12 1 1 10 11 7 12 1 1 1 9 12 1 7 1 10 10 12 1 9 12 1 1 9 12 1 1 10 7 12 1 1 7 1 10 10 100 12 1 1 1 10 12 1 1 10 100 12 1 1 1 100 1 8 1 10 12 1 9 12 1 8 1 10 7 12 1 1 1 100 1 10 12 1 100 1 10 100 12 1 1 1 10 12 1 10 100 12 1 1 1 10 12 1 1 100 1 100 1 10 12 1 10 12 1 10 100 12 1 1 1 10 12 1 5 0 10 12 1 18 12 1 1 10 12 1 10 12 1 1 11 12 1 1 10 12 1 1 10 12 1 11 12 1 10 12 1 10 12 1 1 11 7 12 1 1 1 11 7 12 1 1 1 11 12 1 10 12 1 7 1 10 10 12 1 1 100 1 10 12 1 10 12 1 11 7 12 1 9 7 12 1 1 9 12 1 11 12 10 12 1 10 12 1 10 12 1 1 10 100 12 1 1 1 10 18 12 1 1 100 1 10 12 1 1 10 12 10 12 1 1 10 12 1 10 12 1 10 100 1 10 11 100 1 10 10 12 1 8 1 10 7 12 1 1 1 9 12 1 1 7 1 8 1 10 9 12 1 7 1 8 1 10 8 1 7 1 10 10 7 12 1 1 1 7 1 10 9 12 1 10 10 7 1 10 10 7 12 1 1 1 1 1 1 1 1 1 1 8 1 1 1 1 1 100 1 1 1 1 1 1 1 1 1 1 1 1 1 1 1 1 1 1 1 1 1 1 1 1 1 100 1 1 1 1 1 1 1 1 1 1 1 1 1 1 1 1 1 1 1 1 1 1 1 1 1 1 1 1 1 1 1 1 1 1 100 1 100 1 1 15 10 100 12 1 1 1 16 15 10 12 16 15 10 100 12 1 1 8 1 1 1 1 1 1 100 1 100 1 1
staticfield sun/awt/AppContext log Lsun/util/logging/PlatformLogger; sun/util/logging/PlatformLogger
staticfield sun/awt/AppContext EVENT_QUEUE_KEY Ljava/lang/Object; java/lang/StringBuffer
staticfield sun/awt/AppContext EVENT_QUEUE_LOCK_KEY Ljava/lang/Object; java/lang/StringBuilder
staticfield sun/awt/AppContext EVENT_QUEUE_COND_KEY Ljava/lang/Object; java/lang/StringBuilder
staticfield sun/awt/AppContext threadGroup2appContext Ljava/util/Map; java/util/Collections$SynchronizedMap
staticfield sun/awt/AppContext getAppContextLock Ljava/lang/Object; sun/awt/AppContext$GetAppContextLock
staticfield sun/awt/AppContext numAppContexts Ljava/util/concurrent/atomic/AtomicInteger; java/util/concurrent/atomic/AtomicInteger
staticfield sun/awt/AppContext threadAppContext Ljava/lang/ThreadLocal; java/lang/ThreadLocal
ciInstanceKlass sun/awt/AppContext$3 1 1 123 10 7 12 1 1 1 10 7 12 1 1 1 10 12 1 1 9 7 12 1 1 1 9 12 1 1 10 7 12 1 1 1 8 1 10 7 12 1 1 1 8 1 10 12 1 8 1 10 7 12 1 1 10 100 12 1 1 1 9 12 1 1 11 7 12 1 1 10 12 1 1 10 100 1 11 12 1 1 9 12 1 1 10 7 12 1 1 1 10 7 12 1 1 100 1 1 1 1 1 1 1 1 1 1 1 1 1 1 1 1 100 1 1 1 1 1 1 1 12 1 1 1
ciInstanceKlass sun/awt/MostRecentKeyValue 1 1 27 10 7 12 1 1 1 9 7 12 1 1 1 9 12 1 1 1 1 1 1 1 1 1 1 1 1
ciInstanceKlass sun/swing/SwingUtilities2 1 1 1549 7 1 10 7 12 1 1 1 10 7 12 1 1 1 10 7 12 1 1 1 8 1 10 12 1 1 7 1 9 7 12 1 1 1 11 12 1 1 9 12 1 1 9 12 1 11 12 1 1 9 12 1 10 7 12 1 1 1 9 7 12 1 1 1 10 12 1 1 10 12 1 1 10 7 12 1 1 1 10 12 1 1 10 12 1 1 10 12 1 1 10 7 12 1 1 1 9 12 1 1 7 1 10 12 1 10 12 1 9 12 1 1 10 12 1 1 9 12 1 1 10 12 1 10 7 1 10 12 1 1 10 7 12 1 1 10 10 12 1 1 10 12 1 1 9 7 12 1 1 1 10 12 1 9 12 1 10 12 1 1 10 12 1 10 12 1 10 12 1 1 10 100 12 1 1 1 10 12 1 1 8 1 10 12 1 10 12 1 1 8 1 10 12 1 10 12 1 1 100 1 10 12 1 10 12 1 1 100 1 10 12 1 1 10 100 12 1 1 1 10 12 1 10 12 1 1 18 12 1 1 10 12 1 1 10 12 1 1 10 12 1 1 10 12 1 1 10 100 1 10 12 1 10 100 12 1 1 1 10 100 12 1 1 1 10 10 12 1 10 12 1 1 10 12 1 1 100 1 10 12 1 10 12 1 1 10 12 1 1 10 12 1 1 10 12 1 1 10 10 12 1 10 12 1 10 12 1 1 10 10 100 12 1 1 1 10 12 1 10 12 1 1 11 100 12 1 1 1 9 100 12 1 1 9 12 1 10 12 1 1 10 100 12 1 1 1 8 1 10 100 1 10 12 1 10 12 1 1 10 12 1 1 10 12 1 1 11 100 12 1 1 1 11 100 12 1 1 1 10 100 12 1 1 1 10 12 1 1 10 12 1 1 10 100 12 1 1 9 100 1 10 12 1 1 10 100 12 1 1 1 10 12 1 10 12 1 1 11 100 12 1 1 1 10 12 1 1 9 12 1 9 9 12 1 1 9 100 1 9 12 1 9 100 1 10 11 100 12 1 1 1 11 12 1 11 12 1 1 11 12 1 1 11 12 1 10 12 1 10 100 12 1 1 1 10 100 12 1 1 10 12 1 10 12 1 10 12 1 10 12 1 1 10 12 1 10 12 1 1 10 12 1 1 10 12 1 10 12 1 10 12 1 10 12 1 10 12 1 1 10 12 10 12 1 1 10 10 10 12 1 10 7 12 1 1 10 12 1 10 12 1 1 10 12 1 10 12 1 1 10 12 1 10 12 1 1 7 1 10 9 12 1 10 12 1 10 12 1 1 10 12 1 10 12 1 1 100 1 10 12 1 1 9 12 1 1 10 10 10 7 12 1 1 1 10 12 1 1 10 7 12 1 1 10 12 1 1 10 7 12 1 1 1 9 12 1 10 10 100 1 10 12 1 9 12 1 10 12 1 100 1 100 1 10 100 12 1 1 1 11 100 12 1 1 11 12 1 1 100 1 3 11 12 1 11 12 1 11 12 1 11 12 1 10 12 11 100 12 1 1 1 10 12 1 1 10 7 12 1 1 1 8 1 10 12 1 8 1 100 1 10 10 100 12 1 1 10 100 1 100 1 10 7 12 1 1 10 7 12 1 1 1 9 100 12 1 1 1 10 100 12 1 1 1 100 1 10 12 1 10 12 1 1 10 12 1 1 100 1 10 12 1 10 12 1 100 1 10 100 12 1 1 10 12 1 1 10 100 12 1 1 1 11 100 12 1 1 10 100 12 1 1 8 1 10 10 12 1 1 8 1 7 1 8 1 10 8 1 10 12 1 1 10 12 1 8 1 8 1 10 12 1 10 12 1 8 1 10 12 1 8 1 10 12 1 8 1 8 1 10 12 1 10 12 1 10 100 12 1 1 1 10 12 1 10 12 1 8 1 10 12 1 10 12 1 1 18 12 1 1 10 12 1 1 10 100 12 1 1 10 12 1 100 1 10 12 1 10 12 1 1 10 100 1 10 12 1 1 100 1 9 12 1 1 10 10 100 12 1 1 10 12 1 1 7 1 10 12 1 10 12 1 1 10 12 1 10 100 12 1 1 10 12 1 10 12 1 100 1 100 1 10 12 1 10 12 1 1 10 100 12 1 1 1 10 10 12 1 1 10 12 1 1 10 12 1 1 10 12 1 10 12 1 10 12 1 1 10 12 1 100 1 10 100 1 10 12 1 10 12 1 1 10 12 1 10 12 1 10 12 1 1 100 1 9 12 1 1 10 12 1 1 10 12 1 10 12 1 10 9 100 12 1 1 1 9 12 1 9 12 1 10 12 1 1 11 100 12 1 1 1 10 100 12 1 1 11 12 1 10 12 1 10 7 12 1 1 1 11 100 12 1 1 100 1 10 12 1 10 10 12 1 10 12 1 10 12 1 9 12 1 9 12 1 10 12 1 10 12 1 9 12 1 1 10 10 12 1 10 7 12 1 1 10 12 1 10 12 1 10 12 1 1 8 1 10 10 7 12 1 1 18 12 1 1 10 100 12 1 1 1 100 1 10 12 1 1 18 12 100 1 10 12 1 10 12 1 7 1 8 1 10 9 12 1 8 1 9 12 1 8 1 7 1 8 1 10 9 12 1 1 1 1 3 1 3 1 3 1 1 8 1 1 1 3 1 1 1 1 1 1 1 1 1 1 1 1 1 1 1 1 1 1 1 1 1 1 1 1 1 1 1 1 1 1 1 1 1 1 1 1 1 1 100 1 1 1 1 1 1 1 1 1 1 1 1 1 1 1 1 1 1 1 1 1 1 1 1 1 1 1 1 1 1 1 1 1 1 1 1 1 1 1 1 1 1 1 1 1 1 1 1 1 1 1 1 1 1 1 1 1 1 1 1 1 1 1 1 1 1 1 1 1 1 1 1 1 1 1 1 1 1 1 1 1 1 1 1 1 1 1 1 1 100 1 1 1 1 1 1 1 1 1 1 1 1 1 1 1 1 1 1 1 1 1 1 1 1 1 1 1 1 1 1 1 1 100 1 1 1 1 1 1 1 1 1 1 1 1 1 1 1 1 1 1 1 1 1 1 100 1 1 1 1 1 1 1 1 1 1 1 1 1 1 1 1 1 1 1 1 1 1 1 1 1 1 1 1 1 1 1 1 1 1 1 1 1 1 1 1 1 1 1 1 1 1 1 1 1 1 1 1 1 1 1 1 1 1 1 1 1 1 1 1 1 1 1 1 1 1 1 1 1 1 1 1 1 1 1 1 1 1 1 1 1 1 1 1 1 1 1 1 1 1 1 1 1 1 1 1 1 1 1 1 1 1 1 1 1 1 1 1 1 1 1 1 1 1 1 1 1 1 1 1 1 1 1 1 1 1 1 1 1 1 1 1 1 1 1 100 1 1 15 10 100 12 1 1 8 1 15 10 7 12 1 1 1 16 1 15 10 12 16 15 10 12 16 8 1 1 100 1 1 1 100 1 1 1 100 1 1 1 100 1 1 1 100 1 100 1 1 1 1 100 1 100 1 1
staticfield sun/swing/SwingUtilities2 LAF_STATE_KEY Ljava/lang/Object; java/lang/StringBuffer
staticfield sun/swing/SwingUtilities2 MENU_SELECTION_MANAGER_LISTENER_KEY Ljava/lang/Object; java/lang/StringBuffer
staticfield sun/swing/SwingUtilities2 DEFAULT_FRC Ljava/awt/font/FontRenderContext; java/awt/font/FontRenderContext
staticfield sun/swing/SwingUtilities2 SKIP_CLICK_COUNT Ljava/lang/StringBuilder; java/lang/StringBuilder
staticfield sun/swing/SwingUtilities2 BASICMENUITEMUI_MAX_TEXT_OFFSET Lsun/swing/StringUIClientPropertyKey; sun/swing/StringUIClientPropertyKey
staticfield sun/swing/SwingUtilities2 charsBufferLock Ljava/lang/Object; java/lang/Object
staticfield sun/swing/SwingUtilities2 APP_CONTEXT_FRC_CACHE_KEY Ljava/lang/Object; java/lang/Object
staticfield sun/swing/SwingUtilities2 $assertionsDisabled Z 1
ciInstanceKlass javax/swing/SwingUtilities 1 1 962 9 7 12 1 1 1 7 1 8 1 10 12 1 1 10 7 12 1 1 1 7 1 10 7 12 1 1 1 10 12 1 1 9 12 1 10 12 1 10 7 12 1 1 1 7 1 10 12 1 1 10 7 12 1 1 7 1 10 12 1 9 7 12 1 1 1 9 12 1 9 12 1 9 12 1 10 12 1 1 10 12 1 10 12 1 1 7 1 10 7 1 100 1 10 12 1 10 12 1 1 100 1 8 1 10 10 12 1 1 8 1 10 12 1 10 12 1 8 1 10 12 1 1 9 9 10 12 1 10 7 12 1 1 1 10 12 1 1 10 12 1 10 12 1 1 10 12 1 1 10 12 1 10 12 1 1 10 12 1 1 10 12 1 1 10 100 12 1 1 1 10 12 1 100 1 10 12 1 10 12 1 1 10 12 1 10 12 1 10 12 1 10 12 1 10 12 1 10 12 1 10 12 1 10 12 1 10 12 1 10 12 1 1 10 12 1 100 1 10 10 10 10 10 10 10 10 10 12 1 1 10 12 1 1 10 12 1 10 10 10 10 10 10 10 10 10 12 1 10 12 1 10 100 12 1 1 1 11 100 12 1 1 1 11 12 1 1 7 1 10 10 100 1 10 12 1 100 1 10 12 1 1 10 12 1 1 10 12 1 10 12 1 100 1 10 12 1 1 10 7 12 1 1 1 10 12 1 1 10 7 12 1 1 100 1 10 12 1 1 11 7 12 1 1 11 12 1 10 12 1 8 1 8 1 10 12 1 1 100 1 10 12 1 1 10 7 12 1 1 1 10 12 1 10 12 1 1 10 7 12 1 1 10 12 1 10 12 1 1 10 100 12 1 1 1 10 12 1 10 12 1 1 10 10 12 1 10 12 1 10 12 1 10 12 1 10 12 1 10 12 1 1 10 12 1 7 1 10 12 1 10 7 12 1 1 1 10 12 1 10 12 1 10 12 1 1 10 100 12 1 1 10 12 1 1 11 100 12 1 1 1 100 1 11 10 12 1 10 12 1 1 11 12 1 11 11 12 1 10 12 1 1 10 100 12 1 1 1 10 12 1 1 7 1 11 12 1 1 7 1 10 12 1 10 100 12 1 1 10 12 1 10 10 12 1 1 10 12 1 1 10 12 1 1 11 100 12 1 1 8 1 11 12 1 1 100 1 10 100 12 1 1 10 12 1 1 3 10 12 1 100 1 10 10 12 1 11 12 1 1 10 12 1 1 10 7 12 1 1 10 12 1 1 10 12 1 1 10 7 12 1 1 10 12 1 9 12 1 1 10 12 1 7 1 7 1 10 10 12 1 1 10 12 1 1 7 1 10 7 12 1 1 1 10 12 1 10 12 1 1 10 12 1 10 7 12 1 1 10 7 12 1 1 1 10 12 1 1 10 12 1 1 10 10 8 1 100 1 10 12 1 1 10 7 12 1 1 1 10 12 1 10 12 1 1 10 12 1 1 9 100 12 1 1 9 12 1 10 12 1 9 12 1 10 9 12 1 7 1 10 100 1 10 100 12 1 1 10 10 12 1 10 12 1 10 9 12 1 9 12 1 7 1 8 1 10 1 1 1 1 1 1 1 1 1 1 1 1 100 1 1 1 1 1 1 1 1 1 1 1 1 1 1 1 1 1 1 1 1 1 1 1 1 1 1 1 1 1 1 1 1 1 1 1 1 100 1 1 1 1 1 1 1 1 1 1 1 1 1 1 1 1 1 1 1 1 1 1 1 1 1 1 1 1 1 1 1 1 1 1 100 1 1 1 1 1 1 1 1 1 1 1 1 1 1 1 1 1 1 1 1 1 1 1 1 1 1 1 1 1 1 1 1 1 1 1 1 1 1 1 1 1 1 1 1 1 1 1 1 1 1 1 1 1 1 1 1 100 1 100 1 1 1 1 1 1 1 1 1 1 1 1 1 1 1 1 1 1 1 1 1 1 1 1 1 1 1 1 1 1 1 1 1 1 1 1 1 1 1 1 1 1 1 1 1 1 1 1 1 1 1 1 1 1 1 1 1 1 1 1 100 1 1 1 1 1 1 1 1 1 1 100 1 1 1 1 1 1 1 1 1 1 100 1 1 1 1 1 1 1 1 1 1 1 1 1 1 1 1 1 1 1 1 1 1 1 1 1 1 1 1 1 1 1 1 100 1 1 1 1 1
staticfield javax/swing/SwingUtilities sharedOwnerFrameKey Ljava/lang/Object; java/lang/StringBuffer
ciInstanceKlass javax/swing/UIManager$LAFState 1 1 82 10 7 12 1 1 1 7 1 9 7 12 1 1 1 9 12 1 1 9 12 1 7 1 10 12 1 9 12 1 1 9 12 1 1 9 12 1 1 9 12 1 1 7 1 7 1 10 12 1 1 1 1 1 1 1 1 1 1 1 1 1 1 1 1 1 1 1 1 1 1 1 1 1 1 1 1 1 1 100 1 1
instanceKlass javax/swing/MultiUIDefaults
ciInstanceKlass javax/swing/UIDefaults 1 1 487 4 10 7 12 1 1 1 10 7 1 10 7 12 1 1 1 9 12 1 1 7 1 10 12 1 9 12 1 1 10 12 1 10 12 1 1 10 12 1 1 10 12 1 1 10 12 1 9 12 1 1 7 1 7 1 10 7 12 1 1 100 1 11 12 1 1 10 12 1 10 12 1 11 9 12 1 1 10 7 12 1 1 1 7 1 10 12 1 1 11 7 1 7 1 10 10 12 1 1 10 12 1 10 12 1 1 10 7 12 1 1 1 10 7 12 1 1 1 10 7 12 1 1 1 10 12 1 10 12 1 1 11 7 12 1 1 11 12 1 1 10 12 1 1 11 100 1 7 1 10 12 1 10 7 12 1 1 1 7 1 10 12 1 10 12 1 1 8 1 10 7 1 10 12 7 1 7 1 7 1 7 1 10 12 1 7 1 100 1 10 7 12 1 1 1 10 7 12 1 1 1 10 12 1 10 100 1 100 1 10 12 1 1 100 1 10 12 100 1 10 12 1 8 1 10 12 1 1 10 12 1 10 7 12 1 1 1 18 12 1 1 10 12 1 7 1 8 1 10 12 1 1 7 1 10 12 1 1 10 7 12 1 1 100 1 18 12 1 100 1 100 1 10 100 1 10 12 1 10 12 1 10 12 1 18 12 1 9 12 1 1 100 1 10 12 1 10 12 1 1 10 12 1 100 1 10 12 1 1 10 10 12 1 10 10 12 1 1 10 12 1 11 12 1 10 12 10 18 12 1 10 7 12 1 1 1 1 1 1 1 1 1 1 1 1 1 1 1 1 1 1 1 1 100 1 1 1 1 1 1 1 1 1 1 1 1 1 1 1 1 1 1 1 1 1 1 1 1 1 1 1 1 1 1 1 1 1 1 1 1 1 1 1 1 1 1 1 1 1 1 1 1 1 1 1 1 1 1 1 1 1 1 1 1 1 1 1 1 1 1 1 1 1 1 1 1 1 1 1 1 1 1 1 1 1 1 1 1 1 1 1 1 1 100 1 100 1 100 1 1 15 10 100 12 1 1 8 1 8 1 8 1 15 10 7 12 1 1 1 16 1 15 1 1 1 1 100 1 1 1 1 100 1 100 1 1
staticfield javax/swing/UIDefaults PENDING Ljava/lang/Object; java/lang/Object
ciInstanceKlass javax/swing/MultiUIDefaults 1 1 172 10 7 12 1 1 1 9 7 12 1 1 1 10 12 1 1 10 12 1 10 12 1 1 11 100 12 1 1 1 10 100 1 9 100 12 1 1 1 10 12 1 100 1 10 10 12 1 11 12 1 1 9 12 1 10 10 12 1 1 10 12 1 10 12 1 100 1 10 8 1 10 12 1 1 10 12 1 1 11 100 12 1 1 1 11 12 1 1 10 18 12 1 1 10 12 1 10 12 1 1 8 1 10 12 1 1 1 1 1 1 1 1 1 1 1 1 1 1 1 100 1 100 1 1 1 1 1 1 1 1 1 1 1 1 1 1 1 1 1 1 1 1 1 1 1 1 1 100 1 1 15 10 100 12 1 1 8 1 1 1 1 100 1 100 1 1 100 1 100 1 1
instanceKlass javax/swing/plaf/basic/BasicLookAndFeel
ciInstanceKlass javax/swing/LookAndFeel 1 1 299 10 7 12 1 1 1 10 7 12 1 1 1 7 1 10 7 12 1 1 1 10 12 1 1 10 12 1 10 12 1 10 12 1 1 10 12 1 10 12 1 1 10 7 12 1 1 1 10 12 1 1 10 12 1 10 12 1 1 8 1 10 7 12 1 1 1 7 1 10 12 1 1 10 12 1 1 100 1 7 1 7 1 10 12 1 1 10 12 1 7 1 10 10 12 1 1 7 1 10 12 1 10 7 12 1 1 1 10 100 12 1 1 1 10 100 12 1 1 1 10 100 12 1 1 1 10 100 12 1 1 10 12 1 10 12 1 1 100 1 100 1 10 12 100 1 100 1 10 12 100 1 100 1 10 12 1 1 10 100 12 1 1 1 10 12 1 10 12 1 1 10 12 1 1 10 12 1 1 10 7 12 1 1 18 12 1 1 1 1 1 1 1 1 1 1 1 1 1 1 1 1 1 1 1 1 1 1 1 1 1 1 100 1 1 1 1 1 1 1 1 1 1 1 1 1 1 1 1 1 1 1 100 1 1 1 1 1 1 1 1 1 1 1 1 1 1 1 1 1 1 1 1 1 1 1 1 1 1 1 1 1 1 1 1 1 1 1 1 1 1 1 1 1 1 1 1 1 1 1 1 1 15 10 7 12 1 1 8 1 1 100 1 1 100 1 100 1 1
ciInstanceKlass javax/swing/plaf/UIResource 1 0 7 100 1 100 1 1 1
ciInstanceKlass javax/swing/plaf/FontUIResource 1 1 28 10 7 12 1 1 1 10 12 1 100 1 100 1 1 1 1 1 1 1 1 1 1 1 1 1 1 1
ciInstanceKlass javax/swing/UIDefaults$LazyValue 1 0 14 100 1 100 1 1 1 1 1 1 100 1 1 1
ciInstanceKlass javax/swing/UIDefaults$ActiveValue 1 0 14 100 1 100 1 1 1 1 1 1 100 1 1 1
ciInstanceKlass javax/swing/plaf/InsetsUIResource 1 1 23 10 7 12 1 1 1 100 1 100 1 1 1 1 1 1 1 1 1 1 1 1 1
ciInstanceKlass javax/swing/border/Border 1 0 13 100 1 100 1 1 1 1 1 1 1 1 1
instanceKlass javax/swing/border/MatteBorder
instanceKlass ui/utils/swing/a/d
instanceKlass javax/swing/plaf/BorderUIResource$EmptyBorderUIResource
ciInstanceKlass javax/swing/border/EmptyBorder 1 1 62 10 7 12 1 1 1 9 7 12 1 1 1 9 12 1 9 12 1 9 12 1 9 7 1 9 9 9 10 12 1 100 1 1 1 1 1 1 1 1 1 1 1 1 1 1 1 1 1 1 1 1 1 1 1 1 1 1 1 1 1 1
instanceKlass javax/swing/plaf/DimensionUIResource
ciInstanceKlass java/awt/Dimension 1 1 108 10 7 12 1 1 1 9 12 1 1 9 12 1 10 7 12 1 1 10 100 12 1 1 1 10 12 1 10 100 12 1 1 1 10 100 12 1 1 1 18 12 1 1 10 7 12 1 1 10 7 12 1 1 1 10 12 1 100 1 1 1 1 5 0 1 1 1 1 1 1 1 1 1 1 1 1 1 1 1 1 1 1 1 1 1 1 1 1 1 1 1 1 1 15 10 100 12 1 1 8 1 1 100 1 100 1 1
ciInstanceKlass javax/swing/UIDefaults$LazyInputMap 1 1 42 10 7 12 1 1 1 9 7 12 1 1 1 10 7 12 1 1 1 100 1 1 1 1 1 1 1 1 1 1 1 1 1 1 1 1 1 100 1 1 1 1
instanceKlass com/jidesoft/swing/ClickThroughLabel
instanceKlass com/jidesoft/plaf/basic/BasicCollapsiblePaneTitlePane$b
instanceKlass com/jidesoft/plaf/basic/BasicCollapsiblePaneTitlePane$c
instanceKlass com/jidesoft/swing/NullLabel
instanceKlass com/jidesoft/swing/StyledLabel
instanceKlass javax/help/plaf/basic/BasicSearchCellRenderer$ValueJLabel
instanceKlass com/jidesoft/swing/JideLabel
instanceKlass javax/swing/tree/DefaultTreeCellRenderer
instanceKlass de/javasoft/plaf/synthetica/SyntheticaDefaultTableCellRenderer
instanceKlass javax/swing/table/DefaultTableCellRenderer
instanceKlass javax/swing/plaf/synth/SynthComboBoxUI$SynthComboBoxRenderer
instanceKlass javax/swing/DefaultListCellRenderer
instanceKlass ui/utils/swing/h/b
ciInstanceKlass javax/swing/JLabel 1 1 427 9 7 12 1 1 1 10 7 12 1 1 1 9 12 1 1 9 12 1 8 1 9 12 1 1 9 12 1 1 9 12 1 9 12 1 1 100 1 9 12 1 9 12 1 9 12 1 9 12 1 9 12 1 9 12 1 1 10 12 1 1 10 12 1 1 10 12 1 1 10 12 1 100 1 10 12 1 1 10 12 1 9 12 1 1 7 1 10 12 1 1 10 12 1 10 7 12 1 1 1 10 12 1 8 1 10 100 12 1 1 1 8 10 12 1 1 10 12 1 1 10 7 12 1 1 1 10 12 1 8 1 10 10 7 12 1 1 1 10 12 1 10 12 1 8 1 11 7 12 1 1 11 12 1 10 12 1 1 10 100 12 1 1 1 8 10 12 1 1 8 1 10 12 1 10 12 1 10 100 12 1 1 1 10 12 1 10 12 1 100 1 18 12 1 1 10 12 8 1 8 8 10 12 1 1 8 10 12 1 8 8 10 12 1 10 12 1 1 10 12 1 1 10 12 1 1 10 100 12 1 1 10 12 1 10 12 1 1 10 12 1 1 10 100 12 1 1 1 10 100 12 1 1 10 8 1 8 1 8 1 8 1 8 1 8 1 8 1 10 12 1 18 12 1 8 8 1 10 12 1 1 100 1 10 12 1 10 12 1 100 1 1 1 1 1 1 1 1 1 1 1 1 1 1 1 1 1 3 1 1 1 1 3 1 1 1 1 1 1 1 1 1 1 1 1 1 1 1 1 1 1 1 1 1 1 1 1 1 1 1 1 1 1 1 1 1 1 1 1 1 1 1 1 1 1 1 1 1 1 1 1 1 1 1 1 1 1 1 1 1 1 1 100 1 1 1 1 1 1 1 1 1 1 1 1 1 1 1 1 1 1 1 1 1 1 1 1 1 1 1 1 1 1 1 1 100 1 1 15 10 100 12 1 1 8 1 8 1 1 1 1 100 1 100 1 1
ciInstanceKlass javax/swing/Icon 1 0 12 100 1 100 1 1 1 1 1 1 1 1
instanceKlass javax/swing/JToggleButton
instanceKlass javax/swing/JButton
instanceKlass javax/swing/JMenuItem
ciInstanceKlass javax/swing/AbstractButton 1 1 986 9 7 12 1 1 1 10 7 12 1 1 1 9 12 1 1 8 1 9 12 1 1 9 12 1 1 9 12 1 9 12 1 1 9 12 1 9 12 1 9 12 1 9 12 1 9 12 1 9 12 1 9 12 1 1 9 12 1 9 12 1 9 12 1 100 1 9 12 1 1 9 12 1 9 12 1 9 12 1 9 12 1 9 12 1 9 12 1 1 9 12 1 9 12 1 9 12 1 9 12 1 9 12 1 9 12 1 9 12 1 1 9 12 1 1 9 12 1 1 9 12 1 10 12 1 1 10 12 1 1 8 10 12 1 1 8 10 12 1 10 12 1 1 10 12 1 1 100 1 8 1 10 10 7 12 1 1 1 10 12 1 10 12 1 11 7 12 1 1 1 10 11 12 1 1 10 12 1 1 10 12 1 1 11 12 1 11 12 1 100 1 9 100 12 1 1 9 12 1 10 12 1 10 12 1 1 10 100 12 1 1 1 100 1 7 1 8 10 7 1 10 12 1 1 8 1 11 7 12 1 1 11 12 1 8 10 12 1 1 11 12 1 8 8 10 12 1 8 10 100 12 1 1 1 10 12 1 1 10 100 12 1 1 1 8 10 12 1 10 12 1 10 12 1 10 12 8 8 10 12 1 1 10 12 1 8 10 12 1 8 8 8 100 1 10 12 1 10 12 1 10 12 1 11 12 1 11 12 1 11 12 1 1 10 12 1 9 12 1 1 10 100 1 10 12 1 1 9 12 1 1 11 7 12 1 1 1 10 12 1 1 7 1 10 12 1 1 10 12 1 10 12 1 1 11 12 1 8 9 12 1 1 10 7 12 1 1 1 10 12 1 10 7 12 1 1 1 10 12 1 10 12 1 10 12 1 10 12 1 1 10 12 1 10 12 1 10 12 1 7 1 10 12 1 10 12 1 10 12 1 8 1 8 1 8 1 8 1 10 12 1 8 1 8 1 8 1 8 1 8 1 10 12 1 11 12 1 1 7 1 10 12 1 10 12 1 10 12 1 10 12 1 10 12 1 10 12 1 1 10 10 12 10 100 1 10 12 1 1 10 100 12 1 1 10 12 1 7 1 10 12 1 8 1 10 12 1 10 12 1 8 1 10 12 1 8 8 9 12 1 11 10 12 1 18 12 1 1 8 1 10 7 12 1 1 1 11 8 8 1 11 12 1 1 11 11 12 1 1 10 12 1 1 10 12 1 1 10 12 1 1 11 12 1 11 11 12 1 11 10 12 1 8 9 12 1 1 7 1 10 12 1 1 10 12 1 10 12 1 100 1 10 12 1 10 12 1 10 12 1 1 10 7 1 10 12 1 1 10 12 1 10 12 1 1 100 1 9 12 1 1 7 1 10 12 1 11 12 1 1 10 12 1 100 1 10 12 1 1 10 100 1 10 10 12 1 1 10 12 1 10 12 1 11 12 1 1 7 1 100 1 10 12 1 10 12 1 11 12 1 1 8 1 9 100 12 1 1 1 8 1 10 12 1 1 11 12 1 11 100 1 10 12 1 100 1 10 12 1 1 4 10 12 1 10 12 11 12 1 10 12 1 10 12 1 10 12 1 10 12 1 1 10 12 1 1 10 12 1 7 1 10 10 12 1 10 12 1 10 12 1 1 10 12 1 8 1 8 1 10 12 1 18 12 1 9 12 1 1 7 1 10 12 1 10 12 1 1 100 1 1 1 1 1 1 1 1 1 1 1 1 1 1 1 1 1 1 1 1 1 1 1 1 1 1 1 1 1 1 3 1 1 1 1 1 1 1 1 1 1 1 1 1 1 1 1 1 1 1 1 1 1 1 1 1 1 1 1 1 1 1 1 1 1 1 1 1 1 1 1 1 1 1 1 1 1 1 1 1 1 1 1 1 1 1 1 1 1 1 1 1 1 1 1 1 1 100 1 1 1 1 1 1 1 1 1 1 1 1 1 1 1 1 1 1 1 1 1 1 1 1 1 1 1 1 1 1 1 1 1 1 1 1 1 1 1 1 1 1 1 1 1 1 1 1 1 1 1 1 1 1 1 1 1 1 1 1 3 1 1 1 1 1 1 1 1 1 1 1 1 1 1 1 1 1 1 1 1 1 1 1 1 1 1 1 1 1 1 1 1 1 1 1 1 1 1 1 1 1 1 1 1 1 1 1 1 1 100 1 100 1 100 1 1 15 10 100 12 1 1 8 1 8 1 1 1 1 1 1 1 100 1 100 1 1
instanceKlass javax/swing/JRadioButtonMenuItem
instanceKlass javax/swing/JPopupMenu$1
instanceKlass javax/swing/JMenu
instanceKlass ui/f/ao
instanceKlass javax/swing/JCheckBoxMenuItem
ciInstanceKlass javax/swing/JMenuItem 1 1 494 7 1 100 1 10 12 1 1 10 12 1 10 12 1 1 10 7 1 9 12 1 1 7 1 10 10 12 1 1 10 12 1 10 12 1 10 12 1 1 10 10 12 1 1 10 12 1 10 12 1 1 10 12 1 1 7 1 10 10 12 1 1 8 1 9 7 12 1 1 1 10 12 1 1 10 12 1 100 1 10 12 1 10 12 1 10 12 1 10 12 1 1 10 7 12 1 1 1 7 1 10 12 1 8 1 10 12 1 1 11 7 12 1 1 1 11 12 1 8 1 10 12 1 1 10 10 12 1 100 1 10 100 12 1 1 1 9 12 1 1 10 12 1 10 12 1 8 10 12 1 1 10 12 1 10 12 1 7 1 8 1 11 12 1 1 10 12 1 8 1 100 1 10 12 1 1 10 12 1 1 100 1 10 100 12 1 1 1 10 12 1 1 10 12 1 1 10 12 1 10 12 1 10 12 1 10 12 1 10 12 1 10 12 1 10 12 1 10 12 1 10 12 1 1 100 1 10 100 1 10 10 10 10 12 1 10 12 1 1 10 12 1 10 12 1 1 10 12 1 10 12 1 10 10 12 1 10 12 1 10 12 1 10 12 1 10 10 12 1 10 12 1 10 12 1 9 12 1 1 10 7 12 1 1 1 7 1 11 12 1 11 12 1 11 12 1 11 12 1 7 1 11 12 1 11 12 1 11 12 1 100 1 10 12 1 1 10 12 1 10 12 1 1 100 1 100 1 10 100 12 1 1 10 12 1 1 10 100 12 1 1 10 100 12 1 1 10 100 12 1 1 1 10 12 1 1 9 12 1 1 10 100 12 1 1 1 10 12 1 9 12 1 1 100 1 10 12 1 100 1 1 1 1 1 3 1 1 1 1 1 1 1 1 1 1 1 1 1 1 1 1 1 1 1 1 1 1 3 1 1 1 1 1 1 1 1 1 1 1 1 1 1 1 1 1 1 1 1 1 1 1 1 1 1 1 1 1 1 1 1 1 1 1 1 1 1 1 100 1 1 1 1 1 1 1 1 1 1 1 1 1 1 1 1 1 1 1 1 1 1 100 1 100 1 1 1 1 1 1 1 1 1 1 1 1 1 1 1 1 1 1 1 1
ciInstanceKlass java/awt/event/MouseListener 1 0 15 100 1 100 1 100 1 1 1 1 1 1 1 1 1
ciInstanceKlass javax/swing/event/PopupMenuListener 1 0 13 100 1 100 1 100 1 1 1 1 1 1 1
instanceKlass com/jidesoft/swing/JideTabbedPane
ciInstanceKlass javax/swing/JTabbedPane 1 1 795 10 7 12 1 1 1 9 12 1 1 100 1 10 12 1 1 10 7 12 1 1 9 12 1 1 9 12 1 1 9 12 1 1 9 12 1 1 10 12 1 1 10 12 1 7 1 10 12 9 12 1 1 7 1 10 10 12 1 1 10 12 1 9 12 1 1 7 1 10 12 1 1 10 12 1 1 11 7 12 1 1 1 7 1 9 12 1 1 100 1 10 12 1 1 10 7 12 1 1 1 10 12 1 8 1 7 1 10 12 1 9 12 1 1 7 1 10 7 12 1 1 1 10 12 1 10 12 1 1 100 1 10 12 1 10 7 12 1 1 1 10 12 1 1 10 12 1 1 10 100 12 1 1 1 10 100 12 1 1 1 10 12 1 1 7 1 10 12 1 11 12 1 1 9 12 1 1 10 12 1 1 11 7 12 1 1 1 10 12 1 1 11 12 1 8 10 12 1 10 12 1 8 10 12 1 10 12 1 100 1 8 1 10 12 1 9 12 1 10 12 1 8 8 1 11 10 12 1 10 12 1 1 10 100 12 1 1 1 11 12 1 10 12 1 1 8 1 9 100 12 1 1 1 10 8 1 10 10 12 1 1 10 8 1 10 12 1 8 1 10 12 1 11 12 1 10 12 1 1 8 1 11 12 1 9 12 1 1 10 7 12 1 1 1 10 12 1 1 8 1 10 12 1 1 10 12 1 10 12 1 1 10 12 10 12 1 10 12 1 100 1 100 1 10 12 1 10 10 12 1 10 12 10 12 1 1 10 12 1 1 10 12 1 1 11 12 8 1 10 100 12 1 1 1 10 12 1 1 10 12 1 10 12 1 1 10 12 10 12 1 1 10 12 1 1 10 12 1 1 9 12 1 1 9 12 1 10 12 1 1 10 100 12 1 1 1 9 12 1 10 12 1 1 10 12 1 10 12 1 9 12 1 10 12 1 10 12 1 10 12 1 1 8 1 10 12 1 10 12 1 1 10 12 1 1 9 12 1 1 10 12 1 1 10 100 1 10 12 1 1 10 12 1 9 12 1 10 12 1 10 12 1 10 12 1 1 10 12 1 10 12 1 10 12 1 8 1 10 12 1 1 10 12 1 1 10 7 1 10 12 1 1 10 100 12 1 1 10 12 1 10 12 1 1 100 1 18 12 1 1 10 10 100 12 1 1 10 12 1 10 12 1 1 10 12 1 1 10 100 12 1 1 10 12 1 10 12 10 12 1 10 100 12 1 1 1 10 100 12 1 1 10 12 1 8 10 12 1 8 8 8 8 1 8 1 8 1 8 1 8 1 8 1 10 12 1 18 12 1 100 1 10 10 12 1 8 1 10 12 1 10 12 1 9 12 1 8 1 10 12 1 100 1 100 1 1 1 3 1 3 1 1 1 1 1 1 1 1 1 1 1 1 1 1 1 1 1 1 1 1 1 1 1 1 1 1 100 1 1 1 1 1 1 1 1 1 1 1 1 1 1 1 1 1 1 1 1 1 1 1 1 1 1 1 1 1 1 1 1 1 1 1 1 1 1 100 1 1 1 1 1 1 1 1 1 1 1 1 1 1 1 1 1 1 1 1 1 1 1 1 1 1 1 1 1 1 1 1 1 1 1 1 1 1 1 1 100 1 1 1 1 1 1 1 1 1 1 1 1 1 1 1 1 1 1 1 1 1 1 1 1 100 1 1 1 1 1 1 1 1 100 1 1 1 1 1 1 1 1 1 1 1 1 1 1 1 1 1 1 1 1 1 1 1 15 10 100 12 1 1 8 1 8 1 1 1 1 1 1 100 1 100 1 1
instanceKlass com/jidesoft/swing/ResizableDialog
instanceKlass com/jidesoft/document/DialogFloatingDocumentContainer
instanceKlass org/jdesktop/swingx/JXDialog
instanceKlass ui/dlg/c/e
instanceKlass com/jidesoft/dialog/StandardDialog
ciInstanceKlass javax/swing/JDialog 1 1 476 100 1 10 7 12 1 1 1 8 1 10 12 1 10 7 12 1 1 1 10 100 1 100 1 9 12 1 1 9 12 1 1 9 12 1 1 10 12 1 1 10 12 1 1 10 12 1 1 10 12 1 10 12 1 10 12 1 10 10 12 1 9 100 12 1 1 1 10 12 1 10 12 1 10 10 12 1 100 1 5 0 10 12 1 1 10 100 12 1 1 1 10 12 1 1 10 12 1 1 10 12 1 1 8 1 10 100 12 1 1 1 10 12 1 1 10 12 1 1 10 12 1 1 10 12 1 1 10 100 12 1 1 10 12 1 10 12 1 100 1 10 12 1 1 10 100 12 1 1 1 10 12 10 12 1 10 12 1 1 10 100 12 1 1 1 10 12 1 10 12 1 100 1 8 1 10 12 1 8 10 12 1 1 9 12 1 1 10 12 1 1 8 10 12 1 10 12 1 1 10 12 1 1 10 12 1 1 10 12 1 10 12 1 1 10 100 12 1 1 1 10 12 1 9 12 1 1 10 12 1 1 10 10 12 1 1 10 10 100 1 8 1 10 12 1 10 10 12 1 10 12 1 1 10 12 1 1 10 12 1 1 10 12 1 10 12 1 10 12 1 1 9 100 12 1 1 10 12 1 1 10 12 1 1 10 12 1 1 9 12 1 1 9 7 12 1 1 1 10 12 1 1 9 12 1 10 12 1 1 10 12 1 8 1 8 1 8 1 10 12 1 1 8 1 8 1 10 12 1 18 12 1 1 100 1 10 12 1 7 1 8 1 10 100 1 100 1 100 1 1 1 1 1 1 1 1 1 1 1 1 1 1 1 1 100 1 1 1 100 1 1 1 1 1 1 1 1 1 1 1 1 1 1 1 1 1 1 3 1 1 1 1 1 1 1 1 1 1 1 1 1 1 1 1 1 1 1 1 1 3 1 1 1 1 1 1 1 1 1 1 1 1 100 1 1 1 1 1 1 1 1 1 1 1 1 1 1 1 1 1 1 1 1 1 1 1 1 1 1 1 1 1 1 1 1 1 15 10 100 12 1 1 8 1 1 1 1 100 1 1 100 1 100 1 1
staticfield javax/swing/JDialog defaultLookAndFeelDecoratedKey Ljava/lang/Object; java/lang/StringBuffer
instanceKlass javax/swing/JTextArea
instanceKlass javax/swing/JEditorPane
instanceKlass javax/swing/JTextField
ciInstanceKlass javax/swing/text/JTextComponent 1 1 1562 10 7 12 1 1 1 9 7 12 1 1 1 9 7 12 1 1 100 1 5 0 10 12 1 1 7 1 10 12 1 9 12 1 1 10 12 1 1 10 12 1 1 10 12 1 1 10 12 1 10 12 1 1 10 12 1 9 12 1 1 7 1 10 12 1 1 10 7 12 1 1 1 10 12 1 10 12 1 9 12 1 1 7 1 10 7 12 1 1 1 10 12 1 10 12 1 1 100 1 10 12 1 1 11 12 1 1 9 12 1 1 7 1 10 12 1 9 12 1 1 100 1 11 7 12 1 1 1 9 12 1 1 100 1 10 12 1 1 10 7 12 1 1 1 9 7 12 1 1 1 9 12 1 9 12 1 1 11 12 1 1 11 12 1 1 8 1 10 12 1 1 10 12 1 10 12 1 10 12 1 11 12 1 10 12 1 1 10 12 1 1 10 12 1 10 12 1 1 10 7 12 1 1 1 9 12 1 1 8 9 12 1 1 9 12 1 1 11 7 12 1 1 1 11 12 1 11 12 1 11 12 1 8 9 12 1 1 11 7 1 11 8 9 12 1 1 8 10 12 1 1 10 12 1 9 12 1 1 10 100 12 1 1 100 1 10 10 12 1 1 9 100 12 1 1 1 10 12 1 1 100 1 18 12 1 1 10 12 1 100 1 10 12 1 1 9 12 1 1 100 1 10 12 1 100 1 100 1 100 1 10 12 1 10 12 1 1 10 12 1 11 12 1 11 12 7 1 10 12 1 11 12 1 9 12 1 1 10 12 1 100 1 10 12 1 10 12 1 1 10 12 1 10 12 1 10 12 1 1 10 12 1 11 12 1 11 11 10 12 1 10 12 1 8 10 12 1 1 7 1 10 7 12 1 1 1 10 12 1 1 10 12 1 10 12 1 1 7 1 10 7 12 1 10 12 1 10 7 1 10 12 1 10 12 1 1 10 7 12 1 1 1 10 12 7 1 10 12 1 9 12 1 1 10 7 12 1 1 1 10 10 12 10 8 1 10 12 1 1 7 1 10 11 12 1 1 100 1 10 100 1 8 1 11 12 1 1 100 1 8 1 10 9 100 12 1 1 1 10 9 12 1 1 11 12 1 1 9 12 1 1 8 9 12 1 8 9 12 1 8 9 12 1 8 10 12 1 1 10 100 12 1 1 1 10 12 1 10 12 1 1 11 12 1 10 12 1 11 12 1 1 10 12 1 100 1 10 12 1 1 10 100 12 1 1 1 11 12 1 1 10 12 1 1 10 12 1 1 10 12 1 10 12 1 1 10 12 1 10 12 1 8 1 10 100 12 1 1 1 10 12 1 1 8 1 10 12 1 8 1 10 12 1 10 12 1 10 12 1 100 1 10 100 12 1 1 1 10 12 1 10 12 1 11 12 1 1 10 12 1 1 9 12 1 1 100 1 10 10 12 1 1 11 12 1 18 12 1 10 100 12 1 1 1 9 12 1 1 8 1 10 12 1 8 10 12 1 8 1 10 12 1 1 10 12 1 1 100 1 10 12 1 1 10 10 12 1 1 10 12 1 10 12 1 1 9 12 1 10 9 12 1 10 12 1 8 10 12 1 10 12 1 10 12 1 10 12 1 10 12 1 10 12 1 1 100 1 10 100 12 1 1 10 12 1 10 12 10 12 1 10 12 1 1 9 100 12 1 1 1 9 12 1 18 10 100 12 1 1 1 100 1 10 100 12 1 1 9 100 1 10 12 1 9 10 12 1 1 10 100 12 1 1 1 10 12 1 10 12 1 1 10 100 12 1 1 1 10 12 1 1 10 12 1 1 10 12 1 1 100 1 10 10 12 1 1 100 1 10 12 1 100 1 10 12 1 100 1 10 12 1 11 100 12 1 1 100 1 8 1 10 12 1 10 12 1 10 12 1 10 12 1 100 1 100 1 10 12 1 100 1 10 12 1 1 100 1 10 12 1 100 1 100 1 100 1 10 12 1 10 100 12 1 1 10 10 100 12 1 1 1 8 10 100 12 1 1 8 100 1 100 1 10 12 1 100 1 10 12 1 8 8 8 1 100 1 9 12 1 8 1 9 12 8 1 100 1 9 12 1 8 1 9 12 8 1 9 12 8 1 9 12 8 1 100 1 9 12 1 8 1 9 12 8 1 9 12 8 1 8 1 10 12 1 10 10 12 1 18 12 1 10 12 1 1 100 1 10 12 1 10 10 12 1 1 10 100 12 1 1 10 12 1 10 12 1 10 12 1 10 12 1 100 1 10 10 12 1 1 10 12 1 10 12 1 10 12 1 11 12 1 11 100 12 1 1 1 10 12 1 11 12 1 100 1 10 12 1 10 12 1 1 11 12 1 7 1 10 10 12 1 1 10 10 12 1 11 11 12 1 10 12 1 1 10 12 1 11 12 1 1 11 12 1 1 100 1 3 10 9 100 12 1 1 100 1 10 12 1 10 12 1 10 12 1 1 10 12 1 10 100 12 1 1 1 11 12 1 1 11 12 1 10 9 12 1 10 12 1 1 10 12 1 1 10 100 12 1 1 10 12 1 10 12 1 1 9 12 1 10 12 1 1 11 12 1 10 12 1 1 11 12 1 10 12 1 9 12 1 1 10 12 1 1 10 100 1 7 1 10 10 7 12 1 1 1 7 1 9 7 12 1 1 1 9 12 1 10 12 1 8 1 10 8 1 100 1 100 1 1 1 1 1 1 1 1 1 1 1 1 1 1 1 1 1 1 1 1 1 1 3 1 1 1 1 1 1 1 1 1 100 1 1 3 1 1 1 1 1 1 1 1 1 1 1 1 1 1 1 1 1 1 1 1 1 1 1 1 1 1 1 1 1 1 1 1 1 1 1 1 1 1 1 1 1 100 1 1 1 1 1 1 1 1 1 1 1 1 1 1 1 1 1 1 1 1 1 1 1 1 1 1 1 1 1 1 1 1 1 1 1 1 1 1 1 1 1 1 1 1 1 1 1 1 100 100 1 1 1 1 1 1 1 1 1 1 1 1 1 1 1 1 1 1 1 1 1 1 1 1 1 1 1 1 1 1 1 1 1 1 1 1 1 1 1 1 1 1 1 1 1 1 1 1 1 1 100 1 1 1 1 1 1 1 1 1 1 1 1 1 1 1 1 1 1 1 1 1 1 1 1 1 1 1 1 1 1 1 1 1 1 1 1 1 1 1 1 1 1 1 1 1 1 1 1 1 1 1 1 1 1 1 1 1 1 1 1 1 1 1 1 100 1 100 1 100 1 100 1 100 1 1 1 1 1 1 1 1 1 1 1 100 1 1 1 1 1 1 1 1 1 1 1 1 1 1 1 1 1 1 1 1 1 1 1 1 1 1 1 1 1 1 1 1 1 1 1 1 1 1 1 1 1 1 1 1 1 1 1 100 1 100 1 100 1 100 1 100 1 100 1 100 1 100 1 100 1 1 15 10 100 12 1 1 8 1 8 1 8 1 8 1 1 1 1 1 1 1 1 1 100 1 1 1 1 1 1 1 100 1 1 1 1 100 1 1 100 1 100 1 1
staticfield javax/swing/text/JTextComponent KEYMAP_TABLE Ljava/lang/Object; java/lang/StringBuilder
staticfield javax/swing/text/JTextComponent FOCUSED_COMPONENT Ljava/lang/Object; java/lang/StringBuilder
instanceKlass ui/utils/swing/u/Q
instanceKlass com/jidesoft/plaf/basic/BasicJideTabbedPaneUI$TabEditor
instanceKlass com/jidesoft/swing/OverlayTextField
instanceKlass com/jidesoft/grid/TextFieldCellEditor$a
instanceKlass javax/swing/JPasswordField
instanceKlass com/jidesoft/combobox/AbstractComboBox$ComboBoxTextField
instanceKlass javax/swing/JFormattedTextField
ciInstanceKlass javax/swing/JTextField 1 1 507 10 7 12 1 1 1 10 7 12 1 1 100 1 9 12 1 1 100 1 8 1 10 12 1 7 1 10 9 12 1 1 7 1 10 12 1 11 7 12 1 1 1 9 12 1 10 12 1 1 10 12 1 1 10 12 1 8 1 8 1 9 7 12 1 1 1 11 7 12 1 1 1 10 10 100 12 1 1 1 100 1 8 10 12 1 1 10 12 1 10 12 1 7 1 10 9 12 1 10 12 1 1 10 12 1 1 10 7 12 1 1 1 10 12 1 1 10 12 1 1 10 12 1 1 9 7 12 1 1 9 12 1 9 7 12 1 1 10 12 1 1 9 12 1 1 7 1 10 7 12 1 1 1 10 12 1 1 10 12 1 1 10 12 1 10 12 1 1 100 1 10 12 1 1 10 100 12 1 1 1 100 1 10 12 1 100 1 10 9 12 1 1 10 12 1 1 10 12 1 1 10 12 1 11 12 1 1 9 12 1 1 10 100 12 1 1 1 10 12 1 1 9 12 1 1 11 7 12 1 1 1 10 12 1 10 12 1 1 10 12 1 10 12 1 1 11 12 1 8 10 12 1 10 100 12 1 1 1 10 12 1 10 12 1 8 1 8 1 8 1 11 12 1 1 100 1 10 12 1 100 1 10 12 1 10 12 1 1 9 12 1 1 10 7 12 1 1 1 10 12 1 11 12 11 12 1 1 9 100 12 1 1 9 11 12 1 10 100 12 1 1 10 12 1 10 10 100 12 1 1 1 10 12 1 1 9 12 1 1 10 100 12 1 1 1 8 1 8 1 8 1 8 1 8 1 8 1 10 12 1 18 12 1 1 9 12 1 1 100 1 10 7 1 10 1 1 8 1 1 1 1 1 1 1 1 1 1 1 1 1 1 1 3 1 3 1 1 1 1 1 1 1 1 1 1 1 1 1 1 1 1 1 1 1 1 1 1 1 1 1 1 1 1 1 1 1 1 1 1 1 1 1 1 1 1 100 100 1 1 1 1 1 1 1 1 1 1 1 1 1 1 1 1 1 1 1 1 1 1 1 1 1 1 1 1 1 1 1 1 1 1 100 1 1 1 1 1 1 1 1 1 1 1 1 1 1 1 1 15 10 100 12 1 1 8 1 1 1 1 1 1 100 1 100 1 1
staticfield javax/swing/JTextField defaultActions [Ljavax/swing/Action; 1 [Ljavax/swing/Action;
ciInstanceKlass java/awt/event/FocusListener 1 0 12 100 1 100 1 100 1 1 1 1 1 1
instanceKlass com/jidesoft/plaf/basic/BasicJideTabbedPaneUI$ScrollableTabViewport
instanceKlass com/jidesoft/grid/m
ciInstanceKlass javax/swing/JViewport 1 1 917 100 1 10 7 12 1 1 1 9 7 12 1 1 1 9 12 1 1 9 12 1 9 12 1 1 9 12 1 9 12 1 1 9 12 1 1 9 12 1 1 10 12 1 1 10 12 1 1 10 12 1 10 12 1 1 9 12 1 1 7 1 10 12 1 1 10 7 12 1 1 1 10 12 1 8 1 10 12 1 1 10 7 12 1 1 1 10 12 1 10 12 1 1 10 12 1 1 10 12 1 10 12 1 1 9 7 12 1 1 9 12 1 10 12 1 1 10 12 1 9 12 1 9 12 1 10 12 1 1 10 12 1 1 9 7 1 9 10 12 1 10 12 1 1 10 7 12 1 1 1 10 100 12 1 1 9 7 1 10 100 12 1 1 1 10 12 1 9 10 12 1 1 10 7 12 1 1 1 10 12 1 10 100 12 1 1 1 10 12 1 1 100 1 8 1 10 12 1 100 1 10 12 1 9 12 1 9 12 1 9 12 1 9 12 1 10 100 12 1 1 1 10 100 12 1 1 1 10 12 1 1 10 12 1 1 10 12 1 1 10 12 1 1 10 12 1 1 10 12 1 1 10 12 1 1 10 12 1 1 10 12 1 10 12 1 10 12 1 9 12 1 9 12 1 9 12 1 9 12 1 1 10 12 1 1 10 100 12 1 1 10 12 1 10 12 1 10 12 1 10 12 1 10 12 1 10 12 1 100 1 10 12 1 1 10 12 1 10 12 1 1 10 12 1 1 10 12 1 10 12 1 10 12 1 1 10 12 1 10 12 1 100 1 9 12 1 9 12 1 10 12 1 1 10 12 10 12 1 1 10 12 10 12 1 1 10 10 10 10 12 1 1 10 12 1 1 10 12 1 1 10 12 1 1 10 12 1 10 12 1 9 12 1 10 12 1 10 12 1 1 10 10 12 1 10 12 1 1 10 100 12 1 1 10 100 12 1 1 1 10 12 1 10 12 1 1 10 10 12 1 1 10 12 1 1 10 12 1 9 12 1 10 12 1 10 12 1 10 10 12 1 10 10 12 1 1 10 12 1 10 12 1 10 12 1 10 12 1 1 10 12 1 10 12 1 1 10 12 1 10 12 1 1 10 12 1 10 12 1 10 10 10 12 1 1 10 12 1 10 12 1 1 10 12 1 10 12 1 10 12 1 10 12 1 10 10 12 10 12 10 7 1 10 12 1 9 7 12 1 1 1 9 12 1 1 7 1 10 7 12 1 1 1 10 12 10 12 1 1 100 1 10 12 1 1 7 1 10 12 1 11 12 1 1 10 10 10 12 1 10 8 1 8 1 10 12 1 1 8 1 10 12 1 18 12 1 1 10 12 1 1 9 12 1 1 10 7 1 10 12 1 10 10 100 12 1 1 1 11 100 12 1 1 1 11 100 12 1 1 11 12 1 100 1 10 10 12 1 10 12 1 10 12 1 10 10 12 1 1 10 12 1 1 9 100 12 1 1 1 10 12 1 1 10 12 1 10 12 1 10 12 1 10 10 10 12 1 10 12 1 10 12 1 1 10 10 10 10 10 12 1 1 10 12 1 1 10 10 12 1 10 12 1 1 10 12 10 12 1 10 9 12 1 1 100 1 10 10 12 1 8 100 1 1 1 1 1 1 1 1 3 1 3 1 3 1 1 1 1 1 1 1 1 1 1 1 1 1 1 1 1 1 1 1 1 1 1 1 1 1 1 1 1 1 1 1 1 1 1 1 1 1 1 1 1 1 1 1 1 1 1 1 1 100 1 1 1 1 1 1 1 1 1 1 1 1 1 1 1 1 1 1 1 1 1 1 1 1 1 1 1 1 1 1 1 1 1 1 1 1 1 1 1 1 1 1 1 1 1 1 1 1 1 1 1 1 1 1 1 1 1 1 1 1 1 1 1 1 1 1 1 1 1 1 1 1 1 1 1 1 1 1 1 100 1 1 1 1 1 1 1 1 1 1 1 1 1 1 1 1 1 1 1 1 1 1 1 1 1 1 1 100 1 1 1 1 1 1 1 100 1 1 1 1 1 1 1 1 15 10 100 12 1 1 8 1 1 1 1 1 1 100 1 100 1 1
staticfield javax/swing/JViewport EnableWindowBlit Ljava/lang/Object; "EnableWindowBlit"instanceKlass de/javasoft/plaf/synthetica/SyntheticaLookAndFeel
ciInstanceKlass javax/swing/plaf/synth/SynthLookAndFeel 1 1 880 10 7 12 1 1 1 9 7 12 1 1 1 10 12 1 1 100 1 100 1 10 12 1 1 9 12 1 10 100 12 1 1 1 10 12 1 1 10 12 1 9 12 1 1 9 12 1 1 9 12 1 7 1 10 7 12 1 1 1 10 12 1 100 1 10 12 1 1 10 12 1 1 10 7 12 1 1 1 10 12 1 1 10 7 12 1 1 1 10 12 1 1 10 10 12 1 10 7 12 1 1 1 10 12 1 1 10 12 1 1 7 1 10 12 1 1 10 12 1 1 10 12 1 1 7 1 10 12 1 1 7 1 10 12 1 10 12 1 1 10 12 1 10 7 12 1 1 10 12 1 10 12 1 1 10 12 1 10 12 1 1 10 12 1 10 12 1 9 100 12 1 1 1 9 12 1 9 12 1 9 12 1 10 12 1 1 10 12 9 100 12 1 1 1 10 12 1 1 10 100 12 1 1 1 10 12 1 1 10 12 1 1 10 100 12 1 1 10 100 12 1 1 1 10 12 1 10 7 12 1 1 8 1 10 7 12 1 1 1 8 1 10 7 1 8 1 10 100 1 8 1 10 100 1 8 1 10 7 1 8 1 10 100 1 8 1 10 7 1 8 1 10 100 1 8 1 10 100 1 8 1 10 100 1 8 1 10 7 1 8 1 10 7 1 8 1 10 7 1 8 1 10 100 1 8 1 10 100 1 8 1 10 100 1 8 1 10 7 1 8 1 10 7 1 8 1 10 7 1 8 1 10 7 1 8 1 10 7 1 8 1 10 7 1 8 1 10 7 1 8 1 10 100 1 8 1 10 7 1 8 1 10 7 1 8 1 10 7 1 8 1 8 1 10 100 1 8 1 10 100 1 8 1 10 100 1 8 1 10 7 1 8 1 10 7 1 8 1 10 7 1 8 1 10 100 1 8 1 10 7 1 8 1 10 7 1 8 1 10 100 1 8 1 8 1 10 7 1 8 1 10 7 1 8 1 10 7 1 8 1 10 7 1 10 7 12 1 1 7 1 10 9 12 1 7 1 10 12 1 9 12 1 1 100 1 8 1 10 12 9 12 1 1 7 1 10 7 1 10 10 12 1 1 8 1 10 100 12 1 1 1 10 12 1 7 1 10 10 7 12 1 1 1 10 12 1 1 10 7 12 1 1 1 10 12 1 1 10 12 1 10 12 1 7 1 4 10 12 1 10 12 1 1 10 7 12 1 1 1 10 12 1 1 10 7 12 1 1 1 8 1 11 7 12 1 1 1 8 1 8 1 9 7 12 1 1 1 10 8 1 7 1 10 12 1 8 1 9 7 12 1 1 1 8 1 8 1 10 7 12 1 1 1 8 1 10 7 12 1 1 1 8 1 8 1 8 1 8 1 8 1 8 1 8 1 8 1 8 1 8 1 8 1 8 1 8 1 8 1 8 1 8 1 8 1 8 1 8 1 8 1 8 1 8 1 10 12 1 10 12 1 10 12 1 1 7 1 10 12 1 10 12 1 1 8 1 8 1 10 100 12 1 1 8 1 8 1 8 1 10 12 1 1 10 12 1 10 12 1 10 7 12 1 1 1 7 1 10 12 1 9 12 1 1 10 12 1 9 12 1 9 12 1 8 1 10 12 1 9 12 1 1 10 7 12 1 1 1 10 12 1 100 1 10 10 7 1 10 12 9 12 1 1 7 1 8 1 10 7 1 8 1 10 8 1 10 1 1 1 1 1 1 1 1 1 1 1 1 1 1 1 1 1 1 1 1 1 1 1 1 100 1 1 1 1 1 1 1 1 1 1 1 1 1 100 1 1 1 1 1 1 1 1 1 1 1 1 1 100 1 1 1 1 1 1 1 1 1 1 1 1 1 1 1 1 1 1 1 1 1 1 1 1 1 1 1 1 1 7 1 1 1 1 1 7 1 1 1 1 1 1 1 1 1 1 1 1 1 1 1 1 1 1 1 1 1 1 1 1 1 1 1 1 100 1 1 1 1 1
staticfield javax/swing/plaf/synth/SynthLookAndFeel EMPTY_UIRESOURCE_INSETS Ljava/awt/Insets; javax/swing/plaf/InsetsUIResource
staticfield javax/swing/plaf/synth/SynthLookAndFeel STYLE_FACTORY_KEY Ljava/lang/Object; java/lang/StringBuffer
staticfield javax/swing/plaf/synth/SynthLookAndFeel SELECTED_UI_KEY Ljava/lang/Object; java/lang/StringBuilder
staticfield javax/swing/plaf/synth/SynthLookAndFeel SELECTED_UI_STATE_KEY Ljava/lang/Object; java/lang/StringBuilder
instanceKlass javax/swing/plaf/synth/DefaultSynthStyleFactory
instanceKlass de/javasoft/plaf/synthetica/StyleFactory
ciInstanceKlass javax/swing/plaf/synth/SynthStyleFactory 1 1 18 10 7 12 1 1 1 100 1 1 1 1 1 1 1 1 1 1
instanceKlass ui/f/au
instanceKlass com/jidesoft/swing/JidePopupMenu
instanceKlass javax/swing/plaf/synth/SynthInternalFrameTitlePane$JPopupMenuUIResource
instanceKlass javax/swing/plaf/basic/BasicComboPopup
ciInstanceKlass javax/swing/JPopupMenu 1 1 963 7 1 9 12 1 1 10 7 12 1 1 1 10 7 12 1 1 1 10 12 1 1 9 12 1 1 10 12 1 1 10 12 1 1 10 7 12 1 1 9 12 1 1 9 12 1 1 9 12 1 1 9 12 1 10 12 1 7 1 10 10 12 1 1 100 1 5 0 10 12 1 1 10 12 1 1 10 12 1 9 12 1 1 7 1 10 12 1 1 10 7 12 1 1 1 10 12 1 8 1 10 12 1 1 10 100 12 1 1 1 10 12 1 1 10 100 12 1 1 10 9 12 1 1 10 12 1 1 7 1 10 10 12 1 10 12 1 1 10 12 1 1 100 1 10 12 1 9 12 1 10 100 12 1 1 10 12 1 1 10 12 1 1 10 12 1 1 10 100 12 1 1 1 10 100 12 1 1 1 10 12 1 1 9 12 1 1 9 100 12 1 1 9 12 1 9 12 1 9 100 1 9 10 12 1 10 100 12 1 1 1 10 12 1 1 9 9 100 12 1 1 9 9 12 1 9 12 1 9 12 1 10 12 1 1 10 12 1 1 10 12 1 1 10 12 1 1 10 100 12 1 1 100 1 10 7 1 10 12 1 100 1 10 12 1 1 10 12 1 10 12 1 1 10 12 1 1 100 1 8 1 10 10 12 1 8 1 10 12 1 8 10 12 1 1 9 12 1 1 100 1 8 1 10 10 12 1 10 12 1 7 1 10 10 10 12 1 1 100 1 10 10 12 1 1 10 12 1 1 10 10 12 1 1 11 100 12 1 1 11 12 1 1 9 12 1 1 7 1 10 7 12 1 1 10 12 10 12 1 1 7 1 7 1 100 1 10 12 1 1 100 1 10 12 11 12 1 1 11 12 1 11 12 1 9 12 1 1 10 12 1 10 12 1 10 12 1 10 12 1 10 12 1 8 1 10 12 1 9 12 1 10 12 1 10 12 1 10 12 1 1 11 100 12 1 1 10 12 1 100 1 10 12 1 1 10 12 1 8 1 10 12 1 10 100 12 1 1 10 12 1 10 100 12 1 1 1 10 12 1 10 12 1 9 12 1 9 12 1 10 12 1 1 10 12 1 10 12 1 1 10 12 1 9 12 1 1 100 1 10 7 12 1 1 1 10 12 1 10 12 1 1 10 12 1 1 9 12 1 1 10 12 1 10 12 1 1 100 1 5 0 5 0 10 12 1 10 12 1 1 10 12 1 1 10 12 1 1 10 12 1 1 10 10 12 1 10 12 1 1 11 12 1 10 12 1 10 12 1 10 12 1 10 12 1 1 10 12 1 1 100 1 8 1 8 1 8 1 10 12 1 1 10 12 1 18 12 1 1 7 1 10 10 100 12 1 1 100 1 8 8 10 12 1 10 12 1 10 7 1 10 12 1 1 10 12 1 1 10 100 12 1 1 1 8 10 100 12 1 1 1 8 10 12 1 8 10 12 1 8 8 8 10 12 1 10 12 1 10 12 1 1 10 7 1 100 1 10 12 10 12 1 10 12 1 1 10 12 1 10 12 1 10 12 1 1 10 12 1 10 12 1 1 10 10 12 1 10 10 12 1 10 12 1 10 12 1 11 12 1 11 12 1 11 12 1 10 12 1 10 12 1 1 7 1 8 1 10 7 1 8 1 10 12 1 10 7 12 1 1 1 10 9 12 1 100 1 1 1 1 3 1 1 1 1 1 1 1 1 1 1 1 1 1 1 1 3 1 1 1 1 1 1 1 1 1 1 1 1 1 1 1 1 1 1 1 1 1 1 1 1 1 1 1 1 1 1 1 1 1 1 1 1 1 1 1 1 1 1 1 100 1 1 1 1 1 1 1 1 1 1 1 1 1 1 1 1 1 1 1 1 1 1 1 1 1 1 1 1 1 1 1 1 1 1 1 1 1 1 100 1 1 1 1 1 1 1 1 1 1 1 1 1 1 1 1 1 1 1 1 1 1 1 1 1 1 1 1 1 1 1 100 1 1 1 1 1 1 1 1 1 1 1 1 1 1 1 1 1 1 1 1 1 1 1 1 1 1 1 1 1 1 100 1 1 1 1 1 1 1 1 1 1 100 1 1 1 1 1 1 1 1 1 1 1 1 1 1 1 1 1 1 100 1 1 1 1 1 1 1 1 1 1 1 1 15 10 100 12 1 1 8 1 1 1 1 1 100 1 100 1 1
staticfield javax/swing/JPopupMenu defaultLWPopupEnabledKey Ljava/lang/Object; java/lang/StringBuffer
staticfield javax/swing/JPopupMenu classLock Ljava/lang/Object; java/lang/Object
instanceKlass ui/f/al
instanceKlass com/jidesoft/swing/JideMenu
ciInstanceKlass javax/swing/JMenu 1 1 704 7 1 8 1 10 12 1 1 10 7 1 9 12 1 1 9 12 1 1 9 12 1 1 10 12 1 10 12 1 1 10 7 12 1 1 1 7 1 10 12 1 1 9 12 1 1 100 1 10 7 12 1 1 8 1 10 12 1 1 10 12 1 1 11 7 12 1 1 1 9 12 1 1 10 12 1 1 11 12 1 11 12 1 1 11 12 1 1 10 12 1 10 12 1 10 12 1 10 12 1 10 12 1 10 12 1 1 10 12 1 10 12 1 1 9 100 12 1 1 1 9 12 1 10 12 1 1 10 12 1 10 12 1 1 10 9 100 12 1 1 10 12 1 10 12 1 10 100 12 1 1 1 10 12 1 1 100 1 10 12 1 10 12 1 10 100 12 1 1 1 10 12 1 1 10 100 12 1 1 1 10 12 1 10 100 12 1 1 1 10 12 1 1 10 12 1 1 9 9 100 12 1 1 9 12 1 10 100 12 1 1 1 9 12 1 9 12 1 9 12 1 10 12 1 1 8 1 10 12 1 1 8 1 10 100 12 1 1 1 9 9 9 8 1 8 1 10 12 1 9 12 1 100 1 8 1 10 10 10 12 1 1 10 12 1 1 9 12 1 1 10 12 1 10 12 1 1 10 12 1 10 12 1 10 10 12 1 1 10 100 1 10 12 1 100 1 10 12 1 1 10 12 1 10 12 1 1 10 12 1 1 10 12 1 8 1 10 12 1 1 10 12 100 1 10 10 12 1 1 10 12 1 100 1 8 1 10 10 12 1 10 12 1 8 1 10 12 10 12 1 10 12 1 10 12 1 10 12 1 1 7 1 7 1 10 12 1 10 12 1 10 12 1 1 9 12 1 1 7 1 10 7 12 1 1 10 12 10 12 1 1 100 1 10 12 1 1 10 12 1 1 18 12 1 1 100 1 10 12 1 11 12 1 1 11 12 1 11 12 1 7 1 10 7 1 10 12 1 10 100 1 10 12 1 1 10 10 12 1 10 8 1 10 100 12 1 1 1 10 12 1 1 10 100 12 1 1 10 10 12 1 1 10 12 1 1 100 1 10 10 12 1 1 10 12 1 1 10 12 1 10 12 1 1 10 100 12 1 1 10 12 1 10 100 12 1 1 1 10 100 12 1 1 1 10 12 1 1 9 12 1 1 10 100 12 1 1 1 10 12 1 9 12 1 1 100 1 10 100 1 1 1 1 1 1 3 1 1 1 1 1 1 1 1 1 1 1 1 1 1 1 1 1 1 1 1 1 1 3 1 1 1 1 1 1 1 1 1 1 1 1 1 1 1 1 1 1 1 1 1 1 1 1 1 1 1 1 100 100 1 1 1 1 1 1 1 1 1 1 1 1 1 1 1 1 1 1 1 1 1 1 1 1 1 1 1 1 1 1 1 1 1 1 100 1 1 1 1 1 1 1 1 1 1 1 1 1 100 1 1 1 1 1 1 1 1 1 1 1 1 1 1 1 1 1 1 1 1 1 1 1 1 1 1 1 1 1 1 1 1 1 1 1 1 100 1 1 1 1 1 1 1 1 1 1 15 10 100 12 1 1 8 1 1 1 1 1 1 100 1 100 1 1
instanceKlass com/jidesoft/status/MemoryStatusBarItem$d
instanceKlass com/jidesoft/swing/NullButton
instanceKlass com/jidesoft/plaf/basic/BasicCollapsiblePaneTitlePane$BasicCollapseButton
instanceKlass ui/utils/swing/b/a
instanceKlass com/jidesoft/swing/JideSplitPaneDivider$2
instanceKlass com/jidesoft/swing/JideSplitPaneDivider$1
instanceKlass com/jidesoft/swing/JideTabbedPane$NoFocusButton
instanceKlass javax/help/plaf/basic/BasicHelpUI$HelpButton
instanceKlass com/jidesoft/swing/JideButton
instanceKlass com/jidesoft/grid/QuickFilterField$j
instanceKlass javax/swing/plaf/basic/BasicInternalFrameTitlePane$NoFocusButton
instanceKlass javax/swing/plaf/synth/SynthArrowButton
ciInstanceKlass javax/swing/JButton 1 1 200 10 7 12 1 1 1 10 12 1 10 12 1 1 10 7 1 7 1 10 10 12 1 1 10 12 1 10 7 12 1 1 1 7 1 10 12 1 1 8 1 10 7 12 1 1 1 10 100 12 1 1 1 9 12 1 1 8 10 12 1 1 10 12 1 1 10 12 1 10 100 12 1 1 10 12 1 1 10 100 12 1 1 1 10 100 12 1 1 1 10 12 1 1 9 12 1 1 10 100 12 1 1 1 8 1 8 1 10 12 1 18 12 1 1 9 12 1 1 7 1 10 12 100 1 1 1 1 1 1 1 1 1 1 1 1 1 1 1 1 1 1 1 1 1 1 3 1 3 1 1 1 1 1 1 1 1 1 1 1 1 1 1 1 1 1 1 1 1 1 100 1 1 1 1 1 1 1 1 1 1 1 1 1 1 15 10 100 12 1 1 8 1 1 1 100 1 100 1 1
instanceKlass ui/utils/swing/e/d
instanceKlass com/jidesoft/swing/JideComboBox
instanceKlass org/jdesktop/swingx/JXEditorPane$ParagraphSelector
instanceKlass com/jidesoft/combobox/ExComboBox
ciInstanceKlass javax/swing/JComboBox 1 1 780 10 7 12 1 1 1 9 7 12 1 1 1 9 12 1 1 9 12 1 1 8 1 9 12 1 1 10 7 12 1 1 1 9 12 1 9 12 1 1 9 12 1 9 12 1 10 12 1 1 10 12 1 7 1 10 12 1 10 12 1 10 10 12 1 8 1 10 7 12 1 1 1 10 12 1 1 10 12 1 7 1 10 12 1 10 12 1 1 10 12 1 1 9 12 1 10 7 12 1 1 1 7 1 10 12 1 10 12 1 1 7 1 10 7 12 1 1 1 8 1 9 12 1 1 9 12 1 1 11 7 12 1 1 1 11 12 1 11 12 1 1 8 1 10 12 1 1 8 10 12 1 8 1 8 10 12 1 9 12 1 1 8 10 12 1 9 12 1 1 11 7 12 1 1 1 11 12 1 8 10 7 12 1 1 1 10 12 11 12 1 1 11 12 1 1 10 12 1 1 11 12 1 1 11 12 1 10 12 1 10 12 1 10 100 1 18 12 1 1 10 12 1 9 12 1 8 10 12 1 7 1 11 12 1 11 12 1 1 11 12 1 11 12 1 1 11 10 12 1 11 100 1 8 1 10 10 12 1 1 10 12 1 10 12 1 10 12 1 1 9 12 1 1 7 1 10 7 12 1 1 1 10 12 1 10 12 1 1 100 1 7 1 10 12 1 1 10 12 1 1 100 1 7 1 100 1 10 12 1 1 100 1 10 12 11 12 1 1 11 12 1 11 12 1 9 12 1 1 10 9 12 1 1 11 100 12 1 1 1 10 12 1 10 12 1 1 10 10 12 1 1 11 12 1 8 10 100 12 1 1 1 10 12 1 10 12 1 100 1 10 12 1 8 1 8 1 8 1 11 12 1 1 100 1 10 12 1 11 12 1 1 10 7 12 1 1 1 10 12 1 1 7 1 10 12 1 7 1 10 10 12 1 1 10 12 1 11 12 1 1 7 1 10 12 1 10 12 1 10 10 12 1 1 11 12 1 8 1 10 12 1 1 10 12 1 1 11 100 12 1 1 1 10 12 1 10 12 1 10 12 1 10 100 12 1 1 10 12 1 10 12 1 1 10 12 1 1 9 12 1 1 8 1 10 12 1 1 10 11 12 1 1 100 1 10 10 100 12 1 1 10 12 1 10 10 12 1 1 10 12 1 1 10 100 12 1 1 1 10 12 1 8 1 8 1 8 1 10 12 1 18 12 1 9 12 1 1 100 1 10 100 1 100 1 100 1 1 1 1 1 1 1 1 1 1 1 1 1 1 1 1 1 1 1 1 1 1 1 1 1 1 1 3 1 1 1 1 100 1 1 3 1 1 1 1 1 1 1 1 1 1 1 1 1 1 1 1 1 1 1 1 1 1 1 1 1 1 1 1 1 1 1 1 1 1 1 1 1 1 1 1 1 1 1 1 1 1 1 1 1 1 1 1 1 1 1 1 1 1 1 1 1 1 1 1 1 1 1 1 1 1 1 1 1 1 1 1 1 1 1 1 1 1 1 100 1 1 1 1 1 1 1 1 1 1 1 1 1 1 1 1 1 1 100 1 1 1 1 1 1 1 1 1 1 1 1 1 1 1 1 1 1 1 1 1 1 1 1 1 1 1 1 1 1 1 1 1 1 1 1 1 1 1 1 1 100 1 1 1 1 1 1 1 1 1 1 1 1 1 1 1 1 1 100 1 100 1 100 1 100 1 100 1 1 15 10 100 12 1 1 8 1 8 1 1 1 1 1 1 1 1 1 1 1 100 1 100 1 1
instanceKlass com/jidesoft/hints/AbstractListIntelliHints$1
instanceKlass com/jidesoft/status/ProgressStatusBarItem$a$c
instanceKlass com/jidesoft/swing/JideTabbedPane$2
instanceKlass javax/swing/plaf/basic/BasicComboPopup$1
instanceKlass com/jidesoft/swing/CheckBoxList
ciInstanceKlass javax/swing/JList 1 1 1006 10 7 12 1 1 1 9 7 12 1 1 1 9 12 1 9 12 1 9 12 1 9 7 12 1 1 1 9 12 1 100 1 8 1 10 12 1 10 7 12 1 1 1 10 12 1 1 9 12 1 9 12 1 1 10 12 1 1 9 12 1 1 10 12 1 1 10 12 1 100 1 10 12 1 10 12 1 100 1 10 12 1 7 1 10 9 12 1 1 7 1 10 12 1 1 9 12 1 1 10 7 12 1 1 1 10 12 1 10 12 1 1 7 1 10 7 12 1 1 1 8 1 10 12 1 1 11 100 12 1 1 1 10 12 1 1 10 10 12 1 1 10 12 1 1 9 100 12 1 1 9 12 1 9 12 1 1 10 7 12 1 1 1 10 12 1 8 10 12 1 1 8 10 12 1 8 9 12 1 1 8 9 12 1 1 8 9 12 1 8 10 100 12 1 1 1 8 8 8 1 10 12 1 1 10 12 1 1 10 100 12 1 1 1 10 100 12 1 1 1 10 12 1 1 100 1 9 12 1 9 9 12 1 10 12 1 10 12 1 1 9 10 12 1 1 10 12 1 1 9 9 10 12 1 1 10 12 1 1 10 100 12 1 1 100 1 10 9 12 1 9 100 12 1 1 1 10 12 1 18 12 1 1 100 1 10 12 1 10 12 1 1 11 7 12 1 1 10 100 12 1 1 1 9 100 12 1 1 1 10 12 1 1 9 12 1 9 12 1 100 1 8 1 10 12 1 100 1 10 12 1 1 10 12 1 10 12 1 1 9 12 1 1 10 12 1 1 100 10 12 1 10 12 1 10 12 1 10 12 1 11 7 12 1 1 1 11 12 1 10 12 1 8 10 10 100 12 1 1 1 9 100 12 1 1 1 11 12 1 1 10 12 1 10 12 1 1 10 100 12 1 1 10 12 1 11 12 1 1 10 12 1 11 10 12 1 10 12 1 10 12 1 1 10 12 1 10 12 1 10 12 1 10 12 1 10 12 1 10 12 1 10 100 12 1 1 1 11 100 12 1 1 1 11 12 1 1 10 12 1 1 10 12 10 12 1 10 12 1 10 12 1 1 10 12 1 8 1 8 1 100 1 10 12 1 10 12 1 100 1 10 12 1 7 1 10 9 12 1 1 10 100 12 1 1 1 100 1 100 1 10 12 1 11 12 1 1 9 12 1 1 100 1 10 12 1 11 12 1 1 10 12 1 1 10 12 1 10 12 1 1 100 1 8 1 11 12 1 8 11 12 1 11 12 1 11 11 12 1 11 12 1 11 12 1 11 11 11 12 1 11 12 1 11 12 1 11 12 1 11 10 100 12 1 1 1 10 100 12 1 1 1 100 1 10 11 100 12 1 10 10 12 1 10 12 1 10 12 1 10 12 1 8 1 8 1 10 10 12 1 1 9 100 12 1 1 9 12 1 9 12 1 9 12 1 10 12 1 10 12 1 10 12 1 10 10 12 1 1 100 1 10 12 1 1 10 100 1 10 12 1 10 12 1 1 100 1 10 100 12 1 1 10 12 1 10 100 12 1 1 10 12 1 10 10 12 1 1 10 12 1 1 10 100 12 1 1 10 100 1 8 1 10 12 1 18 12 1 9 12 1 1 100 1 10 10 12 1 1 10 7 12 1 1 100 1 100 1 1 1 1 1 3 1 3 1 3 1 1 1 1 1 1 1 1 1 1 1 1 1 1 1 1 1 1 1 1 1 1 1 1 1 1 1 1 1 1 100 1 1 1 1 1 1 1 1 1 1 1 1 1 1 1 1 1 1 1 1 1 1 1 1 1 1 1 1 1 1 1 1 1 1 1 1 1 1 1 1 1 1 1 1 1 1 1 1 1 1 1 1 1 1 1 1 1 1 1 1 1 1 1 1 1 1 1 1 1 1 1 1 1 1 1 1 1 1 1 1 1 1 1 1 1 1 1 1 1 1 1 1 1 1 1 1 1 1 1 1 1 1 1 1 1 1 1 1 1 1 1 1 1 1 100 1 1 1 1 1 1 1 1 1 1 1 1 1 1 1 1 1 1 1 1 1 1 1 1 1 1 1 1 1 1 1 1 1 1 1 1 1 1 1 1 1 1 1 1 1 1 1 1 1 1 1 1 1 1 1 1 1 1 1 1 1 1 1 1 1 1 1 1 1 1 1 1 100 1 1 1 1 1 1 1 1 1 1 1 1 1 1 1 1 1 100 1 1 15 10 100 12 1 1 8 1 8 1 1 1 1 100 1 1 1 1 1 100 1 100 1 1 100 1 100 1 1
staticfield javax/swing/JList $assertionsDisabled Z 1
ciInstanceKlass javax/swing/event/TableModelListener 1 0 11 100 1 100 1 100 1 1 1 1 1
instanceKlass com/jidesoft/grid/JideTable
ciInstanceKlass javax/swing/JTable 1 1 2377 10 7 12 1 1 1 10 7 12 1 1 9 12 1 1 9 7 12 1 1 1 9 12 1 10 12 1 1 100 1 10 12 1 1 10 12 1 1 10 12 1 10 12 1 1 9 12 1 1 10 12 1 1 10 12 1 1 10 12 1 1 10 12 1 1 10 12 1 1 10 12 1 10 12 1 7 1 10 12 1 10 12 10 12 1 100 1 10 12 1 10 12 1 10 12 1 10 7 12 1 1 1 100 1 10 12 1 1 100 1 10 12 1 1 10 12 1 1 10 12 1 1 10 12 1 1 10 12 1 10 12 1 1 100 1 8 1 10 7 12 1 1 10 12 1 1 8 1 10 12 1 1 8 1 10 12 1 1 100 1 100 1 10 12 1 1 10 12 1 1 8 1 10 12 1 1 10 12 1 10 12 1 8 1 9 12 1 7 1 10 12 1 1 10 12 1 1 10 12 1 1 10 12 9 12 1 1 10 7 12 1 1 1 8 10 12 1 1 100 1 8 1 10 12 1 9 12 1 9 12 1 1 9 12 1 1 9 100 12 1 1 10 12 1 10 12 1 100 1 10 12 1 10 12 1 10 10 12 1 1 10 12 1 10 12 1 10 12 1 1 9 12 1 8 9 7 12 1 1 10 12 1 10 12 1 9 12 1 11 7 12 1 1 11 12 1 10 8 1 9 12 1 1 8 10 12 1 10 12 1 1 10 12 1 9 12 1 8 10 12 1 9 12 1 8 10 12 1 1 9 12 1 10 8 10 12 1 8 10 12 1 11 12 1 11 12 1 1 11 12 1 1 11 7 1 100 1 10 12 10 12 1 9 12 1 1 10 7 12 1 1 1 10 12 1 10 7 1 10 7 12 1 1 1 7 1 10 12 1 1 9 12 1 7 1 10 12 1 1 10 12 1 9 12 1 10 100 12 1 1 1 100 1 10 10 12 1 1 9 100 12 1 1 1 10 12 1 18 12 1 1 10 12 1 1 10 12 1 9 7 12 1 1 1 8 1 10 12 1 10 100 12 1 1 1 10 12 1 1 10 12 1 1 10 100 12 1 1 100 1 10 12 1 10 12 1 1 9 100 12 1 1 1 9 12 1 10 12 1 1 10 9 12 1 9 12 1 100 1 8 1 10 12 1 10 12 1 100 1 10 12 1 10 12 1 10 12 1 10 12 1 1 11 9 12 1 1 100 10 12 1 1 10 12 1 11 7 12 1 1 10 12 1 1 11 12 1 10 12 1 10 12 1 10 12 1 10 12 10 12 1 8 9 12 1 100 1 10 10 12 1 1 8 9 12 1 8 9 12 1 1 10 12 1 10 12 1 8 1 8 11 12 1 9 12 1 8 9 12 1 1 11 12 1 11 12 1 8 1 10 12 1 10 9 12 1 8 10 12 1 10 10 12 1 10 12 1 9 12 1 1 11 12 1 11 11 12 1 11 12 1 8 1 8 1 10 12 1 11 12 1 10 12 1 11 12 1 11 12 1 11 12 1 11 12 1 11 11 12 1 11 12 1 11 12 1 10 12 1 10 12 1 10 12 1 1 10 12 1 1 10 12 1 10 12 1 1 9 12 1 8 9 12 1 8 11 12 1 1 10 12 1 1 10 12 1 10 12 1 1 10 100 12 1 1 10 12 1 10 12 1 11 10 12 11 12 1 1 11 12 1 1 10 11 12 1 1 11 12 1 1 11 12 1 10 12 1 1 10 12 1 10 12 1 11 11 12 1 9 100 12 1 1 10 12 1 11 12 1 9 12 1 10 12 1 100 1 10 10 12 1 9 10 12 9 10 12 1 9 10 9 10 12 1 10 100 12 1 1 1 10 12 1 1 10 12 1 1 10 12 1 10 12 1 1 11 12 1 10 12 1 10 12 1 10 12 1 10 10 12 1 10 12 1 10 12 1 10 12 1 1 100 1 10 12 1 10 12 1 1 100 1 10 12 1 11 100 12 1 1 11 12 1 100 1 10 12 1 100 1 10 10 12 1 11 100 1 11 12 1 11 12 1 10 12 1 1 10 12 10 12 1 1 11 12 1 10 100 12 1 1 1 10 12 1 1 10 12 1 1 10 12 1 10 12 1 10 12 1 10 12 1 1 10 12 1 10 12 1 10 12 1 10 12 1 10 12 1 10 100 12 1 1 1 11 100 12 1 1 1 11 12 1 1 10 12 1 1 10 12 1 9 12 1 10 12 1 1 9 12 1 1 11 12 1 10 100 1 10 12 1 10 12 1 10 12 1 1 11 12 1 10 12 1 1 9 12 1 1 10 12 10 12 1 1 10 12 1 10 10 12 1 1 10 12 1 10 12 1 11 12 1 1 9 12 1 9 12 1 9 12 1 1 7 1 10 12 1 1 9 12 1 10 12 1 10 12 1 10 12 1 10 12 1 10 12 1 1 11 7 12 1 1 11 12 1 10 10 10 12 1 1 10 12 1 8 1 8 1 9 12 1 1 11 12 1 1 11 12 1 7 1 10 12 1 10 12 1 1 8 1 10 12 1 8 1 11 12 1 1 11 12 1 10 8 8 1 11 12 1 1 11 12 1 8 10 100 12 1 1 1 9 100 12 1 1 1 10 9 12 1 9 12 1 9 12 1 10 12 1 1 100 1 10 12 1 9 12 1 10 12 1 10 12 1 1 9 12 1 10 12 1 1 10 12 1 10 12 1 1 10 12 1 10 12 1 9 12 1 9 12 1 9 12 1 1 10 10 12 10 10 12 10 12 1 10 11 12 1 10 12 1 100 1 3 10 12 10 12 1 10 12 1 10 12 1 10 12 1 9 12 1 9 12 1 10 12 1 10 12 1 10 12 1 10 12 1 10 12 1 10 12 1 10 12 10 12 1 10 12 1 10 12 11 12 1 1 10 12 1 10 12 1 10 12 11 12 1 10 12 1 10 12 10 100 12 1 1 9 12 1 10 12 1 10 12 1 1 10 12 1 11 12 1 10 12 1 1 10 12 1 1 9 12 1 11 12 1 10 9 12 1 1 10 12 1 1 10 12 1 100 1 10 12 1 1 10 12 1 10 12 1 10 10 12 1 10 12 1 10 10 12 1 10 12 1 10 12 1 10 12 1 10 100 1 9 12 1 8 10 12 1 1 10 12 1 9 12 1 8 1 10 12 1 1 10 12 1 1 10 100 1 10 12 1 3 8 1 10 12 1 10 12 1 7 1 4 10 12 1 18 12 1 1 18 7 1 18 7 1 18 7 1 18 7 1 18 7 1 18 18 18 18 18 10 12 1 10 12 1 10 12 1 10 12 1 1 10 12 1 10 12 1 10 12 1 1 10 7 12 1 1 1 10 12 1 1 10 12 1 10 7 1 10 7 1 10 10 12 8 1 10 10 10 12 1 11 12 1 1 11 12 1 1 10 12 1 10 12 1 11 12 1 10 12 1 10 12 1 1 10 12 10 12 1 10 100 12 1 1 10 12 1 10 100 1 10 12 1 1 10 12 1 1 10 100 12 1 1 10 100 12 1 1 1 8 10 100 12 1 1 100 1 8 1 10 8 1 8 1 10 12 1 8 1 100 1 8 1 10 12 1 8 1 8 8 8 8 8 100 1 8 8 8 1 100 1 9 12 1 8 8 8 8 10 12 1 10 12 1 10 12 1 8 1 8 1 8 1 8 1 8 1 8 1 8 1 8 1 10 10 12 1 18 12 1 9 100 12 1 1 1 10 12 1 1 10 12 1 10 12 1 10 12 1 8 1 10 8 1 10 100 12 1 1 1 100 1 10 10 12 1 1 100 1 10 12 1 10 100 12 1 1 1 10 12 1 1 10 12 1 1 10 12 1 1 10 12 1 1 10 12 1 10 18 12 1 1 100 1 8 1 10 12 1 10 12 1 10 12 1 100 1 100 1 100 1 100 1 100 1 10 12 1 9 12 1 1 100 1 10 12 10 12 1 1 10 12 1 10 100 1 10 7 1 10 7 1 10 7 1 10 7 1 10 7 1 10 7 1 10 7 1 10 7 1 10 10 12 1 100 1 100 1 100 1 100 1 100 1 100 1 100 1 1 1 1 3 3 3 3 3 1 1 1 1 1 1 1 1 1 1 1 1 1 1 1 1 1 1 1 1 1 1 1 1 1 1 1 1 1 1 1 1 1 1 1 1 100 1 1 1 1 1 1 1 1 1 1 1 1 1 1 1 1 1 1 1 1 1 1 1 1 1 1 1 1 1 1 1 1 1 1 1 1 1 1 1 1 1 1 1 1 1 1 1 1 1 1 1 1 1 1 1 1 1 1 1 1 1 1 1 1 1 1 1 1 1 1 1 1 1 1 1 1 1 1 1 1 1 1 1 1 1 1 1 1 1 1 1 1 100 1 1 1 1 1 1 1 1 1 1 1 1 1 1 1 1 1 1 1 1 1 1 1 1 1 1 1 1 1 1 1 1 1 1 1 1 1 1 1 1 1 1 1 1 1 1 1 1 1 1 1 1 1 1 1 1 1 1 1 1 1 1 1 1 1 1 1 1 1 1 1 1 1 1 1 1 1 1 1 1 1 1 1 1 1 1 1 1 1 1 1 1 1 1 1 1 1 1 1 1 1 1 1 1 1 1 1 1 1 1 1 1 1 1 1 1 1 1 1 1 1 1 1 1 1 1 1 1 1 1 1 1 1 1 1 1 1 1 1 1 1 1 1 1 1 1 1 1 1 1 1 1 1 1 1 1 1 1 1 1 1 1 1 1 1 1 1 1 1 1 1 1 1 1 1 1 1 1 1 1 1 1 1 1 1 1 1 1 1 1 1 1 1 1 1 1 1 1 1 1 1 1 1 1 1 1 1 1 1 1 1 1 1 1 1 1 1 1 1 1 1 1 1 1 1 1 1 1 1 1 1 1 1 1 1 1 1 1 1 1 1 1 1 1 1 1 1 1 1 1 100 1 1 1 1 1 1 1 1 1 1 1 1 1 100 1 1 1 1 1 1 1 1 1 1 1 1 1 1 1 1 1 1 1 1 1 1 1 1 1 1 1 1 1 1 1 1 1 1 1 100 1 100 1 100 1 100 1 100 1 1 1 1 1 1 1 1 1 1 1 1 1 1 1 1 1 1 1 1 1 1 1 1 1 1 1 1 1 1 100 1 100 1 100 1 100 1 100 1 1 15 10 100 12 1 1 8 1 15 10 7 12 1 1 1 16 15 10 12 15 10 12 15 10 12 15 10 12 15 10 12 15 10 12 15 10 12 15 10 12 15 10 12 15 10 12 15 10 12 8 1 16 15 10 12 1 1 1 1 1 1 1 1 1 1 100 1 1 1 1 1 1 1 1 1 1 1 1 1 1 100 1 1 100 1 1 1 1 1 100 1 100 1 1
staticfield javax/swing/JTable $assertionsDisabled Z 1
ciInstanceKlass ui/f/ac 1 1 248 8 8 8 100 100 100 7 7 100 7 7 7 7 7 100 7 7 7 100 7 100 100 7 7 100 9 9 9 9 9 9 10 10 10 10 10 10 10 10 10 10 10 10 10 10 10 10 10 10 10 10 10 10 10 10 10 10 10 10 10 10 10 10 10 11 11 11 11 11 11 11 11 18 15 12 12 12 12 12 12 12 12 12 12 12 12 12 12 12 12 12 12 12 12 12 12 12 12 12 12 12 12 12 12 12 12 12 12 12 12 12 12 12 12 12 12 12 12 12 12 1 1 1 1 1 1 1 1 1 1 1 1 1 1 1 1 1 1 1 1 1 1 1 1 1 1 1 1 1 1 1 1 1 1 1 1 1 1 1 1 1 1 1 1 1 1 1 1 1 1 1 1 1 1 1 1 1 1 1 1 1 1 1 1 1 1 1 1 1 1 1 1 1 1 1 1 1 1 1 1 1 1 1 1 1 1 1 1 1 1 1 1 1 1 1 1 1 1 1 1 1 1 1 1 1 1 1 1 1 1 1 1 1 1 1 1 1 1 1 1 1 1 1 1 1 1 1
ciInstanceKlass ui/f/ao 1 1 410 8 8 8 8 100 100 100 100 100 100 7 7 100 100 7 7 7 100 7 100 7 7 7 7 100 7 100 7 7 7 100 7 100 100 7 100 7 100 7 100 9 9 9 9 9 9 9 9 9 9 9 10 10 10 10 10 10 10 10 10 10 10 10 10 10 10 10 10 10 10 10 10 10 10 10 10 10 10 10 10 10 10 10 10 10 10 10 10 10 10 10 10 10 10 10 10 10 10 10 10 10 10 10 10 10 10 10 10 10 10 10 10 10 10 10 10 11 11 11 11 11 11 11 11 11 18 18 15 12 12 12 12 12 12 12 12 12 12 12 12 12 12 12 12 12 12 12 12 12 12 12 12 12 12 12 12 12 12 12 12 12 12 12 12 12 12 12 12 12 12 12 12 12 12 12 12 12 12 12 12 12 12 12 12 12 12 12 12 12 12 12 12 12 12 12 12 12 12 12 12 12 12 12 12 12 12 12 12 12 1 1 1 1 1 1 1 1 1 1 1 1 1 1 1 1 1 1 1 1 1 1 1 1 1 1 1 1 1 1 1 1 1 1 1 1 1 1 1 1 1 1 1 1 1 1 1 1 1 1 1 1 1 1 1 1 1 1 1 1 1 1 1 1 1 1 1 1 1 1 1 1 1 1 1 1 1 1 1 1 1 1 1 1 1 1 1 1 1 1 1 1 1 1 1 1 1 1 1 1 1 1 1 1 1 1 1 1 1 1 1 1 1 1 1 1 1 1 1 1 1 1 1 1 1 1 1 1 1 1 1 1 1 1 1 1 1 1 1 1 1 1 1 1 1 1 1 1 1 1 1 1 1 1 1 1 1 1 1 1 1 1 1 1 1 1 1 1 1 1 1 1 1 1 1 1 1 1 1 1 1 1 1 1 1 1 1 1 1 1 1 1 1 1 1 1 1 1 1 1
instanceKlass ui/views/U/w
ciInstanceKlass ui/utils/swing/s/g 1 1 563 7 100 100 100 100 100 100 100 100 100 100 100 100 100 7 100 7 100 100 7 100 100 100 100 100 7 100 100 100 100 7 7 7 100 7 7 7 7 7 100 7 100 100 100 100 100 7 7 100 9 9 9 9 9 9 9 9 9 9 9 9 9 9 10 10 10 10 10 10 10 10 10 10 10 10 10 10 10 10 10 10 10 10 10 10 10 10 10 10 10 10 10 10 10 10 10 10 10 10 10 10 10 10 10 10 10 10 10 10 10 10 10 10 10 10 10 10 10 10 10 10 10 10 10 10 10 10 10 10 10 10 10 10 10 10 10 10 10 10 10 10 10 10 10 10 10 10 10 10 10 10 10 10 10 10 10 10 10 10 10 10 10 10 10 10 10 10 10 10 11 11 11 11 11 11 11 18 15 15 12 12 12 12 12 12 12 12 12 12 12 12 12 12 12 12 12 12 12 12 12 12 12 12 12 12 12 12 12 12 12 12 12 12 12 12 12 12 12 12 12 12 12 12 12 12 12 12 12 12 12 12 12 12 12 12 12 12 12 12 12 12 12 12 12 12 12 12 12 12 12 12 12 12 12 12 12 12 12 12 12 12 12 12 12 12 12 12 12 12 12 12 12 12 12 12 12 12 12 12 12 12 12 12 12 12 12 12 12 12 12 12 12 12 16 1 1 1 1 1 1 1 1 1 1 1 1 1 1 1 1 1 1 1 1 1 1 1 1 1 1 1 1 1 1 1 1 1 1 1 1 1 1 1 1 1 1 1 1 1 1 1 1 1 1 1 1 1 1 1 1 1 1 1 1 1 1 1 1 1 1 1 1 1 1 1 1 1 1 1 1 1 1 1 1 1 1 1 1 1 1 1 1 1 1 1 1 1 1 1 1 1 1 1 1 1 1 1 1 1 1 1 1 1 1 1 1 1 1 1 1 1 1 1 1 1 1 1 1 1 1 1 1 1 1 1 1 1 1 1 1 1 1 1 1 1 1 1 1 1 1 1 1 1 1 1 1 1 1 1 1 1 1 1 1 1 1 1 1 1 1 1 1 1 1 1 1 1 1 1 1 1 1 1 1 1 1 1 1 1 1 1 1 1 1 1 1 1 1 1 1 1 1 1 1 1 1 1 1 1 1 1 1 1 1 1 1 1 1 1 1 1 1 1 1 1 1 1 1 1 1 1 1 1 1 1 1 1 1 1 1 1 1 1 1 1 1 1 1 1 1 1 1 1 1 1 1 1 1 1 1 1 1 1 1 1 1 1 1 1 1 1 1
instanceKlass de/javasoft/synthetica/plain/SyntheticaPlainLookAndFeel
ciInstanceKlass de/javasoft/plaf/synthetica/SyntheticaLookAndFeel 1 1 2677 7 1 7 1 1 1 1 1 1 1 1 1 1 1 1 1 1 1 1 1 1 1 1 1 1 1 1 1 1 1 1 1 1 1 1 1 1 3 1 1 1 1 1 1 1 1 1 1 1 10 7 1 12 1 1 10 7 1 12 1 1 9 12 7 1 10 12 1 9 12 8 1 10 12 1 1 9 12 9 12 9 12 9 12 9 12 8 1 10 12 1 1 9 12 8 1 9 12 7 1 10 10 7 1 12 1 1 10 7 1 12 1 1 10 12 1 1 1 1 7 1 10 9 12 1 10 12 1 9 12 10 12 1 1 11 7 1 12 1 1 100 1 7 1 8 1 10 12 10 10 12 1 1 8 1 10 12 1 8 1 10 12 1 10 10 12 1 1 8 1 10 7 1 12 1 8 1 10 12 1 10 12 1 1 1 8 1 8 1 10 12 1 1 10 12 1 10 12 1 1 10 12 1 1 10 12 1 1 10 7 1 10 12 1 1 8 1 10 12 1 1 10 12 1 1 7 1 10 7 1 12 1 1 7 1 11 12 1 1 10 12 1 1 8 1 10 12 1 1 10 12 1 100 1 100 1 100 1 100 1 10 7 1 12 1 1 10 12 1 1 10 100 1 12 1 1 11 7 1 12 1 1 100 1 10 12 1 8 1 10 12 1 10 12 1 1 100 1 10 12 1 1 10 100 1 12 1 1 10 100 1 12 1 1 10 100 1 12 1 1 11 7 1 12 1 100 1 10 11 12 1 100 1 10 10 100 1 10 12 1 10 100 1 10 12 1 10 12 1 1 10 12 1 1 10 12 1 1 10 12 1 1 11 12 1 8 1 8 1 9 12 1 1 8 1 8 1 10 100 1 12 1 10 12 1 10 12 1 1 10 12 1 1 8 1 8 1 10 12 1 8 1 8 1 8 1 10 12 1 8 1 8 1 10 12 1 11 10 12 1 1 100 1 100 1 1 10 12 1 1 10 12 1 1 10 10 12 1 1 11 7 1 12 1 1 11 7 1 11 12 1 8 1 8 1 8 1 10 12 1 1 10 12 1 1 10 12 1 1 1 1 8 1 10 12 1 8 1 8 1 10 12 1 1 10 7 1 12 1 1 8 1 10 12 1 1 10 7 1 12 1 8 1 8 1 8 1 7 1 10 12 1 1 1 10 7 1 12 1 1 10 12 1 100 1 1 1 1 9 12 10 12 1 1 10 12 10 12 1 1 1 1 10 12 1 1 10 12 1 1 11 100 1 10 12 1 1 1 9 12 10 1 1 1 10 7 1 12 1 1 10 12 1 1 10 12 1 11 7 1 1 10 12 10 10 7 1 12 1 9 12 10 12 1 1 9 7 1 12 1 1 8 1 8 1 7 1 10 12 1 1 7 1 10 10 7 1 12 1 1 7 1 10 12 1 1 10 12 1 10 12 1 10 7 1 12 1 7 1 10 9 12 10 12 1 1 10 12 1 1 10 12 1 100 1 1 9 12 10 12 1 10 7 1 12 1 10 7 1 10 7 1 10 7 1 10 7 1 10 7 1 12 1 10 7 1 10 1 9 12 8 1 10 12 1 8 1 8 1 10 8 1 8 1 8 1 8 1 8 1 8 1 8 1 8 1 8 1 8 1 8 1 8 1 8 1 8 1 8 1 8 1 8 1 8 1 8 1 8 1 10 12 8 1 10 12 1 1 8 1 8 1 10 7 1 12 1 10 7 1 8 1 8 1 8 1 8 1 8 1 8 1 8 1 8 1 8 1 8 1 8 1 8 1 8 1 10 12 1 8 1 10 12 1 10 11 12 1 10 12 1 10 7 1 10 9 12 10 7 1 12 1 1 10 12 1 1 10 12 1 10 100 1 12 1 1 100 1 10 10 12 1 1 1 10 12 1 8 1 10 12 1 8 1 8 1 10 12 1 10 12 1 8 1 8 1 8 1 8 1 8 1 8 1 8 1 8 1 8 1 8 1 8 1 8 1 8 1 8 1 10 12 1 10 12 1 1 8 1 10 7 1 12 1 8 1 7 1 8 1 8 1 8 1 8 1 8 1 8 1 8 1 8 1 8 1 8 1 10 12 1 8 1 7 1 9 7 1 12 1 1 10 12 1 8 1 8 1 8 1 10 12 1 1 10 12 1 1 8 1 8 1 8 1 7 1 7 1 10 10 12 1 8 1 8 1 8 1 8 1 8 1 8 1 8 1 9 12 1 8 1 9 12 1 8 1 9 12 1 8 1 9 12 1 8 1 7 1 10 12 1 8 1 8 1 8 1 8 1 8 1 8 1 8 1 8 1 8 1 8 1 8 1 8 1 8 1 8 1 8 1 8 1 8 1 10 12 1 10 7 1 12 1 1 7 1 10 9 7 1 12 1 1 10 7 1 12 1 1 7 1 10 12 1 8 1 10 7 1 12 1 10 12 1 1 8 1 8 1 8 1 10 12 1 1 8 1 9 7 1 12 1 1 10 12 1 8 1 7 1 10 9 12 1 8 1 9 12 1 8 1 8 1 8 1 9 12 1 8 1 8 1 9 12 1 7 1 10 9 12 1 8 1 8 1 10 8 1 10 7 1 12 1 1 8 1 8 1 10 12 1 1 8 1 10 12 1 10 7 1 12 1 10 12 1 1 11 7 1 12 1 1 8 1 10 12 1 9 12 1 9 12 1 9 12 1 9 12 1 10 12 1 7 1 7 1 10 12 1 10 12 1 7 1 10 9 12 1 8 1 8 1 8 1 8 1 8 1 8 1 8 1 8 1 10 12 1 1 7 1 10 8 1 8 1 8 1 8 1 8 1 9 12 1 7 1 10 9 12 1 8 1 9 12 1 8 1 8 1 9 12 1 8 1 8 1 8 1 8 1 8 1 8 1 8 1 10 12 8 1 10 100 1 10 10 8 1 10 12 1 7 1 8 1 10 12 1 8 1 8 1 8 1 100 1 8 1 8 1 8 1 8 1 10 12 1 1 8 1 8 1 8 1 8 1 8 1 8 1 8 1 8 1 8 1 8 1 7 1 10 9 12 1 8 1 8 1 8 1 8 1 8 1 8 1 10 12 1 1 8 1 8 1 8 1 9 12 1 8 1 8 1 8 1 8 1 8 1 8 1 8 1 7 1 10 9 12 1 7 1 10 12 1 7 1 10 12 1 8 1 8 1 8 1 8 1 8 1 8 1 8 1 8 1 8 1 8 1 8 1 8 1 8 1 8 1 9 12 1 8 1 7 1 10 9 12 1 8 1 8 1 8 1 8 1 10 12 1 8 1 8 1 8 1 7 1 10 9 12 1 8 1 8 1 8 1 8 1 7 1 10 9 12 1 8 1 8 1 7 1 10 9 12 1 8 1 8 1 7 1 10 9 12 1 8 1 8 1 7 1 10 9 12 1 8 1 9 12 1 8 1 10 12 1 9 12 1 8 1 8 1 8 1 8 1 9 12 1 8 1 8 1 8 1 9 12 1 7 1 10 8 1 10 8 1 9 12 1 8 1 8 1 8 1 8 1 8 1 8 1 8 1 8 1 8 1 8 1 8 1 8 1 8 1 8 1 8 1 8 1 8 1 8 1 8 1 8 1 8 1 8 1 8 1 8 1 8 1 8 1 8 1 8 1 8 1 8 1 8 1 7 1 10 9 12 1 8 1 8 1 8 1 8 1 8 1 8 1 8 1 8 1 8 1 8 1 8 1 8 1 8 1 8 1 8 1 8 1 8 1 7 1 10 9 12 1 8 1 8 1 8 1 10 12 1 10 12 1 100 1 7 1 10 12 1 1 8 1 10 7 1 10 10 12 10 12 1 10 12 1 10 12 1 8 1 10 10 12 1 1 10 12 1 8 1 1 10 12 1 10 10 12 8 1 8 1 8 1 8 1 8 1 10 10 10 12 1 10 10 10 7 1 12 1 8 1 10 8 1 8 1 8 1 8 1 10 12 1 10 12 1 100 1 10 1 1 10 1 1 10 10 12 10 12 1 9 12 10 12 1 1 10 12 1 1 10 12 1 1 9 12 1 8 1 8 1 10 12 1 1 1 1 10 7 1 12 1 1 9 12 1 1 8 1 8 1 100 1 10 10 100 1 12 1 1 8 1 8 1 8 1 1 8 1 10 12 1 8 1 8 1 8 1 100 1 10 8 1 10 12 1 8 1 8 1 8 1 8 1 8 1 8 1 8 1 8 1 8 1 7 1 10 8 1 100 1 10 8 1 9 12 1 8 1 1 1 8 1 10 12 1 10 12 8 1 10 12 1 100 1 11 12 1 11 12 1 10 10 12 1 1 100 1 4 10 100 1 12 1 10 12 1 1 11 12 1 1 10 12 1 8 1 10 12 1 100 1 8 1 10 12 1 7 1 100 1 1 9 12 10 12 1 8 1 10 12 1 1 1 1 1 1 1 1 9 12 1 1 10 12 7 1 10 1 1 10 7 1 10 12 1 7 1 10 12 1 1 10 7 1 10 10 12 1 8 1 10 12 1 1 1 1 10 12 1 10 12 1 10 10 12 1 10 10 12 1 10 12 1 10 12 1 1 7 1 10 12 1 7 1 7 1 10 12 1 10 12 1 1 10 12 1 10 12 1 8 1 10 12 1 10 12 1 10 12 1 10 12 1 10 12 1 10 12 1 10 12 1 1 10 12 1 1 10 12 1 1 10 12 1 9 7 1 12 1 1 10 12 1 1 8 1 10 12 1 1 10 12 1 1 7 1 10 12 10 12 1 1 10 12 1 10 12 1 7 1 10 1 1 10 12 1 10 12 1 10 12 1 7 1 10 12 1 1 1 10 12 1 10 12 1 10 12 1 1 10 12 1 10 12 1 1 10 12 8 1 8 1 1 8 1 1 1 1 10 12 7 1 10 100 1 10 1 1 10 7 1 12 1 1 8 1 8 1 10 12 1 8 1 10 12 8 1 1 1 1 10 12 1 10 7 1 12 1 10 12 1 10 10 12 10 12 1 1 10 12 1 8 1 8 1 10 1 1 10 12 1 1 10 12 1 10 12 1 1 10 12 100 1 1 1 100 1 10 12 1 8 1 10 7 1 12 1 1 10 12 1 1 10 7 1 12 1 1 10 7 1 12 1 1 9 12 1 9 12 1 9 12 1 9 12 1 10 12 1 1 10 12 1 1 10 12 1 100 1 1 1 10 100 1 12 1 1 8 1 1 1 10 10 12 1 1 8 1 8 1 1 8 1 1 1 10 12 1 10 10 12 1 10 12 10 12 7 1 10 12 1 10 12 8 1 8 1 8 1 100 1 10 12 1 10 12 1 10 12 1 100 1 11 12 1 1 10 12 1 1 100 1 10 12 1 10 12 1 10 12 1 1 1 10 12 1 1 8 1 10 12 1 10 12 100 1 1 1 10 100 1 12 10 10 12 1 10 12 1 100 1 10 12 1 9 12 10 12 1 10 12 1 1 10 7 1 12 1 1 10 12 1 8 1 8 1 10 100 1 12 1 1 9 12 1 10 12 1 9 12 1 8 1 10 12 1 4 8 1 10 7 1 12 1 1 1 10 12 1 1 1 9 9 10 12 1 9 9 10 1 10 12 1 1 100 1 10 10 1 10 12 1 1 1 10 100 1 12 1 10 12 1 1 1 10 12 1 10 7 1 12 1 1 1 10 12 1 10 12 1 1 10 12 1 10 12 1 1 1 10 10 12 1 1 10 12 1 1 10 12 1 1 1 11 100 1 12 1 10 12 1 1 10 12 1 1 10 12 1 10 12 10 12 1 1 8 1 10 12 1 10 100 1 10 12 1 10 12 1 1 100 1 100 1 1 1 1 4 100 1 10 12 1 1 10 12 1 8 1 8 1 8 1 10 12 1 10 12 1 8 1 8 1 10 12 1 10 12 1 8 1 8 1 10 12 1 8 1 8 1 8 1 8 1 8 1 10 12 8 1 100 1 100 1 100 1 8 1 10 12 1 9 12 1 1 10 12 1 1 10 12 1 1 10 12 1 1 10 12 1 1 10 12 1 1 1 1 1 1 1 1 100 1 1 100 1 1 1 1 1
staticfield de/javasoft/plaf/synthetica/SyntheticaLookAndFeel logger Ljava/util/logging/Logger; java/util/logging/Logger
ciInstanceKlass de/javasoft/plaf/synthetica/StyleFactory 1 1 1696 7 1 7 1 1 1 1 1 1 1 1 1 1 1 1 1 1 1 1 1 1 1 1 1 1 1 8 1 10 7 1 12 1 1 10 7 1 12 1 1 9 12 8 1 10 7 1 12 1 1 9 12 100 1 1 1 7 1 1 1 10 12 9 12 9 12 7 1 10 12 1 9 12 1 10 12 1 1 10 12 1 10 12 1 1 1 1 1 10 7 1 12 1 1 10 12 1 1 9 7 1 12 1 1 10 7 1 12 1 1 9 12 1 9 12 1 9 12 1 10 7 1 12 1 1 10 12 1 1 7 1 10 12 1 1 10 12 1 1 10 12 1 8 1 10 12 1 1 10 12 1 10 12 1 8 1 10 12 1 1 10 12 1 1 10 12 1 10 12 1 10 12 1 7 1 100 1 10 12 1 1 9 12 7 1 10 12 10 12 10 9 12 10 12 1 10 12 1 1 9 7 1 12 1 1 8 1 10 12 1 1 10 12 1 10 10 12 1 1 8 1 10 12 1 8 1 7 1 10 12 1 1 10 7 1 7 1 10 7 1 12 1 10 12 1 1 10 12 1 10 12 1 10 12 1 1 7 1 10 12 1 8 1 10 12 1 8 1 10 7 1 12 1 10 12 1 10 12 1 1 10 12 1 1 10 7 1 12 1 1 10 12 1 1 10 12 1 100 1 10 12 1 10 12 1 8 1 10 12 1 8 1 8 1 10 12 1 1 10 12 1 1 8 1 10 12 1 1 100 1 10 10 12 1 1 8 1 8 1 8 1 8 1 100 1 10 9 12 1 8 1 10 12 1 1 10 8 1 10 12 1 8 1 10 12 1 1 10 12 1 1 8 1 8 1 10 12 1 1 10 12 1 1 100 1 9 12 1 10 12 1 8 1 8 1 7 1 10 10 7 1 12 1 9 12 1 8 1 8 1 10 12 1 100 1 10 12 1 1 8 1 8 1 10 12 1 8 1 10 12 1 1 7 1 10 100 1 8 1 10 7 1 8 1 8 1 10 12 1 10 12 1 10 7 1 12 1 1 8 1 10 7 1 12 1 1 9 12 1 1 8 1 10 7 1 8 1 7 1 10 9 12 1 7 1 7 1 10 12 1 8 1 10 7 1 9 12 1 8 1 10 12 1 1 100 1 100 1 10 12 1 8 1 10 12 1 1 8 1 100 1 10 10 12 1 1 7 1 10 10 7 1 9 12 1 10 12 1 1 10 12 1 10 7 1 8 1 10 12 1 9 12 1 10 100 1 8 1 9 12 1 10 7 1 7 1 10 12 1 10 12 1 1 8 1 10 12 1 1 9 12 1 8 1 9 12 1 8 1 10 12 1 100 1 8 1 10 12 1 1 10 12 1 1 10 7 1 12 1 1 100 1 10 12 1 1 9 12 1 10 7 1 9 12 1 10 7 1 8 1 7 1 10 8 1 10 12 1 8 1 10 12 1 9 12 1 10 7 1 9 12 1 10 7 1 8 1 9 12 1 10 7 1 9 12 1 10 7 1 8 1 10 12 1 1 10 12 1 1 7 1 10 100 1 8 1 10 12 1 1 9 12 1 10 100 1 8 1 10 12 1 1 7 1 10 8 1 100 1 10 12 1 1 100 1 100 1 10 12 1 18 12 1 1 9 12 1 10 7 1 8 1 7 1 10 9 12 1 10 7 1 7 1 10 12 1 1 10 7 1 12 1 1 7 1 8 1 10 12 1 8 1 8 1 10 12 1 1 8 1 8 1 8 1 9 12 1 10 100 1 8 1 100 1 10 9 12 1 10 7 1 9 12 1 10 100 1 9 12 1 10 100 1 9 12 1 10 100 1 9 12 1 10 100 1 8 1 10 12 1 1 8 1 100 1 10 10 12 1 1 100 1 10 9 12 1 7 1 9 12 10 12 1 10 100 1 12 1 1 10 12 1 7 1 10 12 1 10 12 1 10 10 7 1 10 12 1 10 7 1 9 12 1 10 7 1 9 12 9 12 1 9 12 1 9 12 1 10 7 1 9 12 1 7 1 8 1 8 1 8 1 10 12 1 1 11 7 1 12 1 11 12 1 8 1 8 1 10 12 1 10 12 1 8 1 10 12 1 1 8 1 10 12 1 7 1 10 12 1 1 100 1 10 12 1 1 8 1 18 12 1 1 10 12 1 1 11 100 1 12 1 1 18 12 1 10 7 1 9 12 1 10 7 1 7 1 8 1 10 12 1 7 1 8 1 8 1 8 1 7 1 10 10 12 1 9 12 1 7 1 10 10 7 1 10 12 1 1 8 1 7 1 10 10 12 1 1 7 1 10 7 1 10 12 1 1 8 1 10 12 1 1 7 1 10 10 12 1 1 10 7 1 9 12 1 10 7 1 8 1 9 12 1 10 7 1 8 1 9 12 1 10 7 1 8 1 9 12 1 8 1 10 7 1 8 1 9 12 1 10 7 1 8 1 10 7 1 10 10 9 12 1 8 1 10 7 1 9 12 1 10 7 1 9 12 1 8 1 7 1 10 10 7 1 9 12 1 9 12 1 8 1 8 1 10 12 7 1 10 12 1 1 10 12 1 10 12 1 1 10 9 12 1 10 12 1 1 9 100 1 12 1 9 12 1 10 10 12 1 10 12 1 8 1 10 12 1 100 1 10 12 1 8 1 10 12 1 8 1 10 12 1 10 7 1 8 1 7 1 10 8 1 7 1 10 10 9 12 1 10 7 1 9 12 1 7 1 7 1 10 12 1 8 1 10 7 1 9 12 1 10 7 1 8 1 7 1 10 100 1 100 1 100 1 1 1 1 1 8 1 8 1 1 1 10 100 1 12 1 1 8 1 10 10 12 1 10 12 1 10 12 1 1 10 12 1 1 10 100 1 12 1 1 10 10 12 1 1 10 12 1 1 100 1 100 1 10 10 12 1 1 7 1 7 1 10 10 12 1 1 8 1 10 12 1 1 100 1 10 12 1 9 12 100 1 1 100 1 7 1 10 12 1 10 12 1 8 1 10 12 1 10 12 1 100 1 10 10 7 1 12 1 1 7 1 7 1 100 1 10 12 1 1 10 10 100 1 12 1 1 8 1 10 12 8 1 1 100 1 100 1 100 1 100 1 100 1 10 12 1 1 10 10 12 1 1 1 10 100 1 12 1 1 100 1 10 12 1 1 8 1 10 100 1 12 1 8 1 8 1 10 12 1 1 10 100 1 12 1 10 12 1 10 100 1 11 12 1 1 8 1 8 1 8 1 10 12 1 8 1 10 12 1 1 8 1 8 1 8 1 8 1 8 1 8 1 100 1 8 1 8 1 100 1 8 1 8 1 7 1 8 1 8 1 100 1 8 1 8 1 8 1 8 1 7 1 1 7 1 100 1 10 12 1 8 1 8 1 10 12 1 1 8 1 8 1 8 1 10 12 1 1 8 1 8 1 8 1 7 1 1 100 1 8 1 10 12 1 1 9 12 100 1 10 12 1 10 10 12 1 1 7 1 10 12 8 1 10 12 1 10 12 1 1 100 1 100 1 10 12 1 10 7 1 10 12 1 10 1 1 1 1 1 1 1 10 12 1 1 1 1 10 12 1 1 10 12 1 1 10 12 1 1 1 1 1 1 1 1 10 100 1 12 1 8 1 18 12 1 1 10 100 1 12 1 1 1 1 10 100 1 12 1 10 12 1 1 100 1 10 12 1 10 12 1 10 12 1 1 10 12 1 1 10 12 1 1 1 1 10 100 1 12 1 1 15 1 16 10 12 15 16 1 16 10 12 15 16 16 10 12 15 16 16 10 12 15 16 1 1 100 1 1 1 1 1 1 1 1 100 1 100 1 1 1
instanceKlass ui/utils/swing/w/a
ciInstanceKlass javax/swing/JTree 1 1 1482 7 1 8 1 10 12 1 1 8 1 10 12 1 1 8 1 8 1 8 1 8 1 8 1 8 1 8 1 8 1 8 1 8 1 8 1 8 1 8 1 8 1 7 1 10 12 1 100 1 7 1 7 1 8 1 10 100 12 1 1 1 10 12 1 10 12 1 10 7 12 1 1 1 10 12 1 10 12 1 1 10 12 1 1 10 12 1 10 12 1 1 10 10 7 12 1 9 12 1 1 9 12 1 9 12 1 9 7 12 1 1 1 9 12 1 9 12 1 1 7 1 10 9 12 1 1 9 12 1 10 9 12 1 1 10 12 1 1 9 12 1 9 12 1 9 12 1 7 1 10 9 12 1 1 9 12 1 1 9 12 1 9 12 1 10 12 1 10 12 1 9 12 1 1 7 1 9 12 1 9 12 1 1 10 12 1 1 9 12 1 10 7 12 1 1 1 10 12 1 10 12 1 1 10 7 12 1 1 10 12 1 1 8 1 8 10 12 1 1 10 12 1 9 12 1 8 10 12 1 9 12 1 1 100 1 8 1 9 100 12 1 1 1 10 9 12 1 1 8 9 12 1 1 10 12 1 9 12 1 1 11 7 12 1 1 1 100 1 11 12 1 10 12 1 10 12 1 1 11 12 1 1 11 12 1 1 7 1 10 9 7 12 1 1 1 10 12 1 1 8 1 8 100 1 10 12 1 9 12 1 10 12 1 8 8 10 12 1 9 12 1 8 9 12 1 8 8 8 8 10 12 1 9 12 1 10 100 12 1 1 1 100 1 10 10 12 1 1 9 100 12 1 1 1 10 12 1 1 100 1 18 12 1 1 10 12 1 9 100 12 1 1 9 12 1 10 12 1 1 10 12 1 1 9 100 1 9 12 1 100 1 10 12 1 10 12 1 1 10 12 1 1 9 12 1 10 12 1 10 100 12 1 1 1 9 100 12 1 1 1 10 12 1 1 9 12 1 10 12 1 11 12 1 1 10 12 1 9 12 1 100 1 10 11 12 1 1 8 1 10 10 12 1 10 12 1 1 10 12 1 100 1 10 12 1 1 10 12 1 1 10 12 1 9 12 1 1 10 12 1 1 100 1 10 12 1 10 12 1 10 12 1 10 12 1 8 9 12 1 1 100 1 10 12 1 10 12 1 10 12 1 10 12 1 10 12 1 10 100 12 1 1 1 10 12 1 10 12 1 10 12 11 100 12 1 1 1 10 12 1 1 9 10 12 1 1 10 12 1 10 12 1 10 12 1 1 10 12 1 10 12 1 10 12 1 10 12 1 10 12 1 10 100 12 1 1 1 11 100 12 1 1 1 11 12 1 1 10 12 1 1 10 12 1 10 7 12 1 1 8 1 10 12 1 10 12 1 10 12 1 1 11 7 1 11 9 12 1 1 8 1 10 12 1 1 9 12 1 8 1 10 12 1 1 10 12 1 11 12 1 11 12 1 10 12 1 10 11 12 1 11 11 12 1 1 11 12 1 11 12 1 11 12 1 10 12 1 1 11 12 1 11 10 12 1 1 11 7 12 1 1 11 12 1 10 12 1 1 10 12 1 10 12 1 10 12 1 10 10 12 1 10 7 12 1 1 1 10 12 1 1 10 12 1 10 12 1 10 12 1 10 12 1 10 12 1 1 10 12 1 10 12 1 10 12 1 1 10 12 1 10 12 1 1 9 12 1 10 12 1 10 12 1 10 12 1 1 10 12 1 10 12 1 10 12 1 1 10 12 1 1 10 100 12 1 1 1 9 12 1 1 11 12 1 1 100 1 11 12 1 8 8 1 10 12 1 1 10 100 12 1 1 10 12 1 10 12 1 1 11 12 1 11 12 1 10 12 1 10 11 11 12 1 9 12 1 1 7 1 10 7 12 1 1 10 12 1 10 12 1 1 100 1 7 1 100 1 10 12 1 1 7 1 10 12 1 11 12 1 1 11 12 1 11 12 1 11 12 1 10 12 1 1 100 1 10 100 1 11 12 1 1 10 12 1 10 12 1 8 10 10 100 12 1 1 9 100 12 1 1 1 10 12 1 1 10 12 1 1 10 100 12 1 1 100 1 8 10 12 1 8 10 12 1 10 12 1 10 10 12 1 1 10 12 1 1 10 100 12 1 1 1 10 100 12 1 1 1 10 100 12 1 1 10 12 1 8 8 8 8 10 12 1 8 8 8 8 8 8 10 12 1 10 12 1 10 12 1 1 10 100 1 10 12 1 10 12 1 1 100 1 100 10 12 1 1 10 12 1 10 12 1 11 12 1 1 10 12 1 1 10 12 1 1 9 100 1 10 12 1 10 12 1 10 12 1 10 12 100 1 10 12 1 1 100 1 10 100 12 1 1 10 12 1 9 10 10 12 1 10 12 1 10 12 1 100 1 9 12 1 10 12 1 10 12 1 10 12 1 9 12 1 10 12 1 10 12 1 1 10 10 10 12 1 1 10 12 10 12 1 7 1 10 10 12 1 1 10 12 1 1 10 100 12 1 1 7 1 10 12 1 10 12 1 1 10 12 1 10 12 1 1 8 1 8 1 10 12 1 18 12 1 10 10 12 1 1 10 7 12 1 1 100 1 100 1 1 1 1 1 1 1 1 1 1 1 1 1 1 1 1 1 1 1 1 1 1 1 1 1 1 1 1 1 1 1 1 1 1 1 1 1 1 1 1 1 1 1 1 1 1 1 1 100 1 1 1 3 1 1 1 1 3 1 1 1 1 1 1 1 1 1 1 1 1 1 1 1 1 1 1 1 1 1 1 1 1 1 1 1 1 1 1 1 1 1 1 1 1 1 1 1 1 1 1 1 1 1 1 1 1 1 1 1 1 1 1 1 1 1 1 1 1 1 1 1 1 1 1 1 1 1 1 1 1 1 1 1 1 1 1 1 1 1 1 1 1 1 1 1 1 1 1 1 1 1 1 1 1 1 1 1 1 1 1 1 1 1 1 1 1 1 1 1 1 1 1 1 1 1 1 1 1 1 1 1 1 1 1 1 1 1 1 1 1 1 1 1 1 1 1 1 1 1 1 1 1 1 1 1 1 1 1 1 1 1 1 1 1 1 1 1 1 1 1 1 1 1 1 1 1 1 1 100 1 1 1 1 1 1 1 1 1 100 1 1 1 1 1 1 1 1 1 1 1 1 1 1 1 1 1 1 1 1 1 1 1 1 1 1 1 1 1 1 1 1 1 1 1 1 1 1 1 1 1 1 1 1 1 1 1 1 1 1 1 1 1 1 1 1 1 1 1 1 100 1 1 15 10 100 12 1 1 8 1 8 1 1 1 1 1 1 1 1 1 1 100 1 1 1 1 100 1 100 1 1 100 1 100 1 1
staticfield javax/swing/JTree $assertionsDisabled Z 1
ciInstanceKlass javax/swing/JInternalFrame 1 1 868 10 7 12 1 1 1 9 7 12 1 1 1 10 12 1 1 7 1 10 12 1 1 10 12 1 1 10 7 12 1 1 1 10 12 1 1 100 1 10 12 1 1 10 100 12 1 1 1 8 1 10 12 1 10 7 1 9 12 1 1 9 12 1 1 100 1 9 12 1 1 9 12 1 9 12 1 10 12 1 1 10 12 1 1 7 1 10 10 12 1 1 9 12 1 1 9 12 1 9 12 1 9 12 1 9 12 1 9 12 1 9 12 1 10 12 1 1 10 12 1 7 1 10 12 1 9 12 1 1 10 12 1 10 7 12 1 1 1 10 12 1 7 1 10 9 12 1 1 7 1 10 12 1 1 10 12 1 1 10 7 12 1 1 1 10 12 1 10 12 1 10 12 1 10 12 1 1 10 100 12 1 1 8 1 10 12 1 10 100 12 1 1 1 10 12 1 10 12 1 1 10 12 1 10 10 10 10 12 1 10 12 1 1 10 12 1 10 10 12 1 1 8 1 10 12 1 1 10 10 12 1 8 1 10 12 1 1 10 10 12 1 1 8 1 10 12 1 1 10 10 12 1 8 1 9 12 1 1 10 8 1 10 12 1 8 9 100 12 1 1 1 9 12 1 8 9 12 1 100 1 10 12 1 1 8 1 10 12 1 10 12 1 9 12 1 8 8 8 1 10 8 1 8 8 1 8 9 12 1 10 12 1 10 12 1 10 8 1 10 100 12 1 1 1 10 12 1 1 100 1 10 12 10 100 12 1 1 1 100 1 10 12 1 10 12 1 9 12 1 1 8 10 12 10 12 1 1 10 100 1 10 12 1 10 12 1 9 12 1 1 10 12 1 1 10 100 12 1 1 10 100 12 1 1 10 12 1 1 10 12 1 1 10 12 1 1 10 12 1 10 12 1 10 12 1 10 12 1 10 12 1 10 12 1 1 10 12 1 10 12 1 1 100 1 10 8 10 12 1 1 10 12 9 12 1 1 10 12 1 10 12 1 1 100 1 10 12 1 1 10 100 12 1 1 1 10 100 12 1 1 1 10 12 1 10 12 1 1 10 12 1 10 12 1 10 12 1 10 12 1 9 12 1 1 7 1 10 7 12 1 1 10 12 1 1 10 12 10 12 1 1 100 1 10 12 1 1 10 12 1 10 12 1 11 12 1 1 11 12 1 11 12 1 11 12 1 11 12 1 11 12 1 11 12 1 10 12 1 100 1 10 12 1 10 12 10 12 1 10 12 1 1 10 12 1 1 10 12 1 10 10 12 1 10 12 1 10 12 1 10 12 10 12 10 100 12 1 1 10 12 1 1 10 100 12 1 1 1 10 12 1 1 10 12 1 1 10 100 12 1 1 1 10 12 1 10 12 1 8 1 8 1 10 100 1 10 8 1 8 1 8 1 10 12 1 18 12 1 1 10 12 1 1 9 12 1 1 100 1 10 10 12 1 7 1 8 1 10 12 1 100 1 100 1 1 1 1 1 1 1 1 1 1 1 1 1 1 1 1 1 1 1 1 1 1 1 1 1 1 1 1 1 1 1 100 1 1 1 1 3 1 1 1 1 1 1 100 1 3 1 1 1 1 1 1 1 1 1 1 1 1 1 1 1 1 1 1 1 1 1 1 1 1 1 1 1 1 1 1 1 1 1 1 1 1 1 1 1 1 1 1 1 1 1 1 1 1 1 1 1 1 1 1 1 1 1 1 1 1 1 1 1 1 1 1 1 1 1 1 1 1 1 1 1 1 1 1 1 1 1 1 1 1 1 1 1 1 1 1 1 1 1 1 1 1 100 1 1 1 1 1 1 1 1 1 1 1 1 1 1 1 1 1 1 1 100 1 1 1 1 1 1 1 1 1 1 1 1 1 1 1 1 1 1 1 1 1 1 1 1 1 1 1 1 1 1 100 1 1 15 10 100 12 1 1 8 1 1 1 1 1 1 100 1 100 1 1
staticfield javax/swing/JInternalFrame PROPERTY_CHANGE_LISTENER_KEY Ljava/lang/Object; java/lang/StringBuilder
instanceKlass javax/swing/JRadioButton
instanceKlass javax/swing/JCheckBox
ciInstanceKlass javax/swing/JToggleButton 1 1 254 9 7 12 1 1 1 10 12 1 1 10 12 1 10 12 1 1 10 7 1 7 1 10 10 12 1 1 9 12 1 1 11 7 12 1 1 1 10 12 1 1 10 7 12 1 1 1 7 1 10 12 1 1 8 1 9 100 12 1 1 1 10 100 12 1 1 1 10 12 1 1 11 12 1 1 10 100 12 1 1 10 12 1 1 10 12 1 1 11 100 12 1 1 1 11 100 12 1 1 1 11 12 1 1 10 10 12 1 10 12 1 10 12 1 10 12 1 10 12 1 1 10 12 1 1 10 12 1 10 12 1 1 10 12 1 10 100 12 1 1 10 12 1 1 10 100 12 1 1 1 10 100 12 1 1 1 10 12 1 1 9 12 1 1 10 100 12 1 1 1 10 12 1 100 1 10 12 1 100 1 1 1 1 1 1 1 1 1 1 1 1 1 1 1 1 1 1 1 1 1 1 1 1 3 1 1 1 1 1 1 1 1 1 1 1 1 1 1 1 1 1 1 1 1 1 1 100 1 1 1 1 3 1 1 1 1 1 1 1 1 1 1 1 1 1 1 1 1 1 100 1 1 1
instanceKlass ui/utils/swing/c/f
instanceKlass com/jidesoft/swing/TristateCheckBox
instanceKlass com/jidesoft/grid/BooleanCheckBoxCellRenderer
instanceKlass de/javasoft/plaf/synthetica/SyntheticaDefaultBooleanTableCellRenderer
instanceKlass javax/swing/JTable$BooleanRenderer
instanceKlass javax/swing/plaf/synth/SynthTableUI$SynthBooleanTableCellRenderer
ciInstanceKlass javax/swing/JCheckBox 1 1 186 10 7 12 1 1 1 10 12 1 10 12 1 1 10 7 1 9 12 1 1 8 1 9 7 12 1 1 1 10 12 1 1 100 1 10 12 1 1 8 1 10 12 1 1 10 12 1 10 12 1 10 7 12 1 1 1 7 1 10 12 1 1 8 1 10 100 12 1 1 10 12 1 1 10 100 12 1 1 1 10 100 12 1 1 1 10 12 1 1 9 12 1 1 10 100 12 1 1 1 10 100 12 1 1 10 12 1 10 12 1 9 12 1 1 100 1 10 12 1 100 1 1 1 1 1 1 1 1 1 1 1 1 1 1 1 1 1 1 1 1 1 1 1 1 1 1 1 1 1 3 1 1 1 1 1 3 1 1 1 1 1 1 1 1 1 1 100 1 1 1 1 100 1 1 1 1 1 1 1 1 1 1 1 1 1
instanceKlass ui/utils/swing/o/a
ciInstanceKlass javax/swing/JRadioButton 1 1 142 10 7 12 1 1 1 10 12 1 10 12 1 1 10 7 1 10 12 1 1 100 1 10 12 1 1 10 7 12 1 1 1 7 1 10 12 1 1 8 1 10 100 12 1 1 10 12 1 1 10 100 12 1 1 1 10 100 12 1 1 1 10 12 1 1 9 12 1 1 10 100 12 1 1 1 10 12 1 9 12 1 1 100 1 10 12 1 100 1 1 1 1 1 1 1 1 1 1 1 1 1 1 1 1 1 1 1 1 1 1 1 1 1 3 1 3 1 1 1 1 1 1 1 1 1 1 1 100 1 1 1 1 1 1 1 1 1 1 1 1 1
instanceKlass ui/views/systembuilder/gy
instanceKlass ui/views/systembuilder/gn
instanceKlass javax/swing/JScrollPane$ScrollBar
ciInstanceKlass javax/swing/JScrollBar 1 1 419 100 1 8 1 10 12 1 1 10 7 12 1 1 7 1 10 12 1 9 7 12 1 1 1 10 12 1 1 9 12 1 1 9 12 1 9 12 1 7 1 10 12 1 9 12 1 1 11 7 12 1 1 1 10 12 1 1 10 12 1 10 12 1 100 1 10 12 10 12 1 1 9 12 1 1 7 1 10 7 12 1 1 1 10 12 1 8 1 8 10 12 1 1 9 12 1 1 100 1 8 1 9 100 12 1 1 1 9 12 1 10 12 1 10 12 1 11 12 1 11 12 1 1 10 100 12 1 1 1 8 10 8 1 8 8 10 12 1 1 11 12 1 11 12 1 11 12 1 11 12 1 11 12 1 11 12 1 11 12 1 11 12 1 1 11 12 1 9 12 1 11 12 1 1 9 12 1 1 7 1 10 7 12 1 1 1 10 12 1 10 12 1 1 100 1 10 10 12 1 1 10 12 1 1 100 1 10 12 1 11 12 1 1 10 12 1 1 100 1 9 12 1 10 12 1 9 12 1 10 12 1 100 1 10 12 1 10 12 1 1 10 7 1 10 100 12 1 1 10 12 1 1 10 100 12 1 1 1 10 12 1 1 10 12 1 1 10 100 12 1 1 1 8 8 10 12 1 18 12 1 1 100 1 10 10 12 1 100 1 1 1 1 1 1 1 1 1 1 1 1 1 1 1 1 1 1 3 1 1 1 1 3 1 1 100 1 1 1 1 1 1 1 1 1 1 1 1 1 1 1 1 1 1 1 1 1 1 1 1 1 1 1 1 1 1 1 1 1 1 1 1 1 1 1 1 1 1 1 1 1 1 1 1 1 1 1 1 1 1 100 1 1 1 1 1 1 1 1 1 100 1 1 1 1 1 1 1 100 1 1 1 1 1 1 1 1 1 1 1 1 1 1 15 10 100 12 1 1 8 1 1 1 1 100 1 100 1 1
ciInstanceKlass javax/swing/JTextPane 1 1 336 10 7 12 1 1 1 10 7 12 1 1 1 10 7 12 1 1 1 10 12 1 1 9 12 1 1 11 7 12 1 1 1 10 12 1 1 10 12 1 1 10 10 12 1 1 8 1 7 1 10 12 1 1 100 1 8 1 10 12 1 10 12 1 1 10 12 1 1 10 12 1 1 10 100 12 1 1 1 10 100 12 1 1 1 10 12 1 1 10 12 1 1 11 100 12 1 1 1 10 12 1 1 11 12 1 10 100 12 1 1 1 10 12 1 10 12 1 1 11 100 12 1 1 1 100 1 10 12 1 1 11 100 12 1 1 1 10 100 12 1 1 11 12 1 1 10 12 1 100 1 11 12 1 1 10 100 12 1 1 1 8 1 10 12 1 1 11 12 1 1 11 12 1 11 12 1 1 10 12 1 11 12 1 1 11 12 1 1 11 12 1 1 11 100 12 1 1 10 12 1 10 12 1 11 12 1 1 11 12 1 11 12 1 11 12 1 10 12 1 1 10 7 1 10 12 1 10 100 12 1 1 10 12 1 10 12 1 1 10 100 12 1 1 1 10 12 1 1 9 12 1 1 10 100 12 1 1 1 10 10 8 1 10 12 1 1 1 1 1 1 1 1 1 1 1 1 1 1 1 1 1 1 3 1 1 1 1 1 1 1 1 1 1 1 1 1 1 100 1 1 1 1 1 1 1 1 1 1 1 1 1 1 1 1 1 1 1 1 1 1 1 1 1 1 1 1 100 1 1 1 1 1 1 1 1
instanceKlass com/jidesoft/tooltip/BalloonTip
instanceKlass ui/utils/i/j/d
ciInstanceKlass javax/swing/JToolTip 1 1 165 10 7 12 1 1 1 10 7 12 1 1 9 12 1 1 7 1 10 7 12 1 1 1 10 12 1 1 8 1 9 12 1 1 8 1 10 12 1 1 10 100 12 1 1 1 10 12 1 10 12 1 9 12 1 1 8 10 100 12 1 1 10 12 1 1 10 100 12 1 1 10 12 1 1 10 12 1 1 10 100 12 1 1 1 8 1 10 12 1 18 12 1 1 9 12 1 1 100 1 10 12 1 10 12 1 100 1 1 1 1 1 1 1 1 1 1 1 1 1 1 1 3 1 1 1 1 1 1 1 1 1 1 1 1 1 1 1 1 1 100 1 1 1 1 1 1 1 1 1 15 10 100 12 1 1 8 1 1 1 100 1 100 1 1
ciInstanceKlass javax/swing/JRootPane 1 1 418 10 7 12 1 1 1 9 7 12 1 1 1 10 12 1 1 10 12 1 1 10 12 1 1 10 12 1 1 10 12 1 1 10 12 1 1 10 12 1 1 10 12 1 1 10 12 1 1 10 12 1 10 12 1 1 10 10 7 12 1 1 1 10 12 1 1 9 12 1 1 100 1 8 1 10 12 1 10 12 1 1 8 10 12 1 1 9 12 1 1 7 1 10 12 1 1 10 7 12 1 1 1 10 12 1 8 1 7 1 10 10 12 1 1 18 12 1 1 10 12 1 7 1 10 18 10 7 1 10 12 10 18 10 12 1 10 12 1 7 1 10 9 12 1 1 10 100 12 1 1 9 12 1 1 10 12 1 10 9 12 1 1 10 12 1 1 100 1 8 1 10 9 12 1 1 10 100 1 8 1 10 10 10 12 1 100 1 8 1 10 7 1 10 10 7 12 1 1 1 9 12 1 1 10 10 12 1 10 10 12 1 10 12 1 100 1 5 0 10 12 1 1 10 12 1 9 12 1 1 10 100 1 8 10 12 1 9 12 1 9 12 1 9 100 12 1 1 1 18 12 1 10 100 12 1 1 10 100 12 1 1 10 12 1 1 10 12 1 1 10 12 1 9 12 1 1 100 1 10 10 12 1 7 1 8 1 10 10 7 12 1 1 1 7 1 10 12 1 8 1 100 1 1 1 1 1 3 1 3 1 3 1 3 1 3 1 3 1 3 1 3 1 3 1 1 1 1 1 1 1 1 1 1 1 1 1 1 1 1 1 1 1 1 1 1 1 1 1 1 1 1 1 1 1 1 1 1 1 1 1 1 1 1 1 1 1 1 1 1 1 1 1 1 1 1 1 1 1 1 1 1 1 1 1 1 1 1 1 1 1 1 1 1 1 1 15 10 7 12 1 1 8 1 8 1 8 1 8 1 1 1 1 100 1 100 1 1
staticfield javax/swing/JRootPane LOG_DISABLE_TRUE_DOUBLE_BUFFERING Z 0
staticfield javax/swing/JRootPane IGNORE_DISABLE_TRUE_DOUBLE_BUFFERING Z 0
ciInstanceKlass java/awt/event/MouseMotionListener 1 0 12 100 1 100 1 100 1 1 1 1 1 1
instanceKlass ui/views/Y/a/e
instanceKlass ui/utils/swing/v/f$i
instanceKlass ui/utils/swing/b/x
instanceKlass ui/utils/i/Y
instanceKlass com/jidesoft/status/MemoryStatusBarItem$a
instanceKlass com/jidesoft/editor/status/CaretModelPositionStatusBarItem$a
instanceKlass com/jidesoft/status/ProgressStatusBarItem$a
instanceKlass ui/f/av
instanceKlass ui/views/R/d/g
instanceKlass ui/utils/swing/e/f
instanceKlass ui/utils/swing/u/V
instanceKlass ui/utils/swing/b/G
instanceKlass ui/utils/swing/b/E
instanceKlass ui/utils/swing/b/o
instanceKlass ui/F$c
instanceKlass ui/f/af
instanceKlass ui/f/ad
instanceKlass ui/f/as
instanceKlass ui/f/aq
instanceKlass ui/f/am
instanceKlass ui/f/ai
instanceKlass com/jidesoft/plaf/basic/BasicGripperUI$GripperMouseListener
instanceKlass ui/o$c
instanceKlass ui/utils/swing/b/l
instanceKlass ui/utils/swing/s/n
instanceKlass com/jidesoft/plaf/basic/BasicJideTabbedPaneUI$MouseHandler
instanceKlass javax/swing/text/html/HTMLEditorKit$LinkController
instanceKlass de/javasoft/plaf/synthetica/StyleFactory$19
instanceKlass de/javasoft/plaf/synthetica/StyleFactory$24
instanceKlass de/javasoft/plaf/synthetica/StyleFactory$15
instanceKlass javax/swing/plaf/synth/SynthInternalFrameTitlePane$1
instanceKlass de/javasoft/plaf/synthetica/StyleFactory$5
instanceKlass javax/swing/event/MouseInputAdapter
instanceKlass javax/swing/plaf/basic/BasicScrollBarUI$ArrowButtonListener
instanceKlass javax/swing/plaf/basic/BasicScrollBarUI$TrackListener
instanceKlass de/javasoft/plaf/synthetica/StyleFactory$3
instanceKlass de/javasoft/plaf/synthetica/StyleFactory$11
instanceKlass ui/utils/swing/h/c
instanceKlass javax/swing/ToolTipManager
ciInstanceKlass java/awt/event/MouseAdapter 1 1 35 10 7 12 1 1 1 100 1 100 1 100 1 100 1 1 1 1 1 1 1 1 1 1 1 1 1 1 1 1 1 1 1 1 1
ciInstanceKlass javax/swing/ToolTipManager 1 1 580 10 7 12 1 1 1 9 7 12 1 1 1 9 12 1 9 12 1 1 9 12 1 9 12 1 1 9 12 1 1 9 12 1 1 9 12 1 9 12 1 7 1 7 1 10 12 1 10 12 1 9 12 1 1 10 12 1 1 7 1 10 9 12 1 7 1 10 9 12 1 7 1 10 7 1 10 100 1 100 1 10 7 12 1 1 1 9 12 1 1 9 12 1 10 12 1 10 12 1 1 10 12 1 1 10 100 12 1 1 1 10 12 1 1 10 100 12 1 1 1 10 100 12 1 1 1 10 100 12 1 1 1 9 12 1 1 10 7 12 1 1 1 8 1 10 100 12 1 1 1 8 1 10 100 12 1 1 1 10 100 12 1 1 1 10 12 1 1 10 12 1 1 9 12 1 1 100 1 9 12 1 1 9 12 1 10 12 1 9 12 1 1 10 100 1 10 12 1 1 10 12 1 10 100 12 1 1 1 10 12 1 1 9 9 100 12 1 1 9 9 12 1 9 12 1 9 12 1 9 12 1 9 12 1 10 7 12 1 1 1 10 12 1 1 9 12 1 1 9 12 1 1 10 100 12 1 1 1 10 12 1 1 9 100 1 10 12 1 10 12 1 10 9 10 12 1 1 10 100 12 1 1 1 10 100 12 1 1 1 10 12 1 1 10 12 1 10 12 1 10 12 1 1 9 12 1 1 10 100 12 1 1 10 12 1 1 9 12 1 1 10 100 12 1 1 1 10 12 1 10 12 1 10 12 1 10 12 1 9 12 1 1 10 12 1 1 10 10 12 1 1 10 10 10 12 1 1 10 12 1 7 1 7 1 10 12 1 1 10 12 1 10 12 1 1 10 12 1 10 12 1 1 10 12 1 1 10 12 1 10 12 1 10 12 1 9 12 1 10 12 1 1 10 12 1 1 10 10 100 12 1 1 10 12 1 10 12 1 1 10 12 1 1 10 100 1 10 10 12 1 1 10 12 1 10 10 10 10 12 1 10 12 1 100 1 10 100 12 1 1 100 1 10 100 1 100 1 100 1 10 12 1 1 100 1 100 1 10 10 10 12 1 10 12 1 10 12 1 1 10 12 1 1 10 12 1 7 1 10 100 1 1 1 1 1 1 1 1 1 1 1 1 1 1 1 1 1 1 1 1 1 1 1 1 1 1 1 1 100 1 1 1 1 1 1 1 1 1 1 1 1 1 1 1 1 1 1 1 1 1 1 1 1 1 1 1 1 1 1 1 1 1 1 1 1 1 1 1 1 1 1 1 1 1 1 1 1 1 1 1 1 1 1 1 1 1 1 1 1
staticfield javax/swing/ToolTipManager TOOL_TIP_MANAGER_KEY Ljava/lang/Object; java/lang/Object
instanceKlass com/jidesoft/plaf/basic/BasicJideTabbedPaneUI$RolloverMouseMotionHandler
instanceKlass de/javasoft/plaf/synthetica/StyleFactory$18
instanceKlass javax/swing/ToolTipManager$MoveBeforeEnterListener
ciInstanceKlass java/awt/event/MouseMotionAdapter 1 1 23 10 7 12 1 1 1 100 1 100 1 1 1 1 1 1 1 1 1 1 1 1 1
instanceKlass com/jidesoft/grid/DraggingTableHeader
ciInstanceKlass javax/swing/table/JTableHeader 1 1 474 10 7 12 1 1 1 10 7 12 1 1 10 12 1 1 10 12 1 10 12 1 10 12 1 9 12 1 1 8 10 12 1 1 9 12 1 1 8 10 12 1 9 12 1 8 9 12 1 1 9 12 1 1 9 12 1 9 12 1 9 12 1 1 9 100 12 1 1 10 12 1 1 10 100 12 1 1 1 10 12 1 1 10 12 1 11 7 12 1 1 1 100 1 10 10 12 1 9 12 1 9 11 12 1 10 12 1 11 12 1 1 10 100 1 9 12 1 10 100 12 1 1 1 10 12 1 1 9 12 1 1 10 12 1 1 10 12 1 1 10 12 1 1 11 100 12 1 1 1 10 12 1 1 9 12 1 10 12 1 1 10 12 1 10 12 1 1 10 12 1 9 10 12 1 10 12 1 10 12 1 10 12 1 10 12 1 10 100 12 1 1 1 11 100 12 1 1 1 11 12 1 1 10 12 1 1 10 12 1 10 12 1 1 10 12 1 9 12 1 1 10 100 12 1 1 9 100 1 7 1 10 12 1 1 10 12 1 9 12 1 10 7 12 1 1 1 10 12 1 10 12 1 7 1 10 7 12 1 1 1 8 1 100 1 8 1 10 12 1 11 12 1 1 11 12 1 8 10 12 1 100 1 10 7 1 10 10 12 1 1 10 7 12 1 1 1 10 12 1 1 10 12 1 10 12 1 1 10 12 1 10 100 12 1 1 10 12 1 10 100 12 1 1 1 10 12 1 10 100 12 1 1 10 10 8 1 8 1 10 12 1 18 12 1 1 9 12 1 1 100 1 10 12 1 10 12 1 100 1 100 1 1 1 1 1 1 1 1 1 1 1 1 1 1 1 1 1 1 1 1 1 1 1 1 1 1 1 1 1 1 1 1 1 1 1 1 1 1 1 1 1 1 1 1 1 1 1 1 1 1 1 1 1 1 100 1 1 1 1 1 1 1 1 1 1 1 1 1 1 1 1 1 1 1 1 1 1 1 1 1 1 1 100 1 1 1 1 1 1 1 1 1 1 100 1 1 15 10 100 12 1 1 8 1 1 1 1 1 100 1 100 1 1
ciInstanceKlass de/javasoft/plaf/synthetica/util/OS 1 1 94 7 1 7 1 1 1 1 1 1 1 1 1 1 1 1 1 1 1 1 8 10 12 1 1 9 12 8 9 12 8 9 12 8 9 12 8 9 12 8 9 12 9 12 8 1 10 7 1 12 1 1 9 12 8 1 9 12 1 10 1 1 10 7 1 12 1 1 10 12 1 1 8 1 8 1 1 1 1 1 1 10 12 1 1 1 1 10 12 1 1 1 1 1
staticfield de/javasoft/plaf/synthetica/util/OS Windows Lde/javasoft/plaf/synthetica/util/OS; de/javasoft/plaf/synthetica/util/OS
staticfield de/javasoft/plaf/synthetica/util/OS Mac Lde/javasoft/plaf/synthetica/util/OS; de/javasoft/plaf/synthetica/util/OS
staticfield de/javasoft/plaf/synthetica/util/OS Linux Lde/javasoft/plaf/synthetica/util/OS; de/javasoft/plaf/synthetica/util/OS
staticfield de/javasoft/plaf/synthetica/util/OS FreeBSD Lde/javasoft/plaf/synthetica/util/OS; de/javasoft/plaf/synthetica/util/OS
staticfield de/javasoft/plaf/synthetica/util/OS Solaris Lde/javasoft/plaf/synthetica/util/OS; de/javasoft/plaf/synthetica/util/OS
staticfield de/javasoft/plaf/synthetica/util/OS Unknown Lde/javasoft/plaf/synthetica/util/OS; de/javasoft/plaf/synthetica/util/OS
staticfield de/javasoft/plaf/synthetica/util/OS OS_NAME Ljava/lang/String; "Windows 10"staticfield de/javasoft/plaf/synthetica/util/OS OS_VERSION Ljava/lang/String; "10.0"staticfield de/javasoft/plaf/synthetica/util/OS ENUM$VALUES [Lde/javasoft/plaf/synthetica/util/OS; 6 [Lde/javasoft/plaf/synthetica/util/OS;
instanceKlass com/jidesoft/icons/IconsFactory$1
instanceKlass javax/swing/plaf/synth/SynthParser$LazyImageIcon
instanceKlass ui/e/c
instanceKlass ui/e/d$c
ciInstanceKlass javax/swing/ImageIcon 1 1 411 7 1 10 12 1 1 7 1 7 1 10 12 1 10 12 1 10 7 12 1 1 1 7 1 10 7 1 9 7 12 1 1 1 9 12 1 1 9 12 1 9 12 1 9 12 1 1 10 7 12 1 1 1 10 12 1 1 9 12 1 1 9 12 1 10 12 1 1 10 12 1 10 12 1 9 12 1 1 10 7 12 1 1 1 10 12 1 10 12 8 1 9 12 1 1 10 7 12 1 1 1 7 1 10 12 1 1 10 12 1 1 10 12 1 1 10 7 12 1 1 1 10 12 1 1 100 1 9 100 12 1 1 1 8 1 10 100 12 1 1 1 10 12 1 1 10 12 1 10 12 1 1 10 12 1 9 12 1 10 7 12 1 1 1 9 12 1 1 10 12 1 1 7 1 10 12 1 10 12 1 10 12 1 1 10 7 12 1 1 1 10 12 1 10 100 12 1 1 1 8 10 100 12 1 1 100 1 8 8 10 12 1 8 8 100 1 10 12 1 10 12 1 1 100 1 100 1 18 12 1 1 10 12 18 10 12 1 10 12 1 10 100 12 1 1 1 100 1 10 12 1 10 12 1 10 100 12 1 1 100 1 10 12 1 10 12 1 1 10 12 1 100 1 8 1 10 8 1 10 12 1 1 10 12 1 1 10 7 1 10 10 12 1 9 12 1 1 9 12 1 1 7 1 8 10 100 1 100 1 100 1 1 1 1 1 1 1 1 1 1 1 1 1 1 1 1 1 1 1 1 100 1 1 1 1 1 100 1 1 1 1 1 1 1 1 1 1 1 1 1 1 1 1 1 1 1 1 1 1 1 1 1 1 1 1 1 1 1 1 1 1 1 1 100 1 1 1 1 1 1 1 1 1 3 1 1 1 1 1 100 1 1 15 10 100 12 1 1 8 1 8 1 1 1 1 100 1 100 1 1
staticfield javax/swing/ImageIcon component Ljava/awt/Component; javax/swing/ImageIcon$2$1
staticfield javax/swing/ImageIcon tracker Ljava/awt/MediaTracker; java/awt/MediaTracker
staticfield javax/swing/ImageIcon TRACKER_KEY Ljava/lang/Object; java/lang/StringBuilder
instanceKlass com/jidesoft/swing/ResizableWindow
instanceKlass com/jidesoft/action/FloatingDockableBarContainer
instanceKlass com/sun/java/swing/plaf/windows/WindowsPopupWindow
instanceKlass javax/swing/Popup$HeavyWeightWindow
ciInstanceKlass javax/swing/JWindow 1 1 304 100 1 10 7 12 1 1 1 10 12 1 10 7 12 1 1 1 10 7 12 1 1 1 10 9 12 1 1 9 12 1 1 10 12 1 1 10 12 1 1 10 12 1 1 10 12 1 10 10 7 12 1 1 1 10 12 1 1 10 12 1 1 10 12 1 1 10 12 1 10 7 12 1 1 1 7 1 10 12 10 12 1 9 12 1 1 10 12 1 1 8 10 12 1 1 10 12 1 1 10 12 1 1 10 12 1 1 10 100 12 1 1 1 10 12 1 9 12 1 1 10 12 1 1 10 10 12 1 1 10 10 100 1 8 1 10 12 1 10 12 1 10 10 12 1 10 12 1 1 10 12 1 1 10 12 1 1 10 12 1 10 12 1 10 12 1 1 9 100 12 1 1 10 12 1 1 10 12 1 1 10 12 1 1 8 1 8 1 10 12 1 1 18 12 1 1 100 1 10 12 1 100 1 100 1 100 1 1 1 1 1 1 1 1 1 1 1 1 1 1 1 100 1 1 1 1 1 1 1 1 1 3 1 1 1 1 1 1 1 1 1 1 1 1 1 1 1 1 1 1 3 1 1 1 100 1 1 1 1 1 1 1 1 1 1 1 1 1 1 1 1 1 100 1 1 1 1 1 1 1 1 1 1 1 1 15 10 100 12 1 1 8 1 1 1 100 1 1 100 1 100 1 1
ciInstanceKlass javax/swing/UIDefaults$TextAndMnemonicHashMap 1 1 148 10 7 12 1 1 1 10 12 1 1 10 7 12 1 1 1 7 1 8 1 10 7 12 1 1 1 8 1 8 1 10 12 1 1 8 1 8 1 8 1 10 12 1 1 8 1 8 1 8 1 8 1 10 12 1 8 1 10 12 1 10 12 1 1 10 12 1 1 18 12 1 1 8 1 8 1 10 12 1 1 10 12 1 1 10 12 1 1 10 7 12 1 1 1 10 7 12 1 1 1 1 1 1 1 1 1 1 1 1 1 1 1 1 1 1 1 1 1 1 1 1 1 1 1 1 1 1 1 1 7 1 1 15 10 7 12 1 1 8 1 1 1 100 1 100 1 1
ciInstanceKlass java/awt/event/ContainerListener 1 0 12 100 1 100 1 100 1 1 1 1 1 1
instanceKlass java/awt/Toolkit$ToolkitEventMulticaster
ciInstanceKlass java/awt/AWTEventMulticaster 1 1 328 10 7 12 1 1 1 9 7 12 1 1 1 9 12 1 10 12 1 1 10 12 1 7 1 11 12 1 1 11 12 1 11 12 1 11 12 1 7 1 11 12 1 1 11 12 1 7 1 11 12 1 1 11 12 1 7 1 11 12 1 1 11 12 1 11 12 1 7 1 11 12 1 1 11 12 1 11 12 1 11 12 1 11 12 1 7 1 11 12 1 11 12 1 7 1 11 12 1 1 11 12 1 11 12 1 11 12 1 11 12 1 11 12 1 11 12 1 7 1 11 12 1 7 1 11 12 1 11 12 1 100 1 11 12 1 1 100 1 11 12 1 1 100 1 11 12 1 1 100 1 11 12 1 1 100 1 11 12 1 1 11 12 1 7 1 11 12 1 1 100 1 11 12 1 11 12 1 7 1 11 12 1 1 10 12 1 10 12 1 1 10 12 1 1 100 1 10 100 12 1 1 1 10 12 1 1 10 7 12 1 1 1 10 12 1 1 10 12 1 1 10 12 1 100 1 8 1 10 12 1 10 7 12 1 1 1 7 1 1 1 1 1 1 1 1 1 1 100 1 1 1 1 1 1 1 1 1 1 1 1 1 1 1 1 1 1 1 1 1 1 1 1 1 1 1 1 1 1 1 1 1 1 1 1 1 1 1 1 1 1 1 1 1 1 1 1 1 1 1 1 1 1 1 1 100 1 1 1 1 1 1 1 1 1 1 1 1 1 1 1 1 1 1 1 1 1 1
instanceKlass javax/swing/JDesktopPane
ciInstanceKlass javax/swing/JLayeredPane 1 1 357 10 7 12 1 1 1 9 7 12 1 1 1 10 12 1 1 10 12 1 1 10 12 1 1 8 1 10 7 12 1 1 1 8 1 10 12 1 1 7 1 9 12 1 1 10 12 1 1 10 12 1 1 10 12 1 1 10 12 1 1 10 12 1 1 10 12 1 1 10 7 12 1 1 10 12 1 10 12 1 10 12 1 1 10 12 1 1 10 12 1 1 10 100 12 1 10 12 1 10 12 1 1 10 12 1 1 9 12 1 10 12 1 1 10 12 1 10 12 1 10 12 1 10 12 1 1 10 12 1 10 12 1 1 10 12 1 10 12 1 10 12 1 10 12 1 10 12 1 10 12 1 10 12 1 1 10 12 1 1 10 100 12 1 1 10 12 1 1 9 100 12 1 1 1 10 12 1 1 9 100 12 1 1 1 9 12 1 9 12 1 9 12 1 10 12 1 1 10 12 1 10 12 1 10 12 1 1 9 12 1 1 10 12 9 12 1 9 12 1 9 12 1 9 12 1 7 1 10 10 12 1 10 12 1 10 12 1 8 1 8 1 10 12 1 1 18 12 1 1 9 12 1 1 100 1 10 12 1 100 1 1 1 1 1 1 1 1 1 1 1 1 1 1 1 1 100 1 100 1 100 1 1 1 1 1 1 1 1 1 1 1 1 1 1 3 1 1 1 1 1 1 1 1 1 1 1 1 1 1 1 1 1 1 1 1 1 1 1 1 1 1 1 1 1 1 1 1 1 1 1 100 1 1 1 1 1 1 1 1 1 1 15 10 100 12 1 1 8 1 1 1 100 1 100 1 1
staticfield javax/swing/JLayeredPane DEFAULT_LAYER Ljava/lang/Integer; java/lang/Integer
staticfield javax/swing/JLayeredPane PALETTE_LAYER Ljava/lang/Integer; java/lang/Integer
staticfield javax/swing/JLayeredPane MODAL_LAYER Ljava/lang/Integer; java/lang/Integer
staticfield javax/swing/JLayeredPane POPUP_LAYER Ljava/lang/Integer; java/lang/Integer
staticfield javax/swing/JLayeredPane DRAG_LAYER Ljava/lang/Integer; java/lang/Integer
staticfield javax/swing/JLayeredPane FRAME_CONTENT_LAYER Ljava/lang/Integer; java/lang/Integer
ciInstanceKlass javax/swing/ArrayTable 1 1 141 10 7 12 1 1 1 9 7 12 1 1 1 10 12 1 1 10 100 12 1 1 1 100 1 10 12 1 1 100 1 10 12 1 1 10 12 1 1 10 12 1 1 10 12 1 1 7 1 10 12 1 10 7 12 1 1 1 10 12 1 10 12 1 7 1 10 12 1 1 10 10 10 10 12 1 10 12 1 10 10 12 1 10 12 1 1 11 7 12 1 1 11 12 1 1 10 12 100 1 1 1 1 3 1 1 1 1 1 1 1 1 1 1 1 1 1 1 100 1 1 1 1 1 1 1 1 1 1 1 1 1 1 1 1 1 1 1 1 1 1
ciInstanceKlass java/awt/SystemColor 1 1 264 10 7 12 1 1 1 10 7 12 1 1 1 9 7 12 1 1 1 10 12 1 1 9 12 1 1 9 12 1 1 10 7 12 1 1 1 9 12 1 10 100 12 1 1 1 10 100 12 1 1 1 18 12 1 1 10 12 1 3 3 3 3 3 3 3 9 12 1 1 9 12 1 9 12 1 9 12 1 9 12 1 9 12 1 9 12 1 9 12 1 9 12 1 9 12 1 9 12 1 9 12 1 9 12 1 9 12 1 9 12 1 9 12 1 9 12 1 9 12 1 9 12 1 9 12 1 9 12 1 9 12 1 9 12 1 9 12 1 9 12 1 9 12 1 18 12 1 1 10 7 12 1 1 1 10 12 1 100 1 1 1 3 1 3 1 3 1 3 1 3 1 3 1 3 1 3 1 3 1 3 1 3 1 3 1 3 1 3 1 3 1 3 1 3 1 3 1 3 1 3 1 3 1 3 1 3 1 3 1 3 1 3 1 3 1 1 5 0 1 1 1 1 1 1 1 1 1 1 1 1 1 100 1 1 1 1 1 15 10 100 12 1 1 8 1 15 10 7 12 1 1 1 16 15 1 100 1 1 100 1 100 1 1
staticfield java/awt/SystemColor desktop Ljava/awt/SystemColor; java/awt/SystemColor
staticfield java/awt/SystemColor activeCaption Ljava/awt/SystemColor; java/awt/SystemColor
staticfield java/awt/SystemColor activeCaptionText Ljava/awt/SystemColor; java/awt/SystemColor
staticfield java/awt/SystemColor activeCaptionBorder Ljava/awt/SystemColor; java/awt/SystemColor
staticfield java/awt/SystemColor inactiveCaption Ljava/awt/SystemColor; java/awt/SystemColor
staticfield java/awt/SystemColor inactiveCaptionText Ljava/awt/SystemColor; java/awt/SystemColor
staticfield java/awt/SystemColor inactiveCaptionBorder Ljava/awt/SystemColor; java/awt/SystemColor
staticfield java/awt/SystemColor window Ljava/awt/SystemColor; java/awt/SystemColor
staticfield java/awt/SystemColor windowBorder Ljava/awt/SystemColor; java/awt/SystemColor
staticfield java/awt/SystemColor windowText Ljava/awt/SystemColor; java/awt/SystemColor
staticfield java/awt/SystemColor menu Ljava/awt/SystemColor; java/awt/SystemColor
staticfield java/awt/SystemColor menuText Ljava/awt/SystemColor; java/awt/SystemColor
staticfield java/awt/SystemColor text Ljava/awt/SystemColor; java/awt/SystemColor
staticfield java/awt/SystemColor textText Ljava/awt/SystemColor; java/awt/SystemColor
staticfield java/awt/SystemColor textHighlight Ljava/awt/SystemColor; java/awt/SystemColor
staticfield java/awt/SystemColor textHighlightText Ljava/awt/SystemColor; java/awt/SystemColor
staticfield java/awt/SystemColor textInactiveText Ljava/awt/SystemColor; java/awt/SystemColor
staticfield java/awt/SystemColor control Ljava/awt/SystemColor; java/awt/SystemColor
staticfield java/awt/SystemColor controlText Ljava/awt/SystemColor; java/awt/SystemColor
staticfield java/awt/SystemColor controlHighlight Ljava/awt/SystemColor; java/awt/SystemColor
staticfield java/awt/SystemColor controlLtHighlight Ljava/awt/SystemColor; java/awt/SystemColor
staticfield java/awt/SystemColor controlShadow Ljava/awt/SystemColor; java/awt/SystemColor
staticfield java/awt/SystemColor controlDkShadow Ljava/awt/SystemColor; java/awt/SystemColor
staticfield java/awt/SystemColor scrollbar Ljava/awt/SystemColor; java/awt/SystemColor
staticfield java/awt/SystemColor info Ljava/awt/SystemColor; java/awt/SystemColor
staticfield java/awt/SystemColor infoText Ljava/awt/SystemColor; java/awt/SystemColor
ciInstanceKlass java/awt/peer/FontPeer 1 0 7 100 1 100 1 1 1
ciInstanceKlass sun/font/FontManager 1 0 31 100 1 100 1 1 1 1 3 1 3 1 3 1 1 1 1 1 1 1 1 1 100 1 1 1 1 1 1 1 1
ciInstanceKlass sun/font/Font2DHandle 1 1 22 10 7 12 1 1 1 9 7 12 1 1 1 1 1 1 1 1 1 1 1 1
instanceKlass sun/font/CompositeFont
instanceKlass sun/font/PhysicalFont
ciInstanceKlass sun/font/Font2D 1 1 427 10 7 12 1 1 1 7 1 9 7 12 1 1 1 9 12 1 7 1 10 9 12 1 1 7 1 10 12 1 9 12 1 1 9 12 1 9 12 1 1 9 12 1 1 10 7 12 1 1 1 9 12 1 1 10 12 1 1 9 12 1 9 12 1 10 12 1 1 10 7 12 1 1 1 10 12 1 10 7 12 1 1 1 7 1 9 12 1 1 10 12 1 1 10 12 1 1 10 7 12 1 1 10 12 1 1 10 12 1 1 10 12 1 1 10 12 1 1 10 12 1 1 10 12 1 10 12 1 10 12 1 10 12 1 10 12 1 10 12 1 1 7 1 10 12 1 10 12 1 10 12 1 10 7 1 10 12 1 1 10 12 1 10 12 1 1 10 12 1 7 1 10 9 12 1 1 10 12 1 1 10 12 1 10 12 1 1 10 7 12 1 1 10 12 1 10 12 1 1 9 12 1 1 10 12 1 10 12 1 10 12 1 1 10 12 1 1 10 12 1 10 12 1 10 12 1 10 12 1 1 10 100 12 1 1 10 12 1 10 12 1 10 12 1 10 12 1 1 4 4 4 5 0 9 12 1 10 12 1 1 10 12 1 1 10 12 1 1 10 12 1 9 12 1 1 9 12 1 8 1 8 1 8 1 8 1 8 1 8 1 8 1 8 1 8 1 8 1 8 1 8 1 8 1 8 1 8 1 8 1 8 1 8 1 8 1 10 12 1 1 1 3 1 1 3 1 3 1 3 1 3 1 1 1 1 1 1 1 1 1 1 1 1 3 1 3 1 1 1 1 1 1 1 1 1 1 1 1 1 1 1 1 1 1 1 1 1 1 1 1 1 1 1 1 1 1 1 1 1 1 1 1 1 1 1 1 1 1 1 1 1 1 1 1 1 1 1 1 1 1 1 1 1 1 1 1 1 1 1 1 1 1 1 1 1 1 1 1 1 1 1 1 1 1 1 1
staticfield sun/font/Font2D boldNames [Ljava/lang/String; 6 [Ljava/lang/String;
staticfield sun/font/Font2D italicNames [Ljava/lang/String; 4 [Ljava/lang/String;
staticfield sun/font/Font2D boldItalicNames [Ljava/lang/String; 9 [Ljava/lang/String;
staticfield sun/font/Font2D DEFAULT_FRC Ljava/awt/font/FontRenderContext; java/awt/font/FontRenderContext
ciInstanceKlass sun/font/FontManagerFactory 1 1 54 10 100 12 1 1 1 9 7 12 1 1 1 7 1 10 10 7 12 1 1 1 9 7 12 1 1 1 8 1 9 12 1 1 9 12 1 8 1 8 1 1 1 1 1 1 1 1 1 1 1 1 1 1
staticfield sun/font/FontManagerFactory DEFAULT_CLASS Ljava/lang/String; "sun.awt.Win32FontManager"ciInstanceKlass sun/font/CompositeFont 1 1 318 10 7 12 1 1 1 9 7 12 1 1 1 9 12 1 9 12 1 1 7 1 10 12 1 9 12 1 1 9 12 1 1 9 12 1 1 9 12 1 9 12 1 9 12 1 9 12 1 1 9 12 1 10 7 12 1 1 1 7 1 10 100 12 1 1 1 10 100 12 1 1 1 7 1 9 12 1 1 9 12 1 1 9 12 1 10 12 1 1 10 12 1 1 9 12 1 10 12 1 1 10 12 1 8 1 10 12 1 1 100 1 9 12 1 8 1 8 1 8 1 9 9 9 10 100 12 1 1 1 10 12 1 10 12 1 1 10 12 1 1 10 10 12 1 1 100 1 10 12 1 1 100 1 10 12 1 1 10 12 1 1 10 10 12 1 1 100 1 7 1 10 12 1 10 12 1 1 10 100 12 1 1 3 10 12 1 10 9 12 1 1 7 1 10 12 1 10 12 1 1 10 12 1 10 12 1 1 10 12 10 12 1 10 12 1 1 10 12 1 1 8 1 18 12 1 1 18 12 1 1 1 1 1 1 1 1 1 1 1 1 1 1 1 1 1 1 1 1 1 1 100 100 1 1 1 1 1 1 100 1 100 1 1 1 1 1 1 1 1 1 1 1 1 1 1 1 1 1 1 1 1 1 1 1 1 1 1 1 1 1 1 1 1 1 1 1 1 1 1 1 1 15 10 100 12 1 1 8 1 8 1 1 100 1 100 1 1
ciInstanceKlass java/awt/peer/LightweightPeer 1 0 9 100 1 100 1 100 1 1 1
instanceKlass com/jidesoft/swing/JideScrollPane
instanceKlass com/jidesoft/swing/SimpleScrollPane
instanceKlass ui/utils/swing/q/b
ciInstanceKlass javax/swing/JScrollPane 1 1 543 10 7 12 1 1 1 100 1 9 7 12 1 1 1 9 12 1 9 12 1 1 7 1 10 10 12 1 1 10 12 1 1 10 12 1 10 12 1 1 10 12 1 1 10 12 1 1 10 12 1 1 10 12 1 10 12 1 10 12 1 1 8 1 10 7 12 1 1 1 10 12 1 1 10 12 1 10 12 1 1 10 7 12 1 1 1 9 12 1 1 100 1 100 1 3 10 12 1 10 7 12 1 1 1 10 12 1 9 12 1 1 7 1 10 12 1 1 10 7 12 1 1 1 10 12 1 8 1 7 1 10 10 12 1 1 8 1 100 1 10 12 1 100 1 8 1 10 8 10 12 1 1 10 12 1 10 12 1 8 1 8 9 12 1 1 8 10 12 1 100 1 10 12 1 1 10 12 1 10 12 1 1 9 100 12 1 1 9 12 1 9 12 1 9 12 1 9 12 1 9 12 1 9 12 1 9 12 1 10 100 12 1 1 10 12 1 10 12 1 10 12 1 1 10 12 1 10 12 1 10 12 1 10 100 1 10 10 12 1 10 7 1 10 12 1 9 12 1 1 8 1 10 12 1 1 10 12 1 8 9 12 1 8 1 8 10 10 12 1 8 1 8 9 12 1 1 100 1 10 12 1 10 12 1 9 12 1 8 1 8 10 12 1 9 12 1 8 1 8 10 12 1 8 1 10 7 12 1 1 1 8 1 8 1 8 1 8 1 8 1 8 1 8 1 9 12 1 1 9 12 1 9 12 1 9 12 1 8 1 10 12 1 1 10 8 1 10 12 1 10 100 12 1 1 10 12 1 1 10 12 1 1 10 12 1 1 10 100 12 1 1 1 10 100 12 1 1 8 1 10 8 1 8 1 8 1 8 1 8 1 8 1 10 10 100 1 10 12 1 18 12 1 1 10 12 10 12 1 100 1 1 1 1 1 1 1 1 1 1 1 1 1 1 1 1 3 1 1 1 1 1 3 1 1 1 1 1 1 1 1 1 1 1 1 1 1 1 1 1 1 1 1 1 1 1 1 1 1 1 1 1 1 1 1 1 1 1 1 1 1 1 1 1 1 1 1 1 1 1 1 1 1 1 1 1 1 1 1 1 1 1 1 1 1 1 1 1 1 100 1 1 1 1 1 1 1 1 1 1 1 1 1 1 1 1 1 1 1 1 1 1 1 1 1 1 15 10 100 12 1 1 8 1 1 1 1 1 100 1 100 1 1
ciInstanceKlass javax/swing/plaf/synth/Region 1 1 516 10 7 12 1 1 1 9 7 12 1 1 1 10 12 1 1 7 1 7 1 10 12 1 1 8 1 9 12 1 1 11 12 1 1 8 1 9 12 1 8 1 9 12 1 8 1 9 12 1 8 1 9 12 1 8 1 9 12 1 8 1 9 12 1 8 1 9 12 1 8 1 9 12 1 8 1 9 12 1 8 1 9 12 1 8 1 9 12 1 8 1 9 12 1 8 1 9 12 1 8 1 9 12 1 8 1 9 12 1 8 1 9 12 1 8 1 9 12 1 8 1 9 12 1 8 1 9 12 1 8 1 9 12 1 8 1 9 12 1 8 1 9 12 1 8 1 9 12 1 8 1 9 12 1 8 1 9 12 1 8 1 9 12 1 8 1 9 12 1 8 1 9 12 1 8 1 9 12 1 8 1 9 12 1 8 1 9 12 1 8 1 9 12 1 8 1 9 12 1 8 1 9 12 1 8 1 9 12 1 8 1 9 12 1 8 1 9 12 1 8 1 9 12 1 8 1 9 12 1 8 1 9 12 1 8 1 9 12 1 8 1 9 12 1 8 1 9 12 1 8 1 9 12 1 10 9 12 1 10 12 1 1 10 7 12 1 1 1 11 11 12 1 1 11 7 12 1 1 1 11 7 12 1 1 1 11 12 1 1 8 1 10 7 1 10 7 1 100 1 8 1 10 12 1 9 12 1 1 9 12 1 1 10 12 1 10 12 1 100 1 9 100 12 1 1 1 10 12 1 1 8 1 8 1 8 1 8 1 8 1 8 1 8 1 8 1 8 1 8 1 8 1 8 1 8 1 8 1 8 1 8 1 8 1 8 1 8 1 9 12 1 8 1 8 1 8 1 8 1 8 1 8 1 8 1 8 1 8 1 8 1 8 1 9 12 1 8 1 9 12 1 8 1 8 1 8 1 8 1 9 12 1 8 1 9 12 1 8 1 8 1 8 1 9 12 1 8 1 8 1 9 12 1 8 1 9 12 1 8 1 9 12 1 8 1 8 1 8 1 8 1 8 1 8 1 8 1 8 1 9 12 1 8 1 9 12 1 8 1 8 1 8 1 8 1 9 12 1 8 1 1 1 1 1 1 1 1 1 1 1 1 1 1 1 1 1 1 1 1 1 1 1 1 1 1 1 1 1 1 1 1 1 1 1 1
staticfield javax/swing/plaf/synth/Region UI_TO_REGION_MAP_KEY Ljava/lang/Object; java/lang/Object
staticfield javax/swing/plaf/synth/Region LOWER_CASE_NAME_MAP_KEY Ljava/lang/Object; java/lang/Object
staticfield javax/swing/plaf/synth/Region ARROW_BUTTON Ljavax/swing/plaf/synth/Region; javax/swing/plaf/synth/Region
staticfield javax/swing/plaf/synth/Region BUTTON Ljavax/swing/plaf/synth/Region; javax/swing/plaf/synth/Region
staticfield javax/swing/plaf/synth/Region CHECK_BOX Ljavax/swing/plaf/synth/Region; javax/swing/plaf/synth/Region
staticfield javax/swing/plaf/synth/Region CHECK_BOX_MENU_ITEM Ljavax/swing/plaf/synth/Region; javax/swing/plaf/synth/Region
staticfield javax/swing/plaf/synth/Region COLOR_CHOOSER Ljavax/swing/plaf/synth/Region; javax/swing/plaf/synth/Region
staticfield javax/swing/plaf/synth/Region COMBO_BOX Ljavax/swing/plaf/synth/Region; javax/swing/plaf/synth/Region
staticfield javax/swing/plaf/synth/Region DESKTOP_PANE Ljavax/swing/plaf/synth/Region; javax/swing/plaf/synth/Region
staticfield javax/swing/plaf/synth/Region DESKTOP_ICON Ljavax/swing/plaf/synth/Region; javax/swing/plaf/synth/Region
staticfield javax/swing/plaf/synth/Region EDITOR_PANE Ljavax/swing/plaf/synth/Region; javax/swing/plaf/synth/Region
staticfield javax/swing/plaf/synth/Region FILE_CHOOSER Ljavax/swing/plaf/synth/Region; javax/swing/plaf/synth/Region
staticfield javax/swing/plaf/synth/Region FORMATTED_TEXT_FIELD Ljavax/swing/plaf/synth/Region; javax/swing/plaf/synth/Region
staticfield javax/swing/plaf/synth/Region INTERNAL_FRAME Ljavax/swing/plaf/synth/Region; javax/swing/plaf/synth/Region
staticfield javax/swing/plaf/synth/Region INTERNAL_FRAME_TITLE_PANE Ljavax/swing/plaf/synth/Region; javax/swing/plaf/synth/Region
staticfield javax/swing/plaf/synth/Region LABEL Ljavax/swing/plaf/synth/Region; javax/swing/plaf/synth/Region
staticfield javax/swing/plaf/synth/Region LIST Ljavax/swing/plaf/synth/Region; javax/swing/plaf/synth/Region
staticfield javax/swing/plaf/synth/Region MENU Ljavax/swing/plaf/synth/Region; javax/swing/plaf/synth/Region
staticfield javax/swing/plaf/synth/Region MENU_BAR Ljavax/swing/plaf/synth/Region; javax/swing/plaf/synth/Region
staticfield javax/swing/plaf/synth/Region MENU_ITEM Ljavax/swing/plaf/synth/Region; javax/swing/plaf/synth/Region
staticfield javax/swing/plaf/synth/Region MENU_ITEM_ACCELERATOR Ljavax/swing/plaf/synth/Region; javax/swing/plaf/synth/Region
staticfield javax/swing/plaf/synth/Region OPTION_PANE Ljavax/swing/plaf/synth/Region; javax/swing/plaf/synth/Region
staticfield javax/swing/plaf/synth/Region PANEL Ljavax/swing/plaf/synth/Region; javax/swing/plaf/synth/Region
staticfield javax/swing/plaf/synth/Region PASSWORD_FIELD Ljavax/swing/plaf/synth/Region; javax/swing/plaf/synth/Region
staticfield javax/swing/plaf/synth/Region POPUP_MENU Ljavax/swing/plaf/synth/Region; javax/swing/plaf/synth/Region
staticfield javax/swing/plaf/synth/Region POPUP_MENU_SEPARATOR Ljavax/swing/plaf/synth/Region; javax/swing/plaf/synth/Region
staticfield javax/swing/plaf/synth/Region PROGRESS_BAR Ljavax/swing/plaf/synth/Region; javax/swing/plaf/synth/Region
staticfield javax/swing/plaf/synth/Region RADIO_BUTTON Ljavax/swing/plaf/synth/Region; javax/swing/plaf/synth/Region
staticfield javax/swing/plaf/synth/Region RADIO_BUTTON_MENU_ITEM Ljavax/swing/plaf/synth/Region; javax/swing/plaf/synth/Region
staticfield javax/swing/plaf/synth/Region ROOT_PANE Ljavax/swing/plaf/synth/Region; javax/swing/plaf/synth/Region
staticfield javax/swing/plaf/synth/Region SCROLL_BAR Ljavax/swing/plaf/synth/Region; javax/swing/plaf/synth/Region
staticfield javax/swing/plaf/synth/Region SCROLL_BAR_TRACK Ljavax/swing/plaf/synth/Region; javax/swing/plaf/synth/Region
staticfield javax/swing/plaf/synth/Region SCROLL_BAR_THUMB Ljavax/swing/plaf/synth/Region; javax/swing/plaf/synth/Region
staticfield javax/swing/plaf/synth/Region SCROLL_PANE Ljavax/swing/plaf/synth/Region; javax/swing/plaf/synth/Region
staticfield javax/swing/plaf/synth/Region SEPARATOR Ljavax/swing/plaf/synth/Region; javax/swing/plaf/synth/Region
staticfield javax/swing/plaf/synth/Region SLIDER Ljavax/swing/plaf/synth/Region; javax/swing/plaf/synth/Region
staticfield javax/swing/plaf/synth/Region SLIDER_TRACK Ljavax/swing/plaf/synth/Region; javax/swing/plaf/synth/Region
staticfield javax/swing/plaf/synth/Region SLIDER_THUMB Ljavax/swing/plaf/synth/Region; javax/swing/plaf/synth/Region
staticfield javax/swing/plaf/synth/Region SPINNER Ljavax/swing/plaf/synth/Region; javax/swing/plaf/synth/Region
staticfield javax/swing/plaf/synth/Region SPLIT_PANE Ljavax/swing/plaf/synth/Region; javax/swing/plaf/synth/Region
staticfield javax/swing/plaf/synth/Region SPLIT_PANE_DIVIDER Ljavax/swing/plaf/synth/Region; javax/swing/plaf/synth/Region
staticfield javax/swing/plaf/synth/Region TABBED_PANE Ljavax/swing/plaf/synth/Region; javax/swing/plaf/synth/Region
staticfield javax/swing/plaf/synth/Region TABBED_PANE_TAB Ljavax/swing/plaf/synth/Region; javax/swing/plaf/synth/Region
staticfield javax/swing/plaf/synth/Region TABBED_PANE_TAB_AREA Ljavax/swing/plaf/synth/Region; javax/swing/plaf/synth/Region
staticfield javax/swing/plaf/synth/Region TABBED_PANE_CONTENT Ljavax/swing/plaf/synth/Region; javax/swing/plaf/synth/Region
staticfield javax/swing/plaf/synth/Region TABLE Ljavax/swing/plaf/synth/Region; javax/swing/plaf/synth/Region
staticfield javax/swing/plaf/synth/Region TABLE_HEADER Ljavax/swing/plaf/synth/Region; javax/swing/plaf/synth/Region
staticfield javax/swing/plaf/synth/Region TEXT_AREA Ljavax/swing/plaf/synth/Region; javax/swing/plaf/synth/Region
staticfield javax/swing/plaf/synth/Region TEXT_FIELD Ljavax/swing/plaf/synth/Region; javax/swing/plaf/synth/Region
staticfield javax/swing/plaf/synth/Region TEXT_PANE Ljavax/swing/plaf/synth/Region; javax/swing/plaf/synth/Region
staticfield javax/swing/plaf/synth/Region TOGGLE_BUTTON Ljavax/swing/plaf/synth/Region; javax/swing/plaf/synth/Region
staticfield javax/swing/plaf/synth/Region TOOL_BAR Ljavax/swing/plaf/synth/Region; javax/swing/plaf/synth/Region
staticfield javax/swing/plaf/synth/Region TOOL_BAR_CONTENT Ljavax/swing/plaf/synth/Region; javax/swing/plaf/synth/Region
staticfield javax/swing/plaf/synth/Region TOOL_BAR_DRAG_WINDOW Ljavax/swing/plaf/synth/Region; javax/swing/plaf/synth/Region
staticfield javax/swing/plaf/synth/Region TOOL_TIP Ljavax/swing/plaf/synth/Region; javax/swing/plaf/synth/Region
staticfield javax/swing/plaf/synth/Region TOOL_BAR_SEPARATOR Ljavax/swing/plaf/synth/Region; javax/swing/plaf/synth/Region
staticfield javax/swing/plaf/synth/Region TREE Ljavax/swing/plaf/synth/Region; javax/swing/plaf/synth/Region
staticfield javax/swing/plaf/synth/Region TREE_CELL Ljavax/swing/plaf/synth/Region; javax/swing/plaf/synth/Region
staticfield javax/swing/plaf/synth/Region VIEWPORT Ljavax/swing/plaf/synth/Region; javax/swing/plaf/synth/Region
instanceKlass de/javasoft/plaf/synthetica/styles/StyleWrapper
instanceKlass sun/swing/plaf/synth/DefaultSynthStyle
ciInstanceKlass javax/swing/plaf/synth/SynthStyle 1 1 985 7 1 7 1 8 1 8 1 8 1 8 1 10 12 1 1 9 7 12 1 1 1 8 1 11 7 12 1 1 1 8 1 8 1 8 1 8 1 8 1 9 7 12 1 1 1 8 1 8 1 8 1 9 12 1 8 1 100 1 8 1 8 1 8 1 8 1 8 1 8 1 8 1 8 1 8 1 8 1 8 1 8 1 8 1 8 1 8 1 8 1 8 1 8 1 8 1 8 1 8 1 8 1 8 1 8 1 8 1 8 1 8 1 8 1 8 1 8 1 8 1 8 1 8 1 8 1 8 1 8 1 8 1 8 1 8 1 8 1 8 1 8 1 8 1 8 1 8 1 8 1 8 1 8 1 8 1 8 1 8 1 8 1 8 1 8 1 8 1 8 1 8 1 8 1 8 1 8 1 8 1 8 1 8 1 8 1 8 1 8 1 8 1 8 1 8 1 8 1 8 1 8 1 8 1 8 1 8 1 8 1 8 1 8 1 8 1 8 1 8 1 8 1 8 1 8 1 8 1 8 1 8 1 8 1 8 1 8 1 8 1 8 1 8 1 8 1 8 1 8 1 8 1 8 1 8 1 8 1 8 1 8 1 8 1 8 1 100 1 8 1 8 1 8 1 8 1 8 1 8 1 8 1 8 1 8 1 8 1 8 1 8 1 8 1 8 1 8 1 8 1 8 1 8 1 8 1 8 1 8 1 8 1 8 1 8 1 8 1 8 1 8 1 8 1 8 1 8 1 8 1 8 1 8 1 8 1 8 1 8 1 8 1 8 1 8 1 8 1 8 1 8 1 8 1 8 1 8 1 8 1 8 1 8 1 8 1 8 1 8 1 8 1 8 1 8 1 8 1 8 1 8 1 8 1 8 1 8 1 8 1 8 1 8 1 8 1 8 1 7 1 8 1 10 7 12 1 1 1 8 1 8 1 8 1 8 1 8 1 8 1 8 1 8 1 8 1 8 1 8 1 8 1 8 1 8 1 8 1 8 1 8 1 8 1 8 1 8 1 8 1 8 1 8 1 8 1 8 1 8 1 8 1 8 1 8 1 8 1 8 1 8 1 8 1 8 1 8 1 8 1 8 1 8 1 8 1 8 1 8 1 8 1 8 1 8 1 8 1 8 1 8 1 8 1 8 1 8 1 8 1 8 1 8 1 8 1 8 1 8 1 8 1 8 1 8 1 8 1 8 1 8 1 8 1 8 1 8 1 8 1 8 1 8 1 8 1 8 1 8 1 8 1 8 1 8 1 8 1 8 1 8 1 8 1 8 1 8 1 8 1 8 1 8 1 8 1 8 1 8 1 8 1 8 1 8 1 8 1 8 1 8 1 8 1 8 1 8 1 8 1 8 1 8 1 8 1 8 1 8 1 8 1 8 1 8 1 8 1 8 1 8 1 8 1 8 1 8 1 8 1 8 1 8 1 8 1 8 1 8 1 8 1 8 1 8 1 8 1 8 1 8 1 8 1 8 1 8 1 8 1 8 1 8 1 8 1 8 1 8 1 8 1 8 1 8 1 8 1 8 1 8 1 8 1 8 1 8 1 8 1 8 1 8 1 8 1 8 1 8 1 8 1 8 1 8 1 8 1 8 1 8 1 8 1 8 1 8 1 8 1 8 1 8 1 8 1 8 1 8 1 8 1 8 1 7 1 10 12 1 10 12 1 11 12 1 1 7 1 11 12 1 1 10 9 12 1 1 10 7 12 1 1 1 10 12 1 1 10 12 1 1 100 1 100 1 10 12 1 1 7 1 10 12 1 1 100 1 100 1 9 7 12 1 1 1 9 12 1 10 100 12 1 1 1 9 12 1 10 7 12 1 1 10 12 1 9 12 1 10 12 1 1 10 12 1 1 100 1 10 12 1 9 12 1 9 12 9 12 1 9 12 1 10 12 1 10 10 12 1 1 7 1 10 12 1 1 10 12 1 10 12 1 1 10 12 1 1 10 12 1 1 10 12 1 1 10 12 1 8 1 10 12 1 1 10 7 12 1 1 1 10 7 12 1 1 1 10 12 1 100 1 10 12 1 10 12 1 7 1 100 1 7 1 10 1 1 1 1 1 1 1 1 1 1 1 1 100 1 1 1 1 1 1 1 1 1 1 1 1 1 1 1 1 1 1 1 100 1 1 1 1 1 1 1 1 1 1 100 1 1 1 1 1 1 1 1 1 1 1 1 1 1 1 1 1 1 1 1 1 100 1 1 1
staticfield javax/swing/plaf/synth/SynthStyle SYNTH_GRAPHICS Ljavax/swing/plaf/synth/SynthGraphicsUtils; javax/swing/plaf/synth/SynthGraphicsUtils
instanceKlass javax/swing/plaf/synth/ParsedSynthStyle
ciInstanceKlass sun/swing/plaf/synth/DefaultSynthStyle 1 1 344 10 7 12 1 1 1 9 7 12 1 1 1 9 12 1 1 7 1 9 12 1 1 9 12 1 9 12 1 9 12 1 10 12 1 9 12 1 1 7 1 10 12 1 1 9 12 1 1 7 1 10 11 7 12 1 1 1 9 12 1 1 9 12 1 1 9 12 1 1 10 7 12 1 1 1 10 12 1 1 10 12 1 1 10 12 1 1 10 7 12 1 1 1 100 1 9 7 12 1 1 1 10 7 12 1 1 1 9 12 1 10 12 1 9 12 1 7 1 10 12 1 9 12 1 10 12 1 1 10 12 1 10 10 12 1 1 10 12 1 10 12 1 10 10 12 1 1 10 12 1 1 10 12 1 1 10 12 1 1 11 12 1 1 9 12 1 1 10 7 12 1 1 100 1 7 1 11 12 1 1 11 12 1 1 10 12 1 10 12 10 100 1 10 12 1 1 10 7 12 1 1 1 10 7 12 1 1 1 100 1 10 10 12 1 1 10 12 1 1 10 12 1 8 1 10 12 1 8 1 8 1 8 1 8 1 10 12 1 8 1 10 10 12 1 10 12 1 1 10 10 100 1 1 1 1 1 1 1 1 1 1 1 1 1 1 1 1 1 1 1 1 1 1 1 1 1 1 100 1 1 1 1 1 1 1 100 1 1 1 1 1 1 1 1 1 1 1 1 1 1 1 1 1 1 1 1 1 1 1 1 100 1 1 1 1 1 1 1 1 1 1 1 1 1 1 100 1 1 1 1 1 1 1 1 1 1 1 1 1 1 100 1 1
staticfield sun/swing/plaf/synth/DefaultSynthStyle PENDING Ljava/lang/Object; java/lang/Object
ciInstanceKlass javax/swing/plaf/synth/ParsedSynthStyle 1 1 154 7 1 10 7 12 1 1 1 10 12 1 1 10 7 12 1 1 1 10 12 1 7 1 9 12 1 1 9 12 1 1 10 10 12 1 1 10 12 1 1 10 100 12 1 1 1 10 12 1 1 100 1 10 12 1 1 10 12 1 1 9 100 12 1 1 10 12 1 1 10 12 1 10 12 1 1 100 1 10 12 1 10 12 1 8 1 10 12 1 1 10 8 1 10 7 1 10 1 1 1 1 1 1 1 1 1 1 1 1 1 1 1 1 100 1 1 1 1 1 1 1 1 1 1 1 1 1 1 1 1 1 1 1 1 1 1 1 1 1 1 1 1 1 1 100 1 1 1 100 1 1 1 1
ciInstanceKlass javax/swing/plaf/synth/SynthContext 1 1 92 10 7 12 1 1 1 10 7 12 1 1 1 10 12 1 1 9 12 1 1 9 12 1 1 9 12 1 1 9 12 1 1 10 7 1 100 1 8 1 10 12 1 10 12 1 10 7 12 1 1 1 10 12 1 1 10 100 12 1 1 1 9 100 12 1 1 1 1 1 1 1 1 1 1 1 1 1 100 1 1 1 1 1 1 1 1 1 1 1 1 1
instanceKlass javax/swing/plaf/synth/ParsedSynthStyle$StateInfo
ciInstanceKlass sun/swing/plaf/synth/DefaultSynthStyle$StateInfo 1 1 133 10 7 12 1 1 1 9 7 12 1 1 1 9 12 1 1 9 12 1 1 9 12 1 1 7 1 10 11 7 12 1 1 1 7 1 10 7 12 1 1 1 10 7 12 1 1 1 10 12 1 100 1 10 10 12 1 1 10 12 1 1 10 12 1 8 1 10 100 12 1 1 8 1 10 12 1 8 1 10 100 12 1 1 1 10 1 1 1 1 1 1 1 1 1 1 1 1 1 1 1 1 1 1 1 1 1 1 1 1 1 1 1 1 1 1 1 1 1 1 1 1 1 1 1 1 1 1 1 100 1 1 1
ciInstanceKlass javax/swing/plaf/synth/ParsedSynthStyle$StateInfo 1 1 78 10 7 12 1 1 1 10 12 1 7 1 9 12 1 1 10 10 12 1 1 10 7 12 1 1 1 100 1 10 12 1 1 10 12 1 8 1 10 12 1 1 8 1 10 100 1 8 1 10 1 1 1 1 1 1 1 1 1 1 1 1 1 1 1 1 1 1 1 1 1 1 1 1 100 1 1 1
instanceKlass com/jidesoft/swing/SearchableBar
ciInstanceKlass javax/swing/JToolBar 1 1 399 100 1 10 7 12 1 1 1 10 12 1 10 7 12 1 1 9 12 1 1 9 12 1 1 9 12 1 9 12 1 1 10 12 1 1 10 12 1 7 1 10 12 1 10 12 1 1 10 12 1 1 10 12 1 9 12 1 1 7 1 10 12 1 1 10 7 12 1 1 1 10 12 1 10 12 1 1 10 12 1 1 10 12 1 8 1 10 12 1 10 12 1 1 8 10 12 1 1 10 12 1 10 12 1 7 1 10 12 1 8 1 10 12 1 10 12 1 1 10 12 1 8 8 10 12 1 8 1 9 7 12 1 1 1 9 12 1 10 12 1 1 10 12 1 1 10 12 1 100 1 8 1 10 12 10 12 1 1 7 1 10 12 10 12 1 1 10 12 1 1 10 7 12 1 1 1 100 1 10 12 1 100 1 8 1 11 12 1 1 8 1 10 12 1 1 10 12 1 10 12 1 100 1 10 12 1 10 12 1 1 10 12 1 10 100 12 1 1 10 12 1 1 10 100 12 1 1 1 10 12 1 1 10 12 1 1 10 100 12 1 1 1 8 1 8 1 10 12 1 8 1 8 1 8 1 10 12 1 18 12 1 1 7 1 10 12 1 10 9 12 1 1 100 1 10 10 12 1 100 1 1 1 1 1 1 1 1 1 1 1 1 1 1 1 1 3 1 1 1 1 1 3 1 1 1 1 1 1 1 1 1 100 1 1 1 1 1 1 1 1 1 1 1 1 1 1 1 1 1 1 1 1 1 1 1 1 1 1 1 1 1 1 1 1 1 1 1 1 1 1 1 1 1 1 1 1 1 1 100 1 1 1 1 1 1 1 1 100 1 1 1 1 1 1 1 1 1 1 1 1 1 15 10 100 12 1 1 8 1 1 1 1 1 100 1 100 1 1
ciInstanceKlass javax/swing/table/TableCellRenderer 1 0 9 100 1 100 1 1 1 1 1
instanceKlass com/jidesoft/status/StatusBarItem
ciInstanceKlass com/jidesoft/swing/NullPanel 1 1 38 10 10 10 10 10 10 10 10 7 7 7 7 1 1 1 1 1 1 1 1 1 1 1 1 1 12 12 12 12 12 12 12 12 1 1 1 1
ciInstanceKlass ui/utils/lnf/q 1 1 330 8 8 8 8 8 8 8 8 8 8 8 100 7 100 100 100 100 100 100 100 100 100 100 100 100 100 7 100 7 100 100 100 100 100 100 100 100 100 100 100 100 100 100 7 100 7 6 0 6 0 6 0 6 0 9 9 9 9 9 9 9 10 10 10 10 10 10 10 10 10 10 10 10 10 10 10 10 10 10 10 10 10 10 10 10 10 10 10 10 10 10 10 10 10 10 10 10 10 10 10 10 10 10 10 10 10 11 11 11 11 11 11 11 11 12 12 12 12 12 12 12 12 12 12 12 12 12 12 12 12 12 12 12 12 12 12 12 12 12 12 12 12 12 12 12 12 12 12 12 12 12 12 12 12 12 12 12 12 12 12 12 12 12 12 12 12 12 12 12 12 12 12 1 1 1 1 1 1 1 1 1 1 1 1 1 1 1 1 1 1 1 1 1 1 1 1 1 1 1 1 1 1 1 1 1 1 1 1 1 1 1 1 1 1 1 1 1 1 1 1 1 1 1 1 1 1 1 1 1 1 1 1 1 1 1 1 1 1 1 1 1 1 1 1 1 1 1 1 1 1 1 1 1 1 1 1 1 1 1 1 1 1 1 1 1 1 1 1 1 1 1 1 1 1 1 1 1 1 1 1 1 1 1 1 1 1 1 1 1 1 1 1 1 1 1 1 1 1 1 1 1 1 1 1 1 1 1 1 1 1 1 1 1 1 1 1 1 1 1 1 1 1 1 1 1 1 1 1 1
staticfield ui/utils/lnf/q $assertionsDisabled Z 1
ciInstanceKlass de/javasoft/plaf/synthetica/SyntheticaLookAndFeel$JVMCompatibilityMode 1 1 48 7 1 7 1 1 1 1 1 1 1 1 1 8 10 12 1 1 9 12 8 9 12 9 12 1 10 1 1 10 100 1 12 1 1 1 1 10 12 1 1 1 1 1 1 100 1 1
staticfield de/javasoft/plaf/synthetica/SyntheticaLookAndFeel$JVMCompatibilityMode COMMON Lde/javasoft/plaf/synthetica/SyntheticaLookAndFeel$JVMCompatibilityMode; de/javasoft/plaf/synthetica/SyntheticaLookAndFeel$JVMCompatibilityMode
staticfield de/javasoft/plaf/synthetica/SyntheticaLookAndFeel$JVMCompatibilityMode SUN Lde/javasoft/plaf/synthetica/SyntheticaLookAndFeel$JVMCompatibilityMode; de/javasoft/plaf/synthetica/SyntheticaLookAndFeel$JVMCompatibilityMode
staticfield de/javasoft/plaf/synthetica/SyntheticaLookAndFeel$JVMCompatibilityMode ENUM$VALUES [Lde/javasoft/plaf/synthetica/SyntheticaLookAndFeel$JVMCompatibilityMode; 2 [Lde/javasoft/plaf/synthetica/SyntheticaLookAndFeel$JVMCompatibilityMode;
instanceKlass de/javasoft/plaf/synthetica/SyntheticaScrollPaneCorner$UIResource
ciInstanceKlass de/javasoft/plaf/synthetica/SyntheticaScrollPaneCorner 0 0 54 100 1 100 1 1 1 1 1 1 10 12 1 9 12 10 12 1 1 1 1 1 10 12 1 1 100 1 10 100 1 12 1 1 10 12 1 1 10 12 1 10 12 1 1 1 1 1 100 1 1 100 1 1
ciInstanceKlass de/javasoft/plaf/synthetica/StyleFactory$ComponentPropertyStore 1 1 493 7 1 7 1 1 1 1 1 1 1 1 1 1 1 1 1 1 9 12 10 12 1 8 1 10 7 1 12 1 1 10 7 1 12 1 1 9 12 10 12 1 1 1 10 12 1 7 1 10 12 1 9 12 7 1 10 12 1 9 12 8 1 10 7 1 12 1 1 10 12 1 1 10 12 1 10 12 1 1 1 7 1 10 12 1 10 12 1 1 1 1 8 1 10 7 1 12 1 10 7 1 12 1 10 7 1 12 1 1 8 1 100 1 10 12 1 1 8 1 10 12 1 1 8 1 7 1 10 12 1 8 1 10 12 1 1 10 7 1 12 1 8 1 10 12 1 8 1 7 1 10 12 1 1 8 1 100 1 10 12 1 1 8 1 10 12 1 1 8 1 100 1 10 12 1 1 8 1 10 12 1 1 10 100 1 12 1 8 1 7 1 10 12 1 1 8 1 8 1 10 12 1 1 8 1 7 1 8 1 10 12 1 1 11 7 1 12 1 8 1 10 12 1 10 12 1 10 12 1 100 1 1 10 12 1 1 11 100 1 12 1 1 10 12 1 1 11 12 1 10 12 1 10 12 1 1 10 12 1 10 100 1 12 1 10 12 1 1 10 12 1 1 10 12 10 12 1 1 10 12 1 1 100 1 100 1 10 12 1 10 12 1 1 10 12 1 10 12 1 10 12 1 10 12 1 100 1 10 12 1 1 10 12 1 1 10 12 1 1 100 1 10 12 1 1 8 1 10 12 1 1 10 12 1 1 10 100 1 12 1 1 8 1 10 12 1 10 12 1 1 8 1 10 12 1 1 10 12 1 1 8 1 10 12 1 1 10 12 1 1 8 1 10 12 1 1 10 12 1 1 8 1 10 12 1 1 10 12 1 1 8 1 10 12 1 1 10 12 1 1 8 1 100 1 10 12 1 1 10 12 1 1 8 1 100 1 10 10 100 1 10 12 1 1 100 1 10 12 1 1 10 12 1 8 1 100 1 10 12 1 1 8 1 10 8 1 100 1 10 100 1 10 12 1 1 100 1 10 12 1 1 11 12 1 10 12 1 100 1 100 1 100 1 100 1 100 1 100 1 100 1 1 1 1 1 1 1 1 1 100 1 1
ciInstanceKlass de/javasoft/plaf/synthetica/SyntheticaScrollPaneCorner$UIResource 0 0 17 100 1 100 1 100 1 1 1 1 10 12 1 1 1 1 1
instanceKlass de/javasoft/plaf/synthetica/styles/ToggleButtonStyle
instanceKlass de/javasoft/plaf/synthetica/styles/ProgressBarStyle
instanceKlass de/javasoft/plaf/synthetica/styles/MenuItemAcceleratorStyle
instanceKlass de/javasoft/plaf/synthetica/styles/PopupMenuSeparatorStyle
instanceKlass de/javasoft/plaf/synthetica/styles/ToolBarSeparatorStyle
instanceKlass de/javasoft/plaf/synthetica/styles/EditorPaneStyle
instanceKlass de/javasoft/plaf/synthetica/styles/PasswordFieldStyle
instanceKlass de/javasoft/plaf/synthetica/styles/TextAreaStyle
instanceKlass de/javasoft/plaf/synthetica/styles/ToolBarStyle
instanceKlass de/javasoft/plaf/synthetica/styles/ToolTipStyle
instanceKlass de/javasoft/plaf/synthetica/styles/TextPaneStyle
instanceKlass de/javasoft/plaf/synthetica/styles/TabbedPaneContentStyle
instanceKlass de/javasoft/plaf/synthetica/styles/TabbedPaneStyle
instanceKlass de/javasoft/plaf/synthetica/styles/RadioButtonStyle
instanceKlass de/javasoft/plaf/synthetica/styles/OptionPaneStyle
instanceKlass de/javasoft/plaf/synthetica/styles/MenuStyle
instanceKlass de/javasoft/plaf/synthetica/styles/InternalFrameStyle
instanceKlass de/javasoft/plaf/synthetica/styles/SeparatorStyle
instanceKlass de/javasoft/plaf/synthetica/styles/MenuItemStyle
instanceKlass de/javasoft/plaf/synthetica/styles/InternalFrameTitlePaneStyle
instanceKlass de/javasoft/plaf/synthetica/styles/RootPaneStyle
instanceKlass de/javasoft/plaf/synthetica/styles/TreeStyle
instanceKlass de/javasoft/plaf/synthetica/styles/TableStyle
instanceKlass de/javasoft/plaf/synthetica/styles/CheckBoxStyle
instanceKlass de/javasoft/plaf/synthetica/styles/TableHeaderStyle
instanceKlass de/javasoft/plaf/synthetica/styles/TextFieldStyle
instanceKlass de/javasoft/plaf/synthetica/styles/ScrollPaneStyle
instanceKlass de/javasoft/plaf/synthetica/styles/ArrowButtonStyle
instanceKlass de/javasoft/plaf/synthetica/styles/ScrollBarStyle
instanceKlass de/javasoft/plaf/synthetica/styles/ViewportStyle
instanceKlass de/javasoft/plaf/synthetica/styles/ListStyle
instanceKlass de/javasoft/plaf/synthetica/styles/LabelStyle
instanceKlass de/javasoft/plaf/synthetica/styles/PopupMenuStyle
instanceKlass de/javasoft/plaf/synthetica/styles/ComboBoxStyle
instanceKlass de/javasoft/plaf/synthetica/styles/ButtonStyle
ciInstanceKlass de/javasoft/plaf/synthetica/styles/StyleWrapper 1 1 222 7 1 7 1 1 1 1 1 1 1 1 1 1 7 1 10 12 1 9 12 1 10 1 9 12 1 11 7 1 12 1 1 1 1 1 1 10 12 1 1 10 12 1 1 10 12 1 1 1 10 12 10 12 1 1 7 1 100 1 10 100 1 12 1 10 7 1 12 1 1 10 12 1 10 12 1 1 10 12 1 1 10 12 1 1 1 10 1 1 10 12 1 1 10 12 10 12 1 1 11 12 1 7 1 7 1 10 10 12 1 1 10 12 1 1 10 12 1 10 12 1 10 12 1 7 1 10 7 1 12 1 1 10 12 1 11 12 1 1 100 1 1 1 10 12 10 12 1 1 100 1 1 1 7 1 10 12 1 10 7 1 12 1 1 10 12 1 1 10 100 1 1 1 10 100 1 12 1 1 1 10 12 1 1 10 12 10 7 1 12 1 1 10 100 1 12 1 100 1 10 12 10 12 1 1 10 12 1 10 12 8 1 10 12 1 1 1 1 100 1 1
ciInstanceKlass de/javasoft/plaf/synthetica/StyleFactory$ComponentProperty 1 1 172 7 1 7 1 1 1 1 8 1 1 8 1 1 8 1 1 8 1 1 8 1 1 8 1 1 8 1 1 8 1 1 8 1 1 8 1 1 8 1 1 8 1 1 8 1 1 8 1 1 8 1 1 8 1 1 8 1 1 8 1 1 8 1 1 8 1 1 8 1 1 8 1 1 8 1 1 8 1 1 8 1 1 8 1 1 8 1 1 8 1 1 1 1 1 1 1 1 1 1 1 1 1 1 1 9 12 10 12 1 7 1 10 12 1 9 12 9 12 7 1 10 12 1 1 9 12 10 12 1 1 7 1 10 7 1 12 1 1 10 12 1 10 12 1 1 10 12 1 1 10 9 12 100 1 1 1 100 1 100 1 1 1 1 1 1 1 1 1 1 1 1
ciInstanceKlass de/javasoft/plaf/synthetica/styles/ButtonStyle 1 1 162 7 1 7 1 1 1 1 1 1 10 12 1 9 12 1 10 1 1 10 7 1 12 1 1 10 12 1 1 10 1 1 1 10 12 8 1 10 7 1 12 1 1 10 12 1 1 7 1 10 12 1 1 8 1 100 1 10 12 1 1 100 1 1 1 10 7 1 12 1 1 9 7 1 12 1 1 10 7 1 12 1 1 7 1 10 12 1 1 10 12 8 1 7 1 10 12 1 1 8 1 7 1 10 12 1 1 10 12 1 8 1 10 12 1 1 10 12 1 1 10 12 1 10 12 1 1 8 1 10 12 1 1 8 1 8 1 10 12 1 1 10 12 1 1 10 100 1 12 1 1 100 1 10 12 1 1 10 12 1 1 1
ciInstanceKlass de/javasoft/plaf/synthetica/StyleFactory$8 1 1 138 7 1 7 1 100 1 1 1 1 1 1 9 12 10 12 1 1 1 1 10 7 1 12 1 1 7 1 10 12 1 1 8 1 10 7 1 12 1 1 8 1 8 1 10 7 1 12 1 1 10 12 1 1 10 7 1 12 1 1 8 1 10 12 1 10 12 1 1 10 7 1 12 1 1 10 12 1 1 10 7 1 12 1 1 7 1 10 12 1 1 100 1 10 12 1 8 1 8 1 10 12 1 1 10 12 1 1 8 1 10 7 1 12 1 1 7 1 10 12 1 1 8 1 10 12 1 100 1 1 1 1 1 12 1 1 1 1
ciInstanceKlass de/javasoft/plaf/synthetica/styles/ComboBoxStyle 1 1 73 7 1 7 1 1 1 1 1 1 10 12 1 9 12 1 10 1 1 10 7 1 12 1 1 10 12 1 1 10 1 1 1 10 12 10 7 1 12 1 1 10 7 1 12 1 1 10 7 1 12 1 1 100 1 9 12 1 1 9 12 1 9 12 1 9 12 1 10 12 1 1 1
ciInstanceKlass de/javasoft/plaf/synthetica/styles/PopupMenuStyle 1 1 75 7 1 7 1 1 1 1 1 1 10 12 1 9 12 1 10 1 1 7 1 10 12 1 1 10 7 1 12 1 1 10 12 1 7 1 10 10 12 1 1 10 12 1 1 10 12 1 1 10 1 1 1 10 7 1 12 1 1 8 1 10 12 1 10 12 1 1 10 12 100 1 1 1 1
ciInstanceKlass de/javasoft/plaf/synthetica/styles/PopupMenuStyle$1 1 1 68 100 1 7 1 100 1 1 1 1 10 12 1 1 1 10 7 1 12 1 1 8 1 10 7 1 12 1 1 10 12 1 1 100 1 10 12 1 1 100 1 10 12 1 1 10 12 1 1 10 100 1 12 1 1 10 12 1 1 1 1 1 100 1 12 1 1 1
ciInstanceKlass de/javasoft/plaf/synthetica/StyleFactory$23 1 1 78 7 1 7 1 100 1 1 1 1 1 1 9 12 10 12 1 1 1 1 10 100 1 12 1 1 100 1 10 100 1 12 1 1 10 100 1 12 1 1 8 1 10 100 1 12 1 1 100 1 100 1 8 1 10 12 1 1 10 12 1 10 12 1 10 12 1 1 1 1 1 1 1 12 1 1 1 1
ciInstanceKlass de/javasoft/plaf/synthetica/StyleFactory$SyntheticaComboPopupBorder 0 0 64 100 1 100 1 100 1 1 1 1 10 12 1 1 1 8 1 10 100 1 12 1 1 1 1 1 1 8 1 10 12 1 1 10 12 100 1 10 12 1 10 12 1 1 10 100 1 12 1 1 10 12 1 1 100 1 1 10 1 1 1 100 1 1
ciInstanceKlass de/javasoft/plaf/synthetica/styles/LabelStyle 1 1 115 7 1 7 1 1 1 1 1 1 10 12 1 9 12 1 10 1 1 10 7 1 12 1 1 10 12 1 1 10 1 1 1 10 7 1 12 1 1 10 7 1 12 1 1 100 1 10 12 1 1 8 1 10 100 1 12 1 1 8 1 10 12 1 100 1 8 1 9 7 1 12 1 1 100 1 10 100 1 100 1 10 12 1 1 8 1 10 12 1 1 100 1 10 12 1 8 1 10 12 1 8 1 9 12 1 1 10 7 1 12 100 1 1 1
ciInstanceKlass de/javasoft/plaf/synthetica/StyleFactory$RepaintFocusListener 1 1 65 7 1 7 1 100 1 1 1 1 10 12 1 1 1 10 100 1 12 1 1 10 12 1 1 1 10 100 1 12 1 1 8 1 10 100 1 12 1 1 10 12 1 1 10 100 1 12 1 8 1 10 100 1 10 10 1 1 10 1 1 1 100 1 1
ciInstanceKlass de/javasoft/plaf/synthetica/styles/ListStyle 1 1 78 7 1 7 1 1 1 1 1 1 10 12 1 9 12 1 10 1 1 10 7 1 12 1 1 10 12 1 1 10 1 1 1 10 7 1 12 1 1 9 7 1 12 1 1 10 100 1 12 1 1 9 12 1 1 10 7 1 12 1 1 8 1 10 7 1 12 1 1 10 100 1 12 1 10 12 1 1
ciInstanceKlass de/javasoft/plaf/synthetica/StyleFactory$9 1 1 95 7 1 7 1 100 1 1 1 1 1 1 9 12 10 12 1 1 1 1 10 7 1 12 1 1 7 1 10 12 1 1 8 1 10 7 1 12 1 1 10 12 1 1 10 7 1 12 1 1 8 1 10 7 1 12 1 1 10 12 1 1 10 12 1 1 10 7 1 12 1 1 7 1 10 12 1 1 100 1 10 12 1 100 1 1 1 1 1 100 1 12 1 1 1
ciInstanceKlass de/javasoft/plaf/synthetica/styles/ViewportStyle 1 1 102 7 1 7 1 1 1 1 1 1 10 12 1 9 12 1 10 1 1 10 7 1 12 1 1 10 12 1 1 10 1 1 1 9 100 1 12 1 1 10 100 1 12 1 1 100 1 10 12 1 1 10 100 1 12 1 1 10 100 1 12 1 1 8 1 10 100 1 12 1 1 8 1 10 12 1 1 10 12 1 8 1 10 12 1 1 100 1 10 12 1 1 10 100 1 12 1 1 10 12 1 1
ciInstanceKlass de/javasoft/plaf/synthetica/StyleFactory$25 1 1 76 7 1 7 1 1 1 1 1 1 9 12 10 12 1 1 1 1 10 7 1 12 1 1 10 7 1 12 1 1 10 7 1 12 1 1 8 1 10 7 1 12 1 1 8 1 10 100 1 12 1 1 7 1 10 12 1 1 7 1 10 7 1 12 1 1 1 100 1 1 1 1 12 1 1 1
ciInstanceKlass de/javasoft/plaf/synthetica/styles/ScrollBarStyle 1 1 73 7 1 7 1 1 1 1 1 1 10 12 1 9 12 1 10 1 1 10 7 1 12 1 1 10 12 1 1 10 1 1 1 10 7 1 12 1 1 10 12 7 1 8 1 10 12 1 1 8 1 10 7 1 12 1 1 10 12 1 1 10 12 1 1 8 1 100 1 100 1 1 1
ciInstanceKlass de/javasoft/plaf/synthetica/StyleFactory$11 1 1 92 7 1 7 1 1 1 1 1 1 9 12 10 12 1 1 1 1 10 100 1 12 1 1 100 1 8 1 10 12 1 1 100 1 10 12 1 1 10 12 1 1 10 12 1 1 10 12 1 1 1 10 12 1 1 1 8 1 1 10 12 1 1 10 12 1 1 10 12 1 1 10 100 1 12 1 1 10 100 1 12 1 1 1 1 1 100 1 12 1 1 1
ciInstanceKlass de/javasoft/plaf/synthetica/styles/ArrowButtonStyle 1 1 37 7 1 7 1 1 1 1 1 1 10 12 1 9 12 1 10 1 1 10 7 1 12 1 1 10 12 1 1 10 1 1 1 10 12 1 1
ciInstanceKlass de/javasoft/plaf/synthetica/StyleFactory$3 1 1 45 7 1 7 1 1 1 1 1 1 9 12 10 12 1 1 1 1 10 100 1 12 1 1 100 1 10 12 1 1 10 100 1 12 1 1 1 1 1 100 1 12 1 1 1
ciInstanceKlass de/javasoft/plaf/synthetica/styles/ScrollPaneStyle 1 1 210 7 1 7 1 1 1 1 1 1 1 1 10 12 1 9 12 8 1 9 12 1 10 1 1 8 1 10 7 1 12 1 1 7 1 10 100 1 12 1 1 10 100 1 12 1 1 10 100 1 12 1 1 10 12 1 1 10 100 1 12 1 1 100 1 10 12 1 1 8 1 10 100 1 12 1 1 10 12 1 1 10 100 1 12 1 1 100 1 10 12 1 1 100 1 10 12 1 10 12 1 1 10 12 1 1 10 100 1 1 100 1 100 1 1 10 7 1 12 1 1 7 1 8 1 10 12 1 1 10 7 1 12 1 10 12 1 1 10 7 1 12 1 1 8 1 10 7 1 12 1 1 10 12 1 1 10 12 1 1 9 12 1 1 10 12 10 12 1 1 100 1 9 100 1 12 1 1 100 1 10 12 1 1 8 1 10 12 1 10 12 1 8 1 100 1 10 8 1 10 8 1 10 12 1 10 1 1 1 1
ciInstanceKlass de/javasoft/plaf/synthetica/StyleFactory$26 1 1 74 7 1 7 1 100 1 1 1 1 1 1 9 12 10 12 1 1 1 1 8 1 10 7 1 12 1 1 10 7 1 12 1 1 10 12 1 1 7 1 10 12 1 1 10 7 1 12 1 1 8 1 10 100 1 12 1 1 100 1 10 12 1 1 1 100 1 1 1 1 12 1 1 1
ciInstanceKlass de/javasoft/plaf/synthetica/styles/TextFieldStyle 1 1 121 7 1 7 1 1 1 1 1 1 10 12 1 9 12 1 10 1 1 10 7 1 12 1 1 7 1 10 12 1 1 10 12 1 1 10 1 1 1 9 12 1 1 10 7 1 12 10 7 1 12 1 1 10 7 1 12 1 1 8 1 10 7 1 12 1 1 7 1 10 12 1 10 12 1 1 10 12 1 1 1 1 9 7 1 12 1 1 10 7 1 12 1 1 7 1 8 1 10 12 1 1 10 12 100 1 10 12 1 10 12 1 100 1 9 12 1 10 12 1 1
ciInstanceKlass de/javasoft/plaf/synthetica/styles/TableHeaderStyle 1 1 33 7 1 7 1 1 1 1 1 1 10 12 1 9 12 1 10 1 1 10 7 1 12 1 1 10 12 1 1 10 1 1 1
ciInstanceKlass de/javasoft/plaf/synthetica/SyntheticaHeaderRenderer5 0 0 171 100 1 100 1 100 1 1 1 1 5 0 1 1 1 1 1 1 1 10 12 8 1 10 100 1 12 1 1 10 12 1 1 8 1 10 12 1 1 1 1 1 9 12 9 12 10 100 1 12 1 1 9 100 1 12 1 1 10 100 1 12 1 1 100 1 10 12 1 10 100 1 12 1 1 10 12 1 1 8 1 10 100 1 12 1 10 12 1 1 100 1 10 12 1 10 12 1 1 9 12 1 1 100 1 10 12 1 10 12 1 1 1 100 1 100 1 1 1 8 1 10 12 1 1 100 1 8 1 100 1 10 12 1 1 10 100 1 12 1 1 100 1 10 12 10 12 1 1 10 12 1 10 12 1 1 10 12 100 1 1 8 1 10 12 1 1 10 12 1 1
ciInstanceKlass de/javasoft/plaf/synthetica/SyntheticaHeaderRenderer 1 1 274 7 1 7 1 100 1 1 1 1 5 0 1 1 1 1 1 1 1 1 1 10 12 1 9 12 1 1 10 12 8 1 10 7 1 12 1 1 10 12 1 1 8 1 10 12 1 1 1 1 9 12 9 12 10 12 100 1 10 100 1 12 1 1 9 100 1 12 1 1 10 100 1 12 1 1 100 1 10 12 1 10 100 1 12 1 1 10 12 1 1 8 1 10 100 1 12 1 10 12 1 1 100 1 10 12 1 10 12 1 1 9 12 1 1 100 1 10 12 1 10 12 1 1 10 12 1 1 11 100 1 12 1 1 11 100 1 12 1 1 100 1 10 12 1 1 10 12 1 1 10 12 1 1 10 7 1 12 1 8 1 10 12 1 1 8 1 8 1 10 12 1 1 11 12 1 1 1 100 1 100 1 100 1 100 1 1 1 8 1 10 12 1 1 100 8 1 100 1 10 12 1 10 100 1 12 1 1 100 1 10 12 10 12 1 10 12 1 10 12 1 1 10 12 100 1 1 1 10 100 1 12 1 11 12 1 100 1 10 11 12 1 1 11 12 1 1 8 1 10 12 1 10 12 10 12 1 1 9 12 1 1 9 12 1 9 12 1 100 1 1 1 1 1
ciInstanceKlass de/javasoft/plaf/synthetica/StyleFactory$5 1 1 46 7 1 7 1 1 1 1 1 1 1 1 9 12 9 12 10 12 1 1 1 1 8 1 10 100 1 12 1 1 10 100 1 12 1 1 1 1 1 1 100 1 12 1 1 1
ciInstanceKlass de/javasoft/plaf/synthetica/styles/CheckBoxStyle 1 1 199 7 1 7 1 1 1 1 1 1 10 12 1 9 12 1 10 1 1 10 7 1 12 1 1 10 12 1 1 10 1 1 1 10 12 8 1 10 7 1 12 1 1 10 12 1 1 100 1 10 12 1 1 8 1 100 1 10 12 1 1 100 1 1 1 10 7 1 12 1 1 7 1 10 12 1 10 12 1 1 8 1 10 12 1 1 100 1 10 12 1 1 8 1 10 12 1 1 10 12 1 8 1 8 1 10 12 1 1 10 12 1 1 10 12 1 10 12 1 10 12 10 100 1 12 1 1 100 1 8 1 8 1 10 100 1 12 1 1 10 100 1 12 1 1 10 12 1 8 1 10 12 1 1 4 10 100 1 12 1 1 100 1 10 12 1 8 1 8 1 4 100 1 10 12 1 1 7 1 10 12 1 100 1 10 12 1 100 1 100 1 100 1 1 1 1 100 1 1
ciInstanceKlass de/javasoft/plaf/synthetica/styles/TableStyle 1 1 119 7 1 7 1 1 1 1 1 1 10 12 1 9 12 1 10 1 1 10 7 1 12 1 1 10 12 1 1 10 1 1 1 9 7 1 12 1 1 10 7 1 12 1 1 10 7 1 12 1 1 7 1 10 12 1 1 8 1 10 7 1 12 1 1 10 12 1 1 10 7 1 12 1 1 10 7 1 12 1 1 9 12 1 1 10 7 1 12 7 1 10 12 1 1 10 12 1 1 10 12 1 10 12 1 1 8 1 10 100 1 12 1 8 1 100 1 1 1
ciInstanceKlass de/javasoft/plaf/synthetica/StyleFactory$22 1 1 114 7 1 7 1 100 1 1 1 1 1 1 9 12 10 12 1 1 1 1 10 7 1 12 1 1 10 12 1 1 7 1 10 12 1 1 8 1 10 7 1 12 1 1 8 1 10 12 1 1 7 1 10 7 1 12 1 8 1 10 7 1 12 1 1 8 1 10 12 1 1 8 1 10 12 1 1 10 12 1 1 10 12 1 1 10 7 1 12 1 1 7 1 10 12 1 1 100 1 10 12 1 100 1 1 1 1 1 100 1 12 1 1 1
ciInstanceKlass de/javasoft/plaf/synthetica/styles/TreeStyle 1 1 65 7 1 7 1 1 1 1 1 1 10 12 1 9 12 1 10 1 1 10 7 1 12 1 1 10 12 1 1 10 1 1 1 10 12 8 1 10 7 1 12 1 1 7 1 10 12 1 1 8 1 8 1 10 12 1 1 10 12 1 1 100 1 1 1
ciInstanceKlass de/javasoft/plaf/synthetica/styles/RootPaneStyle 1 1 37 7 1 7 1 1 1 1 1 1 10 12 1 9 12 1 10 1 1 10 7 1 12 1 1 10 12 1 1 10 1 1 1 10 12 1 1
ciInstanceKlass de/javasoft/plaf/synthetica/styles/InternalFrameTitlePaneStyle 1 1 33 7 1 7 1 1 1 1 1 1 10 12 1 9 12 1 10 1 1 10 7 1 12 1 1 10 12 1 1 10 1 1 1
ciInstanceKlass de/javasoft/plaf/synthetica/StyleFactory$4 1 1 109 7 1 7 1 100 1 1 1 1 1 1 9 12 10 12 1 1 1 1 8 1 10 7 1 12 1 1 10 7 1 12 1 1 10 12 1 1 100 1 10 12 1 1 100 1 10 100 1 12 1 1 10 100 1 12 1 1 10 12 1 1 10 100 1 12 1 8 1 10 12 1 1 10 100 1 12 1 1 8 1 10 100 1 12 1 1 100 1 10 12 1 10 12 1 1 1 100 1 100 1 1 1 1 12 1 1 1 1
ciInstanceKlass javax/swing/plaf/synth/SynthTableHeaderUI$HeaderRenderer 1 1 163 9 7 12 1 1 1 10 7 12 1 1 1 100 1 10 12 1 1 8 1 10 12 1 1 10 100 12 1 1 1 10 100 12 1 1 1 10 12 1 1 100 1 10 100 12 1 1 1 10 12 1 1 10 12 1 10 12 1 1 10 100 12 1 1 1 11 100 12 1 1 1 11 12 1 1 100 1 10 12 1 10 12 1 1 9 100 12 1 1 1 10 12 1 1 10 100 12 1 1 8 1 8 1 10 12 1 1 8 1 8 1 100 1 8 1 10 12 1 10 12 1 1 7 1 10 12 1 1 1 1 1 1 1 1 1 1 1 1 1 1 1 1 1 1 1 1 1 1 1 1 1 1 1 1 1 1 1 1 1 1 1 1
ciInstanceKlass javax/swing/table/TableCellEditor 1 0 11 100 1 100 1 100 1 1 1 1 1
ciInstanceKlass javax/swing/JTable$DateRenderer 1 1 53 10 7 12 1 1 1 9 100 12 1 1 1 10 100 12 1 1 1 8 1 10 12 1 1 10 12 1 1 1 1 1 1 1 1 1 1 1 1 100 1 100 1 1 1 1 100 1 1 100 1 1 1
instanceKlass javax/swing/JTable$DoubleRenderer
ciInstanceKlass javax/swing/JTable$NumberRenderer 1 1 30 10 7 12 1 1 1 100 1 10 7 12 1 1 1 1 1 1 1 1 1 1 1 100 1 1 100 1 1 1
ciInstanceKlass javax/swing/plaf/synth/SynthTableUI$SynthBooleanTableCellRenderer 1 1 109 9 7 12 1 1 1 10 7 12 1 1 1 100 1 10 12 1 1 8 1 10 12 1 1 9 12 1 1 10 100 12 1 1 1 10 12 1 1 10 12 1 1 10 12 1 10 12 1 10 12 1 10 12 1 100 1 10 12 1 1 10 12 1 1 100 1 100 1 10 12 1 1 10 12 10 12 1 100 1 1 1 1 1 1 1 1 1 1 1 1 1 1 1 1 1 1 1 100 1 1 1 1 1 1 100 1 1 1
ciInstanceKlass javax/swing/JTable$BooleanRenderer 1 1 102 10 7 12 1 1 1 100 1 10 7 12 1 1 1 10 12 1 1 10 100 12 1 1 1 10 12 1 1 10 12 1 10 12 1 10 12 1 10 12 1 10 100 1 10 12 1 1 10 12 1 8 1 10 100 12 1 1 1 10 12 1 1 9 12 1 1 7 1 10 12 1 100 1 100 1 1 1 1 1 1 1 1 1 1 1 1 1 1 1 1 1 1 1 100 1 1 1 1 1 1 1
staticfield javax/swing/JTable$BooleanRenderer noFocusBorder Ljavax/swing/border/Border; javax/swing/border/EmptyBorder
ciInstanceKlass javax/swing/tree/TreeCellRenderer 1 0 9 100 1 100 1 1 1 1 1
ciInstanceKlass javax/swing/JInternalFrame$JDesktopIcon 1 1 167 10 7 12 1 1 1 10 7 12 1 1 1 10 12 1 1 10 12 1 9 12 1 1 7 1 10 12 1 1 9 12 1 1 10 12 1 1 10 7 12 1 1 1 10 7 12 1 1 1 10 12 1 10 12 1 10 12 1 1 9 7 12 1 1 1 9 12 1 10 12 1 1 10 12 1 10 7 12 1 1 1 10 12 1 1 8 1 10 100 12 1 1 10 12 1 1 10 100 12 1 1 1 10 12 1 1 10 12 1 1 10 100 12 1 1 1 9 12 1 1 100 1 10 12 1 10 12 1 100 1 1 1 1 1 1 1 1 1 1 1 1 1 1 1 1 1 1 100 1 1 1 1 1 1 1 100 1 1 1 1 1 1 1 1 1 1
ciInstanceKlass javax/swing/plaf/synth/SynthInternalFrameTitlePane 1 1 640 9 7 12 1 1 1 9 12 1 1 9 12 1 9 12 1 10 7 12 1 1 1 8 1 10 12 1 1 10 12 1 1 9 12 1 1 10 7 12 1 1 10 7 12 1 1 1 10 7 12 1 1 1 100 1 10 12 1 9 12 1 8 1 10 7 12 1 1 1 8 1 8 1 8 1 10 12 1 1 10 12 1 1 10 12 1 1 10 10 12 1 10 10 12 1 10 12 1 1 8 1 10 7 12 1 1 1 9 12 1 1 8 1 9 12 1 8 1 9 12 1 8 1 9 12 1 8 1 10 12 1 1 9 12 1 1 8 1 9 12 1 8 1 10 12 1 1 100 1 100 1 9 12 1 10 12 1 1 8 1 10 12 1 1 8 1 10 12 1 10 12 1 10 12 1 1 10 12 1 1 10 7 12 1 1 1 9 12 1 1 10 12 1 1 10 12 7 1 10 12 10 12 1 10 12 1 10 12 1 1 10 12 1 7 1 10 12 1 10 12 1 1 10 7 1 10 10 12 1 1 9 12 1 1 10 7 12 1 1 8 1 10 12 1 1 10 7 12 1 1 1 9 12 1 8 1 9 12 1 8 1 9 12 1 8 1 9 12 1 8 1 7 1 10 10 9 12 1 8 1 18 12 1 1 10 7 12 1 1 1 10 7 12 1 1 100 1 10 12 1 1 10 12 1 10 12 1 1 10 12 1 10 12 1 10 12 1 1 10 9 7 12 1 1 9 12 1 10 12 1 1 9 100 12 1 1 9 12 1 9 12 1 10 12 1 10 12 1 1 10 12 1 1 10 12 1 10 100 12 1 1 1 10 12 1 10 12 1 10 12 1 1 9 100 12 1 1 1 10 12 1 1 10 100 12 1 1 1 10 12 1 1 10 12 1 1 10 100 12 1 1 1 10 100 12 1 1 10 12 1 10 12 1 10 12 1 10 12 1 10 12 1 10 12 1 1 10 10 10 12 1 10 12 1 1 10 12 1 10 100 12 1 1 1 10 100 12 1 1 1 10 12 1 10 12 1 1 10 12 1 8 1 100 1 7 1 10 10 7 12 1 1 1 10 12 1 1 10 12 1 8 1 10 12 1 1 8 1 9 12 1 11 7 12 1 1 11 12 1 100 1 10 12 1 1 100 1 10 12 1 1 10 12 1 10 12 1 1 10 10 12 1 10 12 1 10 12 1 1 100 1 100 1 1 1 1 1 1 1 1 1 1 1 1 1 1 1 1 1 1 1 1 1 1 1 1 1 1 1 1 1 1 1 1 1 1 1 1 1 1 1 1 1 1 1 1 1 1 1 1 1 1 1 1 1 1 1 1 1 1 1 1 1 1 1 1 1 1 1 1 1 1 1 1 1 1 1 1 1 1 1 1 1 1 1 1 1 1 1 1 1 1 15 10 7 12 1 1 8 1 1 1 1 1 100 1 100 1 1
ciInstanceKlass javax/swing/plaf/synth/SynthInternalFrameTitlePane$JPopupMenuUIResource 1 1 23 10 7 12 1 1 1 100 1 100 1 1 1 1 1 1 1 1 1 7 1 1 1
ciInstanceKlass javax/swing/JPopupMenu$1 1 1 44 9 7 12 1 1 1 10 7 12 1 1 1 10 7 12 1 1 1 10 12 1 1 1 1 1 1 1 1 1 1 1 1 1 100 1 1 1 1 12 1 1 1 1
ciInstanceKlass javax/swing/JDesktopPane 0 0 436 10 100 12 1 1 1 9 100 12 1 1 1 9 12 1 1 9 12 1 1 9 12 1 9 12 1 8 1 9 100 12 1 1 1 10 12 1 1 10 12 1 1 100 1 10 12 1 10 12 1 1 10 12 1 9 12 1 1 100 1 10 12 1 1 8 10 12 1 1 9 12 1 1 8 10 12 1 10 100 12 1 1 1 10 12 1 8 1 10 12 1 1 100 1 11 100 12 1 1 1 100 1 100 1 10 10 100 12 1 1 1 10 12 1 1 11 12 1 1 100 1 10 12 1 1 11 12 1 1 11 12 1 1 11 100 12 1 1 1 11 12 1 1 10 12 1 11 12 1 100 1 10 10 10 100 1 10 12 1 10 12 1 11 100 1 100 1 11 12 1 10 12 1 11 9 12 1 11 100 1 10 12 1 10 12 1 9 12 1 1 11 12 1 1 11 11 12 1 1 10 12 1 1 10 12 1 1 10 12 1 10 12 1 10 12 1 10 12 1 10 12 1 10 12 1 100 1 10 12 1 10 12 1 1 10 12 1 8 1 9 12 1 10 12 1 1 10 12 10 12 1 10 12 1 1 10 100 12 1 1 10 12 1 1 10 100 12 1 1 10 100 12 1 1 1 10 12 1 1 10 100 12 1 1 1 100 1 10 12 1 10 12 1 10 10 100 12 1 1 8 1 10 12 1 18 12 1 1 9 12 1 1 100 1 10 10 12 1 100 1 1 1 1 1 3 1 3 1 1 1 1 1 1 1 1 1 1 1 1 1 1 1 1 1 1 1 1 1 1 1 1 1 1 1 1 1 1 1 1 1 1 1 1 1 1 1 1 100 1 1 1 1 1 1 1 1 1 1 1 1 1 1 1 1 1 1 1 1 1 1 1 1 1 1 1 1 1 1 1 1 1 1 1 100 1 1 1 1 1 1 1 1 1 1 1 1 1 1 15 10 100 12 1 1 8 1 1 1 1 1 100 1 100 1 1
ciInstanceKlass javax/swing/plaf/synth/SynthBorder 1 1 180 10 7 12 1 1 1 9 7 12 1 1 1 9 12 1 1 10 12 1 7 1 11 100 12 1 1 1 10 100 12 1 1 1 9 12 1 1 100 1 8 1 10 12 1 11 12 1 1 7 1 9 12 1 1 9 12 1 9 12 1 9 12 1 10 12 1 10 7 12 1 1 1 9 12 1 1 9 12 1 9 12 1 9 12 1 9 12 1 9 12 1 9 12 1 9 12 1 9 12 1 7 1 10 12 1 1 9 12 1 9 12 1 9 12 1 9 12 1 9 12 1 9 12 1 7 1 10 9 12 1 7 1 10 9 12 1 100 1 10 10 7 12 1 1 1 100 1 1 1 1 1 1 1 1 1 1 1 1 1 1 1 1 1 1 1 1 1 1 1 100 1 1 1 1 1 1 1 1 1
staticfield javax/swing/plaf/synth/SynthBorder $assertionsDisabled Z 1
ciInstanceKlass javax/swing/event/AncestorListener 1 0 13 100 1 100 1 100 1 1 1 1 1 1 1
ciInstanceKlass java/beans/VetoableChangeListener 0 0 14 100 1 100 1 100 1 1 1 1 100 1 1 1
ciInstanceKlass javax/swing/border/TitledBorder 0 0 520 100 1 10 12 1 1 8 1 10 100 12 1 1 9 12 1 1 9 12 1 1 9 12 1 1 9 12 1 1 10 12 1 1 10 12 1 100 1 10 9 12 1 1 10 12 1 1 100 1 8 1 10 12 1 1 10 12 1 10 12 1 1 10 12 1 1 10 100 12 1 1 1 10 12 1 1 10 12 1 1 100 1 10 12 1 10 12 1 1 9 100 12 1 1 1 10 12 1 1 9 12 1 9 12 1 9 12 1 9 12 1 9 12 1 10 12 1 1 11 100 12 1 1 1 10 100 12 1 1 1 100 1 100 1 10 100 1 10 10 100 12 1 1 1 10 12 1 1 10 12 1 10 12 1 1 10 12 1 10 12 1 1 8 1 10 100 12 1 1 9 12 1 9 12 1 8 1 10 12 1 1 8 1 10 12 1 1 100 1 18 12 1 1 10 12 1 18 10 12 1 10 12 100 1 8 1 10 8 1 8 1 10 12 1 1 10 12 1 1 9 100 12 1 1 1 9 12 1 9 12 1 10 12 1 8 1 10 12 1 1 100 1 10 12 1 8 1 10 12 1 1 8 1 8 1 8 1 8 1 8 1 10 12 1 10 100 12 1 1 1 10 100 12 1 1 10 12 1 1 10 12 100 1 8 1 10 12 1 10 12 1 1 10 12 1 10 12 1 10 12 1 10 12 1 1 10 12 1 10 12 1 1 10 12 1 1 10 12 1 10 12 1 10 12 1 10 12 1 11 100 1 10 12 1 18 12 1 1 10 12 1 1 10 12 1 1 10 100 1 10 100 12 1 1 1 18 12 1 1 10 100 12 1 1 1 10 12 1 10 10 12 1 10 100 12 1 1 8 1 10 12 1 1 8 1 10 12 1 1 1 3 3 3 3 3 3 3 1 1 1 1 1 1 1 1 1 1 1 1 1 1 1 1 1 1 1 1 1 1 1 1 1 1 1 1 1 1 1 1 1 1 1 1 1 1 1 1 1 1 1 1 1 1 1 1 100 1 1 1 1 1 1 1 1 1 1 1 1 1 100 1 1 1 1 1 1 1 1 1 1 1 1 1 1 1 1 1 1 1 1 1 1 15 10 100 12 1 1 8 1 8 1 15 10 100 12 1 1 1 16 1 15 10 12 16 15 10 12 1 1 1 100 1 1 100 1 100 1 1
ciInstanceKlass javax/swing/ClientPropertyKey 1 1 82 7 1 9 12 1 1 9 12 1 9 12 1 9 12 1 9 12 1 1 10 100 12 1 1 10 7 12 1 1 1 10 12 1 1 10 12 1 9 12 1 1 8 8 8 8 10 12 1 1 7 1 10 12 1 10 7 12 1 1 1 1 1 1 1 1 1 1 1 1 1 1 1 1 1 1 1 1 1 100 1 1
staticfield javax/swing/ClientPropertyKey JComponent_INPUT_VERIFIER Ljavax/swing/ClientPropertyKey; javax/swing/ClientPropertyKey
staticfield javax/swing/ClientPropertyKey JComponent_TRANSFER_HANDLER Ljavax/swing/ClientPropertyKey; javax/swing/ClientPropertyKey
staticfield javax/swing/ClientPropertyKey JComponent_ANCESTOR_NOTIFIER Ljavax/swing/ClientPropertyKey; javax/swing/ClientPropertyKey
staticfield javax/swing/ClientPropertyKey PopupFactory_FORCE_HEAVYWEIGHT_POPUP Ljavax/swing/ClientPropertyKey; javax/swing/ClientPropertyKey
staticfield javax/swing/ClientPropertyKey $VALUES [Ljavax/swing/ClientPropertyKey; 4 [Ljavax/swing/ClientPropertyKey;
ciInstanceKlass javax/swing/CellRendererPane 1 1 159 10 7 12 1 1 1 9 7 12 1 1 1 10 12 1 1 10 12 1 1 10 7 12 1 1 1 10 12 1 1 10 100 12 1 1 1 10 12 1 10 12 1 1 10 12 1 1 10 12 1 1 10 12 1 10 12 1 100 1 10 12 1 1 10 12 1 10 12 1 1 10 12 1 1 10 12 1 10 12 1 1 9 100 12 1 1 1 9 12 1 9 12 1 9 12 1 10 12 1 10 12 1 10 100 12 1 1 100 1 10 12 1 100 1 1 1 1 1 1 1 1 1 1 1 1 1 1 1 1 1 1 1 1 1 1 1 1 1 1 100 1 1 1 1 1 1 1 1 1 100 1 1 1 1 1 1 1 1
instanceKlass ui/utils/lnf/HSyntheticaComboBoxUI$1
instanceKlass javax/swing/plaf/synth/SynthComboPopup
ciInstanceKlass javax/swing/plaf/basic/BasicComboPopup 1 1 860 9 7 12 1 1 1 10 7 12 1 1 1 10 12 1 1 10 12 1 1 10 12 1 1 9 100 12 1 1 1 9 12 1 10 12 1 1 10 100 12 1 1 1 10 12 1 1 10 12 1 10 12 1 9 12 1 1 9 12 1 1 10 12 1 1 9 12 1 1 10 12 1 1 9 12 1 1 10 12 1 1 9 12 1 1 10 12 1 1 9 12 1 1 10 12 1 1 10 12 1 1 10 12 1 1 10 12 1 10 12 1 10 12 1 9 12 1 1 10 7 12 1 1 1 9 12 1 1 11 100 12 1 1 1 10 7 12 1 1 9 12 1 1 9 12 1 9 12 1 9 12 1 8 1 10 12 1 1 10 12 1 1 10 12 1 1 10 12 1 1 8 1 10 10 12 1 10 12 1 1 9 12 1 1 8 1 10 7 1 10 12 1 10 12 1 10 12 1 10 12 1 9 12 1 1 10 12 1 1 10 10 12 1 10 12 1 10 10 12 1 10 10 12 1 1 9 12 1 1 7 1 10 12 1 7 1 10 12 1 10 12 1 1 10 12 1 1 10 12 1 1 10 12 1 1 10 12 1 10 12 1 8 1 10 7 12 1 1 1 10 12 1 8 1 10 12 1 10 12 1 1 10 12 1 1 10 12 1 1 10 12 1 100 1 10 12 1 10 12 1 10 12 1 9 12 1 10 12 1 1 10 12 1 9 12 1 10 12 1 1 10 12 1 1 9 12 1 1 10 12 1 1 10 12 1 10 12 1 10 12 1 100 1 10 12 10 12 1 1 10 10 12 1 1 10 7 1 10 10 12 1 7 1 10 12 1 10 12 1 1 10 12 1 9 12 1 1 10 10 12 1 10 12 1 1 10 12 1 10 10 10 10 12 1 1 10 12 1 10 12 1 1 10 12 1 10 12 1 10 12 1 1 11 12 1 9 12 1 1 10 100 12 1 1 10 12 1 10 100 12 1 1 1 10 12 1 1 10 12 1 100 1 10 12 1 10 12 1 10 12 1 1 9 100 12 1 1 10 12 1 10 10 12 1 10 12 1 11 100 12 1 10 12 1 1 10 7 12 1 1 1 10 12 1 10 12 1 1 11 100 12 1 1 1 100 1 10 12 1 10 100 12 1 1 10 10 10 12 1 10 12 1 10 12 10 12 1 10 100 12 1 1 1 10 12 1 10 12 1 10 12 1 1 10 12 1 10 12 1 10 12 1 10 12 1 10 12 1 10 12 1 10 100 12 1 1 1 11 100 12 1 1 1 11 12 1 1 10 12 1 10 100 12 1 1 1 10 12 1 11 12 1 1 11 100 12 1 1 1 10 12 1 10 12 1 10 12 1 1 11 100 12 1 1 1 9 100 12 1 1 9 12 1 10 12 1 10 100 12 1 1 1 10 12 1 1 10 10 12 1 1 10 12 1 1 10 100 12 1 1 1 9 100 12 1 1 9 12 1 9 12 1 9 9 9 10 12 1 10 12 1 10 10 12 1 10 12 1 10 10 12 1 1 9 10 12 1 10 12 1 1 10 12 1 10 10 12 1 1 10 10 12 1 10 12 1 1 10 12 1 10 12 1 10 12 1 11 7 1 10 7 1 9 7 12 1 1 1 10 12 1 100 1 1 1 1 1 1 1 3 1 3 1 1 1 1 1 1 1 1 1 1 1 1 1 100 1 1 1 1 1 1 1 1 1 1 1 1 1 1 1 1 1 1 1 1 1 1 1 1 1 1 1 1 1 1 1 1 1 1 1 1 1 1 1 1 1 1 1 1 1 1 1 1 1 1 1 1 100 1 1 1 1 1 1 1 1 1 1 1 1 1 1 1 1 1 1 1 1 1 1 1 1 1 1 1 1 100 1 100 1 100 1 100 1 100 1 100 1 100 1 100 1 100 1 1 1 1 1 1 1 1 1 1 1 1 1 1 1
staticfield javax/swing/plaf/basic/BasicComboPopup EmptyListModel Ljavax/swing/ListModel; javax/swing/plaf/basic/BasicComboPopup$EmptyListModelClass
ciInstanceKlass javax/swing/plaf/synth/SynthComboPopup 1 1 119 10 7 12 1 1 1 9 7 12 1 1 1 9 12 1 1 10 7 12 1 1 1 10 7 12 1 1 1 10 12 1 1 10 12 1 1 10 12 1 1 100 1 10 12 1 1 10 12 1 1 10 12 1 1 10 12 1 10 12 1 10 12 1 10 12 1 1 100 1 9 12 1 1 9 100 12 1 1 1 9 12 1 9 12 1 9 12 1 10 12 1 1 1 1 1 1 1 1 1 1 1 1 1 1 1 1 1 1 1 1 1 1 1 1 100 1 1 1
ciInstanceKlass javax/swing/plaf/basic/BasicComboPopup$1 1 1 120 9 7 12 1 1 1 10 7 12 1 1 1 10 100 12 1 1 1 10 100 12 1 1 1 100 1 10 12 1 1 100 1 10 12 1 1 10 12 1 1 10 12 1 10 12 1 10 12 1 10 12 1 10 12 1 10 12 1 10 12 1 10 12 1 1 10 12 1 10 100 12 1 1 1 11 100 12 1 1 1 11 12 1 1 10 12 1 1 1 1 1 1 1 1 1 1 1 1 1 1 1 1 1 1 1 1 1 1 1 1 1 100 1 12 1 1 1 1 1
instanceKlass de/javasoft/plaf/synthetica/StyleFactory$21
instanceKlass de/javasoft/plaf/synthetica/StyleFactory$25
ciInstanceKlass java/awt/event/ContainerAdapter 1 1 23 10 7 12 1 1 1 100 1 100 1 1 1 1 1 1 1 1 1 1 1 1 1
ciInstanceKlass javax/swing/JScrollPane$ScrollBar 1 1 113 9 7 12 1 1 1 10 7 12 1 1 1 8 1 9 7 12 1 1 1 10 12 1 1 9 12 1 1 10 12 1 10 100 12 1 1 1 10 100 12 1 1 1 100 1 10 12 1 1 10 12 1 1 11 12 1 1 10 12 1 1 9 12 1 10 12 1 10 12 1 11 12 1 100 1 10 12 1 1 9 100 12 1 1 1 9 12 1 100 1 1 1 1 1 1 1 1 1 1 1 1 1 1 1 1 1 1 1 1 1 1 1
instanceKlass javax/swing/plaf/synth/SynthScrollBarUI$1
instanceKlass javax/swing/plaf/synth/SynthScrollBarUI$2
ciInstanceKlass javax/swing/plaf/synth/SynthArrowButton 1 1 70 10 7 12 1 1 1 10 12 1 1 10 7 12 1 1 1 10 12 1 8 1 7 1 10 10 12 1 1 9 12 1 1 8 1 10 7 12 1 1 1 10 12 1 1 10 12 1 100 1 100 1 1 1 1 1 1 1 1 1 1 1 1 1 1 1 1 1 1 1
ciInstanceKlass javax/swing/plaf/synth/SynthScrollBarUI$2 1 1 72 9 7 12 1 1 1 10 7 12 1 1 1 10 100 12 1 1 1 10 12 1 1 10 12 1 10 12 1 1 10 100 12 1 1 10 12 1 10 12 1 10 12 1 10 12 1 10 12 1 1 1 1 1 1 1 1 1 1 1 1 1 1 1 1 1 1 12 1 1 1 1
ciInstanceKlass javax/swing/plaf/synth/SynthScrollBarUI$1 1 1 66 9 7 12 1 1 1 10 7 12 1 1 1 10 100 12 1 1 1 10 12 1 1 10 12 1 10 12 1 1 10 100 12 1 1 10 12 1 10 12 1 10 12 1 1 1 1 1 1 1 1 1 1 1 1 1 1 1 1 1 1 12 1 1 1 1
instanceKlass javax/swing/plaf/BorderUIResource$CompoundBorderUIResource
ciInstanceKlass javax/swing/border/CompoundBorder 1 1 80 10 7 12 1 1 1 9 7 12 1 1 1 9 12 1 11 7 12 1 1 1 11 12 1 1 11 12 1 1 9 7 12 1 1 1 9 12 1 9 12 1 9 12 1 1 1 1 1 1 1 1 1 1 1 1 1 1 1 1 1 1 1 1 1 1 1 1 1 100 1 100 1 1 1 1 1 1 1 1
ciInstanceKlass javax/swing/plaf/synth/SynthComboBoxUI$SynthComboBoxRenderer 1 1 173 9 7 12 1 1 1 10 7 12 1 1 1 8 1 10 12 1 1 10 12 1 1 8 1 8 1 10 12 1 10 7 12 1 1 10 7 12 1 1 1 10 12 1 1 10 12 1 10 12 1 9 7 12 1 1 1 10 12 1 1 100 1 10 12 1 1 10 12 1 1 10 12 1 1 10 12 1 10 12 1 10 12 1 1 10 12 1 1 7 1 10 12 1 1 8 1 10 7 12 1 1 10 7 12 1 1 1 10 12 1 1 10 12 1 10 7 1 10 12 1 1 10 12 1 10 12 1 1 10 12 1 1 10 12 1 1 100 1 100 1 1 1 1 1 1 1 1 1 1 1 1 1 1 1 1 1 1 1 1 1 1 1 1 1 1 1 1 1 1 1 1 1
ciInstanceKlass javax/swing/text/JTextComponent$MutableCaretEvent 1 1 122 10 7 12 1 1 1 10 7 12 1 1 1 7 1 10 12 1 1 11 7 12 1 1 1 9 12 1 1 11 12 1 9 12 1 10 12 1 1 18 12 1 1 9 12 1 1 10 12 1 1 10 100 12 1 1 1 9 12 1 1 10 100 1 10 12 1 1 100 1 100 1 100 1 1 1 1 1 1 1 1 1 1 1 1 1 1 1 1 1 1 1 1 1 1 1 1 1 1 1 1 1 1 1 1 1 1 15 10 100 12 1 1 8 1 1 1 100 1 100 1 1
ciInstanceKlass javax/swing/table/TableColumnModel 1 0 42 100 1 100 1 1 1 1 1 1 1 1 1 1 1 1 1 1 1 1 1 1 1 1 1 1 1 1 1 1 1 1 1 1 1 1 1 1 1 1 1 1
ciInstanceKlass javax/swing/table/DefaultTableColumnModel 1 1 330 10 7 12 1 1 1 7 1 10 9 7 12 1 1 1 9 12 1 1 7 1 10 9 12 1 1 10 12 1 1 10 12 1 1 10 12 1 1 10 12 1 10 12 1 1 100 1 8 1 10 12 1 10 12 1 1 10 100 12 1 1 1 100 1 10 12 1 1 10 12 1 10 12 1 1 10 12 1 1 9 12 1 1 11 7 12 1 1 1 10 12 1 10 12 1 10 12 1 8 1 10 12 1 10 12 1 1 11 12 1 1 10 12 1 1 11 12 1 1 11 12 1 11 12 1 9 12 1 1 10 12 1 10 12 1 10 12 1 1 8 1 10 12 1 11 100 12 1 1 1 11 12 1 1 10 12 1 10 12 1 1 8 1 10 12 1 1 10 12 1 9 12 1 10 12 1 8 1 11 12 1 1 11 12 1 9 12 1 1 11 12 1 1 11 12 1 7 1 10 12 1 1 10 12 1 10 12 1 1 100 1 10 12 1 1 11 12 1 11 12 1 11 12 1 11 12 1 1 7 1 10 12 11 12 1 1 10 100 12 1 1 1 8 1 8 1 10 12 1 7 1 10 100 1 100 1 100 1 100 1 1 1 1 1 1 1 1 1 1 1 1 1 1 1 1 1 1 1 1 1 1 1 1 1 1 1 1 1 1 1 1 1 1 1 1 1 1 1 1 1 1 1 1 1 1 1 1 1 1 1 1 1 100 1 1 1 1 1 1 1 1 1 1 1 100 1 1 1 1
ciInstanceKlass javax/swing/JTable$$Lambda$193+0x0000000800f7c1e0 1 1 20 1 7 1 7 1 100 1 1 12 10 1 1 1 7 1 12 10 1 1
instanceKlass com/jidesoft/grid/ContextSensitiveCellRenderer
instanceKlass ui/views/K/a$c
instanceKlass javax/swing/plaf/synth/SynthTableUI$SynthTableCellRenderer
instanceKlass javax/swing/table/DefaultTableCellRenderer$UIResource
instanceKlass de/javasoft/plaf/synthetica/SyntheticaHeaderRenderer5
instanceKlass sun/swing/table/DefaultTableCellHeaderRenderer
ciInstanceKlass javax/swing/table/DefaultTableCellRenderer 1 1 275 10 7 12 1 1 1 10 7 12 1 1 1 10 12 1 1 10 12 1 1 8 1 10 12 1 1 9 12 1 1 8 1 10 7 12 1 1 1 10 7 12 1 1 1 9 12 1 1 9 12 1 9 12 1 10 12 1 1 9 12 1 1 10 12 1 9 12 1 10 12 1 10 10 10 100 12 1 1 1 10 100 12 1 1 1 10 12 1 10 12 1 1 10 12 1 8 1 10 12 1 1 8 1 10 12 1 1 10 12 1 10 12 1 100 1 8 1 10 12 1 10 12 1 1 10 12 1 1 8 1 8 1 10 12 1 1 8 1 8 1 10 12 1 1 10 10 12 1 1 10 100 1 10 10 100 12 1 1 1 10 12 1 10 8 1 8 1 8 1 10 7 12 1 1 1 8 1 8 1 100 1 8 1 10 12 1 1 10 12 1 1 8 1 10 100 12 1 1 1 10 12 1 7 1 10 12 1 100 1 100 1 1 1 1 1 1 1 1 100 1 1 1 1 1 1 1 1 1 1 1 1 1 1 1 1 1 1 1 1 1 1 1 1 1 1 1 1 1 1 1 1 1 1 1 1 1 1 1 1 1 1 1 1 100 1 1 1 1 1 100 1 1 1 1
staticfield javax/swing/table/DefaultTableCellRenderer SAFE_NO_FOCUS_BORDER Ljavax/swing/border/Border; javax/swing/border/EmptyBorder
staticfield javax/swing/table/DefaultTableCellRenderer DEFAULT_NO_FOCUS_BORDER Ljavax/swing/border/Border; javax/swing/border/EmptyBorder
instanceKlass de/javasoft/plaf/synthetica/SyntheticaHeaderRenderer
instanceKlass javax/swing/plaf/synth/SynthTableHeaderUI$HeaderRenderer
ciInstanceKlass sun/swing/table/DefaultTableCellHeaderRenderer 1 1 334 10 7 12 1 1 1 7 1 10 12 1 9 7 12 1 1 1 100 1 10 12 1 1 9 12 1 1 10 12 1 10 100 12 1 1 1 9 12 1 1 8 1 10 100 12 1 1 1 8 1 10 100 12 1 1 1 10 12 1 10 12 1 1 10 12 1 10 12 1 1 10 12 1 1 10 12 1 1 10 12 1 1 10 10 12 1 1 9 100 12 1 1 1 10 100 12 1 1 1 8 1 10 12 1 1 8 1 8 1 8 1 10 100 12 1 1 1 10 12 1 1 10 12 1 1 9 12 1 1 8 1 10 12 1 1 8 1 10 12 1 1 10 100 12 1 1 1 11 100 12 1 1 11 12 1 1 100 1 10 12 1 10 12 1 1 10 12 1 1 8 1 10 12 1 1 11 100 12 1 1 9 12 1 1 11 12 1 9 12 1 10 12 1 1 10 12 1 1 9 100 12 1 1 9 12 1 11 12 1 1 10 100 12 1 1 1 100 1 10 10 12 1 1 9 100 12 1 1 9 9 12 1 9 10 12 1 9 12 1 9 10 12 1 9 12 1 9 10 12 1 10 12 1 10 12 1 10 12 1 10 12 1 10 12 1 10 100 12 1 1 1 10 12 1 100 1 1 1 1 1 1 1 1 1 1 1 1 1 1 1 1 1 1 1 1 1 1 1 1 1 1 1 1 100 1 100 1 100 1 1 1 1 1 1 1 1 1 1 1 1 1 1 1 1 1 1 1 1 1 1 1 1 1
ciInstanceKlass de/javasoft/plaf/synthetica/styles/MenuItemStyle 1 1 248 7 1 7 1 1 1 1 1 1 10 12 1 9 12 1 10 1 1 10 7 1 12 1 1 10 7 1 12 1 1 10 12 1 1 10 1 1 1 10 12 1 1 10 12 1 1 10 7 1 12 1 1 7 1 9 100 1 12 1 1 10 100 1 12 1 1 10 12 1 1 100 1 9 12 1 1 10 100 1 12 1 1 7 1 7 1 10 12 1 1 10 12 1 10 12 1 1 10 12 1 10 12 1 10 12 1 1 8 1 10 7 1 10 7 1 12 1 10 12 10 12 1 1 8 1 10 12 1 1 10 12 1 1 100 1 8 1 9 100 1 12 1 1 10 12 1 10 12 1 10 12 1 8 1 10 12 1 1 9 100 1 12 1 1 10 100 1 12 1 10 100 1 12 1 10 100 1 12 1 1 100 1 8 1 10 12 1 10 12 1 10 12 1 1 10 12 1 10 12 1 8 1 8 1 10 12 1 1 10 12 1 1 10 100 1 12 1 8 1 8 1 10 12 1 1 8 1 10 12 1 1 100 1 8 1 10 12 1 1 10 100 1 12 1 1 1 1
ciInstanceKlass de/javasoft/plaf/synthetica/styles/SeparatorStyle 1 1 61 7 1 7 1 1 1 1 1 1 10 12 1 9 12 1 10 1 1 10 7 1 12 1 1 10 12 1 1 10 1 1 1 10 12 8 1 10 100 1 12 1 1 100 1 10 12 1 1 10 12 1 1 10 12 1 1 100 1 1 1
ciInstanceKlass de/javasoft/plaf/synthetica/styles/InternalFrameStyle 1 1 33 7 1 7 1 1 1 1 1 1 10 12 1 9 12 1 10 1 1 10 7 1 12 1 1 10 12 1 1 10 1 1 1
ciInstanceKlass de/javasoft/plaf/synthetica/StyleFactory$15 1 1 94 7 1 7 1 1 1 1 1 1 1 1 9 12 9 12 10 12 1 1 1 1 10 100 1 12 1 1 100 1 10 12 1 1 8 1 9 100 1 12 1 1 10 12 1 1 9 100 1 12 1 1 9 100 1 12 1 1 10 100 1 12 1 1 100 1 10 12 1 1 10 12 1 10 12 1 1 10 12 1 1 1 9 12 1 1 1 1 100 1 12 1 1 1
ciInstanceKlass de/javasoft/plaf/synthetica/styles/MenuStyle 1 1 246 7 1 7 1 1 1 1 1 1 10 12 1 9 12 1 10 1 1 10 7 1 12 1 1 10 7 1 12 1 1 10 12 1 1 10 1 1 1 8 1 10 7 1 12 1 1 10 12 1 1 100 1 10 12 1 1 10 12 7 1 1 1 10 7 1 12 1 1 10 12 10 7 1 12 1 1 7 1 8 1 10 12 1 10 12 1 1 10 12 1 1 10 12 1 1 10 100 1 12 1 1 10 12 1 1 10 12 1 1 10 100 1 12 1 1 1 1 8 1 10 12 1 1 100 1 10 12 1 10 12 1 9 7 1 12 1 1 10 8 1 10 100 1 12 1 1 10 100 1 12 1 10 12 1 1 8 1 10 12 1 1 100 1 10 12 1 10 12 1 8 1 10 12 1 1 10 8 1 8 1 10 12 1 10 12 1 1 7 1 9 12 1 1 10 7 1 12 1 1 10 12 8 1 10 12 1 1 10 7 1 12 1 100 1 10 12 1 100 1 100 1 10 100 1 12 1 1 10 100 1 12 1 1 10 12 1 10 12 1 100 1 1 1 1 1
ciInstanceKlass de/javasoft/plaf/synthetica/StyleFactory$16 1 1 91 7 1 7 1 100 1 1 1 1 1 1 1 1 1 1 9 12 9 12 9 12 10 12 1 1 1 1 10 7 1 12 1 1 8 1 10 7 1 12 1 1 10 100 1 12 1 1 10 12 1 10 100 1 12 1 1 8 1 10 100 1 12 1 1 10 100 1 12 1 1 9 100 1 12 1 1 10 12 1 1 1 1 1 1 12 1 1 1 1 1
ciInstanceKlass de/javasoft/plaf/synthetica/styles/OptionPaneStyle 1 1 58 7 1 7 1 1 1 1 1 1 10 12 1 9 12 1 10 1 1 10 7 1 12 1 1 10 12 1 1 10 1 1 1 10 12 1 1 8 1 10 7 1 12 1 1 10 100 1 10 12 1 1 10 12 100 1 1 1
ciInstanceKlass de/javasoft/plaf/synthetica/StyleFactory$24 1 1 46 7 1 7 1 1 1 1 1 1 1 1 9 12 9 12 10 12 1 1 1 1 8 1 10 100 1 12 1 1 10 100 1 12 1 1 1 1 1 1 100 1 12 1 1 1
ciInstanceKlass de/javasoft/plaf/synthetica/styles/RadioButtonStyle 1 1 199 7 1 7 1 1 1 1 1 1 10 12 1 9 12 1 10 1 1 10 7 1 12 1 1 10 12 1 1 10 1 1 1 10 12 8 1 10 7 1 12 1 1 10 12 1 1 100 1 10 12 1 1 8 1 100 1 10 12 1 1 100 1 1 1 10 7 1 12 1 1 7 1 10 12 1 10 12 1 1 8 1 10 12 1 1 100 1 10 12 1 1 8 1 10 12 1 1 10 12 1 8 1 8 1 10 12 1 1 10 12 1 1 10 12 1 10 12 1 10 12 10 100 1 12 1 1 100 1 8 1 8 1 10 100 1 12 1 1 10 100 1 12 1 1 10 12 1 8 1 10 12 1 1 4 10 100 1 12 1 1 100 1 10 12 1 8 1 8 1 4 100 1 10 12 1 1 7 1 10 12 1 100 1 10 12 1 100 1 100 1 100 1 1 1 1 100 1 1
ciInstanceKlass de/javasoft/plaf/synthetica/StyleFactory$17 1 1 104 7 1 7 1 100 1 1 1 1 1 1 9 12 10 12 1 1 1 1 8 1 10 7 1 12 1 1 10 7 1 12 1 1 100 1 10 12 1 1 100 1 100 1 10 10 100 1 12 1 1 11 100 1 12 1 1 11 100 1 12 1 100 1 10 12 1 1 8 1 10 12 1 1 100 1 9 12 1 1 9 12 1 10 12 1 10 12 1 1 11 12 1 1 1 1 1 1 100 1 12 1 1 1
ciInstanceKlass de/javasoft/plaf/synthetica/styles/TabbedPaneStyle 1 1 128 7 1 7 1 1 1 1 1 1 10 12 1 9 12 1 10 1 1 10 7 1 12 1 1 9 7 1 12 1 1 7 1 10 12 1 1 10 12 1 1 10 12 1 1 10 1 1 1 8 1 10 100 1 12 1 1 10 12 1 1 10 12 10 100 1 12 1 1 10 12 1 1 10 7 1 12 1 1 10 7 1 12 1 1 10 7 1 12 1 1 8 1 8 1 10 12 1 1 10 12 1 1 10 12 1 10 12 1 10 12 1 1 100 1 100 1 10 12 1 10 12 1 1 1 1 1 1
ciInstanceKlass de/javasoft/plaf/synthetica/StyleFactory$18 1 1 31 7 1 7 1 1 1 1 1 1 9 12 10 12 1 1 1 1 10 100 1 12 1 1 1 1 1 12 1 1 1
ciInstanceKlass de/javasoft/plaf/synthetica/StyleFactory$19 1 1 64 7 1 7 1 1 1 1 1 1 9 12 10 12 1 1 1 1 10 100 1 12 1 1 1 10 100 1 12 1 1 100 1 8 1 10 12 1 1 100 1 10 12 1 1 10 12 1 1 10 12 1 1 10 12 1 1 1 1 1 12 1 1 1
ciInstanceKlass de/javasoft/plaf/synthetica/StyleFactory$20 1 1 56 7 1 7 1 100 1 1 1 1 1 1 9 12 10 12 1 1 1 1 10 7 1 12 1 1 8 1 10 7 1 12 1 1 7 1 8 1 10 7 1 12 1 1 10 12 1 1 1 1 1 1 12 1 1 1
ciInstanceKlass de/javasoft/plaf/synthetica/styles/TabbedPaneContentStyle 1 1 60 7 1 7 1 1 1 1 1 1 10 12 1 9 12 1 10 1 1 10 7 1 12 1 1 10 12 1 1 10 1 1 1 10 7 1 12 1 1 7 1 10 12 1 1 10 12 8 1 10 12 1 8 1 8 1 100 1 1 1
ciInstanceKlass de/javasoft/plaf/synthetica/StyleFactory$RepaintTextComponentPropertyChangeListener 1 1 60 7 1 7 1 100 1 1 1 1 10 12 1 1 1 10 7 1 12 1 1 7 1 10 12 1 1 10 12 1 1 7 1 8 1 10 7 1 12 1 1 8 1 8 1 10 100 1 10 12 1 1 1 10 1 1 1 100 1 1
ciInstanceKlass de/javasoft/plaf/synthetica/styles/TextPaneStyle 1 1 71 7 1 7 1 1 1 1 1 1 10 12 1 9 12 1 10 1 1 10 7 1 12 1 1 7 1 10 12 1 1 10 12 1 1 10 1 1 1 10 7 1 12 1 1 9 7 1 12 1 1 10 7 1 12 1 1 7 1 8 1 10 12 1 1 10 12 100 1 1 1
ciInstanceKlass de/javasoft/plaf/synthetica/styles/ToolTipStyle 1 1 39 7 1 7 1 1 1 1 1 1 10 12 1 9 12 1 10 1 1 10 7 1 12 1 1 10 7 1 12 1 1 10 12 1 1 10 1 1 1
ciInstanceKlass ui/utils/swing/a/i 1 1 38 7 7 7 10 10 10 10 10 10 10 10 12 12 12 12 12 12 12 12 1 1 1 1 1 1 1 1 1 1 1 1 1 1 1 1 1 1
ciInstanceKlass com/jidesoft/plaf/WindowsDesktopProperty 1 1 180 10 10 9 10 10 10 10 10 4 9 9 9 9 9 9 10 10 10 10 10 10 7 10 9 10 100 10 10 10 100 10 10 7 7 10 100 100 10 10 10 10 100 10 100 11 7 7 1 1 1 1 1 1 1 1 1 1 1 1 1 1 1 1 1 1 1 1 1 1 1 1 1 100 1 1 100 100 1 1 1 1 1 1 1 1 1 1 1 1 1 1 1 1 1 12 12 12 100 12 12 100 12 100 12 12 12 12 12 12 12 12 12 12 12 7 12 12 12 1 12 12 12 1 100 12 12 12 1 12 12 1 1 12 1 1 12 12 12 12 100 1 1 12 1 1 1 1 1 1 1 1 1 1 1 1 1 1 1 1 1 1 1 1 1 1 1 1 1 1 1 1 1 1 1 1 1 1 1 1
ciInstanceKlass com/jidesoft/plaf/ExtWindowsDesktopProperty 1 1 166 10 10 9 10 10 10 10 10 9 9 9 9 9 10 10 10 11 10 7 10 9 10 7 10 10 10 10 100 10 10 10 7 7 10 100 100 10 100 10 100 11 7 1 1 1 1 1 1 1 1 1 1 1 1 1 1 1 1 1 1 1 1 1 1 1 100 1 1 100 100 1 1 1 1 1 1 100 1 1 1 1 1 1 1 1 1 1 12 12 12 100 12 12 100 12 100 12 12 12 12 12 12 12 12 12 12 7 12 7 12 1 12 12 12 1 12 12 12 12 1 12 12 12 1 1 12 1 1 12 100 1 1 12 1 1 1 1 1 1 1 1 1 1 1 1 1 1 1 1 1 1 1 1 1 1 1 1 1 1 1 1 1 1 1 1
ciInstanceKlass de/javasoft/plaf/synthetica/styles/ToolBarStyle 1 1 375 7 1 7 1 1 1 1 8 1 1 8 1 1 8 1 1 8 1 1 8 1 1 8 1 1 8 1 1 1 1 1 1 10 12 1 9 12 1 10 1 1 10 7 1 12 1 1 10 12 1 1 10 1 1 1 9 12 1 1 10 7 1 12 10 7 1 12 1 1 7 1 10 12 1 1 7 1 10 10 12 1 1 10 12 1 1 10 12 1 1 10 12 1 1 10 12 1 1 10 12 1 1 10 100 1 12 1 1 10 100 1 12 1 1 10 12 1 1 10 12 1 100 1 10 100 1 12 1 100 1 4 10 12 1 1 10 12 1 10 12 1 1 10 12 1 1 10 12 1 1 100 1 100 1 7 1 10 12 1 7 1 7 1 10 1 10 12 10 12 1 10 12 1 10 12 1 1 11 100 1 12 1 1 11 100 1 12 1 1 100 1 11 12 1 10 12 1 1 11 12 1 10 12 1 1 10 12 1 1 11 12 1 1 10 12 1 7 1 10 12 1 1 100 1 10 12 1 1 10 12 1 1 10 12 1 7 1 10 12 1 10 12 1 1 10 12 1 10 100 1 12 1 1 10 12 1 10 12 1 1 9 100 1 12 1 1 9 12 1 10 100 1 12 1 1 10 12 1 1 10 12 1 10 12 1 10 12 1 10 12 1 10 7 1 12 1 1 10 7 1 12 1 1 8 1 10 7 1 12 1 1 8 1 10 12 1 1 10 12 1 1 10 7 1 12 1 9 12 1 8 1 10 12 1 1 9 12 1 8 1 9 12 1 9 12 1 8 1 10 12 1 1 10 12 1 10 12 1 10 12 1 1 10 1 1 1 1 1 1 1 100 1 1 1
ciInstanceKlass de/javasoft/plaf/synthetica/StyleFactory$21 1 1 80 7 1 7 1 1 1 1 1 1 9 12 10 12 1 1 1 1 10 7 1 12 1 1 10 7 1 12 1 1 7 1 7 1 8 1 10 7 1 12 1 1 100 1 10 12 1 1 8 1 10 12 1 1 10 12 1 1 10 12 1 1 7 1 8 1 1 100 1 100 1 1 1 1 100 1 12 1 1 1
ciInstanceKlass de/javasoft/plaf/synthetica/styles/TextAreaStyle 1 1 71 7 1 7 1 1 1 1 1 1 10 12 1 9 12 1 10 1 1 10 7 1 12 1 1 7 1 10 12 1 1 10 12 1 1 10 1 1 1 10 7 1 12 1 1 9 7 1 12 1 1 10 7 1 12 1 1 7 1 8 1 10 12 1 1 10 12 100 1 1 1
instanceKlass com/jidesoft/status/StatusBarSeparator
instanceKlass javax/swing/JPopupMenu$Separator
instanceKlass com/jidesoft/action/CommandBarSeparator
instanceKlass javax/swing/JToolBar$Separator
ciInstanceKlass javax/swing/JSeparator 1 1 187 100 1 10 7 12 1 1 1 10 7 12 1 1 9 12 1 1 10 12 1 10 12 1 1 10 12 1 9 12 1 1 7 1 10 12 1 1 10 7 12 1 1 1 10 12 1 8 1 10 100 12 1 1 10 12 1 1 10 100 12 1 1 1 10 12 1 1 10 12 1 1 10 100 12 1 1 1 8 10 12 1 1 10 12 1 10 12 1 100 1 8 1 10 12 1 8 1 8 1 10 12 1 18 12 1 1 9 12 1 1 100 1 10 12 1 10 12 1 100 1 1 1 1 1 1 1 1 1 1 1 1 1 3 1 1 1 1 3 1 1 1 1 1 1 1 1 100 1 1 1 1 1 1 1 1 1 1 1 1 1 1 1 1 1 1 1 1 1 1 1 1 15 10 100 12 1 1 8 1 1 1 100 1 100 1 1
ciInstanceKlass javax/swing/JToolBar$Separator 1 1 60 10 7 12 1 1 1 7 1 10 12 1 10 12 1 8 1 9 12 1 1 10 12 1 1 10 12 1 10 100 12 1 1 1 10 12 1 10 12 1 10 12 1 1 1 1 1 1 1 1 1 1 1 1 1 1 100 1 1 1
ciInstanceKlass javax/swing/plaf/basic/BasicInternalFrameTitlePane$NoFocusButton 1 1 84 9 7 12 1 1 1 10 7 12 1 1 1 10 12 1 1 7 1 10 12 1 10 12 1 1 9 12 1 1 10 7 12 1 1 1 100 1 10 12 1 1 10 12 1 10 12 1 1 10 12 1 1 10 100 12 1 1 1 1 1 1 1 1 1 1 1 1 1 100 1 100 1 100 1 1 1 1 1 1 1 1 1 1
instanceKlass com/jidesoft/grid/PasswordCellRenderer
ciInstanceKlass javax/swing/JPasswordField 1 1 259 10 7 12 1 1 1 10 7 1 9 12 1 1 10 12 1 1 8 1 9 12 1 1 10 12 1 1 10 12 1 10 12 1 8 1 10 12 1 1 9 100 12 1 1 1 10 100 12 1 1 1 10 100 12 1 1 1 10 12 1 10 12 1 10 12 1 1 10 12 1 10 12 1 1 11 100 12 1 1 1 100 1 10 12 10 12 1 11 12 1 9 12 1 1 9 12 1 1 9 12 1 10 100 12 1 1 1 100 1 10 12 1 1 10 100 12 1 1 1 10 100 12 1 1 10 12 1 10 100 12 1 1 1 10 100 12 1 1 1 10 12 1 1 9 12 1 1 10 100 12 1 1 1 10 12 1 18 12 1 1 8 100 1 10 12 1 1 10 12 1 1 9 12 1 1 100 1 10 12 1 1 1 1 1 1 1 1 1 1 1 1 1 1 1 1 1 1 1 3 1 1 1 1 3 1 1 1 1 1 1 1 1 1 1 1 1 1 1 1 1 1 1 1 1 1 1 1 100 1 1 1 1 1 1 1 1 1 1 1 1 1 1 1 15 10 100 12 1 1 8 1 1 1 100 1 100 1 1
ciInstanceKlass com/jidesoft/combobox/AbstractComboBox$ComboBoxTextField 1 1 64 8 10 10 10 10 10 10 9 10 7 7 100 1 1 1 1 1 1 12 12 1 7 12 12 12 12 100 12 12 100 1 1 1 1 1 1 1 1 1 1 1 1 1 1 1 1 1 1 1 1 1 100 1 12 1 1 10 100 1 100 1 100 1
ciInstanceKlass com/jidesoft/combobox/AbstractComboBox$DefaultTextFieldEditorComponent 1 1 223 8 8 8 8 7 9 10 10 7 10 10 10 9 10 11 7 10 10 10 10 100 100 10 10 10 10 10 10 10 10 10 10 100 10 10 10 10 10 10 10 10 10 10 10 10 10 10 10 10 10 10 10 10 10 10 10 10 10 10 7 7 100 1 1 1 1 1 1 1 1 1 1 100 1 1 1 1 1 1 1 1 1 1 1 1 100 1 1 1 1 1 1 1 1 1 1 100 1 1 1 1 1 1 1 1 1 1 1 1 12 12 12 1 12 12 12 12 7 12 7 12 1 1 12 12 12 1 12 1 1 12 1 7 12 7 12 12 1 12 12 12 12 12 1 12 12 12 12 12 12 12 12 12 12 7 12 12 12 12 12 12 12 12 12 1 1 1 1 1 1 1 1 1 1 1 1 1 1 1 1 1 1 1 1 1 1 1 1 1 1 1 1 1 1 1 1 1 1 1 1 1 1 1 1 1 1 1 1 1 1 1 1 1 1 7 1 12 1 1 10 100 1
ciInstanceKlass ui/utils/lnf/HSyntheticaComboBoxUI$1 1 1 190 8 100 100 100 100 100 100 100 7 100 100 100 100 100 100 7 100 9 9 9 9 9 9 9 9 9 9 9 9 9 9 10 10 10 10 10 10 10 10 10 10 10 10 10 10 10 10 10 10 10 10 10 10 10 10 10 10 10 10 10 10 10 12 12 12 12 12 12 12 12 12 12 12 12 12 12 12 12 12 12 12 12 12 12 12 12 12 12 12 12 12 12 12 12 12 12 12 12 12 12 12 12 12 1 1 1 1 1 1 1 1 1 1 1 1 1 1 1 1 1 1 1 1 1 1 1 1 1 1 1 1 1 1 1 1 1 1 1 1 1 1 1 1 1 1 1 1 1 1 1 1 1 1 1 1 1 1 1 1 1 1 1 1 1 1 1 1 1 1 1 1 1 1 1 1 1 1 1 1 1 1 1 1 1 1 1 1 1 1
ciInstanceKlass de/javasoft/plaf/synthetica/styles/PasswordFieldStyle 1 1 71 7 1 7 1 1 1 1 1 1 10 12 1 9 12 1 10 1 1 10 7 1 12 1 1 7 1 10 12 1 1 10 12 1 1 10 1 1 1 10 7 1 12 1 1 9 7 1 12 1 1 10 7 1 12 1 1 7 1 8 1 10 12 1 1 10 12 100 1 1 1
ciInstanceKlass com/jidesoft/grid/PasswordCellRenderer 1 1 77 8 10 10 10 10 10 100 100 10 10 10 100 9 9 7 7 100 1 1 1 1 1 1 1 1 1 12 12 7 12 12 12 1 1 12 12 100 12 1 1 7 12 1 1 1 1 1 1 1 1 1 1 1 1 1 1 1 1 1 1 1 1 100 1 12 1 1 10 1 1 12 10 100 1 100 1
staticfield com/jidesoft/grid/PasswordCellRenderer CONTEXT Lcom/jidesoft/grid/EditorContext; com/jidesoft/grid/EditorContext
ciInstanceKlass ui/utils/swing/q/b 1 1 177 8 8 7 100 100 100 100 7 100 7 100 100 100 7 7 100 9 9 9 9 9 9 9 9 9 10 10 10 10 10 10 10 10 10 10 10 10 10 10 10 10 10 10 10 10 10 10 10 10 10 10 10 10 10 10 10 12 12 12 12 12 12 12 12 12 12 12 12 12 12 12 12 12 12 12 12 12 12 12 12 12 12 12 12 12 12 12 12 12 12 12 12 1 1 1 1 1 1 1 1 1 1 1 1 1 1 1 1 1 1 1 1 1 1 1 1 1 1 1 1 1 1 1 1 1 1 1 1 1 1 1 1 1 1 1 1 1 1 1 1 1 1 1 1 1 1 1 1 1 1 1 1 1 1 1 1 1 1 1 1 1 1 1 1 1 1 1 1 1 1 1 1 1 1 1 1
ciInstanceKlass de/javasoft/plaf/synthetica/styles/EditorPaneStyle 1 1 71 7 1 7 1 1 1 1 1 1 10 12 1 9 12 1 10 1 1 10 7 1 12 1 1 7 1 10 12 1 1 10 12 1 1 10 1 1 1 10 7 1 12 1 1 9 7 1 12 1 1 10 7 1 12 1 1 7 1 8 1 10 12 1 1 10 12 100 1 1 1
ciInstanceKlass com/jidesoft/plaf/basic/BasicJideTabbedPaneUI$ScrollableTabViewport 1 1 39 9 10 10 10 8 10 7 7 100 1 1 1 1 1 1 1 1 1 12 12 12 12 1 7 12 100 1 1 1 1 1 1 1 1 1 1 1 1
ciInstanceKlass com/jidesoft/plaf/basic/BasicJideTabbedPaneUI$ScrollableTabPanel 1 1 179 100 9 10 10 10 100 9 10 9 10 10 10 9 10 10 10 7 10 9 9 9 10 10 10 100 8 10 10 8 10 10 10 10 10 10 10 10 10 10 10 10 10 10 7 7 100 1 1 1 1 1 1 1 1 1 1 1 1 100 1 1 1 100 1 1 1 1 1 1 1 1 1 1 1 1 1 1 1 1 1 1 1 12 12 12 12 1 7 12 12 12 12 12 100 12 12 12 12 1 12 12 12 12 12 12 12 1 1 100 12 100 12 1 12 12 12 12 12 12 12 100 12 12 12 12 12 100 12 12 1 1 1 1 1 1 1 1 1 1 1 1 1 1 1 1 1 1 1 1 1 1 1 1 1 1 1 1 1 1 1 1 1 1 1 1 1 1 1 1 1 1 1 1 1 1 1 1 1
ciInstanceKlass de/javasoft/plaf/synthetica/styles/ToolBarSeparatorStyle 1 1 72 7 1 7 1 1 1 1 1 1 10 12 1 9 12 1 10 1 1 10 7 1 12 1 1 10 12 1 1 10 1 1 1 8 1 10 7 1 12 1 1 10 12 1 1 10 12 1 1 9 100 1 12 1 1 9 12 1 10 12 1 1 9 12 1 1 10 7 1 12 1 1
ciInstanceKlass ui/f/ag 1 1 203 8 7 100 7 100 7 7 7 7 7 7 100 7 100 100 7 7 100 9 9 9 9 10 10 10 10 10 10 10 10 10 10 10 10 10 10 10 10 10 10 10 10 10 10 10 10 10 10 10 10 10 10 10 10 10 11 11 11 11 11 11 12 12 12 12 12 12 12 12 12 12 12 12 12 12 12 12 12 12 12 12 12 12 12 12 12 12 12 12 12 12 12 12 12 12 12 12 12 12 12 12 12 1 1 1 1 1 1 1 1 1 1 1 1 1 1 1 1 1 1 1 1 1 1 1 1 1 1 1 1 1 1 1 1 1 1 1 1 1 1 1 1 1 1 1 1 1 1 1 1 1 1 1 1 1 1 1 1 1 1 1 1 1 1 1 1 1 1 1 1 1 1 1 1 1 1 1 1 1 1 1 1 1 1 1 1 1 1 1 1 1 1 1 1 1 1 1 1 1 1 1 1
ciInstanceKlass de/javasoft/plaf/synthetica/styles/PopupMenuSeparatorStyle 1 1 33 7 1 7 1 1 1 1 1 1 10 12 1 9 12 1 10 1 1 10 7 1 12 1 1 10 12 1 1 10 1 1 1
ciInstanceKlass ui/h 1 1 288 8 8 8 8 8 100 100 100 7 100 100 100 100 7 100 100 100 100 100 100 7 7 7 7 7 7 7 100 100 7 100 100 9 9 9 9 9 9 9 9 9 9 9 9 10 10 10 10 10 10 10 10 10 10 10 10 10 10 10 10 10 10 10 10 10 10 10 10 10 10 10 10 10 10 10 10 10 10 10 10 10 10 10 10 10 10 10 10 11 11 11 11 11 11 12 12 12 12 12 12 12 12 12 12 12 12 12 12 12 12 12 12 12 12 12 12 12 12 12 12 12 12 12 12 12 12 12 12 12 12 12 12 12 12 12 12 12 12 12 12 12 12 12 12 12 12 12 12 12 12 12 12 1 1 1 1 1 1 1 1 1 1 1 1 1 1 1 1 1 1 1 1 1 1 1 1 1 1 1 1 1 1 1 1 1 1 1 1 1 1 1 1 1 1 1 1 1 1 1 1 1 1 1 1 1 1 1 1 1 1 1 1 1 1 1 1 1 1 1 1 1 1 1 1 1 1 1 1 1 1 1 1 1 1 1 1 1 1 1 1 1 1 1 1 1 1 1 1 1 1 1 1 1 1 1 1 1 1 1 1 1 1 1 1 1 1 1 1 1 1 1 1 1 1 1 1 1 1 1 1 1 1 1 1 1 1 1
staticfield ui/h $assertionsDisabled Z 1
ciInstanceKlass de/javasoft/plaf/synthetica/styles/MenuItemAcceleratorStyle 1 1 33 7 1 7 1 1 1 1 1 1 10 12 1 9 12 1 10 1 1 10 7 1 12 1 1 10 12 1 1 10 1 1 1
ciInstanceKlass de/javasoft/plaf/synthetica/styles/ProgressBarStyle 1 1 33 7 1 7 1 1 1 1 1 1 10 12 1 9 12 1 10 1 1 10 7 1 12 1 1 10 12 1 1 10 1 1 1
ciInstanceKlass ui/views/Y/a/a$g 1 1 239 8 8 8 8 8 8 8 8 8 7 7 7 7 7 7 7 7 7 7 7 7 7 7 7 7 7 7 7 9 9 9 9 9 9 9 9 9 9 9 9 9 10 10 10 10 10 10 10 10 10 10 10 10 10 10 10 10 10 10 10 10 10 10 10 10 10 10 10 10 10 10 10 10 10 10 10 10 10 10 10 10 12 12 12 12 12 12 12 12 12 12 12 12 12 12 12 12 12 12 12 12 12 12 12 12 12 12 12 12 12 12 12 12 12 12 12 12 12 12 12 12 12 12 12 12 12 12 12 1 1 1 1 1 1 1 1 1 1 1 1 1 1 1 1 1 1 1 1 1 1 1 1 1 1 1 1 1 1 1 1 1 1 1 1 1 1 1 1 1 1 1 1 1 1 1 1 1 1 1 1 1 1 1 1 1 1 1 1 1 1 1 1 1 1 1 1 1 1 1 1 1 1 1 1 1 1 1 1 1 1 1 1 1 1 1 1 1 1 1 1 1 1 1 1 1 1 1 1 1 1 1 1 1 1 1 1 1 1
ciInstanceKlass de/javasoft/plaf/synthetica/styles/ToggleButtonStyle 1 1 89 7 1 7 1 1 1 1 1 1 10 12 1 9 12 1 10 1 1 10 7 1 12 1 1 10 12 1 1 10 1 1 1 10 12 8 1 10 7 1 12 1 1 10 12 1 1 7 1 10 12 1 1 8 1 100 1 10 12 1 1 100 1 1 1 10 100 1 12 1 1 9 100 1 12 1 1 10 100 1 12 1 1 100 1 10 12 1 1
ciMethodData java/lang/String coder ()B 2 1481298 orig 80 0 0 0 0 0 0 0 0 0 0 0 0 250 127 0 0 0 0 0 0 0 0 0 0 0 0 0 0 0 0 0 0 0 0 0 0 0 0 0 0 0 0 0 0 0 0 0 0 0 0 0 0 0 0 0 0 0 0 0 0 0 0 0 0 0 0 0 0 0 0 0 0 0 0 0 0 0 0 0 0 data 14 0x30007 0x0 0x38 0x1683be 0xa0003 0x1683be 0x18 0x0 0x0 0x0 0x0 0x9 0x1 0x0 oops 0 methods 0
ciMethodData java/lang/String length ()I 2 1335713 orig 80 0 0 0 0 0 0 0 0 0 0 0 0 250 127 0 0 0 0 0 0 0 0 0 0 0 0 0 0 0 0 0 0 0 0 0 0 0 0 0 0 0 0 0 0 0 0 0 0 0 0 0 0 0 0 0 0 0 0 0 0 0 0 0 0 0 0 0 0 0 0 0 0 0 0 0 0 0 0 0 0 data 16 0x60005 0x145343 0x0 0x0 0x0 0x0 0x0 0x0 0x0 0x0 0x0 0x0 0x0 0x9 0x1 0x0 oops 0 methods 0
ciMethodData java/lang/Object <init> ()V 2 988695 orig 80 1 0 0 0 0 0 0 0 0 0 0 0 250 127 0 0 0 0 0 0 0 0 0 0 0 0 0 0 0 0 0 0 0 0 0 0 0 0 0 0 0 0 0 0 0 0 0 0 0 0 0 0 0 0 0 0 0 0 0 0 0 0 0 0 0 0 0 0 0 0 0 0 0 0 0 0 0 0 0 0 data 4 0x0 0x9 0x1 0x0 oops 0 methods 0
ciMethodData java/lang/String equals (Ljava/lang/Object;)Z 2 22579 orig 80 2 0 0 0 0 0 0 0 0 0 0 0 250 127 0 0 0 0 0 0 4 0 0 0 0 0 0 0 0 0 0 0 0 0 0 0 0 0 0 1 0 0 0 0 0 0 0 0 0 0 0 0 0 0 0 0 0 0 0 0 0 0 0 0 0 0 0 0 0 0 0 0 0 0 0 0 0 0 0 0 data 49 0x20007 0x47b3 0x20 0xc3b 0x8000000400080104 0xfffffffffffffffc 0x0 0x1ee7d310200 0x47b1 0x1ee1ae54420 0x4 0xb0007 0x6 0xe0 0x47b1 0xf0004 0x0 0x0 0x1ee7d310200 0x47b1 0x0 0x0 0x160007 0x0 0x40 0x47b1 0x8000000600210007 0x6a 0x68 0x4748 0x2c0002 0x4748 0x2f0007 0x41a0 0x38 0x5a8 0x330003 0x5a8 0x18 0x0 0x0 0x0 0x0 0x0 0x0 0x9 0x2 0x0 0x0 oops 3 7 java/lang/String 9 javax/swing/ClientPropertyKey 18 java/lang/String methods 0
ciMethodData java/lang/String startsWith (Ljava/lang/String;)Z 2 85059 orig 80 0 0 0 0 0 0 0 0 0 0 0 0 250 127 0 0 0 0 0 0 0 0 0 0 0 0 0 0 0 0 0 0 0 0 0 0 0 0 0 0 0 0 0 0 0 0 0 0 0 0 0 0 0 0 0 0 0 0 0 0 0 0 0 0 0 0 0 0 0 0 0 0 0 0 0 0 0 0 0 0 data 17 0x30005 0x14b43 0x0 0x0 0x0 0x0 0x0 0x0 0x0 0x0 0x0 0x0 0x0 0x9 0x2 0x0 0x0 oops 0 methods 0
ciMethodData java/lang/String startsWith (Ljava/lang/String;I)Z 2 11160 orig 80 0 0 0 0 0 0 0 0 0 0 0 0 250 127 0 0 0 0 0 0 0 0 0 0 0 0 0 0 0 0 0 0 0 0 0 0 0 0 0 0 0 0 0 0 0 0 0 0 0 0 0 0 0 0 0 0 0 0 0 0 0 0 0 0 0 0 0 0 0 0 0 0 0 0 0 0 0 0 0 0 data 83 0x10007 0x30 0xb0 0x1c31 0x60005 0x1c31 0x0 0x0 0x0 0x0 0x0 0xa0005 0x1c31 0x0 0x0 0x0 0x0 0x0 0xe0007 0x1c15 0x20 0x1c 0x270005 0x1c15 0x0 0x0 0x0 0x0 0x0 0x2f0005 0x1c15 0x0 0x0 0x0 0x0 0x0 0x320007 0x0 0xb0 0x1c15 0x370007 0x0 0x38 0x1c15 0x3b0003 0x1c15 0x18 0x470007 0x2a6 0x40 0x3b2f 0x590007 0x21c0 0xffffffffffffffe0 0x196f 0x5e0003 0x2a6 0x88 0x630007 0x0 0x20 0x0 0x6c0007 0x0 0x50 0x0 0x740002 0x0 0x830007 0x0 0xffffffffffffffd0 0x0 0x0 0x0 0x0 0x0 0x0 0x0 0x9 0x3 0x0 0x0 0x0 oops 0 methods 0
ciMethodData java/lang/Class getName ()Ljava/lang/String; 2 60935 orig 80 0 0 0 0 0 0 0 0 0 0 0 0 250 127 0 0 0 0 0 0 0 0 0 0 0 0 0 0 0 0 0 0 0 0 0 0 0 0 0 0 0 0 0 0 0 0 0 0 0 0 0 0 0 0 0 0 0 0 0 0 0 0 0 0 0 0 0 0 0 0 0 0 0 0 0 0 0 0 0 0 data 23 0x60007 0x965 0x38 0xe3a2 0xa0003 0xe3a2 0x50 0xe0005 0x965 0x0 0x0 0x0 0x0 0x0 0x0 0x0 0x0 0x0 0x0 0x0 0x9 0x1 0xffffffffffffffff oops 0 methods 0
ciMethodData java/util/Hashtable get (Ljava/lang/Object;)Ljava/lang/Object; 2 11520 orig 80 0 0 0 0 0 0 0 0 0 0 0 0 250 127 0 0 0 0 0 0 0 0 0 0 0 0 0 0 0 0 0 0 0 0 0 0 0 0 0 0 0 0 0 0 0 0 0 0 0 0 0 0 0 0 0 0 0 0 0 0 0 0 0 0 0 0 0 0 0 0 0 0 0 0 0 0 0 0 0 0 data 39 0x60005 0x4c 0x0 0x1ee7d310200 0x2ac6 0x1ee227c3d10 0xee 0x1b0007 0x29a9 0xb0 0x1890 0x240007 0x1639 0x78 0x257 0x2d0005 0xb 0x0 0x1ee7d310200 0x1fe 0x1ee227c3d10 0x4e 0x300007 0x0 0x20 0x257 0x400003 0x1639 0xffffffffffffff68 0x0 0x0 0x0 0x0 0x0 0x0 0x9 0x2 0x0 0xffffffffffffffff oops 4 3 java/lang/String 5 sun/security/util/ObjectIdentifier 18 java/lang/String 20 sun/security/util/ObjectIdentifier methods 0
ciMethodData java/lang/String endsWith (Ljava/lang/String;)Z 2 141497 orig 80 0 0 0 0 0 0 0 0 0 0 0 0 250 127 0 0 0 0 0 0 0 0 0 0 0 0 0 0 0 0 0 0 0 0 0 0 0 0 0 0 0 0 0 0 0 0 0 0 0 0 0 0 0 0 0 0 0 0 0 0 0 0 0 0 0 0 0 0 0 0 0 0 0 0 0 0 0 0 0 0 data 31 0x30005 0x227b9 0x0 0x0 0x0 0x0 0x0 0x70005 0x227b9 0x0 0x0 0x0 0x0 0x0 0xb0005 0x227b9 0x0 0x0 0x0 0x0 0x0 0x0 0x0 0x0 0x0 0x0 0x0 0x9 0x2 0x0 0x0 oops 0 methods 0
ciMethod java/awt/Component getObjectLock ()Ljava/lang/Object; 256 0 128 0 -1
ciMethod java/awt/Component getName ()Ljava/lang/String; 512 0 12792 0 -1
ciMethod java/awt/Component setName (Ljava/lang/String;)V 266 0 3387 0 -1
ciMethod java/awt/Component getParent ()Ljava/awt/Container; 512 0 18765 0 64
ciMethod java/awt/Component getParent_NoClientCode ()Ljava/awt/Container; 284 0 142 0 0
ciMethod java/awt/Component isEnabled ()Z 512 0 5376 0 -1
ciMethod java/awt/Component getBackground ()Ljava/awt/Color; 518 0 6403 0 -1
ciMethod java/awt/Component isOpaque ()Z 0 0 1 0 -1
ciMethod java/awt/Component setPreferredSize (Ljava/awt/Dimension;)V 12 0 81 0 -1
ciMethod java/awt/Component addFocusListener (Ljava/awt/event/FocusListener;)V 512 0 4879 0 -1
ciMethod java/awt/Component getFocusListeners ()[Ljava/awt/event/FocusListener; 276 0 114 0 -1
ciMethod java/awt/Component addMouseListener (Ljava/awt/event/MouseListener;)V 512 0 6400 0 1344
ciMethod java/awt/Component getMouseListeners ()[Ljava/awt/event/MouseListener; 112 0 368 0 0
ciMethod java/awt/Component addMouseMotionListener (Ljava/awt/event/MouseMotionListener;)V 420 0 5344 0 -1
ciMethod java/awt/Component getMouseMotionListeners ()[Ljava/awt/event/MouseMotionListener; 366 0 434 0 -1
ciMethod java/awt/Component getListeners (Ljava/lang/Class;)[Ljava/util/EventListener; 500 0 917 0 -1
ciMethod java/awt/Component addPropertyChangeListener (Ljava/beans/PropertyChangeListener;)V 514 0 7728 0 -1
ciMethod java/awt/Component getPropertyChangeListeners ()[Ljava/beans/PropertyChangeListener; 124 0 3732 0 -1
ciMethod java/awt/Component firePropertyChange (Ljava/lang/String;Ljava/lang/Object;Ljava/lang/Object;)V 512 0 5607 0 -1
ciMethod javax/swing/JComponent setPreferredSize (Ljava/awt/Dimension;)V 12 0 81 0 -1
ciMethod javax/swing/JComponent getPreferredSize ()Ljava/awt/Dimension; 34 0 686 0 -1
ciMethod javax/swing/JComponent setMaximumSize (Ljava/awt/Dimension;)V 4 0 11 0 -1
ciMethod javax/swing/JComponent setMinimumSize (Ljava/awt/Dimension;)V 4 0 9 0 -1
ciMethod javax/swing/JComponent setBorder (Ljavax/swing/border/Border;)V 514 0 5377 0 -1
ciMethod javax/swing/JComponent getBorder ()Ljavax/swing/border/Border; 256 0 128 0 -1
ciMethod javax/swing/JComponent getInsets ()Ljava/awt/Insets; 512 0 668 0 -1
ciMethod javax/swing/JComponent setBackground (Ljava/awt/Color;)V 512 0 5395 0 -1
ciMethod javax/swing/JComponent getToolTipText ()Ljava/lang/String; 324 0 5583 0 -1
ciMethod javax/swing/JComponent getClientProperties ()Ljavax/swing/ArrayTable; 220 0 3090 0 -1
ciMethod javax/swing/JComponent getClientProperty (Ljava/lang/Object;)Ljava/lang/Object; 512 0 6531 0 1568
ciMethod javax/swing/JComponent putClientProperty (Ljava/lang/Object;Ljava/lang/Object;)V 514 0 5558 0 -1
ciMethod javax/swing/JComponent clientPropertyChanged (Ljava/lang/Object;Ljava/lang/Object;Ljava/lang/Object;)V 512 0 1390 0 -1
ciMethod javax/swing/JComponent setUIProperty (Ljava/lang/String;Ljava/lang/Object;)V 414 0 3045 0 -1
ciMethod javax/swing/JComponent setOpaque (Z)V 550 0 5395 0 -1
ciMethod javax/swing/JComponent firePropertyChange (Ljava/lang/String;II)V 512 0 11941 0 -1
ciMethod javax/swing/JComponent getVetoableChangeListeners ()[Ljava/beans/VetoableChangeListener; 0 0 1 0 -1
ciMethod javax/swing/JComponent getAncestorListeners ()[Ljavax/swing/event/AncestorListener; 0 0 1 0 -1
ciMethod javax/swing/JComponent getListeners (Ljava/lang/Class;)[Ljava/util/EventListener; 512 0 961 0 0
ciMethod javax/swing/JComponent setDoubleBuffered (Z)V 512 0 301 0 -1
ciMethod java/awt/Container getComponentCount ()I 56 0 1944 0 -1
ciMethod java/awt/Container countComponents ()I 70 0 1974 0 -1
ciMethod java/awt/Container getComponent (I)Ljava/awt/Component; 52 0 1377 0 -1
ciMethod java/awt/Container getComponents ()[Ljava/awt/Component; 522 0 1162 0 -1
ciMethod java/awt/Container getLayout ()Ljava/awt/LayoutManager; 258 0 129 0 -1
ciMethod java/awt/Container setLayout (Ljava/awt/LayoutManager;)V 518 0 2042 0 -1
ciMethod java/awt/Container addContainerListener (Ljava/awt/event/ContainerListener;)V 14 0 158 0 -1
ciMethod java/awt/Container getContainerListeners ()[Ljava/awt/event/ContainerListener; 18 0 44 0 -1
ciMethod java/awt/Container getListeners (Ljava/lang/Class;)[Ljava/util/EventListener; 510 0 961 0 -1
ciMethod java/awt/Container proxyEnableEvents (J)V 26 0 13 0 -1
ciMethod java/awt/Container addPropertyChangeListener (Ljava/beans/PropertyChangeListener;)V 512 0 8021 0 -1
ciMethod javax/swing/UIManager getLAFState ()Ljavax/swing/UIManager$LAFState; 512 0 5376 0 224
ciMethod javax/swing/UIManager getDefaults ()Ljavax/swing/UIDefaults; 324 0 61577 0 0
ciMethod javax/swing/UIManager getColor (Ljava/lang/Object;)Ljava/awt/Color; 238 0 8485 0 -1
ciMethod javax/swing/UIManager getString (Ljava/lang/Object;)Ljava/lang/String; 60 0 8642 0 0
ciMethod javax/swing/UIManager get (Ljava/lang/Object;)Ljava/lang/Object; 88 0 13159 0 -1
ciMethod javax/swing/UIManager maybeInitialize ()V 446 0 5343 0 800
ciMethod javax/swing/UIManager initialize ()V 2 0 1 0 -1
ciMethod sun/awt/SunToolkit isInstanceOf (Ljava/lang/Object;Ljava/lang/String;)Z 574 0 5473 0 -1
ciMethod java/util/Vector isEmpty ()Z 3692 0 4866 0 -1
ciMethod java/awt/Font getAttributeValues ()Lsun/font/AttributeValues; 2 0 1 0 -1
ciMethod java/awt/Font <init> (Ljava/lang/String;IF)V 514 0 5376 0 0
ciMethod java/awt/Font <init> (Ljava/lang/String;IFZLsun/font/Font2DHandle;)V 512 0 5376 0 512
ciMethod java/awt/Font <init> (Lsun/font/AttributeValues;Ljava/lang/String;IZLsun/font/Font2DHandle;)V 2 0 1 0 -1
ciMethod java/awt/Font <init> (Ljava/awt/Font;)V 766 0 5503 0 608
ciMethod java/awt/Font initFromValues (Lsun/font/AttributeValues;)V 2 0 1 0 -1
ciMethod java/awt/Font createFont (ILjava/io/InputStream;)Ljava/awt/Font; 0 0 1 0 -1
ciMethod java/awt/Font getStyle ()I 256 0 128 0 0
ciMethod java/awt/Font getSize ()I 82 0 39 0 -1
ciMethod java/awt/Font deriveFont (F)Ljava/awt/Font; 4 0 2 0 -1
ciMethod java/awt/Font deriveFont (I)Ljava/awt/Font; 530 0 5385 0 576
ciMethod java/awt/Font applyStyle (ILsun/font/AttributeValues;)V 0 0 1 0 -1
ciMethod sun/font/AttributeValues clone ()Lsun/font/AttributeValues; 2 0 1 0 -1
ciMethod javax/swing/event/EventListenerList getListeners (Ljava/lang/Class;)[Ljava/util/EventListener; 512 508 1211 0 -1
ciMethod javax/swing/event/EventListenerList add (Ljava/lang/Class;Ljava/util/EventListener;)V 512 0 5451 0 -1
ciMethod java/beans/PropertyChangeSupport getPropertyChangeListeners ()[Ljava/beans/PropertyChangeListener; 512 0 3416 0 -1
ciMethod java/awt/Color equals (Ljava/lang/Object;)Z 512 0 1505872 0 -1
ciMethod sun/awt/AppContext getAppContext ()Lsun/awt/AppContext; 512 0 5436 0 160
ciMethod sun/awt/AppContext get (Ljava/lang/Object;)Ljava/lang/Object; 768 0 5504 0 2912
ciMethod sun/awt/AppContext$3 <init> ()V 4 0 2 0 -1
ciMethod sun/awt/MostRecentKeyValue <init> (Ljava/lang/Object;Ljava/lang/Object;)V 4 0 2 0 -1
ciMethod sun/awt/MostRecentKeyValue setPair (Ljava/lang/Object;Ljava/lang/Object;)V 468 0 3489 0 -1
ciMethod javax/swing/SwingUtilities appContextGet (Ljava/lang/Object;)Ljava/lang/Object; 512 0 13767 0 0
ciMethod javax/swing/SwingUtilities appContextPut (Ljava/lang/Object;Ljava/lang/Object;)V 20 0 13 0 -1
ciMethod javax/swing/UIManager$LAFState <init> ()V 2 0 1 0 -1
ciMethod javax/swing/UIDefaults get (Ljava/lang/Object;)Ljava/lang/Object; 512 0 8626 0 128
ciMethod javax/swing/UIDefaults getFromHashtable (Ljava/lang/Object;)Ljava/lang/Object; 512 0 10661 0 5632
ciMethod javax/swing/UIDefaults getFromResourceBundle (Ljava/lang/Object;Ljava/util/Locale;)Ljava/lang/Object; 360 0 5983 0 2560
ciMethod javax/swing/UIDefaults getResourceCache (Ljava/util/Locale;)Ljava/util/Map; 228 536 2560 0 -1
ciMethod javax/swing/UIDefaults getColor (Ljava/lang/Object;)Ljava/awt/Color; 282 0 8516 0 -1
ciMethod javax/swing/UIDefaults getString (Ljava/lang/Object;)Ljava/lang/String; 60 0 8650 0 0
ciMethod javax/swing/MultiUIDefaults get (Ljava/lang/Object;)Ljava/lang/Object; 512 632 5424 0 352
ciMethod javax/swing/LookAndFeel installProperty (Ljavax/swing/JComponent;Ljava/lang/String;Ljava/lang/Object;)V 514 0 5379 0 -1
ciMethod javax/swing/plaf/FontUIResource <init> (Ljava/lang/String;II)V 12 0 7 0 -1
ciMethod javax/swing/plaf/FontUIResource <init> (Ljava/awt/Font;)V 768 0 6274 0 0
ciMethod javax/swing/UIDefaults$LazyValue createValue (Ljavax/swing/UIDefaults;)Ljava/lang/Object; 0 0 1 0 -1
ciMethod javax/swing/UIDefaults$ActiveValue createValue (Ljavax/swing/UIDefaults;)Ljava/lang/Object; 0 0 1 0 -1
ciMethod javax/swing/plaf/InsetsUIResource <init> (IIII)V 296 0 6292 0 -1
ciMethodData sun/awt/AppContext getAppContext ()Lsun/awt/AppContext; 2 5436 orig 80 0 0 0 0 0 0 0 0 0 0 0 0 250 127 0 0 0 0 0 0 0 0 0 0 0 0 0 0 0 0 0 0 0 0 0 0 0 0 0 0 0 0 0 0 0 0 0 0 0 0 0 0 0 0 0 0 0 0 0 0 0 0 0 0 0 0 0 0 0 0 0 0 0 0 0 0 0 0 0 0 data 52 0x30005 0x143c 0x0 0x0 0x0 0x0 0x0 0x70007 0x0 0x40 0x143c 0xd0007 0x0 0x20 0x143c 0x170005 0x0 0x0 0x0 0x0 0x0 0x0 0x1a0004 0x0 0x0 0x0 0x0 0x0 0x0 0x200007 0x0 0x78 0x0 0x270002 0x0 0x2a0002 0x0 0x2d0004 0x0 0x0 0x0 0x0 0x0 0x0 0x0 0x0 0x0 0x0 0x0 0x0 0x9 0x0 oops 0 methods 0
ciMethod javax/swing/JFrame getRootPane ()Ljavax/swing/JRootPane; 8 0 4 0 -1
ciMethod javax/swing/JLabel setHorizontalAlignment (I)V 158 0 953 0 -1
ciMethod javax/swing/AbstractButton getMargin ()Ljava/awt/Insets; 510 0 3684 0 -1
ciMethod javax/swing/AbstractButton getVerticalAlignment ()I 278 0 139 0 -1
ciMethod javax/swing/AbstractButton setVerticalAlignment (I)V 0 0 1 0 -1
ciMethod javax/swing/AbstractButton getHorizontalAlignment ()I 354 0 177 0 -1
ciMethod javax/swing/AbstractButton setHorizontalAlignment (I)V 108 0 456 0 -1
ciMethod javax/swing/JDialog getRootPane ()Ljavax/swing/JRootPane; 0 0 1 0 -1
ciMethod javax/swing/text/JTextComponent isEditable ()Z 256 0 128 0 -1
ciMethod javax/swing/JViewport getView ()Ljava/awt/Component; 30 0 61 0 -1
ciMethod javax/swing/plaf/synth/SynthLookAndFeel getStyleFactory ()Ljavax/swing/plaf/synth/SynthStyleFactory; 512 0 5443 0 544
ciMethod javax/swing/JPopupMenu addPopupMenuListener (Ljavax/swing/event/PopupMenuListener;)V 44 0 250 0 -1
ciMethod javax/swing/JPopupMenu getPopupMenuListeners ()[Ljavax/swing/event/PopupMenuListener; 28 0 127 0 -1
ciMethod javax/swing/JComboBox getPopupMenuListeners ()[Ljavax/swing/event/PopupMenuListener; 0 0 1 0 -1
ciMethod javax/swing/JTable setRowMargin (I)V 8 0 6 0 -1
ciMethod javax/swing/JTable getRowMargin ()I 16 0 8 0 -1
ciMethod javax/swing/JTable setDefaultRenderer (Ljava/lang/Class;Ljavax/swing/table/TableCellRenderer;)V 40 0 30 0 -1
ciMethod javax/swing/JTable getDefaultRenderer (Ljava/lang/Class;)Ljavax/swing/table/TableCellRenderer; 76 0 57 0 -1
ciMethod javax/swing/JTable getDefaultEditor (Ljava/lang/Class;)Ljavax/swing/table/TableCellEditor; 24 0 18 0 -1
ciMethod javax/swing/JTable getColumnModel ()Ljavax/swing/table/TableColumnModel; 38 0 19 0 -1
ciMethod javax/swing/JTable resizeAndRepaint ()V 42 0 21 0 -1
ciMethod javax/swing/JTree getCellRenderer ()Ljavax/swing/tree/TreeCellRenderer; 230 0 115 0 -1
ciMethodData java/lang/RuntimeException <init> (Ljava/lang/Throwable;)V 1 10 orig 80 0 0 0 0 0 0 0 0 0 0 0 0 250 127 0 0 0 0 0 0 0 0 0 0 0 0 0 0 0 0 0 0 0 0 0 0 0 0 0 0 0 0 0 0 0 0 0 0 0 0 0 0 0 0 0 0 0 0 0 0 0 0 0 0 0 0 0 0 0 0 0 0 0 0 0 0 0 0 0 0 data 8 0x20002 0xa 0x0 0x0 0x9 0x2 0x1c 0xffffffffffffffff oops 0 methods 0
ciMethod sun/swing/plaf/synth/DefaultSynthStyle getStateInfo (I)Lsun/swing/plaf/synth/DefaultSynthStyle$StateInfo; 512 1766 6749 0 1024
ciMethod javax/swing/plaf/synth/SynthStyle <init> ()V 512 0 1799 0 0
ciMethod javax/swing/plaf/synth/SynthStyle isOpaque (Ljavax/swing/plaf/synth/SynthContext;)Z 0 0 1 0 -1
ciMethod javax/swing/JScrollPane getViewport ()Ljavax/swing/JViewport; 256 0 94 0 -1
ciMethod javax/swing/JScrollPane getCorner (Ljava/lang/String;)Ljava/awt/Component; 128 0 48 0 -1
ciMethod javax/swing/JWindow getRootPane ()Ljavax/swing/JRootPane; 8 0 4 0 -1
ciMethod java/awt/AWTEventMulticaster add (Ljava/awt/event/ContainerListener;Ljava/awt/event/ContainerListener;)Ljava/awt/event/ContainerListener; 14 0 158 0 -1
ciMethod java/awt/AWTEventMulticaster add (Ljava/awt/event/MouseListener;Ljava/awt/event/MouseListener;)Ljava/awt/event/MouseListener; 510 0 6396 0 -1
ciMethod java/awt/AWTEventMulticaster add (Ljava/awt/event/MouseMotionListener;Ljava/awt/event/MouseMotionListener;)Ljava/awt/event/MouseMotionListener; 512 0 5340 0 -1
ciMethod javax/swing/ArrayTable put (Ljava/lang/Object;Ljava/lang/Object;)V 512 2 5379 0 -1
ciMethod javax/swing/ArrayTable get (Ljava/lang/Object;)Ljava/lang/Object; 302 372 6374 0 800
ciMethod javax/swing/ArrayTable remove (Ljava/lang/Object;)Ljava/lang/Object; 0 0 2214 0 -1
ciMethod javax/swing/ArrayTable isArray ()Z 512 0 22076 0 0
ciMethod sun/font/FontManager getNewComposite (Ljava/lang/String;ILsun/font/Font2DHandle;)Lsun/font/Font2DHandle; 0 0 1 0 -1
ciMethod sun/font/Font2D getStyle ()I 20 0 10 0 -1
ciMethod sun/font/FontManagerFactory getInstance ()Lsun/font/FontManager; 60 0 1020 0 -1
ciMethod de/javasoft/plaf/synthetica/SyntheticaLookAndFeel getInstance ()Lde/javasoft/plaf/synthetica/SyntheticaLookAndFeel; 512 0 9025 0 -1
ciMethod de/javasoft/plaf/synthetica/SyntheticaLookAndFeel getResourceBase (Ljava/lang/Object;)Ljava/lang/Class; 6 6 9 0 -1
ciMethod de/javasoft/plaf/synthetica/SyntheticaLookAndFeel setFont (Ljava/awt/Font;Z)V 6 0 3 0 -1
ciMethod de/javasoft/plaf/synthetica/SyntheticaLookAndFeel getFont ()Ljava/awt/Font; 512 0 6276 0 0
ciMethod de/javasoft/plaf/synthetica/SyntheticaLookAndFeel getStyleName (Ljava/awt/Component;)Ljava/lang/String; 512 0 5552 0 2368
ciMethod de/javasoft/plaf/synthetica/SyntheticaLookAndFeel getJVMCompatibilityMode ()Lde/javasoft/plaf/synthetica/SyntheticaLookAndFeel$JVMCompatibilityMode; 58 0 6580 0 0
ciMethod de/javasoft/plaf/synthetica/SyntheticaLookAndFeel get (Ljava/lang/String;Ljava/awt/Component;)Ljava/lang/Object; 6088 0 8296 0 5344
ciMethod de/javasoft/plaf/synthetica/SyntheticaLookAndFeel get (Ljava/lang/String;Ljava/lang/String;)Ljava/lang/Object; 472 0 5596 0 -1
ciMethod de/javasoft/plaf/synthetica/SyntheticaLookAndFeel lookup (Ljava/lang/String;)Ljava/lang/Object; 512 0 9145 0 -1
ciMethod de/javasoft/plaf/synthetica/SyntheticaLookAndFeel getBoolean (Ljava/lang/String;Ljava/awt/Component;)Z 512 0 7075 0 0
ciMethod de/javasoft/plaf/synthetica/SyntheticaLookAndFeel getBoolean (Ljava/lang/String;Ljava/awt/Component;Z)Z 196 0 19159 0 0
ciMethod de/javasoft/plaf/synthetica/SyntheticaLookAndFeel getInt (Ljava/lang/String;Ljava/awt/Component;I)I 292 0 5151 0 0
ciMethod de/javasoft/plaf/synthetica/SyntheticaLookAndFeel getInt (Ljava/lang/String;Ljava/awt/Component;Z)I 16 0 12 0 -1
ciMethod de/javasoft/plaf/synthetica/SyntheticaLookAndFeel getInt (Ljava/lang/String;Ljava/awt/Component;IZ)I 512 0 5380 0 992
ciMethod de/javasoft/plaf/synthetica/SyntheticaLookAndFeel getInt (Ljava/lang/String;Ljava/awt/Component;IZZ)I 510 0 5495 0 0
ciMethod de/javasoft/plaf/synthetica/SyntheticaLookAndFeel getDim (Ljava/lang/String;Ljava/awt/Component;Ljava/awt/Dimension;Z)Ljava/awt/Dimension; 16 0 34 0 -1
ciMethod de/javasoft/plaf/synthetica/SyntheticaLookAndFeel getDim (Ljava/lang/String;Ljava/awt/Component;Ljava/awt/Dimension;ZZ)Ljava/awt/Dimension; 86 0 34 0 -1
ciMethod de/javasoft/plaf/synthetica/SyntheticaLookAndFeel getInsets (Ljava/lang/String;Ljava/awt/Component;ZZ)Ljava/awt/Insets; 56 0 263 0 -1
ciMethod de/javasoft/plaf/synthetica/SyntheticaLookAndFeel getInsets (Ljava/lang/String;Ljava/awt/Component;Ljava/awt/Insets;Z)Ljava/awt/Insets; 514 0 263 0 -1
ciMethod de/javasoft/plaf/synthetica/SyntheticaLookAndFeel getString (Ljava/lang/String;Ljava/awt/Component;)Ljava/lang/String; 198 0 262 0 -1
ciMethod de/javasoft/plaf/synthetica/SyntheticaLookAndFeel isWindowOpacityEnabled (Ljava/awt/Window;)Z 90 0 127 0 -1
ciMethod de/javasoft/plaf/synthetica/SyntheticaLookAndFeel scaleInteger (Ljava/lang/Integer;)Ljava/lang/Integer; 146 0 1362 0 -1
ciMethod de/javasoft/plaf/synthetica/SyntheticaLookAndFeel findComponent (Ljava/lang/String;Ljava/awt/Container;)Ljava/awt/Component; 56 28 148 0 -1
ciMethod de/javasoft/plaf/synthetica/SyntheticaLookAndFeel findComponent (Ljava/lang/Class;Ljava/awt/Container;)Ljava/awt/Component; 6 0 8 0 -1
ciMethod de/javasoft/plaf/synthetica/StyleFactory getComponentPropertyStore ()Lde/javasoft/plaf/synthetica/StyleFactory$ComponentPropertyStore; 134 0 59 0 -1
ciMethod de/javasoft/plaf/synthetica/StyleFactory isSyntheticaStyleNameSupportEnabled ()Z 512 0 7431 0 96
ciMethod de/javasoft/plaf/synthetica/StyleFactory getStyle (Ljavax/swing/JComponent;Ljavax/swing/plaf/synth/Region;Ljavax/swing/plaf/synth/SynthStyle;Z)Ljavax/swing/plaf/synth/SynthStyle; 766 0 6271 0 -1
ciMethod de/javasoft/plaf/synthetica/StyleFactory installScrollPaneCorner (Ljavax/swing/JScrollPane;Ljava/lang/String;)V 0 0 1 0 -1
ciMethod de/javasoft/plaf/synthetica/StyleFactory applyTitledBorderStyle (Ljavax/swing/JComponent;)V 66 0 398 0 -1
ciMethod de/javasoft/plaf/synthetica/StyleFactory setOpaque (Ljavax/swing/JComponent;Z)V 74 0 96 0 -1
ciMethod de/javasoft/plaf/synthetica/StyleFactory eventListenerExists ([Ljava/util/EventListener;)Z 330 208 1229 0 0
ciMethod de/javasoft/plaf/synthetica/StyleFactory getTitledBorder (Ljavax/swing/border/Border;)Ljavax/swing/border/TitledBorder; 88 0 722 0 -1
ciMethod de/javasoft/plaf/synthetica/StyleFactory setTitledBorderTitlePosition (Ljavax/swing/JComponent;Ljavax/swing/border/TitledBorder;)V 0 0 1 0 -1
ciMethod de/javasoft/plaf/synthetica/StyleFactory installMetaKeySupport (Ljavax/swing/JComponent;)V 0 0 1 0 -1
ciMethod de/javasoft/plaf/synthetica/StyleFactory storeContainerComponentProperties (Ljava/awt/Container;Ljava/lang/String;)V 4 0 227 0 -1
ciMethod de/javasoft/plaf/synthetica/StyleFactory installDefaultTableRenderers (Ljavax/swing/JTable;)V 8 0 6 0 -1
ciMethod de/javasoft/plaf/synthetica/StyleFactory installDefaultTableCellRenderer (Ljavax/swing/JTable;Ljava/lang/Class;Ljava/lang/String;Ljavax/swing/table/TableCellRenderer;)V 12 0 6 0 -1
ciMethod de/javasoft/plaf/synthetica/StyleFactory installDefaultTableEditors (Ljavax/swing/JTable;)V 8 0 6 0 -1
ciMethod de/javasoft/plaf/synthetica/StyleFactory installDefaultTableCellEditor (Ljavax/swing/JTable;Ljava/lang/Class;Ljava/lang/String;Ljavax/swing/table/TableCellEditor;)V 12 0 6 0 -1
ciMethod de/javasoft/plaf/synthetica/StyleFactory installCellRendererHoverListener (Ljavax/swing/JComponent;)V 0 0 1 0 -1
ciMethod de/javasoft/plaf/synthetica/StyleFactory installFocusListener (Ljava/awt/Component;)V 96 106 114 0 -1
ciMethod de/javasoft/plaf/synthetica/StyleFactory installTextComponentHoverSupport (Ljavax/swing/JComponent;)V 0 0 1 0 -1
ciMethod de/javasoft/plaf/synthetica/StyleFactory installTextComponentPropertyChangeListener (Ljava/awt/Component;)V 8 0 12 0 -1
ciMethod de/javasoft/plaf/synthetica/StyleFactory access$2 (Lde/javasoft/plaf/synthetica/StyleFactory;Ljavax/swing/border/Border;)Ljavax/swing/border/TitledBorder; 40 0 314 0 -1
ciMethodData sun/awt/AppContext get (Ljava/lang/Object;)Ljava/lang/Object; 2 5504 orig 80 0 0 0 0 0 0 0 0 0 0 0 0 250 127 0 0 0 0 0 0 0 0 0 0 0 0 0 0 0 0 0 0 0 0 0 0 0 0 0 0 0 0 0 0 0 0 0 0 0 0 0 0 0 0 0 0 0 0 0 0 0 0 0 0 0 0 0 0 0 0 0 0 0 0 0 0 0 0 0 0 data 46 0xd0007 0x0 0x40 0x1400 0x150007 0xcb7 0x20 0x749 0x240005 0x0 0x0 0x1ee21ba5650 0xcb7 0x0 0x0 0x2f0007 0xcb7 0x58 0x0 0x3a0002 0x0 0x480002 0x0 0x4e0003 0x0 0x50 0x5e0005 0xcb7 0x0 0x0 0x0 0x0 0x0 0x0 0x0 0x0 0x0 0x0 0x0 0x0 0x0 0x0 0x9 0x2 0xc0 0xffffffffffffffff oops 1 11 java/util/HashMap methods 0
ciMethod de/javasoft/plaf/synthetica/util/OS getCurrentOS ()Lde/javasoft/plaf/synthetica/util/OS; 512 0 1098 0 -1
ciMethod java/awt/event/MouseAdapter <init> ()V 146 0 1688 0 0
ciMethod java/awt/event/MouseMotionAdapter <init> ()V 6 0 16 0 -1
ciMethod javax/swing/table/JTableHeader setDefaultRenderer (Ljavax/swing/table/TableCellRenderer;)V 26 0 13 0 -1
ciMethod javax/swing/table/JTableHeader getDefaultRenderer ()Ljavax/swing/table/TableCellRenderer; 38 0 19 0 -1
ciMethod de/javasoft/plaf/synthetica/styles/EditorPaneStyle <init> ()V 6 0 3 0 -1
ciMethod de/javasoft/plaf/synthetica/styles/EditorPaneStyle getStyle (Ljavax/swing/plaf/synth/SynthStyle;Ljavax/swing/JComponent;Ljavax/swing/plaf/synth/Region;)Ljavax/swing/plaf/synth/SynthStyle; 8 0 4 0 -1
ciMethodData de/javasoft/plaf/synthetica/StyleFactory setTitledBorderTitlePosition (Ljavax/swing/JComponent;Ljavax/swing/border/TitledBorder;)V 1 0 orig 80 0 0 0 0 0 0 0 0 0 0 0 0 250 127 0 0 0 0 0 0 0 0 0 0 0 0 0 0 0 0 0 0 0 0 0 0 0 0 0 0 0 0 0 0 0 0 0 0 0 0 0 0 0 0 0 0 0 0 0 0 0 0 0 0 0 0 0 0 0 0 0 0 0 0 0 0 0 0 0 0 data 27 0x80005 0x0 0x0 0x0 0x0 0x0 0x0 0x100002 0x0 0x130005 0x0 0x0 0x0 0x0 0x0 0x0 0x0 0x0 0x0 0x0 0x0 0x0 0x9 0x3 0x0 0xffffffffffffffff 0xffffffffffffffff oops 0 methods 0
ciMethod de/javasoft/plaf/synthetica/styles/ToolBarSeparatorStyle <init> ()V 2 0 1 0 -1
ciMethod de/javasoft/plaf/synthetica/styles/ToolBarSeparatorStyle getStyle (Ljavax/swing/plaf/synth/SynthStyle;Ljavax/swing/JComponent;Ljavax/swing/plaf/synth/Region;)Ljavax/swing/plaf/synth/SynthStyle; 24 0 18 0 -1
ciMethodData de/javasoft/plaf/synthetica/styles/EditorPaneStyle getStyle (Ljavax/swing/plaf/synth/SynthStyle;Ljavax/swing/JComponent;Ljavax/swing/plaf/synth/Region;)Ljavax/swing/plaf/synth/SynthStyle; 1 4 orig 80 0 0 0 0 0 0 0 0 0 0 0 0 250 127 0 0 0 0 0 0 0 0 0 0 0 0 0 0 0 0 0 0 0 0 0 0 0 0 0 0 0 0 0 0 0 0 0 0 0 0 0 0 0 0 0 0 0 0 0 0 0 0 0 0 0 0 0 0 0 0 0 0 0 0 0 0 0 0 0 0 data 51 0x10002 0x0 0x40007 0x0 0xe8 0x0 0x80004 0x0 0x0 0x0 0x0 0x0 0x0 0xb0005 0x0 0x0 0x0 0x0 0x0 0x0 0xe0007 0x0 0x58 0x0 0x150005 0x0 0x0 0x0 0x0 0x0 0x0 0x200002 0x0 0x260005 0x0 0x0 0x0 0x0 0x0 0x0 0x0 0x0 0x0 0x0 0x0 0x0 0x9 0x3 0x0 0x0 0x0 oops 0 methods 0
ciMethodData de/javasoft/plaf/synthetica/styles/PasswordFieldStyle getStyle (Ljavax/swing/plaf/synth/SynthStyle;Ljavax/swing/JComponent;Ljavax/swing/plaf/synth/Region;)Ljavax/swing/plaf/synth/SynthStyle; 1 1 orig 80 0 0 0 0 0 0 0 0 0 0 0 0 250 127 0 0 0 0 0 0 0 0 0 0 0 0 0 0 0 0 0 0 0 0 0 0 0 0 0 0 0 0 0 0 0 0 0 0 0 0 0 0 0 0 0 0 0 0 0 0 0 0 0 0 0 0 0 0 0 0 0 0 0 0 0 0 0 0 0 0 data 51 0x10002 0x0 0x40007 0x0 0xe8 0x0 0x80004 0x0 0x0 0x0 0x0 0x0 0x0 0xb0005 0x0 0x0 0x0 0x0 0x0 0x0 0xe0007 0x0 0x58 0x0 0x150005 0x0 0x0 0x0 0x0 0x0 0x0 0x200002 0x0 0x260005 0x0 0x0 0x0 0x0 0x0 0x0 0x0 0x0 0x0 0x0 0x0 0x0 0x9 0x3 0x0 0x0 0x0 oops 0 methods 0
ciMethodData de/javasoft/plaf/synthetica/styles/ToolBarSeparatorStyle getStyle (Ljavax/swing/plaf/synth/SynthStyle;Ljavax/swing/JComponent;Ljavax/swing/plaf/synth/Region;)Ljavax/swing/plaf/synth/SynthStyle; 1 18 orig 80 0 0 0 0 0 0 0 0 0 0 0 0 250 127 0 0 0 0 0 0 0 0 0 0 0 0 0 0 0 0 0 0 0 0 0 0 0 0 0 0 0 0 0 0 0 0 0 0 0 0 0 0 0 0 0 0 0 0 0 0 0 0 0 0 0 0 0 0 0 0 0 0 0 0 0 0 0 0 0 0 data 33 0x10002 0x6 0x40007 0x0 0x58 0x6 0xb0005 0x0 0x0 0x1ee2019bb40 0x6 0x0 0x0 0x160002 0x0 0x1c0005 0x0 0x0 0x0 0x0 0x0 0x0 0x0 0x0 0x0 0x0 0x0 0x0 0x9 0x3 0x0 0x0 0x0 oops 1 9 de/javasoft/plaf/synthetica/styles/ToolBarSeparatorStyle methods 0
ciMethod de/javasoft/plaf/synthetica/styles/PopupMenuSeparatorStyle <init> ()V 2 0 1 0 -1
ciMethod de/javasoft/plaf/synthetica/styles/PopupMenuSeparatorStyle getStyle (Ljavax/swing/plaf/synth/SynthStyle;Ljavax/swing/JComponent;Ljavax/swing/plaf/synth/Region;)Ljavax/swing/plaf/synth/SynthStyle; 138 0 69 0 -1
ciMethodData de/javasoft/plaf/synthetica/styles/PopupMenuSeparatorStyle getStyle (Ljavax/swing/plaf/synth/SynthStyle;Ljavax/swing/JComponent;Ljavax/swing/plaf/synth/Region;)Ljavax/swing/plaf/synth/SynthStyle; 1 69 orig 80 0 0 0 0 0 0 0 0 0 0 0 0 250 127 0 0 0 0 0 0 0 0 0 0 0 0 0 0 0 0 0 0 0 0 0 0 0 0 0 0 0 0 0 0 0 0 0 0 0 0 0 0 0 0 0 0 0 0 0 0 0 0 0 0 0 0 0 0 0 0 0 0 0 0 0 0 0 0 0 0 data 33 0x10002 0x0 0x40007 0x0 0x58 0x0 0xb0005 0x0 0x0 0x0 0x0 0x0 0x0 0x160002 0x0 0x1c0005 0x0 0x0 0x0 0x0 0x0 0x0 0x0 0x0 0x0 0x0 0x0 0x0 0x9 0x3 0x0 0x0 0x0 oops 0 methods 0
ciMethod de/javasoft/plaf/synthetica/styles/MenuItemAcceleratorStyle <init> ()V 62 0 31 0 -1
ciMethod de/javasoft/plaf/synthetica/styles/MenuItemAcceleratorStyle getStyle (Ljavax/swing/plaf/synth/SynthStyle;Ljavax/swing/JComponent;Ljavax/swing/plaf/synth/Region;)Ljavax/swing/plaf/synth/SynthStyle; 60 0 30 0 -1
ciMethod de/javasoft/plaf/synthetica/styles/ProgressBarStyle <init> ()V 2 0 1 0 -1
ciMethod de/javasoft/plaf/synthetica/styles/ProgressBarStyle getStyle (Ljavax/swing/plaf/synth/SynthStyle;Ljavax/swing/JComponent;Ljavax/swing/plaf/synth/Region;)Ljavax/swing/plaf/synth/SynthStyle; 2 0 1 0 -1
ciMethodData de/javasoft/plaf/synthetica/styles/ProgressBarStyle getStyle (Ljavax/swing/plaf/synth/SynthStyle;Ljavax/swing/JComponent;Ljavax/swing/plaf/synth/Region;)Ljavax/swing/plaf/synth/SynthStyle; 1 1 orig 80 0 0 0 0 0 0 0 0 0 0 0 0 250 127 0 0 0 0 0 0 0 0 0 0 0 0 0 0 0 0 0 0 0 0 0 0 0 0 0 0 0 0 0 0 0 0 0 0 0 0 0 0 0 0 0 0 0 0 0 0 0 0 0 0 0 0 0 0 0 0 0 0 0 0 0 0 0 0 0 0 data 33 0x10002 0x0 0x40007 0x0 0x58 0x0 0xb0005 0x0 0x0 0x0 0x0 0x0 0x0 0x160002 0x0 0x1c0005 0x0 0x0 0x0 0x0 0x0 0x0 0x0 0x0 0x0 0x0 0x0 0x0 0x9 0x3 0x0 0x0 0x0 oops 0 methods 0
ciMethodData de/javasoft/plaf/synthetica/styles/MenuItemAcceleratorStyle getStyle (Ljavax/swing/plaf/synth/SynthStyle;Ljavax/swing/JComponent;Ljavax/swing/plaf/synth/Region;)Ljavax/swing/plaf/synth/SynthStyle; 1 30 orig 80 0 0 0 0 0 0 0 0 0 0 0 0 250 127 0 0 0 0 0 0 0 0 0 0 0 0 0 0 0 0 0 0 0 0 0 0 0 0 0 0 0 0 0 0 0 0 0 0 0 0 0 0 0 0 0 0 0 0 0 0 0 0 0 0 0 0 0 0 0 0 0 0 0 0 0 0 0 0 0 0 data 33 0x10002 0x0 0x40007 0x0 0x58 0x0 0xb0005 0x0 0x0 0x0 0x0 0x0 0x0 0x160002 0x0 0x1c0005 0x0 0x0 0x0 0x0 0x0 0x0 0x0 0x0 0x0 0x0 0x0 0x0 0x9 0x3 0x0 0x0 0x0 oops 0 methods 0
ciMethod javax/swing/plaf/synth/SynthContext <init> (Ljavax/swing/JComponent;Ljavax/swing/plaf/synth/Region;Ljavax/swing/plaf/synth/SynthStyle;I)V 248 0 5162 0 -1
ciMethod sun/swing/plaf/synth/DefaultSynthStyle$StateInfo setFont (Ljava/awt/Font;)V 256 0 128 0 0
ciMethod sun/swing/plaf/synth/DefaultSynthStyle$StateInfo getFont ()Ljava/awt/Font; 256 0 128 0 0
ciMethod sun/swing/plaf/synth/DefaultSynthStyle$StateInfo getComponentState ()I 256 0 128 0 0
ciMethod javax/swing/JDesktopPane getDesktopManager ()Ljavax/swing/DesktopManager; 0 0 1 0 -1
ciMethod javax/swing/JDesktopPane setDesktopManager (Ljavax/swing/DesktopManager;)V 0 0 1 0 -1
ciMethod javax/swing/border/TitledBorder getTitlePosition ()I 0 0 1 0 -1
ciMethod javax/swing/border/TitledBorder setTitleFont (Ljava/awt/Font;)V 0 0 1 0 -1
ciMethodData javax/swing/UIDefaults getFromHashtable (Ljava/lang/Object;)Ljava/lang/Object; 2 10661 orig 80 1 0 0 0 0 0 0 0 0 0 0 0 250 127 0 0 0 0 0 0 0 0 0 0 0 0 0 0 0 0 0 0 0 0 0 0 0 0 0 1 0 0 0 0 0 0 0 0 0 0 0 0 0 0 0 0 0 0 0 0 0 0 0 0 0 0 0 0 0 0 0 0 0 0 0 0 0 0 0 0 data 182 0x20002 0x28a5 0xa0007 0x0 0xd0 0x28a5 0xe0104 0xfffffffffffff608 0x0 0x1ee7d310200 0x22 0x1ee7d310290 0x2 0x8000000600110007 0x61 0x78 0x2845 0x150104 0xfffffffffffff61f 0x0 0x1ee21ba4bb0 0x7 0x1ee21ba4c60 0x1 0x180007 0x17 0x20 0x282e 0x230002 0x78 0x2b0007 0x78 0xa0 0x0 0x2f0005 0x0 0x0 0x0 0x0 0x0 0x0 0x320003 0x0 0x18 0x390002 0x0 0x410007 0x0 0xffffffffffffffa0 0x0 0x490004 0xffffffffffffff9f 0x0 0x1ee21ba4bb0 0x7 0x1ee21ba4c60 0x1 0x4c0007 0x61 0x48 0x17 0x540002 0x17 0x580003 0x17 0x70 0x5c0004 0x0 0x0 0x1ee21ba4d10 0x5f 0x1ee21ba4dc0 0x2 0x5f0007 0x61 0x20 0x0 0x680003 0x78 0x18 0x730004 0xffffffffffffff9f 0x0 0x1ee21ba4bb0 0x7 0x1ee21ba4c60 0x1 0x760007 0x61 0x210 0x17 0x7a0004 0x0 0x0 0x1ee21ba4bb0 0x7 0x1ee21ba4c60 0x1 0x7e0005 0xf 0x0 0x1ee21ba4bb0 0x7 0x1ee21ba4c60 0x1 0x890007 0x17 0x48 0x0 0x8e0002 0x0 0x920003 0x0 0x28 0x980002 0x17 0x9d0005 0x17 0x0 0x0 0x0 0x0 0x0 0xa20003 0x17 0x18 0xac0003 0x17 0xc0 0xb70007 0x0 0x48 0x0 0xbc0002 0x0 0xc00003 0x0 0x28 0xc60002 0x0 0xcb0005 0x0 0x0 0x0 0x0 0x0 0x0 0xd10003 0x0 0x18 0xdf0003 0x17 0x88 0xe30004 0x0 0x0 0x1ee21ba4d10 0x5f 0x1ee21ba4dc0 0x2 0xe70005 0x0 0x0 0x1ee21ba4d10 0x5f 0x1ee21ba4dc0 0x2 0x0 0x0 0x0 0x0 0x0 0x0 0x0 0x0 0x0 0x0 0x0 0x9 0x2 0x0 0x0 oops 18 9 java/lang/String 11 java/lang/Class 20 javax/swing/UIDefaults$LazyInputMap 22 javax/swing/JTable$$Lambda$193+0x0000000800f7c1e0 53 javax/swing/UIDefaults$LazyInputMap 55 javax/swing/JTable$$Lambda$193+0x0000000800f7c1e0 69 com/jidesoft/plaf/WindowsDesktopProperty 71 com/jidesoft/plaf/ExtWindowsDesktopProperty 83 javax/swing/UIDefaults$LazyInputMap 85 javax/swing/JTable$$Lambda$193+0x0000000800f7c1e0 94 javax/swing/UIDefaults$LazyInputMap 96 javax/swing/JTable$$Lambda$193+0x0000000800f7c1e0 101 javax/swing/UIDefaults$LazyInputMap 103 javax/swing/JTable$$Lambda$193+0x0000000800f7c1e0 156 com/jidesoft/plaf/WindowsDesktopProperty 158 com/jidesoft/plaf/ExtWindowsDesktopProperty 163 com/jidesoft/plaf/WindowsDesktopProperty 165 com/jidesoft/plaf/ExtWindowsDesktopProperty methods 0
ciMethodData javax/swing/UIDefaults get (Ljava/lang/Object;)Ljava/lang/Object; 2 8626 orig 80 0 0 0 0 0 0 0 0 0 0 0 0 250 127 0 0 0 0 0 0 0 0 0 0 0 0 0 0 0 0 0 0 0 0 0 0 0 0 0 0 0 0 0 0 0 0 0 0 0 0 0 0 0 0 0 0 0 0 0 0 0 0 0 0 0 0 0 0 0 0 0 0 0 0 0 0 0 0 0 0 data 31 0x20005 0x20b2 0x0 0x0 0x0 0x0 0x0 0x70007 0x1a0c 0x38 0x6a6 0xb0003 0x6a6 0x50 0x110005 0x1a0c 0x0 0x0 0x0 0x0 0x0 0x0 0x0 0x0 0x0 0x0 0x0 0x9 0x2 0x0 0x0 oops 0 methods 0
ciMethodData javax/swing/UIDefaults getFromResourceBundle (Ljava/lang/Object;Ljava/util/Locale;)Ljava/lang/Object; 2 5983 orig 80 0 0 0 0 0 0 0 0 0 0 0 0 250 127 0 0 0 0 0 0 0 0 0 0 0 0 0 0 0 0 0 0 0 0 0 0 0 0 0 0 0 0 0 0 0 0 0 0 0 0 0 0 0 0 0 0 0 0 0 0 0 0 0 0 0 0 0 0 0 0 0 0 0 0 0 0 0 0 0 0 data 59 0x40007 0xb8d 0xd0 0xb1e 0xb0005 0x0 0x0 0x1ee1da88270 0xb1e 0x0 0x0 0xe0007 0x0 0x78 0xb1e 0x120004 0xfffffffffffffea6 0x0 0x1ee7d310200 0x9c4 0x1ee1ae506b0 0x5 0x150007 0x9c4 0x20 0x15a 0x1b0007 0x3 0x40 0x9c1 0x220007 0x9c1 0x20 0x0 0x320005 0x9c4 0x0 0x0 0x0 0x0 0x0 0x360005 0x0 0x0 0x1ee21ba5240 0x9c4 0x0 0x0 0x0 0x0 0x0 0x0 0x0 0x0 0x9 0x3 0xffffffffffffffff 0xffffffffffffffff 0xffffffffffffffff oops 4 7 java/util/Vector 18 java/lang/String 20 sun/awt/SunHints$Key 44 javax/swing/UIDefaults$TextAndMnemonicHashMap methods 0
ciMethodData javax/swing/SwingUtilities appContextGet (Ljava/lang/Object;)Ljava/lang/Object; 2 13767 orig 80 0 0 0 0 0 0 0 0 0 0 0 0 250 127 0 0 0 0 0 0 0 0 0 0 0 0 0 0 0 0 0 0 0 0 0 0 0 0 0 0 0 0 0 0 0 0 0 0 0 0 0 0 0 0 0 0 0 0 0 0 0 0 0 0 0 0 0 0 0 0 0 0 0 0 0 0 0 0 0 0 data 18 0x2 0x34c7 0x40005 0x34c7 0x0 0x0 0x0 0x0 0x0 0x0 0x0 0x0 0x0 0x0 0x0 0x9 0x1 0x0 oops 0 methods 0
ciMethod de/javasoft/plaf/synthetica/SyntheticaLookAndFeel$JVMCompatibilityMode valueOf (Ljava/lang/String;)Lde/javasoft/plaf/synthetica/SyntheticaLookAndFeel$JVMCompatibilityMode; 0 0 1 0 -1
ciMethod de/javasoft/plaf/synthetica/StyleFactory$ComponentPropertyStore storeComponentProperty (Ljava/awt/Component;Ljava/lang/String;)V 798 0 5691 0 14976
ciMethod de/javasoft/plaf/synthetica/styles/StyleWrapper <init> ()V 276 0 1623 0 0
ciMethod de/javasoft/plaf/synthetica/styles/StyleWrapper setStyle (Ljavax/swing/plaf/synth/SynthStyle;)V 256 0 128 0 0
ciMethod de/javasoft/plaf/synthetica/styles/StyleWrapper isOpaque (Ljavax/swing/plaf/synth/SynthContext;)Z 12 0 6 0 -1
ciMethod de/javasoft/plaf/synthetica/StyleFactory$ComponentProperty <init> (Lde/javasoft/plaf/synthetica/StyleFactory;Ljava/awt/Component;Ljava/lang/String;Ljava/lang/Object;)V 798 0 5691 0 -1
ciMethod de/javasoft/plaf/synthetica/styles/ButtonStyle <init> ()V 70 0 55 0 0
ciMethod de/javasoft/plaf/synthetica/styles/ButtonStyle getStyle (Ljavax/swing/plaf/synth/SynthStyle;Ljavax/swing/JComponent;Ljavax/swing/plaf/synth/Region;)Ljavax/swing/plaf/synth/SynthStyle; 132 0 2567 0 0
ciMethod de/javasoft/plaf/synthetica/StyleFactory$8 <init> (Lde/javasoft/plaf/synthetica/StyleFactory;)V 6 0 7 0 -1
ciMethod de/javasoft/plaf/synthetica/styles/ComboBoxStyle <init> ()V 2 0 3 0 -1
ciMethod de/javasoft/plaf/synthetica/styles/ComboBoxStyle getStyle (Ljavax/swing/plaf/synth/SynthStyle;Ljavax/swing/JComponent;Ljavax/swing/plaf/synth/Region;)Ljavax/swing/plaf/synth/SynthStyle; 10 0 13 0 -1
ciMethod de/javasoft/plaf/synthetica/styles/PopupMenuStyle <init> ()V 20 0 8 0 -1
ciMethod de/javasoft/plaf/synthetica/styles/PopupMenuStyle getStyle (Ljavax/swing/plaf/synth/SynthStyle;Ljavax/swing/JComponent;Ljavax/swing/plaf/synth/Region;)Ljavax/swing/plaf/synth/SynthStyle; 28 0 127 0 -1
ciMethod de/javasoft/plaf/synthetica/styles/PopupMenuStyle$1 <init> ()V 286 0 127 0 -1
ciMethod de/javasoft/plaf/synthetica/StyleFactory$23 <init> (Lde/javasoft/plaf/synthetica/StyleFactory;)V 18 0 67 0 -1
ciMethod de/javasoft/plaf/synthetica/StyleFactory$SyntheticaComboPopupBorder <init> (Lde/javasoft/plaf/synthetica/StyleFactory$SyntheticaComboPopupBorder;)V 0 0 1 0 -1
ciMethod de/javasoft/plaf/synthetica/styles/LabelStyle <init> ()V 62 0 68 0 -1
ciMethod de/javasoft/plaf/synthetica/styles/LabelStyle getStyle (Ljavax/swing/plaf/synth/SynthStyle;Ljavax/swing/JComponent;Ljavax/swing/plaf/synth/Region;)Ljavax/swing/plaf/synth/SynthStyle; 138 0 553 0 -1
ciMethod de/javasoft/plaf/synthetica/StyleFactory$RepaintFocusListener <init> (Lde/javasoft/plaf/synthetica/StyleFactory$RepaintFocusListener;)V 134 0 59 0 -1
ciMethod de/javasoft/plaf/synthetica/styles/ListStyle <init> ()V 8 0 11 0 -1
ciMethod de/javasoft/plaf/synthetica/styles/ListStyle getStyle (Ljavax/swing/plaf/synth/SynthStyle;Ljavax/swing/JComponent;Ljavax/swing/plaf/synth/Region;)Ljavax/swing/plaf/synth/SynthStyle; 24 0 29 0 -1
ciMethod de/javasoft/plaf/synthetica/StyleFactory$9 <init> (Lde/javasoft/plaf/synthetica/StyleFactory;)V 10 0 10 0 -1
ciMethod de/javasoft/plaf/synthetica/styles/ViewportStyle <init> ()V 2 0 1 0 -1
ciMethod de/javasoft/plaf/synthetica/styles/ViewportStyle getStyle (Ljavax/swing/plaf/synth/SynthStyle;Ljavax/swing/JComponent;Ljavax/swing/plaf/synth/Region;)Ljavax/swing/plaf/synth/SynthStyle; 6 0 21 0 -1
ciMethod de/javasoft/plaf/synthetica/StyleFactory$25 <init> (Lde/javasoft/plaf/synthetica/StyleFactory;)V 6 0 21 0 -1
ciMethod de/javasoft/plaf/synthetica/styles/ScrollBarStyle <init> ()V 2 0 1 0 -1
ciMethod de/javasoft/plaf/synthetica/styles/ScrollBarStyle getStyle (Ljavax/swing/plaf/synth/SynthStyle;Ljavax/swing/JComponent;Ljavax/swing/plaf/synth/Region;)Ljavax/swing/plaf/synth/SynthStyle; 20 0 31 0 -1
ciMethod de/javasoft/plaf/synthetica/StyleFactory$11 <init> (Lde/javasoft/plaf/synthetica/StyleFactory;)V 16 0 28 0 -1
ciMethod de/javasoft/plaf/synthetica/styles/ArrowButtonStyle <init> ()V 38 0 62 0 -1
ciMethod de/javasoft/plaf/synthetica/styles/ArrowButtonStyle getStyle (Ljavax/swing/plaf/synth/SynthStyle;Ljavax/swing/JComponent;Ljavax/swing/plaf/synth/Region;)Ljavax/swing/plaf/synth/SynthStyle; 108 0 181 0 0
ciMethod de/javasoft/plaf/synthetica/StyleFactory$3 <init> (Lde/javasoft/plaf/synthetica/StyleFactory;)V 32 0 54 0 0
ciMethodData de/javasoft/plaf/synthetica/StyleFactory isSyntheticaStyleNameSupportEnabled ()Z 2 7431 orig 80 0 0 0 0 0 0 0 0 0 0 0 0 250 127 0 0 0 0 0 0 0 0 0 0 0 0 0 0 0 0 0 0 0 0 0 0 0 0 0 0 0 0 0 0 0 0 0 0 0 0 0 0 0 0 0 0 0 0 0 0 0 0 0 0 0 0 0 0 0 0 0 0 0 0 0 0 0 0 0 0 data 32 0x40007 0x1c07 0x80 0x0 0x90002 0x0 0xf0002 0x0 0x150007 0x0 0x40 0x0 0x1d0002 0x0 0x200002 0x0 0x2a0005 0x1c07 0x0 0x0 0x0 0x0 0x0 0x0 0x0 0x0 0x0 0x0 0x0 0x9 0x1 0x18 oops 0 methods 0
ciMethodData de/javasoft/plaf/synthetica/SyntheticaLookAndFeel getJVMCompatibilityMode ()Lde/javasoft/plaf/synthetica/SyntheticaLookAndFeel$JVMCompatibilityMode; 2 6580 orig 80 0 0 0 0 0 0 0 0 0 0 0 0 250 127 0 0 0 0 0 0 0 0 0 0 0 0 0 0 0 0 0 0 0 0 0 0 0 0 0 0 0 0 0 0 0 0 0 0 0 0 0 0 0 0 0 0 0 0 0 0 0 0 0 0 0 0 0 0 0 0 0 0 0 0 0 0 0 0 0 0 data 16 0x30002 0x1997 0x80007 0x0 0x20 0x1997 0x100002 0x0 0x0 0x0 0x0 0x0 0x0 0x0 0x9 0x0 oops 0 methods 0
ciMethodData de/javasoft/plaf/synthetica/SyntheticaLookAndFeel getBoolean (Ljava/lang/String;Ljava/awt/Component;Z)Z 2 19159 orig 80 0 0 0 0 0 0 0 0 0 0 0 0 250 127 0 0 0 0 0 0 0 0 0 0 0 0 0 0 0 0 0 0 0 0 0 0 0 0 0 0 0 0 0 0 0 0 0 0 0 0 0 0 0 0 0 0 0 0 0 0 0 0 0 0 0 0 0 0 0 0 0 0 0 0 0 0 0 0 0 0 data 34 0x20002 0x4a75 0x70007 0x4907 0xa8 0x16e 0xb0004 0x0 0x0 0x1ee7d313ad0 0x16e 0x0 0x0 0xe0005 0x16e 0x0 0x0 0x0 0x0 0x0 0x110003 0x16e 0x18 0x0 0x0 0x0 0x0 0x0 0x0 0x9 0x3 0xffffffffffffffff 0xffffffffffffffff 0x0 oops 1 9 java/lang/Boolean methods 0
ciMethodData de/javasoft/plaf/synthetica/SyntheticaLookAndFeel get (Ljava/lang/String;Ljava/awt/Component;)Ljava/lang/Object; 2 8296 orig 80 1 0 0 0 0 0 0 0 0 0 0 0 250 127 0 0 0 0 0 0 0 0 0 0 0 0 0 0 0 0 0 0 0 0 0 0 0 0 0 0 0 0 0 0 0 0 0 0 0 0 0 0 0 0 0 0 0 0 0 0 0 0 0 0 0 0 0 0 0 0 0 0 0 0 0 0 0 0 0 0 data 72 0x60005 0x0 0x0 0x1ee14f53620 0x1484 0x0 0x0 0x90007 0x1484 0xd8 0x0 0x190002 0x0 0x1d0005 0x0 0x0 0x0 0x0 0x0 0x0 0x200005 0x0 0x0 0x0 0x0 0x0 0x0 0x230005 0x0 0x0 0x0 0x0 0x0 0x0 0x270007 0x5f3 0xb0 0xe91 0x2b0005 0xdbc 0x0 0x1ee1d5e4580 0x67 0x1ee1d5e4630 0x6e 0x2e0104 0xffffffffffffff18 0x0 0x1ee1d5e51e0 0x1 0x1ee14f54300 0x10 0x310007 0xe81 0x30 0x10 0x350002 0x603 0x3b0002 0xe81 0x3e0002 0xe81 0x0 0x0 0x0 0x0 0x0 0x0 0x9 0x2 0x0 0x0 oops 5 3 java/util/logging/Logger 41 javax/swing/plaf/synth/SynthScrollBarUI$2 43 javax/swing/plaf/synth/SynthScrollBarUI$1 48 javax/swing/JViewport 50 javax/swing/CellRendererPane methods 0
ciMethod de/javasoft/plaf/synthetica/styles/ScrollPaneStyle <init> ()V 20 0 7 0 -1
ciMethod de/javasoft/plaf/synthetica/styles/ScrollPaneStyle getStyle (Ljavax/swing/plaf/synth/SynthStyle;Ljavax/swing/JComponent;Ljavax/swing/plaf/synth/Region;)Ljavax/swing/plaf/synth/SynthStyle; 10 0 17 0 -1
ciMethodData de/javasoft/plaf/synthetica/SyntheticaLookAndFeel lookup (Ljava/lang/String;)Ljava/lang/Object; 2 9145 orig 80 0 0 0 0 0 0 0 0 0 0 0 0 250 127 0 0 0 0 0 0 0 0 0 0 0 0 0 0 0 0 0 0 0 0 0 0 0 0 0 0 0 0 0 0 0 0 0 0 0 0 0 0 0 0 0 0 0 0 0 0 0 0 0 0 0 0 0 0 0 0 0 0 0 0 0 0 0 0 0 0 data 22 0x30007 0x0 0x58 0x22b9 0xa0005 0x0 0x0 0x1ee1a390b50 0x22b9 0x0 0x0 0xf0002 0x0 0x0 0x0 0x0 0x0 0x0 0x0 0x9 0x1 0xffffffffffffffff oops 1 7 javax/swing/MultiUIDefaults methods 0
ciMethod de/javasoft/plaf/synthetica/StyleFactory$26 <init> (Lde/javasoft/plaf/synthetica/StyleFactory;)V 360 0 237 0 -1
ciMethodData de/javasoft/plaf/synthetica/SyntheticaLookAndFeel getStyleName (Ljava/awt/Component;)Ljava/lang/String; 2 5552 orig 80 1 0 0 0 0 0 0 0 0 0 0 0 250 127 0 0 0 0 0 0 0 0 0 0 0 0 0 0 0 0 0 0 0 0 0 0 0 0 0 0 0 0 0 0 0 0 0 0 0 0 0 0 0 0 0 0 0 0 0 0 0 0 0 0 0 0 0 0 0 0 0 0 0 0 0 0 0 0 0 0 data 179 0x10005 0x1453 0x0 0x1ee200f8950 0xd 0x1ee1d5e4a50 0x50 0x50002 0x14b0 0xa0004 0x0 0x0 0x1ee20038980 0x14b0 0x0 0x0 0xd0007 0x14b0 0x20 0x0 0x130004 0x0 0x0 0x1ee20038980 0x14b0 0x0 0x0 0x180007 0x0 0x478 0x14b0 0x1c0005 0x0 0x0 0x1ee20038980 0x14b0 0x0 0x0 0x1f0007 0x0 0x420 0x14b0 0x230004 0xffffffffffffeb52 0x0 0x1ee7dd89500 0x2 0x1ee200f8a00 0xc 0x260007 0x14ae 0x2a8 0x2 0x2a0004 0xfffffffffffffffe 0x0 0x0 0x0 0x0 0x0 0x2d0007 0x2 0xa8 0x0 0x310004 0x0 0x0 0x0 0x0 0x0 0x0 0x340005 0x0 0x0 0x0 0x0 0x0 0x0 0x380003 0x0 0x1c0 0x3c0004 0xfffffffffffffffe 0x0 0x0 0x0 0x0 0x0 0x3f0007 0x2 0xa8 0x0 0x430004 0x0 0x0 0x0 0x0 0x0 0x0 0x460005 0x0 0x0 0x0 0x0 0x0 0x0 0x4a0003 0x0 0xe0 0x4e0004 0x0 0x0 0x1ee7dd89500 0x2 0x0 0x0 0x510007 0x0 0x90 0x2 0x550004 0x0 0x0 0x1ee7dd89500 0x2 0x0 0x0 0x580005 0x0 0x0 0x0 0x0 0x0 0x0 0x5d0004 0x0 0x0 0x1ee200f8950 0xd 0x1ee1d5e4a50 0x50 0x600007 0x0 0xe8 0x14b0 0x640004 0x0 0x0 0x1ee200f8950 0xd 0x1ee1d5e4a50 0x50 0x6a0005 0x14b0 0x0 0x0 0x0 0x0 0x0 0x710007 0x14b0 0x58 0x0 0x760004 0x0 0x0 0x0 0x0 0x0 0x0 0x0 0x0 0x0 0x0 0x0 0x0 0x9 0x1 0xffffffffffffffff oops 13 3 javax/swing/plaf/synth/SynthComboBoxUI$SynthComboBoxRenderer 5 javax/swing/JComboBox 12 de/javasoft/plaf/synthetica/StyleFactory 23 de/javasoft/plaf/synthetica/StyleFactory 34 de/javasoft/plaf/synthetica/StyleFactory 45 javax/swing/JWindow 47 javax/swing/JPanel 112 javax/swing/JWindow 123 javax/swing/JWindow 137 javax/swing/plaf/synth/SynthComboBoxUI$SynthComboBoxRenderer 139 javax/swing/JComboBox 148 javax/swing/plaf/synth/SynthComboBoxUI$SynthComboBoxRenderer 150 javax/swing/JComboBox methods 0
ciMethod de/javasoft/plaf/synthetica/styles/TextFieldStyle <init> ()V 60 0 25 0 -1
ciMethod de/javasoft/plaf/synthetica/styles/TextFieldStyle getStyle (Ljavax/swing/plaf/synth/SynthStyle;Ljavax/swing/JComponent;Ljavax/swing/plaf/synth/Region;)Ljavax/swing/plaf/synth/SynthStyle; 48 0 57 0 -1
ciMethodData javax/swing/UIManager getLAFState ()Ljavax/swing/UIManager$LAFState; 2 5376 orig 80 0 0 0 0 0 0 0 0 0 0 0 0 250 127 0 0 0 0 0 0 0 0 0 0 0 0 0 0 0 0 0 0 0 0 0 0 0 0 0 0 0 0 0 0 0 0 0 0 0 0 0 0 0 0 0 0 0 0 0 0 0 0 0 0 0 0 0 0 0 0 0 0 0 0 0 0 0 0 0 0 data 41 0x30002 0x1400 0x60004 0x0 0x0 0x1ee1a3916e0 0x1400 0x0 0x0 0xb0007 0x1400 0xc0 0x0 0x170002 0x0 0x1a0004 0x0 0x0 0x0 0x0 0x0 0x0 0x1f0007 0x0 0x40 0x0 0x290002 0x0 0x2e0002 0x0 0x330003 0x0 0x18 0x0 0x0 0x0 0x0 0x0 0x0 0x9 0x0 oops 1 5 javax/swing/UIManager$LAFState methods 0
ciMethodData javax/swing/MultiUIDefaults get (Ljava/lang/Object;)Ljava/lang/Object; 2 7186 orig 80 0 0 0 0 0 0 0 0 0 0 0 0 250 127 0 0 0 0 0 0 0 0 0 0 0 0 0 0 0 0 0 0 0 0 0 0 0 0 0 0 0 0 0 0 0 0 0 0 0 0 0 0 0 0 0 0 0 0 0 0 0 0 0 0 0 0 0 0 0 0 0 0 0 0 0 0 0 0 0 0 data 41 0x20002 0x1430 0x70007 0xe51 0x20 0x5df 0x1c0007 0xd6b 0xc8 0x1bbc 0x270007 0xd6b 0x70 0xe51 0x2d0005 0x0 0x0 0x1ee1a3907b0 0xe51 0x0 0x0 0x300003 0xe51 0x18 0x360007 0x1ad6 0x20 0xe6 0x3e0003 0x1ad6 0xffffffffffffff50 0x0 0x0 0x0 0x0 0x0 0x0 0x9 0x2 0x0 0x0 oops 1 17 javax/swing/UIDefaults methods 0
ciMethod java/awt/event/ContainerAdapter <init> ()V 6 0 26 0 -1
ciMethodData java/awt/Component getParent ()Ljava/awt/Container; 2 18765 orig 80 0 0 0 0 0 0 0 0 0 0 0 0 250 127 0 0 0 0 0 0 0 0 0 0 0 0 0 0 0 0 0 0 0 0 0 0 0 0 0 0 0 0 0 0 0 0 0 0 0 0 0 0 0 0 0 0 0 0 0 0 0 0 0 0 0 0 0 0 0 0 0 0 0 0 0 0 0 0 0 0 data 16 0x10005 0x484d 0x0 0x0 0x0 0x0 0x0 0x0 0x0 0x0 0x0 0x0 0x0 0x9 0x1 0x0 oops 0 methods 0
ciMethodData javax/swing/JComponent getClientProperty (Ljava/lang/Object;)Ljava/lang/Object; 2 6531 orig 80 1 0 0 0 0 0 0 0 0 0 0 0 250 127 0 0 0 0 0 0 0 0 0 0 0 0 0 0 0 0 0 0 0 0 0 0 0 0 0 0 0 0 0 0 0 0 0 0 0 0 0 0 0 0 0 0 0 0 0 0 0 0 0 0 0 0 0 0 0 0 0 0 0 0 0 0 0 0 0 0 data 29 0x40007 0x1867 0x20 0x1c 0x100007 0x1860 0x20 0x7 0x1c0007 0x926 0x20 0xf3a 0x2d0005 0x0 0x0 0x1ee1ae4f400 0x926 0x0 0x0 0x0 0x0 0x0 0x0 0x0 0x0 0x9 0x2 0x0 0xffffffffffffffff oops 1 15 javax/swing/ArrayTable methods 0
ciMethodData javax/swing/ArrayTable get (Ljava/lang/Object;)Ljava/lang/Object; 2 7979 orig 80 0 0 0 0 0 0 0 0 0 0 0 0 250 127 0 0 0 0 0 0 0 0 0 4 0 0 0 0 0 0 0 0 0 0 0 0 0 0 0 0 0 0 0 0 0 0 0 0 0 0 0 0 0 0 0 0 0 0 0 0 0 0 0 0 0 0 0 0 0 0 0 0 0 0 0 0 0 0 0 0 data 70 0x60007 0xdf 0x1e0 0x1770 0xa0005 0x1770 0x0 0x0 0x0 0x0 0x0 0xd0007 0x31 0x118 0x173f 0x140004 0x0 0x0 0x1ee1b40c9c0 0x173f 0x0 0x0 0x210007 0xe94 0xa8 0x271c 0x8000000700290005 0x29 0x0 0x1ee7d310200 0x24bf 0x1ee1ae54420 0x238 0x2c0007 0x1e71 0x38 0x8af 0x360003 0x8af 0x30 0x3c0003 0x1e71 0xffffffffffffff70 0x3f0003 0x1743 0x88 0x460004 0x0 0x0 0x1ee7d3116f0 0x31 0x0 0x0 0x4a0005 0x0 0x0 0x1ee7d3116f0 0x31 0x0 0x0 0x0 0x0 0x0 0x0 0x0 0x0 0x9 0x2 0x0 0xffffffffffffffff oops 5 18 [Ljava/lang/Object; 29 java/lang/String 31 javax/swing/ClientPropertyKey 49 java/util/Hashtable 56 java/util/Hashtable methods 0
ciMethodData javax/swing/UIManager getString (Ljava/lang/Object;)Ljava/lang/String; 2 8642 orig 80 0 0 0 0 0 0 0 0 0 0 0 0 250 127 0 0 0 0 0 0 0 0 0 0 0 0 0 0 0 0 0 0 0 0 0 0 0 0 0 0 0 0 0 0 0 0 0 0 0 0 0 0 0 0 0 0 0 0 0 0 0 0 0 0 0 0 0 0 0 0 0 0 0 0 0 0 0 0 0 0 data 18 0x2 0x21a4 0x40005 0x0 0x0 0x1ee1a390b50 0x21a4 0x0 0x0 0x0 0x0 0x0 0x0 0x0 0x0 0x9 0x1 0x0 oops 1 5 javax/swing/MultiUIDefaults methods 0
ciMethodData javax/swing/UIManager getDefaults ()Ljavax/swing/UIDefaults; 2 61577 orig 80 0 0 0 0 0 0 0 0 0 0 0 0 250 127 0 0 0 0 0 0 0 0 0 0 0 0 0 0 0 0 0 0 0 0 0 0 0 0 0 0 0 0 0 0 0 0 0 0 0 0 0 0 0 0 0 0 0 0 0 0 0 0 0 0 0 0 0 0 0 0 0 0 0 0 0 0 0 0 0 0 data 12 0x2 0xefe7 0x30002 0xefe7 0x0 0x0 0x0 0x0 0x0 0x0 0x9 0x0 oops 0 methods 0
ciMethodData javax/swing/UIManager maybeInitialize ()V 2 5343 orig 80 0 0 0 0 0 0 0 0 0 0 0 0 250 127 0 0 0 0 0 0 0 0 0 0 0 0 0 0 0 0 0 0 0 0 0 0 0 0 0 0 0 0 0 0 0 0 0 0 0 0 0 0 0 0 0 0 0 0 0 0 0 0 0 0 0 0 0 0 0 0 0 0 0 0 0 0 0 0 0 0 data 21 0x60002 0x1400 0xc0007 0x1400 0x40 0x0 0xf0002 0x0 0x160002 0x0 0x1b0003 0x1400 0x18 0x0 0x0 0x0 0x0 0x0 0x0 0x9 0x0 oops 0 methods 0
ciMethodData javax/swing/UIDefaults getString (Ljava/lang/Object;)Ljava/lang/String; 2 8650 orig 80 0 0 0 0 0 0 0 0 0 0 0 0 250 127 0 0 0 0 0 0 0 0 0 0 0 0 0 0 0 0 0 0 0 0 0 0 0 0 0 0 0 0 0 0 0 0 0 0 0 0 0 0 0 0 0 0 0 0 0 0 0 0 0 0 0 0 0 0 0 0 0 0 0 0 0 0 0 0 0 0 data 38 0x20005 0x0 0x0 0x1ee1a390b50 0x21a7 0x1ee1a3907b0 0x5 0x70104 0x0 0x0 0x1ee7d310200 0x782 0x0 0x0 0xa0007 0x1a2a 0x70 0x782 0xe0004 0x0 0x0 0x1ee7d310200 0x782 0x0 0x0 0x110003 0x782 0x18 0x0 0x0 0x0 0x0 0x0 0x0 0x9 0x2 0x0 0x0 oops 4 3 javax/swing/MultiUIDefaults 5 javax/swing/UIDefaults 10 java/lang/String 21 java/lang/String methods 0
ciMethodData javax/swing/ArrayTable isArray ()Z 2 22076 orig 80 0 0 0 0 0 0 0 0 0 0 0 0 250 127 0 0 0 0 0 0 0 0 0 0 0 0 0 0 0 0 0 0 0 0 0 0 0 0 0 0 0 0 0 0 0 0 0 0 0 0 0 0 0 0 0 0 0 0 0 0 0 0 0 0 0 0 0 0 0 0 0 0 0 0 0 0 0 0 0 0 data 16 0x40004 0xfffffffffffff7dc 0x0 0x1ee1b40c9c0 0x4d18 0x0 0x0 0x0 0x0 0x0 0x0 0x0 0x0 0x9 0x1 0x0 oops 1 3 [Ljava/lang/Object; methods 0
ciMethodData javax/swing/plaf/synth/SynthLookAndFeel getStyleFactory ()Ljavax/swing/plaf/synth/SynthStyleFactory; 2 5443 orig 80 0 0 0 0 0 0 0 0 0 0 0 0 250 127 0 0 0 0 0 0 0 0 0 0 0 0 0 0 0 0 0 0 0 0 0 0 0 0 0 0 0 0 0 0 0 0 0 0 0 0 0 0 0 0 0 0 0 0 0 0 0 0 0 0 0 0 0 0 0 0 0 0 0 0 0 0 0 0 0 0 data 28 0x50002 0x1443 0xd0007 0x0 0x20 0x1443 0x1e0005 0x0 0x0 0x0 0x0 0x0 0x0 0x210004 0x0 0x0 0x0 0x0 0x0 0x0 0x0 0x0 0x0 0x0 0x0 0x0 0x9 0x0 oops 0 methods 0
ciMethodData javax/swing/UIManager get (Ljava/lang/Object;)Ljava/lang/Object; 2 13185 orig 80 0 0 0 0 0 0 0 0 0 0 0 0 250 127 0 0 0 0 0 0 0 0 0 0 0 0 0 0 0 0 0 0 0 0 0 0 0 0 0 0 0 0 0 0 0 0 0 0 0 0 0 0 0 0 0 0 0 0 0 0 0 0 0 0 0 0 0 0 0 0 0 0 0 0 0 0 0 0 0 0 data 18 0x2 0x3355 0x40005 0x0 0x0 0x1ee1a390b50 0x3355 0x0 0x0 0x0 0x0 0x0 0x0 0x0 0x0 0x9 0x1 0xffffffffffffffff oops 1 5 javax/swing/MultiUIDefaults methods 0
ciMethod javax/swing/border/CompoundBorder getOutsideBorder ()Ljavax/swing/border/Border; 2 0 1 0 -1
ciMethod javax/swing/border/CompoundBorder getInsideBorder ()Ljavax/swing/border/Border; 2 0 1 0 -1
ciMethodData sun/swing/plaf/synth/DefaultSynthStyle getStateInfo (I)Lsun/swing/plaf/synth/DefaultSynthStyle$StateInfo; 2 32302 orig 80 1 0 0 0 0 0 0 0 0 0 0 0 250 127 0 0 0 0 0 0 0 0 0 0 0 0 0 0 0 0 0 0 0 0 0 0 0 0 0 1 0 0 0 0 0 0 0 0 0 0 0 0 0 0 0 0 0 0 0 0 0 0 0 0 0 0 0 0 0 0 0 0 0 0 0 0 0 0 0 0 data 81 0x40007 0x0 0x228 0x195d 0xf0007 0xd1d 0xb0 0xc40 0x1d0007 0x0 0x90 0x3da9 0x270005 0x0 0x0 0x1ee1d5e4160 0x3da9 0x0 0x0 0x2a0007 0x3169 0x20 0xc40 0x380003 0x3169 0xffffffffffffff88 0x480007 0xd1e 0x118 0x4951 0x520005 0x0 0x0 0x1ee1d5e4160 0x4951 0x0 0x0 0x590007 0x3c33 0x58 0xd1e 0x5f0007 0x0 0x88 0xd1e 0x660003 0xd1e 0x68 0x6f0007 0x3b6f 0x50 0xc4 0x740002 0xc4 0x80000006007c0007 0x9 0x20 0xbc 0x880003 0x4952 0xffffffffffffff00 0x8d0007 0xc61 0x20 0xbd 0x9a0007 0x0 0x20 0xc61 0x0 0x0 0x0 0x0 0x0 0x0 0x0 0x0 0x9 0x2 0x0 0x0 oops 2 15 javax/swing/plaf/synth/ParsedSynthStyle$StateInfo 33 javax/swing/plaf/synth/ParsedSynthStyle$StateInfo methods 0
ciMethod javax/swing/table/TableColumnModel setColumnMargin (I)V 0 0 1 0 -1
ciMethod javax/swing/table/TableColumnModel getColumnMargin ()I 0 0 1 0 -1
ciMethod javax/swing/table/DefaultTableColumnModel setColumnMargin (I)V 8 0 6 0 -1
ciMethod javax/swing/table/DefaultTableColumnModel getColumnMargin ()I 22 0 11 0 -1
ciMethod javax/swing/table/DefaultTableColumnModel fireColumnMarginChanged ()V 8 8 6 0 -1
ciMethod sun/swing/table/DefaultTableCellHeaderRenderer <init> ()V 20 0 15 0 -1
ciMethod de/javasoft/plaf/synthetica/styles/TableHeaderStyle <init> ()V 2 0 1 0 -1
ciMethod de/javasoft/plaf/synthetica/styles/TableHeaderStyle getStyle (Ljavax/swing/plaf/synth/SynthStyle;Ljavax/swing/JComponent;Ljavax/swing/plaf/synth/Region;)Ljavax/swing/plaf/synth/SynthStyle; 12 0 9 0 -1
ciMethod de/javasoft/plaf/synthetica/SyntheticaHeaderRenderer <init> ()V 8 0 6 0 -1
ciMethod de/javasoft/plaf/synthetica/StyleFactory$5 <init> (Lde/javasoft/plaf/synthetica/StyleFactory;Ljavax/swing/JCheckBox;)V 16 0 18 0 -1
ciMethod de/javasoft/plaf/synthetica/styles/CheckBoxStyle <init> ()V 10 0 7 0 -1
ciMethod de/javasoft/plaf/synthetica/styles/CheckBoxStyle getStyle (Ljavax/swing/plaf/synth/SynthStyle;Ljavax/swing/JComponent;Ljavax/swing/plaf/synth/Region;)Ljavax/swing/plaf/synth/SynthStyle; 28 0 27 0 -1
ciMethod de/javasoft/plaf/synthetica/styles/TableStyle <init> ()V 2 0 1 0 -1
ciMethod de/javasoft/plaf/synthetica/styles/TableStyle getStyle (Ljavax/swing/plaf/synth/SynthStyle;Ljavax/swing/JComponent;Ljavax/swing/plaf/synth/Region;)Ljavax/swing/plaf/synth/SynthStyle; 8 0 6 0 -1
ciMethod de/javasoft/plaf/synthetica/StyleFactory$22 <init> (Lde/javasoft/plaf/synthetica/StyleFactory;)V 4 0 6 0 -1
ciMethod de/javasoft/plaf/synthetica/styles/TreeStyle <init> ()V 2 0 1 0 -1
ciMethod de/javasoft/plaf/synthetica/styles/TreeStyle getStyle (Ljavax/swing/plaf/synth/SynthStyle;Ljavax/swing/JComponent;Ljavax/swing/plaf/synth/Region;)Ljavax/swing/plaf/synth/SynthStyle; 8 0 9 0 -1
ciMethod de/javasoft/plaf/synthetica/styles/RootPaneStyle <init> ()V 2 0 1 0 -1
ciMethod de/javasoft/plaf/synthetica/styles/RootPaneStyle getStyle (Ljavax/swing/plaf/synth/SynthStyle;Ljavax/swing/JComponent;Ljavax/swing/plaf/synth/Region;)Ljavax/swing/plaf/synth/SynthStyle; 4 0 66 0 -1
ciMethod de/javasoft/plaf/synthetica/styles/InternalFrameTitlePaneStyle <init> ()V 14 0 10 0 -1
ciMethod de/javasoft/plaf/synthetica/styles/InternalFrameTitlePaneStyle getStyle (Ljavax/swing/plaf/synth/SynthStyle;Ljavax/swing/JComponent;Ljavax/swing/plaf/synth/Region;)Ljavax/swing/plaf/synth/SynthStyle; 28 0 21 0 -1
ciMethod de/javasoft/plaf/synthetica/StyleFactory$4 <init> (Lde/javasoft/plaf/synthetica/StyleFactory;)V 16 0 12 0 -1
ciMethod de/javasoft/plaf/synthetica/styles/MenuItemStyle <init> ()V 106 0 1171 0 -1
ciMethod de/javasoft/plaf/synthetica/styles/MenuItemStyle getStyle (Ljavax/swing/plaf/synth/SynthStyle;Ljavax/swing/JComponent;Ljavax/swing/plaf/synth/Region;)Ljavax/swing/plaf/synth/SynthStyle; 192 0 1914 0 -1
ciMethod de/javasoft/plaf/synthetica/styles/SeparatorStyle <init> ()V 6 0 4 0 -1
ciMethod de/javasoft/plaf/synthetica/styles/SeparatorStyle getStyle (Ljavax/swing/plaf/synth/SynthStyle;Ljavax/swing/JComponent;Ljavax/swing/plaf/synth/Region;)Ljavax/swing/plaf/synth/SynthStyle; 24 0 19 0 -1
ciMethod de/javasoft/plaf/synthetica/styles/InternalFrameStyle <init> ()V 2 0 1 0 -1
ciMethod de/javasoft/plaf/synthetica/styles/InternalFrameStyle getStyle (Ljavax/swing/plaf/synth/SynthStyle;Ljavax/swing/JComponent;Ljavax/swing/plaf/synth/Region;)Ljavax/swing/plaf/synth/SynthStyle; 8 0 6 0 -1
ciMethodData de/javasoft/plaf/synthetica/SyntheticaLookAndFeel getInt (Ljava/lang/String;Ljava/awt/Component;IZ)I 2 5380 orig 80 0 0 0 0 0 0 0 0 0 0 0 0 250 127 0 0 0 0 0 0 0 0 0 0 0 0 0 0 0 0 0 0 0 0 0 0 0 0 0 0 0 0 0 0 0 0 0 0 0 0 0 0 0 0 0 0 0 0 0 0 0 0 0 0 0 0 0 0 0 0 0 0 0 0 0 0 0 0 0 0 data 14 0x50002 0x1404 0x0 0x0 0x0 0x0 0x0 0x0 0x9 0x4 0xffffffffffffffff 0xffffffffffffffff 0x0 0x0 oops 0 methods 0
ciMethodData de/javasoft/plaf/synthetica/SyntheticaLookAndFeel getInt (Ljava/lang/String;Ljava/awt/Component;IZZ)I 2 5495 orig 80 1 0 0 0 0 0 0 0 0 0 0 0 250 127 0 0 0 0 0 0 0 0 0 0 0 0 0 0 0 0 0 0 0 0 0 0 0 0 0 1 0 0 0 0 0 0 0 0 0 0 0 0 0 0 0 0 0 0 0 0 0 0 0 0 0 0 0 0 0 0 0 0 0 0 0 0 0 0 0 0 data 94 0x20002 0x1478 0x90104 0x0 0x0 0x1ee7d313ee0 0xe14 0x0 0x0 0xc0007 0x664 0x158 0xe14 0x110004 0x0 0x0 0x1ee7d313ee0 0xe14 0x0 0x0 0x140005 0x0 0x0 0x1ee7d313ee0 0xe14 0x0 0x0 0x1a0007 0xe01 0xc8 0x13 0x1d0002 0x13 0x220002 0x13 0x250005 0x0 0x0 0x1ee7df6c700 0x13 0x0 0x0 0x280005 0x13 0x0 0x0 0x0 0x0 0x0 0x2b0003 0x13 0x18 0x320007 0x518 0xe8 0x14c 0x8000000600370007 0x78 0xc8 0xd5 0x3a0002 0xd5 0x3e0002 0xd5 0x410005 0x0 0x0 0x1ee7df6c700 0xd5 0x0 0x0 0x440005 0xd5 0x0 0x0 0x0 0x0 0x0 0x470003 0xd5 0x18 0x0 0x0 0x0 0x0 0x0 0x0 0x9 0x5 0xffffffffffffffff 0xffffffffffffffff 0x0 0x0 0x0 oops 5 5 java/lang/Integer 16 java/lang/Integer 23 java/lang/Integer 38 ui/utils/lnf/q 67 ui/utils/lnf/q methods 0
ciMethodData de/javasoft/plaf/synthetica/SyntheticaLookAndFeel getBoolean (Ljava/lang/String;Ljava/awt/Component;)Z 2 7075 orig 80 0 0 0 0 0 0 0 0 0 0 0 0 250 127 0 0 0 0 0 0 0 0 0 0 0 0 0 0 0 0 0 0 0 0 0 0 0 0 0 0 0 0 0 0 0 0 0 0 0 0 0 0 0 0 0 0 0 0 0 0 0 0 0 0 0 0 0 0 0 0 0 0 0 0 0 0 0 0 0 0 data 12 0x30002 0x1aa3 0x0 0x0 0x0 0x0 0x0 0x0 0x9 0x2 0xffffffffffffffff 0xffffffffffffffff oops 0 methods 0
ciMethod de/javasoft/plaf/synthetica/StyleFactory$15 <init> (Lde/javasoft/plaf/synthetica/StyleFactory;Lsun/swing/plaf/synth/DefaultSynthStyle;)V 12 0 231 0 -1
ciMethod de/javasoft/plaf/synthetica/StyleFactory$19 <init> (Lde/javasoft/plaf/synthetica/StyleFactory;)V 4 0 6 0 -1
ciMethod de/javasoft/plaf/synthetica/StyleFactory$20 <init> (Lde/javasoft/plaf/synthetica/StyleFactory;)V 4 0 6 0 -1
ciMethod de/javasoft/plaf/synthetica/StyleFactory$17 <init> (Lde/javasoft/plaf/synthetica/StyleFactory;)V 4 0 3 0 -1
ciMethod de/javasoft/plaf/synthetica/styles/TabbedPaneStyle <init> ()V 2 0 1 0 -1
ciMethod de/javasoft/plaf/synthetica/styles/TabbedPaneStyle getStyle (Ljavax/swing/plaf/synth/SynthStyle;Ljavax/swing/JComponent;Ljavax/swing/plaf/synth/Region;)Ljavax/swing/plaf/synth/SynthStyle; 12 0 18 0 -1
ciMethod de/javasoft/plaf/synthetica/styles/TabbedPaneStyle installTabLayoutManager (Ljavax/swing/JTabbedPane;)V 36 0 18 0 -1
ciMethod de/javasoft/plaf/synthetica/StyleFactory$18 <init> (Lde/javasoft/plaf/synthetica/StyleFactory;)V 4 0 6 0 -1
ciMethod de/javasoft/plaf/synthetica/styles/MenuStyle <init> ()V 274 0 137 0 -1
ciMethod de/javasoft/plaf/synthetica/styles/MenuStyle getStyle (Ljavax/swing/plaf/synth/SynthStyle;Ljavax/swing/JComponent;Ljavax/swing/plaf/synth/Region;)Ljavax/swing/plaf/synth/SynthStyle; 12 0 231 0 -1
ciMethod de/javasoft/plaf/synthetica/StyleFactory$16 <init> (Lde/javasoft/plaf/synthetica/StyleFactory;Ljavax/swing/JMenu;Ljava/awt/event/MouseListener;)V 4 0 46 0 -1
ciMethod de/javasoft/plaf/synthetica/styles/OptionPaneStyle <init> ()V 2 0 1 0 -1
ciMethod de/javasoft/plaf/synthetica/styles/OptionPaneStyle getStyle (Ljavax/swing/plaf/synth/SynthStyle;Ljavax/swing/JComponent;Ljavax/swing/plaf/synth/Region;)Ljavax/swing/plaf/synth/SynthStyle; 8 0 6 0 -1
ciMethod de/javasoft/plaf/synthetica/StyleFactory$24 <init> (Lde/javasoft/plaf/synthetica/StyleFactory;Ljavax/swing/JRadioButton;)V 4 0 3 0 -1
ciMethod de/javasoft/plaf/synthetica/styles/RadioButtonStyle <init> ()V 2 0 1 0 -1
ciMethod de/javasoft/plaf/synthetica/styles/RadioButtonStyle getStyle (Ljavax/swing/plaf/synth/SynthStyle;Ljavax/swing/JComponent;Ljavax/swing/plaf/synth/Region;)Ljavax/swing/plaf/synth/SynthStyle; 8 0 6 0 -1
ciMethod de/javasoft/plaf/synthetica/styles/TabbedPaneContentStyle <init> ()V 2 0 1 0 -1
ciMethod de/javasoft/plaf/synthetica/styles/TabbedPaneContentStyle getStyle (Ljavax/swing/plaf/synth/SynthStyle;Ljavax/swing/JComponent;Ljavax/swing/plaf/synth/Region;)Ljavax/swing/plaf/synth/SynthStyle; 8 0 6 0 -1
ciMethod de/javasoft/plaf/synthetica/StyleFactory$RepaintTextComponentPropertyChangeListener <init> (Lde/javasoft/plaf/synthetica/StyleFactory$RepaintTextComponentPropertyChangeListener;)V 8 0 9 0 -1
ciMethod de/javasoft/plaf/synthetica/styles/TextPaneStyle <init> ()V 2 0 1 0 -1
ciMethod de/javasoft/plaf/synthetica/styles/TextPaneStyle getStyle (Ljavax/swing/plaf/synth/SynthStyle;Ljavax/swing/JComponent;Ljavax/swing/plaf/synth/Region;)Ljavax/swing/plaf/synth/SynthStyle; 8 0 6 0 -1
ciMethod de/javasoft/plaf/synthetica/styles/ToolTipStyle <init> ()V 2 0 1 0 -1
ciMethod de/javasoft/plaf/synthetica/styles/ToolTipStyle getStyle (Ljavax/swing/plaf/synth/SynthStyle;Ljavax/swing/JComponent;Ljavax/swing/plaf/synth/Region;)Ljavax/swing/plaf/synth/SynthStyle; 8 0 6 0 -1
ciMethodData de/javasoft/plaf/synthetica/SyntheticaLookAndFeel getFont ()Ljava/awt/Font; 2 6276 orig 80 0 0 0 0 0 0 0 0 0 0 0 0 250 127 0 0 0 0 0 0 0 0 0 0 0 0 0 0 0 0 0 0 0 0 0 0 0 0 0 0 0 0 0 0 0 0 0 0 0 0 0 0 0 0 0 0 0 0 0 0 0 0 0 0 0 0 0 0 0 0 0 0 0 0 0 0 0 0 0 0 data 4 0x0 0x0 0x9 0x0 oops 0 methods 0
ciMethodData de/javasoft/plaf/synthetica/util/OS getCurrentOS ()Lde/javasoft/plaf/synthetica/util/OS; 1 1120 orig 80 0 0 0 0 0 0 0 0 0 0 0 0 250 127 0 0 0 0 0 0 0 0 0 0 0 0 0 0 0 0 0 0 0 0 0 0 0 0 0 0 0 0 0 0 0 0 0 0 0 0 0 0 0 0 0 0 0 0 0 0 0 0 0 0 0 0 0 0 0 0 0 0 0 0 0 0 0 0 0 0 data 100 0x50005 0x360 0x0 0x0 0x0 0x0 0x0 0x80007 0x0 0x20 0x360 0x140005 0x0 0x0 0x0 0x0 0x0 0x0 0x170007 0x0 0x20 0x0 0x230005 0x0 0x0 0x0 0x0 0x0 0x0 0x260007 0x0 0xb0 0x0 0x2c0005 0x0 0x0 0x0 0x0 0x0 0x0 0x310005 0x0 0x0 0x0 0x0 0x0 0x0 0x340007 0x0 0x20 0x0 0x400005 0x0 0x0 0x0 0x0 0x0 0x0 0x430007 0x0 0xb0 0x0 0x490005 0x0 0x0 0x0 0x0 0x0 0x0 0x4e0005 0x0 0x0 0x0 0x0 0x0 0x0 0x510007 0x0 0x20 0x0 0x5d0005 0x0 0x0 0x0 0x0 0x0 0x0 0x600007 0x0 0x20 0x0 0x0 0x0 0x0 0x0 0x0 0x0 0x0 0x9 0x0 oops 0 methods 0
ciMethod javax/swing/JToolBar$Separator getSeparatorSize ()Ljava/awt/Dimension; 72 0 36 0 -1
ciMethodData javax/swing/JComponent putClientProperty (Ljava/lang/Object;Ljava/lang/Object;)V 2 5558 orig 80 0 0 0 0 0 0 0 0 0 0 0 0 250 127 0 0 0 0 0 0 0 0 0 0 0 0 0 0 0 0 0 0 0 0 0 0 0 0 0 0 0 0 0 0 0 0 0 0 0 0 0 0 0 0 0 0 0 0 0 0 0 0 0 0 0 0 0 0 0 0 0 0 0 0 0 0 0 0 0 0 data 93 0x40007 0x14ac 0x20 0x9 0x110007 0x14a3 0x20 0x9 0x1b0007 0x67b 0x40 0xe28 0x220007 0x52a 0x20 0x8fe 0x270005 0xba5 0x0 0x0 0x0 0x0 0x0 0x320005 0x0 0x0 0x1ee1ae4f400 0xba5 0x0 0x0 0x380007 0x52a 0x70 0x67b 0x3e0005 0x0 0x0 0x1ee1ae4f400 0x67b 0x0 0x0 0x410003 0x67b 0x88 0x460007 0x51c 0x70 0xe 0x4b0005 0x0 0x0 0x1ee1ae4f400 0xe 0x0 0x0 0x4f0003 0xe 0x18 0x590003 0x689 0x18 0x690005 0x578 0x0 0x1ee2003fed0 0xc4 0x1ee1d5e46e0 0x4d 0x6e0005 0x29 0x0 0x1ee7d310200 0x639 0x1ee1ae54420 0x27 0x740005 0x578 0x0 0x1ee2003fed0 0xc4 0x1ee1d5e46e0 0x4d 0x0 0x0 0x0 0x0 0x0 0x0 0x9 0x3 0xffffffffffffffff 0xffffffffffffffff 0xffffffffffffffff oops 9 26 javax/swing/ArrayTable 37 javax/swing/ArrayTable 51 javax/swing/ArrayTable 64 javax/swing/plaf/basic/BasicInternalFrameTitlePane$NoFocusButton 66 javax/swing/JButton 71 java/lang/String 73 javax/swing/ClientPropertyKey 78 javax/swing/plaf/basic/BasicInternalFrameTitlePane$NoFocusButton 80 javax/swing/JButton methods 0
ciMethodData java/awt/Component getBackground ()Ljava/awt/Color; 2 6403 orig 80 0 0 0 0 0 0 0 0 0 0 0 0 250 127 0 0 0 0 0 0 0 0 0 0 0 0 0 0 0 0 0 0 0 0 0 0 0 0 0 0 0 0 0 0 0 0 0 0 0 0 0 0 0 0 0 0 0 0 0 0 0 0 0 0 0 0 0 0 0 0 0 0 0 0 0 0 0 0 0 0 data 27 0x60007 0x12cb 0x20 0x535 0x110007 0x1283 0x70 0x48 0x150005 0xc 0x0 0x1ee1d5e5e40 0x24 0x1ee1d5e4000 0x18 0x180003 0x48 0x18 0x0 0x0 0x0 0x0 0x0 0x0 0x9 0x1 0x0 oops 2 11 javax/swing/plaf/synth/SynthInternalFrameTitlePane$JPopupMenuUIResource 13 javax/swing/plaf/synth/SynthInternalFrameTitlePane methods 0
ciMethodData javax/swing/LookAndFeel installProperty (Ljavax/swing/JComponent;Ljava/lang/String;Ljava/lang/Object;)V 2 5379 orig 80 0 0 0 0 0 0 0 0 0 0 0 0 250 127 0 0 0 0 0 0 0 0 0 0 0 0 0 0 0 0 0 0 0 0 0 0 0 0 0 0 0 0 0 0 0 0 0 0 0 0 0 0 0 0 0 0 0 0 0 0 0 0 0 0 0 0 0 0 0 0 0 0 0 0 0 0 0 0 0 0 data 52 0x30002 0x1402 0x60007 0x13ff 0x100 0x3 0xa0004 0x0 0x0 0x1ee22a12490 0x3 0x0 0x0 0xf0005 0x0 0x0 0x0 0x0 0x0 0x0 0x120007 0x0 0xa8 0x3 0x180005 0x0 0x0 0x1ee22a12490 0x3 0x0 0x0 0x1b0003 0x3 0x50 0x210005 0x134a 0x0 0x1ee2003fed0 0xa8 0x1ee1d5e4000 0xd 0x0 0x0 0x0 0x0 0x0 0x0 0x9 0x3 0xffffffffffffffff 0xffffffffffffffff 0xffffffffffffffff oops 4 9 com/jidesoft/grid/PasswordCellRenderer 27 com/jidesoft/grid/PasswordCellRenderer 37 javax/swing/plaf/basic/BasicInternalFrameTitlePane$NoFocusButton 39 javax/swing/plaf/synth/SynthInternalFrameTitlePane methods 0
ciMethodData java/awt/Container addPropertyChangeListener (Ljava/beans/PropertyChangeListener;)V 2 8052 orig 80 0 0 0 0 0 0 0 0 0 0 0 0 250 127 0 0 0 0 0 0 0 0 0 0 0 0 0 0 0 0 0 0 0 0 0 0 0 0 0 0 0 0 0 0 0 0 0 0 0 0 0 0 0 0 0 0 0 0 0 0 0 0 0 0 0 0 0 0 0 0 0 0 0 0 0 0 0 0 0 0 data 8 0x20002 0x1e74 0x0 0x0 0x9 0x2 0xc00000 0xffffffffffffffff oops 0 methods 0
ciMethodData javax/swing/plaf/synth/SynthStyle <init> ()V 2 1799 orig 80 0 0 0 0 0 0 0 0 0 0 0 0 250 127 0 0 0 0 0 0 0 0 0 0 0 0 0 0 0 0 0 0 0 0 0 0 0 0 0 0 0 0 0 0 0 0 0 0 0 0 0 0 0 0 0 0 0 0 0 0 0 0 0 0 0 0 0 0 0 0 0 0 0 0 0 0 0 0 0 0 data 7 0x10002 0x607 0x0 0x0 0x9 0x1 0x0 oops 0 methods 0
ciMethodData java/awt/Font <init> (Ljava/lang/String;IFZLsun/font/Font2DHandle;)V 2 5376 orig 80 0 0 0 0 0 0 0 0 0 0 0 0 250 127 0 0 0 0 0 0 0 0 0 0 0 0 0 0 0 0 0 0 0 0 0 0 0 0 0 0 0 0 0 0 0 0 0 0 0 0 0 0 0 0 0 0 0 0 0 0 0 0 0 0 0 0 0 0 0 0 0 0 0 0 0 0 0 0 0 0 data 54 0x40002 0x1400 0xf0007 0x1400 0x130 0x0 0x170004 0x0 0x0 0x0 0x0 0x0 0x0 0x1a0007 0x0 0xd8 0x0 0x220005 0x0 0x0 0x0 0x0 0x0 0x0 0x260007 0x0 0x80 0x0 0x290002 0x0 0x350005 0x0 0x0 0x0 0x0 0x0 0x0 0x3d0003 0x0 0x18 0x0 0x0 0x0 0x0 0x0 0x0 0x9 0x6 0x0 0x0 0x0 0x0 0x0 0x0 oops 0 methods 0
ciMethodData java/awt/Font <init> (Ljava/lang/String;IF)V 2 5376 orig 80 0 0 0 0 0 0 0 0 0 0 0 0 250 127 0 0 0 0 0 0 0 0 0 0 0 0 0 0 0 0 0 0 0 0 0 0 0 0 0 0 0 0 0 0 0 0 0 0 0 0 0 0 0 0 0 0 0 0 0 0 0 0 0 0 0 0 0 0 0 0 0 0 0 0 0 0 0 0 0 0 data 28 0x10002 0x13ff 0x100007 0x0 0x38 0x13ff 0x140003 0x13ff 0x18 0x210007 0x0 0x38 0x13ff 0x250003 0x13ff 0x18 0x0 0x0 0x0 0x0 0x0 0x0 0x9 0x4 0x0 0x0 0x0 0x0 oops 0 methods 0
ciMethodData java/awt/Font deriveFont (I)Ljava/awt/Font; 2 5385 orig 80 0 0 0 0 0 0 0 0 0 0 0 0 250 127 0 0 0 0 0 0 0 0 0 0 0 0 0 0 0 0 0 0 0 0 0 0 0 0 0 0 0 0 0 0 0 0 0 0 0 0 0 0 0 0 0 0 0 0 0 0 0 0 0 0 0 0 0 0 0 0 0 0 0 0 0 0 0 0 0 0 data 41 0x40007 0x0 0x30 0x1400 0x1d0002 0x1400 0x220005 0x0 0x0 0x0 0x0 0x0 0x0 0x250005 0x0 0x0 0x0 0x0 0x0 0x0 0x2e0007 0x0 0x38 0x0 0x350003 0x0 0x18 0x3c0002 0x0 0x4e0002 0x0 0x0 0x0 0x0 0x0 0x0 0x0 0x9 0x2 0x0 0x0 oops 0 methods 0
ciMethodData javax/swing/JComponent setOpaque (Z)V 2 5395 orig 80 0 0 0 0 0 0 0 0 0 0 0 0 250 127 0 0 0 0 0 0 0 0 0 0 0 0 0 0 0 0 0 0 0 0 0 0 0 0 0 0 0 0 0 0 0 0 0 0 0 0 0 0 0 0 0 0 0 0 0 0 0 0 0 0 0 0 0 0 0 0 0 0 0 0 0 0 0 0 0 0 data 38 0x20005 0x1400 0x0 0x0 0x0 0x0 0x0 0x90005 0x1400 0x0 0x0 0x0 0x0 0x0 0x100005 0x1400 0x0 0x0 0x0 0x0 0x0 0x190005 0x13ef 0x0 0x1ee1ac4d7c0 0xa 0x1ee1d5e4a50 0x7 0x0 0x0 0x0 0x0 0x0 0x0 0x9 0x2 0xffffffffffffffff 0x0 oops 2 24 javax/swing/plaf/synth/SynthArrowButton 26 javax/swing/JComboBox methods 0
ciMethodData javax/swing/plaf/FontUIResource <init> (Ljava/awt/Font;)V 2 6274 orig 80 0 0 0 0 0 0 0 0 0 0 0 0 250 127 0 0 0 0 0 0 0 0 0 0 0 0 0 0 0 0 0 0 0 0 0 0 0 0 0 0 0 0 0 0 0 0 0 0 0 0 0 0 0 0 0 0 0 0 0 0 0 0 0 0 0 0 0 0 0 0 0 0 0 0 0 0 0 0 0 0 data 8 0x20002 0x1702 0x0 0x0 0x9 0x2 0x0 0x0 oops 0 methods 0
ciMethodData java/awt/Font <init> (Ljava/awt/Font;)V 2 5503 orig 80 0 0 0 0 0 0 0 0 0 0 0 0 250 127 0 0 0 0 0 0 0 0 0 0 0 0 0 0 0 0 0 0 0 0 0 0 0 0 0 0 0 0 0 0 0 0 0 0 0 0 0 0 0 0 0 0 0 0 0 0 0 0 0 0 0 0 0 0 0 0 0 0 0 0 0 0 0 0 0 0 data 41 0x10002 0x1400 0x120007 0x1400 0xe0 0x0 0x170005 0x0 0x0 0x0 0x0 0x0 0x0 0x1a0005 0x0 0x0 0x0 0x0 0x0 0x0 0x1d0005 0x0 0x0 0x0 0x0 0x0 0x0 0x200003 0x0 0x18 0x0 0x0 0x0 0x0 0x0 0x0 0x0 0x9 0x2 0x0 0x0 oops 0 methods 0
ciMethodData java/awt/Component getPropertyChangeListeners ()[Ljava/beans/PropertyChangeListener; 2 3734 orig 80 0 0 0 0 0 0 0 0 0 0 0 0 250 127 0 0 0 0 0 0 0 0 0 0 0 0 0 0 0 0 0 0 0 0 0 0 0 0 0 0 0 0 0 0 0 0 0 0 0 0 0 0 0 0 0 0 0 0 0 0 0 0 0 0 0 0 0 0 0 0 0 0 0 0 0 0 0 0 0 0 data 27 0x10005 0xe48 0x0 0x1ee1d5e4000 0xe 0x1ee1d5e4840 0x2 0xb0007 0xd34 0x20 0x124 0x190005 0x0 0x0 0x1ee201cba80 0xd34 0x0 0x0 0x0 0x0 0x0 0x0 0x0 0x0 0x9 0x1 0x0 oops 3 3 javax/swing/plaf/synth/SynthInternalFrameTitlePane 5 javax/swing/JInternalFrame 14 java/beans/PropertyChangeSupport methods 0
ciMethodData javax/swing/JTable getDefaultRenderer (Ljava/lang/Class;)Ljavax/swing/table/TableCellRenderer; 1 57 orig 80 0 0 0 0 0 0 0 0 0 0 0 0 250 127 0 0 0 0 0 0 0 0 0 0 0 0 0 0 0 0 0 0 0 0 0 0 0 0 0 0 0 0 0 0 0 0 0 0 0 0 0 0 0 0 0 0 0 0 0 0 0 0 0 0 0 0 0 0 0 0 0 0 0 0 0 0 0 0 0 0 data 54 0x10007 0x13 0x20 0x0 0xb0005 0x0 0x0 0x1ee1a3907b0 0x13 0x0 0x0 0x100007 0x2 0x58 0x11 0x140004 0x0 0x0 0x1ee22a069a0 0x1 0x1ee22a06a50 0x1 0x190005 0x2 0x0 0x0 0x0 0x0 0x0 0x1e0007 0x0 0x40 0x2 0x250007 0x0 0x20 0x2 0x2e0005 0x0 0x0 0x1ee1d5e5600 0x2 0x0 0x0 0x0 0x0 0x0 0x0 0x0 0x0 0x9 0x2 0xffffffffffffffff 0xffffffffffffffff oops 4 7 javax/swing/UIDefaults 18 javax/swing/JTable$DateRenderer 20 javax/swing/JTable$NumberRenderer 40 javax/swing/JTable methods 0
ciMethodData javax/swing/JComponent getListeners (Ljava/lang/Class;)[Ljava/util/EventListener; 1 985 orig 80 0 0 0 0 0 0 0 0 0 0 0 0 250 127 0 0 0 0 0 0 0 0 0 0 0 0 0 0 0 0 0 0 0 0 0 0 0 0 0 0 0 0 0 0 0 0 0 0 0 0 0 0 0 0 0 0 0 0 0 0 0 0 0 0 0 0 0 0 0 0 0 0 0 0 0 0 0 0 0 0 data 86 0x40007 0x2d9 0xa8 0x0 0x80005 0x0 0x0 0x0 0x0 0x0 0x0 0xb0004 0x0 0x0 0x0 0x0 0x0 0x0 0xf0003 0x0 0x1a0 0x160007 0x2d9 0xa8 0x0 0x1a0005 0x0 0x0 0x0 0x0 0x0 0x0 0x1d0004 0x0 0x0 0x0 0x0 0x0 0x0 0x210003 0x0 0xf8 0x280007 0x2d9 0xa8 0x0 0x2c0005 0x0 0x0 0x0 0x0 0x0 0x0 0x2f0004 0x0 0x0 0x0 0x0 0x0 0x0 0x330003 0x0 0x50 0x3b0005 0x0 0x0 0x1ee1ac4c530 0x2d9 0x0 0x0 0x410007 0x0 0x30 0x2d9 0x460002 0x2d9 0x0 0x0 0x0 0x0 0x0 0x0 0x9 0x2 0xffffffffffffffff 0xffffffffffffffff oops 1 66 javax/swing/event/EventListenerList methods 0
ciMethodData java/awt/Component addMouseListener (Ljava/awt/event/MouseListener;)V 2 6400 orig 80 0 0 0 0 0 0 0 0 0 0 0 0 250 127 0 0 0 0 0 0 0 0 0 0 0 0 0 0 0 0 0 0 0 0 0 0 0 0 0 0 0 0 0 0 0 0 0 0 0 0 0 0 0 0 0 0 0 0 0 0 0 0 0 0 0 0 0 0 0 0 0 0 0 0 0 0 0 0 0 0 data 34 0x10007 0x17fc 0x20 0x4 0xb0002 0x17fc 0x1a0104 0x0 0x0 0x0 0x0 0x0 0x0 0x1d0007 0x17fc 0x58 0x0 0x270005 0x0 0x0 0x0 0x0 0x0 0x0 0x0 0x0 0x0 0x0 0x0 0x0 0x9 0x2 0x300180 0x0 oops 0 methods 0
ciMethodData java/awt/Component getMouseListeners ()[Ljava/awt/event/MouseListener; 1 368 orig 80 0 0 0 0 0 0 0 0 0 0 0 0 250 127 0 0 0 0 0 0 0 0 0 0 0 0 0 0 0 0 0 0 0 0 0 0 0 0 0 0 0 0 0 0 0 0 0 0 0 0 0 0 0 0 0 0 0 0 0 0 0 0 0 0 0 0 0 0 0 0 0 0 0 0 0 0 0 0 0 0 data 23 0x40005 0x135 0x0 0x1ee1d5e49a0 0x2 0x1ee1ac4a8a0 0x1 0x70004 0x0 0x0 0x1ee20138d60 0x138 0x0 0x0 0x0 0x0 0x0 0x0 0x0 0x0 0x9 0x1 0xffffffffffffffff oops 3 3 javax/swing/plaf/synth/SynthTableUI$SynthBooleanTableCellRenderer 5 javax/swing/JTable$BooleanRenderer 10 [Ljava/awt/event/MouseListener; methods 0
ciMethodData javax/swing/JComponent setPreferredSize (Ljava/awt/Dimension;)V 1 81 orig 80 0 0 0 0 0 0 0 0 0 0 0 0 250 127 0 0 0 0 0 0 0 0 0 0 0 0 0 0 0 0 0 0 0 0 0 0 0 0 0 0 0 0 0 0 0 0 0 0 0 0 0 0 0 0 0 0 0 0 0 0 0 0 0 0 0 0 0 0 0 0 0 0 0 0 0 0 0 0 0 0 data 8 0x20002 0x4b 0x0 0x0 0x9 0x2 0xffffffffffffffff 0xffffffffffffffff oops 0 methods 0
ciMethodData java/awt/event/MouseAdapter <init> ()V 2 1688 orig 80 0 0 0 0 0 0 0 0 0 0 0 0 250 127 0 0 0 0 0 0 0 0 0 0 0 0 0 0 0 0 0 0 0 0 0 0 0 0 0 0 0 0 0 0 0 0 0 0 0 0 0 0 0 0 0 0 0 0 0 0 0 0 0 0 0 0 0 0 0 0 0 0 0 0 0 0 0 0 0 0 data 7 0x10002 0x64f 0x0 0x0 0x9 0x1 0x0 oops 0 methods 0
ciMethodData javax/swing/JComboBox getPopupMenuListeners ()[Ljavax/swing/event/PopupMenuListener; 1 0 orig 80 0 0 0 0 0 0 0 0 0 0 0 0 250 127 0 0 0 0 0 0 0 0 0 0 0 0 0 0 0 0 0 0 0 0 0 0 0 0 0 0 0 0 0 0 0 0 0 0 0 0 0 0 0 0 0 0 0 0 0 0 0 0 0 0 0 0 0 0 0 0 0 0 0 0 0 0 0 0 0 0 data 23 0x70005 0x0 0x0 0x0 0x0 0x0 0x0 0xa0004 0x0 0x0 0x0 0x0 0x0 0x0 0x0 0x0 0x0 0x0 0x0 0x0 0x9 0x1 0x0 oops 0 methods 0
ciMethodData javax/swing/plaf/synth/SynthContext <init> (Ljavax/swing/JComponent;Ljavax/swing/plaf/synth/Region;Ljavax/swing/plaf/synth/SynthStyle;I)V 2 5162 orig 80 0 0 0 0 0 0 0 0 0 0 0 0 250 127 0 0 0 0 0 0 0 0 0 0 0 0 0 0 0 0 0 0 0 0 0 0 0 0 0 0 0 0 0 0 0 0 0 0 0 0 0 0 0 0 0 0 0 0 0 0 0 0 0 0 0 0 0 0 0 0 0 0 0 0 0 0 0 0 0 0 data 29 0x10002 0x13ae 0x50007 0x0 0x60 0x13ae 0x90007 0x0 0x40 0x13ae 0xd0007 0x13ae 0x30 0x0 0x160002 0x0 0x0 0x0 0x0 0x0 0x0 0x0 0x9 0x5 0xe 0x0 0x0 0x0 0x0 oops 0 methods 0
ciMethodData javax/swing/UIManager getColor (Ljava/lang/Object;)Ljava/awt/Color; 2 8499 orig 80 0 0 0 0 0 0 0 0 0 0 0 0 250 127 0 0 0 0 0 0 0 0 0 0 0 0 0 0 0 0 0 0 0 0 0 0 0 0 0 0 0 0 0 0 0 0 0 0 0 0 0 0 0 0 0 0 0 0 0 0 0 0 0 0 0 0 0 0 0 0 0 0 0 0 0 0 0 0 0 0 data 18 0x2 0x20bc 0x40005 0x0 0x0 0x1ee1a390b50 0x20bc 0x0 0x0 0x0 0x0 0x0 0x0 0x0 0x0 0x9 0x1 0xffffffffffffffff oops 1 5 javax/swing/MultiUIDefaults methods 0
ciMethodData javax/swing/JViewport getView ()Ljava/awt/Component; 1 67 orig 80 0 0 0 0 0 0 0 0 0 0 0 0 250 127 0 0 0 0 0 0 0 0 0 0 0 0 0 0 0 0 0 0 0 0 0 0 0 0 0 0 0 0 0 0 0 0 0 0 0 0 0 0 0 0 0 0 0 0 0 0 0 0 0 0 0 0 0 0 0 0 0 0 0 0 0 0 0 0 0 0 data 30 0x10005 0x0 0x0 0x1ee1d5e51e0 0x2e 0x1ee1d5e5fa0 0x6 0x40007 0xa 0x70 0x2a 0x90005 0x0 0x0 0x1ee1d5e51e0 0x24 0x1ee1d5e5fa0 0x6 0xc0003 0x2a 0x18 0x0 0x0 0x0 0x0 0x0 0x0 0x9 0x1 0x0 oops 4 3 javax/swing/JViewport 5 com/jidesoft/plaf/basic/BasicJideTabbedPaneUI$ScrollableTabViewport 14 javax/swing/JViewport 16 com/jidesoft/plaf/basic/BasicJideTabbedPaneUI$ScrollableTabViewport methods 0
ciMethodData java/awt/Container getComponentCount ()I 2 1951 orig 80 0 0 0 0 0 0 0 0 0 0 0 0 250 127 0 0 0 0 0 0 0 0 0 0 0 0 0 0 0 0 0 0 0 0 0 0 0 0 0 0 0 0 0 0 0 0 0 0 0 0 0 0 0 0 0 0 0 0 0 0 0 0 0 0 0 0 0 0 0 0 0 0 0 0 0 0 0 0 0 0 data 16 0x10005 0x707 0x0 0x1ee1d5e51e0 0x3b 0x1ee22a10910 0x41 0x0 0x0 0x0 0x0 0x0 0x0 0x9 0x1 0x0 oops 2 3 javax/swing/JViewport 5 javax/swing/JLayeredPane methods 0
ciMethodData java/awt/Container countComponents ()I 2 1974 orig 80 0 0 0 0 0 0 0 0 0 0 0 0 250 127 0 0 0 0 0 0 0 0 0 0 0 0 0 0 0 0 0 0 0 0 0 0 0 0 0 0 0 0 0 0 0 0 0 0 0 0 0 0 0 0 0 0 0 0 0 0 0 0 0 0 0 0 0 0 0 0 0 0 0 0 0 0 0 0 0 0 data 16 0x40005 0x0 0x0 0x1ee7d313510 0x793 0x0 0x0 0x0 0x0 0x0 0x0 0x0 0x0 0x9 0x1 0x0 oops 1 3 java/util/ArrayList methods 0
ciMethodData java/awt/Container getComponent (I)Ljava/awt/Component; 2 1383 orig 80 0 0 0 0 0 0 0 0 0 0 0 0 250 127 0 0 0 0 0 0 0 0 0 0 0 0 0 0 0 0 0 0 0 0 0 0 0 0 0 0 0 0 0 0 0 0 0 0 0 0 0 0 0 0 0 0 0 0 0 0 0 0 0 0 0 0 0 0 0 0 0 0 0 0 0 0 0 0 0 0 data 30 0x50005 0x0 0x0 0x1ee7d313510 0x54d 0x0 0x0 0xa0004 0x0 0x0 0x1ee1d5e4d10 0x24 0x1ee200f8a00 0xb2 0x14000a 0x0 0x1 0x1ee7d310200 0x190002 0x0 0x0 0x0 0x0 0x0 0x0 0x0 0x9 0x2 0x0 0x0 oops 4 3 java/util/ArrayList 10 javax/swing/plaf/basic/BasicComboPopup$1 12 javax/swing/JPanel 17 java/lang/String methods 0
ciMethodData javax/swing/JComponent getToolTipText ()Ljava/lang/String; 2 5583 orig 80 0 0 0 0 0 0 0 0 0 0 0 0 250 127 0 0 0 0 0 0 0 0 0 0 0 0 0 0 0 0 0 0 0 0 0 0 0 0 0 0 0 0 0 0 0 0 0 0 0 0 0 0 0 0 0 0 0 0 0 0 0 0 0 0 0 0 0 0 0 0 0 0 0 0 0 0 0 0 0 0 data 23 0x40005 0x152d 0x0 0x0 0x0 0x0 0x0 0x70104 0x0 0x0 0x1ee7d310200 0xaf 0x0 0x0 0x0 0x0 0x0 0x0 0x0 0x0 0x9 0x1 0x0 oops 1 10 java/lang/String methods 0
ciMethodData javax/swing/table/DefaultTableColumnModel setColumnMargin (I)V 1 6 orig 80 0 0 0 0 0 0 0 0 0 0 0 0 250 127 0 0 0 0 0 0 0 0 0 0 0 0 0 0 0 0 0 0 0 0 0 0 0 0 0 0 0 0 0 0 0 0 0 0 0 0 0 0 0 0 0 0 0 0 0 0 0 0 0 0 0 0 0 0 0 0 0 0 0 0 0 0 0 0 0 0 data 21 0x50007 0x0 0x58 0x2 0xe0005 0x0 0x0 0x1ee1d5e56b0 0x2 0x0 0x0 0x0 0x0 0x0 0x0 0x0 0x0 0x9 0x2 0x36 0x0 oops 1 7 javax/swing/table/DefaultTableColumnModel methods 0
ciMethodData javax/swing/JTable setRowMargin (I)V 1 6 orig 80 0 0 0 0 0 0 0 0 0 0 0 0 250 127 0 0 0 0 0 0 0 0 0 0 0 0 0 0 0 0 0 0 0 0 0 0 0 0 0 0 0 0 0 0 0 0 0 0 0 0 0 0 0 0 0 0 0 0 0 0 0 0 0 0 0 0 0 0 0 0 0 0 0 0 0 0 0 0 0 0 data 24 0xb0005 0x0 0x0 0x1ee1d5e5600 0x2 0x0 0x0 0x140005 0x0 0x0 0x1ee1d5e5600 0x2 0x0 0x0 0x0 0x0 0x0 0x0 0x0 0x0 0x9 0x2 0xffffffffffffffff 0x0 oops 2 3 javax/swing/JTable 10 javax/swing/JTable methods 0
ciMethodData javax/swing/JTable setDefaultRenderer (Ljava/lang/Class;Ljavax/swing/table/TableCellRenderer;)V 1 30 orig 80 0 0 0 0 0 0 0 0 0 0 0 0 250 127 0 0 0 0 0 0 0 0 0 0 0 0 0 0 0 0 0 0 0 0 0 0 0 0 0 0 0 0 0 0 0 0 0 0 0 0 0 0 0 0 0 0 0 0 0 0 0 0 0 0 0 0 0 0 0 0 0 0 0 0 0 0 0 0 0 0 data 32 0x10007 0x6 0x70 0x4 0xa0005 0x0 0x0 0x1ee1a3907b0 0x4 0x0 0x0 0xe0003 0x4 0x50 0x160005 0x0 0x0 0x1ee1a3907b0 0x6 0x0 0x0 0x0 0x0 0x0 0x0 0x0 0x0 0x9 0x3 0x0 0xffffffffffffffff 0xffffffffffffffff oops 2 7 javax/swing/UIDefaults 17 javax/swing/UIDefaults methods 0
ciMethodData java/awt/Component getMouseMotionListeners ()[Ljava/awt/event/MouseMotionListener; 1 449 orig 80 0 0 0 0 0 0 0 0 0 0 0 0 250 127 0 0 0 0 0 0 0 0 0 0 0 0 0 0 0 0 0 0 0 0 0 0 0 0 0 0 0 0 0 0 0 0 0 0 0 0 0 0 0 0 0 0 0 0 0 0 0 0 0 0 0 0 0 0 0 0 0 0 0 0 0 0 0 0 0 0 data 23 0x40005 0xf6 0x0 0x1ee1ac4d7c0 0x11 0x1ee1d5e49a0 0x3 0x70004 0x0 0x0 0x1ee20118990 0x10a 0x0 0x0 0x0 0x0 0x0 0x0 0x0 0x0 0x9 0x1 0xffffffffffffffff oops 3 3 javax/swing/plaf/synth/SynthArrowButton 5 javax/swing/plaf/synth/SynthTableUI$SynthBooleanTableCellRenderer 10 [Ljava/awt/event/MouseMotionListener; methods 0
ciMethodData java/awt/Component addMouseMotionListener (Ljava/awt/event/MouseMotionListener;)V 2 5344 orig 80 0 0 0 0 0 0 0 0 0 0 0 0 250 127 0 0 0 0 0 0 0 0 0 0 0 0 0 0 0 0 0 0 0 0 0 0 0 0 0 0 0 0 0 0 0 0 0 0 0 0 0 0 0 0 0 0 0 0 0 0 0 0 0 0 0 0 0 0 0 0 0 0 0 0 0 0 0 0 0 0 data 34 0x10007 0x140a 0x20 0x4 0xb0002 0x140a 0x1a0104 0x0 0x0 0x0 0x0 0x0 0x0 0x1d0007 0x140a 0x58 0x0 0x270005 0x0 0x0 0x0 0x0 0x0 0x0 0x0 0x0 0x0 0x0 0x0 0x0 0x9 0x2 0x200180 0x0 oops 0 methods 0
ciMethodData java/awt/Container getContainerListeners ()[Ljava/awt/event/ContainerListener; 1 44 orig 80 0 0 0 0 0 0 0 0 0 0 0 0 250 127 0 0 0 0 0 0 0 0 0 0 0 0 0 0 0 0 0 0 0 0 0 0 0 0 0 0 0 0 0 0 0 0 0 0 0 0 0 0 0 0 0 0 0 0 0 0 0 0 0 0 0 0 0 0 0 0 0 0 0 0 0 0 0 0 0 0 data 23 0x40005 0x1c 0x0 0x1ee1d5e58c0 0x3 0x1ee1d5e5ad0 0x4 0x70004 0x0 0x0 0x1ee153ecbc0 0x23 0x0 0x0 0x0 0x0 0x0 0x0 0x0 0x0 0x9 0x1 0xffffffffffffffff oops 3 3 javax/swing/JTabbedPane 5 javax/swing/JToolBar 10 [Ljava/awt/event/ContainerListener; methods 0
ciMethodData java/awt/Container addContainerListener (Ljava/awt/event/ContainerListener;)V 1 158 orig 80 0 0 0 0 0 0 0 0 0 0 0 0 250 127 0 0 0 0 0 0 0 0 0 0 0 0 0 0 0 0 0 0 0 0 0 0 0 0 0 0 0 0 0 0 0 0 0 0 0 0 0 0 0 0 0 0 0 0 0 0 0 0 0 0 0 0 0 0 0 0 0 0 0 0 0 0 0 0 0 0 data 16 0x10007 0x97 0x20 0x0 0xb0002 0x97 0x0 0x0 0x0 0x0 0x0 0x0 0x9 0x2 0xffffffff80000180 0x0 oops 0 methods 0
ciMethodData javax/swing/JPopupMenu getPopupMenuListeners ()[Ljavax/swing/event/PopupMenuListener; 1 127 orig 80 0 0 0 0 0 0 0 0 0 0 0 0 250 127 0 0 0 0 0 0 0 0 0 0 0 0 0 0 0 0 0 0 0 0 0 0 0 0 0 0 0 0 0 0 0 0 0 0 0 0 0 0 0 0 0 0 0 0 0 0 0 0 0 0 0 0 0 0 0 0 0 0 0 0 0 0 0 0 0 0 data 23 0x70005 0x0 0x0 0x1ee1ac4c530 0x71 0x0 0x0 0xa0004 0x0 0x0 0x1ee2013b950 0x71 0x0 0x0 0x0 0x0 0x0 0x0 0x0 0x0 0x9 0x1 0x0 oops 2 3 javax/swing/event/EventListenerList 10 [Ljavax/swing/event/PopupMenuListener; methods 0
ciMethodData javax/swing/JPopupMenu addPopupMenuListener (Ljavax/swing/event/PopupMenuListener;)V 1 250 orig 80 0 0 0 0 0 0 0 0 0 0 0 0 250 127 0 0 0 0 0 0 0 0 0 0 0 0 0 0 0 0 0 0 0 0 0 0 0 0 0 0 0 0 0 0 0 0 0 0 0 0 0 0 0 0 0 0 0 0 0 0 0 0 0 0 0 0 0 0 0 0 0 0 0 0 0 0 0 0 0 0 data 17 0x80005 0x0 0x0 0x1ee1ac4c530 0xe4 0x0 0x0 0x0 0x0 0x0 0x0 0x0 0x0 0x9 0x2 0x0 0xffffffffffffffff oops 1 3 javax/swing/event/EventListenerList methods 0
ciMethodData de/javasoft/plaf/synthetica/StyleFactory getStyle (Ljavax/swing/JComponent;Ljavax/swing/plaf/synth/Region;Ljavax/swing/plaf/synth/SynthStyle;Z)Ljavax/swing/plaf/synth/SynthStyle; 2 6271 orig 80 1 0 0 0 0 0 0 0 0 0 0 0 250 127 0 0 0 0 0 0 0 0 0 0 0 0 0 0 0 0 0 0 0 0 0 0 0 0 0 0 0 0 0 0 0 0 0 0 0 0 0 0 0 0 0 0 0 0 0 0 0 0 0 0 0 0 0 0 0 0 0 0 0 0 0 0 0 0 0 0 data 3326 0x10005 0x16d5 0x0 0x1ee2003fed0 0x21 0x1ee1d5e4000 0x9 0x60002 0x16ff 0xc0007 0x0 0x6d0 0x16ff 0xf0002 0x16ff 0x160007 0x0 0x3f0 0x16ff 0x1c0002 0x16ff 0x1f0007 0x16ff 0x38 0x0 0x230003 0x0 0x18 0x2b0002 0x16ff 0x330007 0x0 0x628 0x16ff 0x370004 0x0 0x0 0x1ee1d5e40b0 0x16ff 0x0 0x0 0x3b0005 0x0 0x0 0x1ee1d5e40b0 0x16ff 0x0 0x0 0x3e0005 0x0 0x0 0x1ee1d5e4160 0x16ff 0x0 0x0 0x4b0007 0x16ff 0x38 0x0 0x4f0003 0x0 0x50 0x540005 0x0 0x0 0x1ee1d5e4210 0x16ff 0x0 0x0 0x570005 0x0 0x0 0x1ee1d5e42c0 0x16ff 0x0 0x0 0x5a0002 0x16ff 0x600004 0x0 0x0 0x1ee1d5e40b0 0x16ff 0x0 0x0 0x640005 0x0 0x0 0x1ee1d5e40b0 0x16ff 0x0 0x0 0x690005 0x0 0x0 0x1ee1d5e4160 0x16ff 0x0 0x0 0x6d0005 0x16d5 0x0 0x1ee2003fed0 0x21 0x1ee1d5e4000 0x9 0x700104 0xfffffffffffffe26 0x0 0x1ee1d5e4370 0x80 0x1ee1d5e4420 0x2 0x730007 0x16ff 0x390 0x0 0x770005 0x0 0x0 0x0 0x0 0x0 0x0 0x7a0004 0x0 0x0 0x0 0x0 0x0 0x0 0x7f0005 0x0 0x0 0x0 0x0 0x0 0x0 0x820003 0x0 0x2c8 0x870007 0x0 0x2b0 0x0 0x8b0004 0x0 0x0 0x0 0x0 0x0 0x0 0x8f0005 0x0 0x0 0x0 0x0 0x0 0x0 0x920005 0x0 0x0 0x0 0x0 0x0 0x0 0x990007 0x0 0x48 0x0 0xa60002 0x0 0xab0003 0x0 0x50 0xb10005 0x0 0x0 0x0 0x0 0x0 0x0 0xb90002 0x0 0xc00007 0x0 0x148 0x0 0xc50005 0x0 0x0 0x0 0x0 0x0 0x0 0xcb0002 0x0 0xd00005 0x0 0x0 0x0 0x0 0x0 0x0 0xda0005 0x0 0x0 0x0 0x0 0x0 0x0 0xdd0002 0x0 0xe60005 0x0 0x0 0x0 0x0 0x0 0x0 0xeb0003 0x0 0x28 0xf60002 0x0 0xfd0002 0x0 0x1020007 0x10cd 0x1e8 0x632 0x10a0005 0x632 0x0 0x0 0x0 0x0 0x0 0x10d0007 0x4 0x78 0x62e 0x1150005 0x62e 0x0 0x0 0x0 0x0 0x0 0x1180007 0x62a 0x138 0x4 0x11f0002 0x8 0x1220007 0x8 0x108 0x0 0x1270005 0x0 0x0 0x0 0x0 0x0 0x0 0x12a0002 0x0 0x12d0007 0x0 0xa0 0x0 0x1380005 0x0 0x0 0x0 0x0 0x0 0x0 0x1410002 0x0 0x1440005 0x0 0x0 0x0 0x0 0x0 0x0 0x1490007 0x10cd 0x240 0x632 0x1510005 0x632 0x0 0x0 0x0 0x0 0x0 0x1540007 0x0 0xd0 0x632 0x15c0005 0x632 0x0 0x0 0x0 0x0 0x0 0x15f0007 0x0 0x78 0x632 0x1670005 0x632 0x0 0x0 0x0 0x0 0x0 0x16a0007 0x632 0x138 0x0 0x1710002 0x0 0x1740007 0x0 0x108 0x0 0x1790005 0x0 0x0 0x0 0x0 0x0 0x0 0x17c0002 0x0 0x17f0007 0x0 0xa0 0x0 0x18a0005 0x0 0x0 0x0 0x0 0x0 0x0 0x1930002 0x0 0x1960005 0x0 0x0 0x0 0x0 0x0 0x0 0x19d0007 0x166e 0x4d8 0x91 0x1a80005 0x0 0x0 0x1ee1d5e44d0 0x91 0x0 0x0 0x1ac0005 0x91 0x0 0x0 0x0 0x0 0x0 0x1af0005 0x91 0x0 0x0 0x0 0x0 0x0 0x1b50005 0x91 0x0 0x0 0x0 0x0 0x0 0x1b80007 0x91 0x88 0x0 0x1c10002 0x0 0x1c80007 0x0 0x58 0x0 0x1ce0005 0x0 0x0 0x0 0x0 0x0 0x0 0x1d30007 0x60 0x198 0x31 0x1db0005 0x31 0x0 0x0 0x0 0x0 0x0 0x1de0007 0x31 0x140 0x0 0x1e60002 0x0 0x1ed0007 0x0 0x2a0 0x0 0x1f10005 0x0 0x0 0x0 0x0 0x0 0x0 0x1f40007 0x0 0x248 0x0 0x1ff0005 0x0 0x0 0x0 0x0 0x0 0x0 0x2050002 0x0 0x2080005 0x0 0x0 0x0 0x0 0x0 0x0 0x20b0003 0x0 0x1a8 0x2100007 0x60 0x190 0x31 0x2180005 0x31 0x0 0x0 0x0 0x0 0x0 0x21b0007 0x5 0x138 0x2c 0x2220002 0x2c 0x2250007 0x0 0x108 0x2c 0x22a0005 0x0 0x0 0x1ee1d5e4580 0x16 0x1ee1d5e4630 0x16 0x22d0002 0x2c 0x2300007 0x0 0xa0 0x2c 0x23b0005 0x0 0x0 0x1ee1d5e44d0 0x2c 0x0 0x0 0x2440002 0x2c 0x2470005 0x0 0x0 0x1ee1d5e4580 0x16 0x1ee1d5e4630 0x16 0x24d0002 0x91 0x2510003 0x91 0x5378 0x2580007 0xc96 0x438 0x9d8 0x2630005 0x0 0x0 0x1ee1d5e44d0 0x9d8 0x0 0x0 0x26b0002 0x9d8 0x2720007 0x9d8 0x90 0x0 0x2760004 0x0 0x0 0x0 0x0 0x0 0x0 0x27b0005 0x0 0x0 0x0 0x0 0x0 0x0 0x2860005 0x0 0x0 0x1ee1d5e44d0 0x9d8 0x0 0x0 0x28e0002 0x9d8 0x2950007 0x9d8 0x90 0x0 0x2990004 0x0 0x0 0x0 0x0 0x0 0x0 0x29e0005 0x0 0x0 0x0 0x0 0x0 0x0 0x2a90005 0x0 0x0 0x1ee1d5e44d0 0x9d8 0x0 0x0 0x2ad0005 0x9a3 0x0 0x1ee2003fed0 0x21 0x1ee1d5e46e0 0x14 0x2b00104 0xfffffffffffffff7 0x0 0x1ee1d5e4000 0x4 0x1ee1d5e4790 0x1 0x2b30007 0x9d8 0x48 0x0 0x2b90002 0x0 0x2bd0003 0x0 0x58 0x2c50002 0x9d8 0x2c80007 0x0 0x30 0x9d8 0x2ce0002 0x9d8 0x2dc0002 0x9d8 0x2df0002 0x9d8 0x2e20002 0x9d8 0x2e70007 0x9b8 0x5030 0x20 0x2ef0005 0x20 0x0 0x0 0x0 0x0 0x0 0x2f20007 0x5 0x4fd8 0x1b 0x2f50002 0x1b 0x2fb0007 0x1b 0x4fa8 0x0 0x3030002 0x0 0x3060005 0x0 0x0 0x0 0x0 0x0 0x0 0x3090003 0x0 0x4f40 0x3100007 0xc8b 0x150 0xb 0x3160002 0xb 0x31c0005 0x0 0x0 0x1ee1d5e4000 0x9 0x1ee1d5e4840 0x2 0x31f0002 0xb 0x3220007 0x0 0x4eb0 0xb 0x3270007 0x5 0x4e90 0x6 0x3320005 0x0 0x0 0x1ee1d5e44d0 0x6 0x0 0x0 0x33b0002 0x6 0x33e0005 0x0 0x0 0x1ee1d5e4000 0x4 0x1ee1d5e4840 0x2 0x3410003 0x6 0x4df0 0x3480007 0xc7c 0x198 0xf 0x34d0005 0x6 0x0 0x1ee1d5e48f0 0x7 0x1ee1d5e49a0 0x2 0x3500002 0xf 0x3530007 0x4 0xd8 0xb 0x35e0005 0x0 0x0 0x1ee1d5e44d0 0xb 0x0 0x0 0x3620004 0x0 0x0 0x1ee1d5e48f0 0x5 0x1ee1d5e49a0 0x1 0x36f0002 0xb 0x3720005 0x5 0x0 0x1ee1d5e48f0 0x5 0x1ee1d5e49a0 0x1 0x37f0002 0xf 0x3820002 0xf 0x3850002 0xf 0x38b0002 0xf 0x38f0003 0xf 0x4c58 0x3960007 0xc73 0x448 0x9 0x39d0002 0x9 0x3a00007 0x0 0x30 0x9 0x3a60002 0x9 0x3ad0002 0x9 0x3b00007 0x9 0x140 0x0 0x3b50005 0x0 0x0 0x0 0x0 0x0 0x0 0x3b80002 0x0 0x3bb0007 0x0 0xd8 0x0 0x3c60005 0x0 0x0 0x0 0x0 0x0 0x0 0x3ca0004 0x0 0x0 0x0 0x0 0x0 0x0 0x3d70002 0x0 0x3da0005 0x0 0x0 0x0 0x0 0x0 0x0 0x3e10002 0x9 0x3e40007 0x9 0x178 0x0 0x3e90004 0x0 0x0 0x0 0x0 0x0 0x0 0x3ec0005 0x0 0x0 0x0 0x0 0x0 0x0 0x3ef0002 0x0 0x3f20007 0x0 0xd8 0x0 0x3fd0005 0x0 0x0 0x0 0x0 0x0 0x0 0x4010004 0x0 0x0 0x0 0x0 0x0 0x0 0x40f0002 0x0 0x4120005 0x0 0x0 0x0 0x0 0x0 0x0 0x4170005 0x3 0x0 0x1ee1d5e4a50 0x4 0x1ee1d5e4b00 0x2 0x41a0002 0x9 0x41d0007 0x4 0xa0 0x5 0x4280005 0x0 0x0 0x1ee1d5e44d0 0x5 0x0 0x0 0x4310002 0x5 0x4340005 0x2 0x0 0x1ee1d5e4a50 0x2 0x1ee1d5e4b00 0x1 0x43a0002 0x9 0x43e0003 0x9 0x4810 0x4450007 0xc6f 0xe8 0x4 0x44a0002 0x4 0x44f0002 0x4 0x4550002 0x4 0x45d0002 0x4 0x4600007 0x0 0x30 0x4 0x4660002 0x4 0x46d0002 0x4 0x4700007 0x4 0x4758 0x0 0x4750002 0x0 0x4780003 0x0 0x4728 0x47f0007 0xc6f 0xd8 0x0 0x4840002 0x0 0x48a0002 0x0 0x4920002 0x0 0x4950007 0x0 0x30 0x0 0x49b0002 0x0 0x4a20002 0x0 0x4a50007 0x0 0x4680 0x0 0x4aa0002 0x0 0x4ad0003 0x0 0x4650 0x4b40007 0xc6c 0x110 0x3 0x4ba0002 0x3 0x4c80002 0x3 0x4d00005 0x0 0x0 0x1ee1d5e4bb0 0x3 0x0 0x0 0x4d30007 0x0 0x30 0x3 0x4d90002 0x3 0x4e00002 0x3 0x4e30007 0x3 0x4580 0x0 0x4ed0002 0x0 0x4f00002 0x0 0x4f30003 0x0 0x4540 0x4fa0007 0xc69 0xa0 0x3 0x5030002 0x3 0x50a0007 0x0 0x44f8 0x3 0x5100005 0x0 0x0 0x1ee1d5e4c60 0x3 0x0 0x0 0x5130003 0x3 0x44a0 0x51a0007 0xc69 0x1d8 0x0 0x5210002 0x0 0x5280007 0x0 0x4458 0x0 0x52c0004 0x0 0x0 0x0 0x0 0x0 0x0 0x53a0005 0x0 0x0 0x0 0x0 0x0 0x0 0x5410002 0x0 0x5480005 0x0 0x0 0x0 0x0 0x0 0x0 0x54f0005 0x0 0x0 0x0 0x0 0x0 0x0 0x5520004 0x0 0x0 0x0 0x0 0x0 0x0 0x5550005 0x0 0x0 0x0 0x0 0x0 0x0 0x5580003 0x0 0x42d8 0x5630002 0x0 0x56b0007 0xb13 0x48 0x156 0x5710002 0x156 0x5750003 0x156 0x4280 0x57c0007 0xb00 0x340 0x13 0x5810002 0x13 0x5870002 0x13 0x58f0002 0x13 0x5920007 0x13 0x40 0x0 0x59c0002 0x0 0x59f0002 0x0 0x5a40005 0x2 0x0 0x1ee1d5e4d10 0x10 0x1ee1d5e4a50 0x1 0x5a70002 0x13 0x5aa0007 0xd 0xa0 0x6 0x5b50005 0x0 0x0 0x1ee1d5e44d0 0x6 0x0 0x0 0x5be0002 0x6 0x5c10005 0x0 0x0 0x1ee1d5e4d10 0x5 0x1ee1d5e4dc0 0x1 0x5c90002 0x13 0x5cc0007 0x13 0x98 0x0 0x5d10005 0x0 0x0 0x0 0x0 0x0 0x0 0x5d40002 0x0 0x5d70007 0x0 0x30 0x0 0x5dc0002 0x0 0x5df0002 0x13 0x5e50007 0x13 0x4038 0x0 0x5ea0005 0x0 0x0 0x0 0x0 0x0 0x0 0x5ed0002 0x0 0x5f00007 0x0 0x3fd0 0x0 0x5f80002 0x0 0x5fb0007 0x0 0x3fa0 0x0 0x5fe0002 0x0 0x6040007 0x0 0x3f70 0x0 0x6090002 0x0 0x60c0003 0x0 0x3f40 0x6130007 0xafc 0x48 0x4 0x6190002 0x4 0x61d0003 0x4 0x3ef8 0x6240007 0xafb 0xd8 0x1 0x6290002 0x1 0x62f0002 0x0 0x6370002 0x1 0x63a0007 0x0 0x30 0x1 0x6400002 0x1 0x6470002 0x1 0x64a0007 0x1 0x3e50 0x0 0x64f0002 0x0 0x6520003 0x0 0x3e20 0x6590007 0xafa 0x48 0x1 0x65f0002 0x1 0x6630003 0x1 0x3dd8 0x66a0007 0xad1 0x1a8 0x29 0x6700002 0x29 0x6770002 0x29 0x67d0005 0x0 0x0 0x1ee1d5e4e70 0x29 0x0 0x0 0x6840104 0xffffffffffffffff 0x0 0x0 0x0 0x0 0x0 0x6870007 0x29 0x3d10 0x0 0x68e0005 0x0 0x0 0x0 0x0 0x0 0x0 0x6910007 0x0 0x3cb8 0x0 0x6980002 0x0 0x69b0007 0x0 0x3c88 0x0 0x6a10005 0x0 0x0 0x0 0x0 0x0 0x0 0x6a40003 0x0 0x3c30 0x6ab0007 0xad1 0x5b8 0x0 0x6b10002 0x0 0x6b90002 0x0 0x6bc0007 0x0 0x30 0x0 0x6c20002 0x0 0x6c90002 0x0 0x6cf0005 0x0 0x0 0x0 0x0 0x0 0x0 0x6d60007 0x0 0x290 0x0 0x6db0004 0x0 0x0 0x0 0x0 0x0 0x0 0x6de0007 0x0 0x238 0x0 0x6e30005 0x0 0x0 0x0 0x0 0x0 0x0 0x6e60005 0x0 0x0 0x0 0x0 0x0 0x0 0x6eb0005 0x0 0x0 0x0 0x0 0x0 0x0 0x6ee0007 0x0 0x170 0x0 0x6f90005 0x0 0x0 0x0 0x0 0x0 0x0 0x6ff0002 0x0 0x7060005 0x0 0x0 0x0 0x0 0x0 0x0 0x70d0005 0x0 0x0 0x0 0x0 0x0 0x0 0x7100004 0x0 0x0 0x0 0x0 0x0 0x0 0x7130005 0x0 0x0 0x0 0x0 0x0 0x0 0x7160003 0x0 0x28 0x7210002 0x0 0x7290002 0x0 0x72c0007 0x0 0x140 0x0 0x7310005 0x0 0x0 0x0 0x0 0x0 0x0 0x7340002 0x0 0x7370007 0x0 0xd8 0x0 0x7420005 0x0 0x0 0x0 0x0 0x0 0x0 0x7460004 0x0 0x0 0x0 0x0 0x0 0x0 0x7530002 0x0 0x7560005 0x0 0x0 0x0 0x0 0x0 0x0 0x75b0005 0x0 0x0 0x0 0x0 0x0 0x0 0x75e0002 0x0 0x7610007 0x0 0x3738 0x0 0x76c0005 0x0 0x0 0x0 0x0 0x0 0x0 0x771000a 0x0 0x3 0x0 0x0 0x0 0x7760005 0x0 0x0 0x0 0x0 0x0 0x0 0x7790003 0x0 0x3678 0x7800007 0xab8 0x160 0x19 0x7860002 0x19 0x78e0002 0x19 0x7910007 0x0 0x3620 0x19 0x7960005 0x0 0x0 0x1ee1d5e4f20 0x6 0x1ee1d5e4fd0 0x13 0x7990002 0x19 0x79c0007 0x2 0x35b8 0x17 0x7a70005 0x0 0x0 0x1ee1d5e44d0 0x17 0x0 0x0 0x7b00002 0x17 0x7b30005 0x0 0x0 0x1ee1d5e4f20 0x4 0x1ee1d5e4fd0 0x13 0x7b60003 0x17 0x3518 0x7bd0007 0xaab 0x290 0xd 0x7c30002 0xd 0x7c80004 0x0 0x0 0x1ee1d5e5080 0xb 0x1ee1d5e5130 0x2 0x7cb0005 0x0 0x0 0x1ee1d5e5080 0xb 0x1ee1d5e5130 0x2 0x7d40002 0xd 0x7d70007 0x0 0x110 0xd 0x7dc0007 0x0 0xb0 0xd 0x7e10005 0x0 0x0 0x1ee1d5e51e0 0xd 0x0 0x0 0x7e40104 0xfffffffffffffff8 0x0 0x1ee1d5e4d10 0x4 0x0 0x0 0x7e70007 0x0 0x50 0xd 0x7ee0002 0xd 0x7f10007 0xd 0x30 0x0 0x7f70002 0x0 0x7fc0002 0xd 0x8030002 0xd 0x8060007 0xd 0x3320 0x0 0x80a0004 0x0 0x0 0x0 0x0 0x0 0x0 0x8150002 0x0 0x81e0002 0x0 0x8270002 0x0 0x8300002 0x0 0x8330003 0x0 0x3288 0x83a0007 0xaab 0x160 0x0 0x8400002 0x0 0x8480002 0x0 0x84b0007 0x0 0x3230 0x0 0x8500005 0x0 0x0 0x0 0x0 0x0 0x0 0x8530002 0x0 0x8560007 0x0 0x31c8 0x0 0x8610005 0x0 0x0 0x0 0x0 0x0 0x0 0x86a0002 0x0 0x86d0005 0x0 0x0 0x0 0x0 0x0 0x0 0x8700003 0x0 0x3128 0x8770007 0xaa0 0x48 0xb 0x87d0002 0xb 0x8810003 0xb 0x30e0 0x8880007 0xaa0 0x48 0x0 0x88e0002 0x0 0x8920003 0x0 0x3098 0x8990007 0xaa0 0x48 0x0 0x89f0002 0x0 0x8a30003 0x0 0x3050 0x8aa0007 0xaa0 0x48 0x0 0x8b00002 0x0 0x8b40003 0x0 0x3008 0x8bb0007 0xaa0 0x248 0x0 0x8c10002 0x0 0x8c90002 0x0 0x8cc0007 0x0 0x2fb0 0x0 0x8d10005 0x0 0x0 0x0 0x0 0x0 0x0 0x8d40002 0x0 0x8d70007 0x0 0xa0 0x0 0x8e20005 0x0 0x0 0x0 0x0 0x0 0x0 0x8eb0002 0x0 0x8ee0005 0x0 0x0 0x0 0x0 0x0 0x0 0x8f30005 0x0 0x0 0x0 0x0 0x0 0x0 0x8f60002 0x0 0x8f90007 0x0 0x2e60 0x0 0x9040005 0x0 0x0 0x0 0x0 0x0 0x0 0x90d0002 0x0 0x9100005 0x0 0x0 0x0 0x0 0x0 0x0 0x9130003 0x0 0x2dc0 0x91a0007 0x9bc 0x450 0xe4 0x9250005 0x0 0x0 0x1ee1d5e44d0 0xe4 0x0 0x0 0x9290004 0x0 0x0 0x1ee1d5e5290 0x6 0x1ee1d5e5340 0x5e 0x9310007 0x0 0xc0 0xe4 0x9350005 0x80 0x0 0x1ee1d5e5290 0x6 0x1ee1d5e5340 0x5e 0x9380007 0xe4 0x68 0x0 0x93b0002 0x0 0x93f0005 0x0 0x0 0x0 0x0 0x0 0x0 0x9450002 0xe4 0x94b0007 0x0 0x68 0xe4 0x94f0004 0x0 0x0 0x1ee1d5e40b0 0xe4 0x0 0x0 0x95b0002 0xe4 0x9620005 0x80 0x0 0x1ee1d5e5290 0x6 0x1ee1d5e5340 0x5e 0x9650007 0x0 0x140 0xe4 0x96b0005 0x80 0x0 0x1ee1d5e5290 0x6 0x1ee1d5e5340 0x5e 0x96e0002 0xe4 0x9710007 0xb7 0xd8 0x2d 0x97c0005 0x0 0x0 0x1ee1d5e44d0 0x2d 0x0 0x0 0x97f0002 0x2d 0x9850007 0x0 0x158 0x2d 0x98c0005 0x20 0x0 0x1ee1d5e5290 0x2 0x1ee1d5e5340 0xb 0x98f0003 0x2d 0x100 0x9940005 0x60 0x0 0x1ee1d5e5290 0x4 0x1ee1d5e5340 0x53 0x9970002 0xb7 0x99a0007 0x8a 0xa0 0x2d 0x9a50005 0x0 0x0 0x1ee1d5e44d0 0x2d 0x0 0x0 0x9b60002 0x2d 0x9b90005 0x20 0x0 0x1ee1d5e5290 0x2 0x1ee1d5e5340 0xb 0x9bf0002 0xe4 0x9c30003 0xe4 0x2970 0x9ca0007 0x290 0x108 0x72c 0x9d00002 0x72c 0x9d70007 0x0 0x2928 0x72c 0x9db0005 0x0 0x0 0x1ee1d5e53f0 0x48 0x1ee1d5e54a0 0x6e4 0x9de0007 0x72c 0x28d0 0x0 0x9e10002 0x0 0x9e50005 0x0 0x0 0x0 0x0 0x0 0x0 0x9e80003 0x0 0x2868 0x9ef0007 0x290 0x108 0x0 0x9f50002 0x0 0x9fc0007 0x0 0x2820 0x0 0xa000005 0x0 0x0 0x0 0x0 0x0 0x0 0xa030007 0x0 0x27c8 0x0 0xa060002 0x0 0xa0a0005 0x0 0x0 0x0 0x0 0x0 0x0 0xa0d0003 0x0 0x2760 0xa140007 0x28a 0x108 0x6 0xa1a0002 0x6 0xa210007 0x0 0x2718 0x6 0xa250005 0x0 0x0 0x1ee1d5e5550 0x6 0x0 0x0 0xa280007 0x6 0x26c0 0x0 0xa2b0002 0x0 0xa2f0005 0x0 0x0 0x0 0x0 0x0 0x0 0xa320003 0x0 0x2658 0xa390007 0x26c 0x48 0x1e 0xa3f0002 0x0 0xa430003 0x1e 0x2610 0xa4a0007 0x26a 0x850 0x2 0xa4f0002 0x2 0xa530004 0x0 0x0 0x1ee1d5e5600 0x2 0x0 0x0 0xa5c0002 0x2 0xa5f0007 0x2 0x40 0x0 0xa690002 0x0 0xa6c0002 0x0 0xa740002 0x2 0xa770007 0x0 0x168 0x2 0xa820005 0x0 0x0 0x1ee1d5e44d0 0x2 0x0 0x0 0xa8b0002 0x2 0xa940005 0x0 0x0 0x1ee1d5e5600 0x2 0x0 0x0 0xa970005 0x0 0x0 0x1ee1d5e56b0 0x2 0x0 0x0 0xa9c0007 0x1 0x90 0x1 0xaa10005 0x0 0x0 0x1ee1d5e5600 0x1 0x0 0x0 0xaa60005 0x0 0x0 0x1ee1d5e56b0 0x1 0x0 0x0 0xab00002 0x2 0xab30007 0x0 0xf8 0x2 0xabe0005 0x0 0x0 0x1ee1d5e44d0 0x2 0x0 0x0 0xac70002 0x2 0xad00005 0x0 0x0 0x1ee1d5e5600 0x2 0x0 0x0 0xad30007 0x1 0x58 0x1 0xada0005 0x0 0x0 0x1ee1d5e5600 0x1 0x0 0x0 0xae20002 0x2 0xae50007 0x0 0x30 0x2 0xaeb0002 0x2 0xaf30002 0x2 0xaf60007 0x0 0x30 0x2 0xafc0002 0x2 0xb040002 0x2 0xb070007 0x2 0x98 0x0 0xb0c0005 0x0 0x0 0x0 0x0 0x0 0x0 0xb0f0002 0x0 0xb120007 0x0 0x30 0x0 0xb170002 0x0 0xb1a0002 0x2 0xb200007 0x2 0xf8 0x0 0xb250005 0x0 0x0 0x0 0x0 0x0 0x0 0xb280002 0x0 0xb2b0007 0x0 0x90 0x0 0xb330002 0x0 0xb360007 0x0 0x60 0x0 0xb390002 0x0 0xb3f0007 0x0 0x30 0x0 0xb440002 0x0 0xb4c0005 0x0 0x0 0x1ee1d5e5600 0x2 0x0 0x0 0xb4f0007 0x2 0x90 0x0 0xb5c0005 0x0 0x0 0x0 0x0 0x0 0x0 0xb5f0005 0x0 0x0 0x0 0x0 0x0 0x0 0xb670002 0x2 0xb6a0007 0x2 0x1e8 0x0 0xb6f0005 0x0 0x0 0x0 0x0 0x0 0x0 0xb720002 0x0 0xb750007 0x0 0x180 0x0 0xb800005 0x0 0x0 0x0 0x0 0x0 0x0 0xb85000a 0x0 0x3 0x0 0x0 0x0 0xb8e0005 0x0 0x0 0x0 0x0 0x0 0x0 0xb950007 0x0 0x58 0x0 0xb9c0005 0x0 0x0 0x0 0x0 0x0 0x0 0xba4000a 0x0 0x3 0x0 0x0 0x0 0xba90005 0x0 0x0 0x0 0x0 0x0 0x0 0xbaf0002 0x2 0xbb30003 0x2 0x1dc0 0xbba0007 0x267 0x448 0x3 0xbc00002 0x3 0xbc50004 0xffffffffffffffff 0x0 0x1ee1d5e5760 0x2 0x0 0x0 0xbc80007 0x1 0x1d40 0x2 0xbcc0004 0x0 0x0 0x1ee1d5e5760 0x2 0x0 0x0 0xbd50002 0x2 0xbd80007 0x2 0x40 0x0 0xbe20002 0x0 0xbe50002 0x0 0xbea0005 0x0 0x0 0x1ee1d5e5760 0x2 0x0 0x0 0xbf10004 0x0 0x0 0x1ee1d5e5810 0x2 0x0 0x0 0xbf40007 0x0 0x1c28 0x2 0xbf90004 0xfffffffffffffffe 0x0 0x0 0x0 0x0 0x0 0xbfc0007 0x0 0x1bd0 0x2 0xc010005 0x2 0x0 0x0 0x0 0x0 0x0 0xc040005 0x2 0x0 0x0 0x0 0x0 0x0 0xc0a0005 0x2 0x0 0x0 0x0 0x0 0x0 0xc0d0007 0x0 0x1b08 0x2 0xc120005 0x2 0x0 0x0 0x0 0x0 0x0 0xc150005 0x2 0x0 0x0 0x0 0x0 0x0 0xc1b0005 0x2 0x0 0x0 0x0 0x0 0x0 0xc1e0007 0x0 0x1a40 0x2 0xc250002 0x2 0xc280007 0x0 0x1a10 0x2 0xc2b0002 0x2 0xc310007 0x0 0x19e0 0x2 0xc3a0002 0x2 0xc3d0005 0x0 0x0 0x1ee1d5e5760 0x2 0x0 0x0 0xc400003 0x2 0x1978 0xc470007 0x263 0x120 0x4 0xc4c0005 0x0 0x0 0x1ee1d5e58c0 0x4 0x0 0x0 0xc4f0002 0x4 0xc520007 0x2 0x18f8 0x2 0xc5d0005 0x0 0x0 0x1ee1d5e44d0 0x2 0x0 0x0 0xc660002 0x2 0xc690005 0x0 0x0 0x1ee1d5e58c0 0x2 0x0 0x0 0xc6c0003 0x2 0x1858 0xc730007 0x254 0x348 0xf 0xc790002 0xf 0xc7f0005 0x0 0x0 0x1ee1d5e58c0 0x6 0x1ee1d5e5970 0x9 0xc820002 0xf 0xc850007 0xa 0xa0 0x5 0xc900005 0x0 0x0 0x1ee1d5e44d0 0x5 0x0 0x0 0xc990002 0x5 0xc9c0005 0x0 0x0 0x1ee1d5e58c0 0x2 0x1ee1d5e5970 0x3 0xca10005 0x0 0x0 0x1ee1d5e58c0 0x6 0x1ee1d5e5970 0x9 0xca40002 0xf 0xca70007 0xa 0xa0 0x5 0xcb20005 0x0 0x0 0x1ee1d5e44d0 0x5 0x0 0x0 0xcbb0002 0x5 0xcbe0005 0x0 0x0 0x1ee1d5e58c0 0x2 0x1ee1d5e5970 0x3 0xcc20004 0x0 0x0 0x1ee1d5e58c0 0x6 0x1ee1d5e5970 0x9 0xcca0005 0x0 0x0 0x1ee1d5e58c0 0x6 0x1ee1d5e5970 0x9 0xccd0002 0xf 0xcd00007 0xa 0x15c0 0x5 0xcdb0005 0x0 0x0 0x1ee1d5e44d0 0x5 0x0 0x0 0xce40002 0x5 0xcee0002 0x5 0xcf10005 0x0 0x0 0x1ee1d5e58c0 0x2 0x1ee1d5e5970 0x3 0xcf40003 0x5 0x1510 0xcfb0007 0x250 0x48 0x4 0xd010002 0x4 0xd050003 0x4 0x14c8 0xd0c0007 0x24e 0xe8 0x2 0xd110002 0x2 0xd160002 0x2 0xd1c0002 0x2 0xd240002 0x2 0xd270007 0x0 0x30 0x2 0xd2d0002 0x2 0xd340002 0x2 0xd370007 0x2 0x1410 0x0 0xd3c0002 0x0 0xd3f0003 0x0 0x13e0 0xd460007 0x22e 0xd8 0x20 0xd4b0002 0x20 0xd510002 0x20 0xd590002 0x20 0xd5c0007 0x0 0x30 0x20 0xd620002 0x20 0xd690002 0x20 0xd6c0007 0x20 0x1338 0x0 0xd710002 0x0 0xd740003 0x0 0x1308 0xd7b0007 0x22a 0xe8 0x4 0xd800002 0x4 0xd850002 0x4 0xd8b0002 0x4 0xd930002 0x4 0xd960007 0x0 0x30 0x4 0xd9c0002 0x4 0xda30002 0x4 0xda60007 0x4 0x1250 0x0 0xdab0002 0x0 0xdae0003 0x0 0x1220 0xdb50007 0x229 0x1f0 0x1 0xdc00005 0x0 0x0 0x1ee1d5e44d0 0x1 0x0 0x0 0xdc40005 0x0 0x0 0x1ee1d5e5a20 0x1 0x0 0x0 0xdc70007 0x1 0xd8 0x0 0xdcb0005 0x0 0x0 0x0 0x0 0x0 0x0 0xdce0004 0x0 0x0 0x0 0x0 0x0 0x0 0xdd10007 0x0 0x48 0x0 0xdd70002 0x0 0xddb0003 0x0 0x58 0xde30002 0x1 0xde60007 0x0 0x30 0x1 0xdec0002 0x1 0xdfa0002 0x1 0xdfd0002 0x1 0xe000002 0x1 0xe030003 0x1 0x1030 0xe0a0007 0x224 0x188 0x5 0xe150005 0x0 0x0 0x1ee1d5e44d0 0x5 0x0 0x0 0xe1b0002 0x4 0xe260002 0x5 0xe290002 0x5 0xe2e0005 0x0 0x0 0x1ee1d5e5ad0 0x4 0x1ee1d5e5b80 0x1 0xe310002 0x5 0xe340007 0x0 0xf48 0x5 0xe3f0005 0x0 0x0 0x1ee1d5e44d0 0x5 0x0 0x0 0xe480002 0x5 0xe4b0005 0x0 0x0 0x1ee1d5e5ad0 0x4 0x1ee1d5e5b80 0x1 0xe4e0003 0x5 0xea8 0xe550007 0x212 0xb8 0x12 0xe600005 0x0 0x0 0x1ee1d5e44d0 0x12 0x0 0x0 0xe6b0005 0x0 0x0 0x1ee1d5e44d0 0x12 0x0 0x0 0xe710002 0x12 0xe750003 0x12 0xdf0 0xe7c0007 0x20e 0x80 0x4 0xe870005 0x0 0x0 0x1ee1d5e44d0 0x4 0x0 0x0 0xe8d0002 0x4 0xe910003 0x4 0xd70 0xe980007 0x209 0x298 0x5 0xe9d0002 0x5 0xea40002 0x5 0xea70007 0x5 0x40 0x0 0xeb10002 0x0 0xeb40002 0x0 0xeb90005 0x0 0x0 0x1ee1d5e5c30 0x5 0x0 0x0 0xebc0002 0x5 0xebf0007 0x1 0xa0 0x4 0xeca0005 0x0 0x0 0x1ee1d5e44d0 0x4 0x0 0x0 0xed30002 0x4 0xed60005 0x0 0x0 0x1ee1d5e5c30 0x4 0x0 0x0 0xed90002 0x5 0xedf0007 0x5 0xf8 0x0 0xee40005 0x0 0x0 0x0 0x0 0x0 0x0 0xee70002 0x0 0xeea0007 0x0 0x90 0x0 0xef20002 0x0 0xef50007 0x0 0x60 0x0 0xef80002 0x0 0xefe0007 0x0 0x30 0x0 0xf030002 0x0 0xf090002 0x5 0xf0d0003 0x5 0xad8 0xf140007 0x104 0x80 0x105 0xf1f0005 0x0 0x0 0x1ee1d5e44d0 0x105 0x0 0x0 0xf240002 0x105 0xf270003 0x105 0xa58 0xf2e0007 0x9b 0x6f8 0x69 0xf360005 0x69 0x0 0x0 0x0 0x0 0x0 0xf390007 0x64 0x2f0 0x5 0xf3f0002 0x5 0xf420007 0x0 0x2c0 0x5 0xf460005 0x0 0x0 0x1ee1d5e5ce0 0x1 0x1ee1d5e5d90 0x4 0xf490004 0xfffffffffffffffb 0x0 0x1ee1d5e4370 0x3 0x0 0x0 0xf4c0007 0x0 0x230 0x5 0xf530002 0x5 0xf560007 0x5 0x200 0x0 0xf5f0002 0x0 0xf620005 0x0 0x0 0x0 0x0 0x0 0x0 0xf690002 0x0 0xf6c0004 0x0 0x0 0x0 0x0 0x0 0x0 0xf730005 0x0 0x0 0x0 0x0 0x0 0x0 0xf7f0005 0x0 0x0 0x0 0x0 0x0 0x0 0xf860005 0x0 0x0 0x0 0x0 0x0 0x0 0xf970005 0x0 0x0 0x0 0x0 0x0 0x0 0xf9e0005 0x0 0x0 0x0 0x0 0x0 0x0 0xfa50005 0x0 0x0 0x0 0x0 0x0 0x0 0xfac0002 0x69 0xfaf0104 0x0 0x0 0x0 0x0 0x0 0x0 0xfb60007 0x69 0x148 0x0 0xfc30002 0x0 0xfc60005 0x0 0x0 0x0 0x0 0x0 0x0 0xfcf0002 0x0 0xfd80002 0x0 0xfdb0004 0x0 0x0 0x0 0x0 0x0 0x0 0xfe20007 0x0 0x88 0x0 0xfe70007 0x0 0x68 0x0 0xff20002 0x0 0xff50005 0x0 0x0 0x0 0x0 0x0 0x0 0x10000005 0x0 0x0 0x1ee1d5e44d0 0x69 0x0 0x0 0x100b0005 0x0 0x0 0x1ee1d5e44d0 0x69 0x0 0x0 0x10110002 0x69 0x101b0002 0x69 0x10220007 0x0 0x4d8 0x69 0x10270004 0x0 0x0 0x1ee1d5e5e40 0x6 0x1ee1d5e5ce0 0x2 0x102a0005 0x61 0x0 0x1ee1d5e5e40 0x6 0x1ee1d5e5ce0 0x2 0x102d0002 0x69 0x10300007 0x33 0x438 0x36 0x103b0005 0x0 0x0 0x1ee1d5e44d0 0x36 0x0 0x0 0x103f0004 0x0 0x0 0x1ee1d5e5e40 0x4 0x1ee1d5e5ce0 0x1 0x10470002 0x36 0x104a0005 0x31 0x0 0x1ee1d5e5e40 0x4 0x1ee1d5e5ce0 0x1 0x104d0003 0x36 0x360 0x10540007 0x56 0x48 0x45 0x105a0002 0x0 0x105e0003 0x45 0x318 0x10650007 0x52 0x198 0x4 0x106a0005 0x0 0x0 0x1ee1d5e5ef0 0x4 0x0 0x0 0x106d0002 0x4 0x10700007 0x2 0xd8 0x2 0x107b0005 0x0 0x0 0x1ee1d5e44d0 0x2 0x0 0x0 0x107f0004 0x0 0x0 0x1ee1d5e5ef0 0x2 0x0 0x0 0x108c0002 0x2 0x108f0005 0x0 0x0 0x1ee1d5e5ef0 0x2 0x0 0x0 0x109c0002 0x4 0x109f0002 0x4 0x10a20002 0x4 0x10a80002 0x4 0x10ac0003 0x4 0x180 0x10b30007 0x3f 0x168 0x13 0x10bb0002 0x13 0x10c30002 0x13 0x10c60007 0x13 0x40 0x0 0x10d00002 0x0 0x10d30002 0x0 0x10d80005 0x0 0x0 0x1ee1d5e51e0 0xa 0x1ee1d5e5fa0 0x9 0x10db0002 0x13 0x10de0007 0x0 0xa0 0x13 0x10e90005 0x0 0x0 0x1ee1d5e44d0 0x13 0x0 0x0 0x10f20002 0x13 0x10f50005 0x0 0x0 0x1ee1d5e51e0 0xa 0x1ee1d5e5fa0 0x9 0x0 0x0 0x0 0x0 0x0 0x0 0x0 0x0 0x0 0x0 0x0 0x0 0x0 0x0 0x0 0x0 0x0 0x0 0x0 0x0 0x0 0x0 0x0 0x0 0x0 0x0 0x0 0x0 0x0 0x0 0x0 0x0 0x0 0x0 0x0 0x0 0x0 0x0 0x0 0x0 0x0 0x0 0x0 0x0 0x0 0x0 0x0 0x0 0x0 0x0 0x0 0x0 0x0 0x0 0x0 0x0 0x0 0x0 0x0 0x0 0x0 0x0 0x0 0x0 0x0 0x0 0x0 0x0 0x0 0x0 0x0 0x0 0x0 0x0 0x0 0x0 0x0 0x0 0x0 0x0 0x0 0x0 0x0 0x0 0x0 0x0 0x0 0x0 0x0 0x0 0x0 0x0 0x0 0x0 0x0 0x0 0x0 0x0 0x0 0x0 0x0 0x0 0x0 0x0 0x0 0x0 0x0 0x0 0x0 0x0 0x0 0x0 0x0 0x0 0x0 0x0 0x0 0x0 0x0 0x0 0x0 0x0 0x0 0x0 0x0 0x0 0x0 0x0 0x0 0x0 0x0 0x0 0x0 0x0 0x0 0x0 0x9 0x5 0x0 0x0 0x0 0x0 0x0 oops 157 3 javax/swing/plaf/basic/BasicInternalFrameTitlePane$NoFocusButton 5 javax/swing/plaf/synth/SynthInternalFrameTitlePane 37 javax/swing/plaf/synth/ParsedSynthStyle 44 javax/swing/plaf/synth/ParsedSynthStyle 51 javax/swing/plaf/synth/ParsedSynthStyle$StateInfo 65 javax/swing/plaf/FontUIResource 72 java/awt/Font 81 javax/swing/plaf/synth/ParsedSynthStyle 88 javax/swing/plaf/synth/ParsedSynthStyle 95 javax/swing/plaf/synth/ParsedSynthStyle$StateInfo 102 javax/swing/plaf/basic/BasicInternalFrameTitlePane$NoFocusButton 104 javax/swing/plaf/synth/SynthInternalFrameTitlePane 109 javax/swing/plaf/synth/SynthBorder 111 javax/swing/border/EmptyBorder 367 de/javasoft/plaf/synthetica/StyleFactory$ComponentPropertyStore 484 javax/swing/plaf/synth/SynthScrollBarUI$2 486 javax/swing/plaf/synth/SynthScrollBarUI$1 497 de/javasoft/plaf/synthetica/StyleFactory$ComponentPropertyStore 506 javax/swing/plaf/synth/SynthScrollBarUI$2 508 javax/swing/plaf/synth/SynthScrollBarUI$1 522 de/javasoft/plaf/synthetica/StyleFactory$ComponentPropertyStore 549 de/javasoft/plaf/synthetica/StyleFactory$ComponentPropertyStore 576 de/javasoft/plaf/synthetica/StyleFactory$ComponentPropertyStore 583 javax/swing/plaf/basic/BasicInternalFrameTitlePane$NoFocusButton 585 javax/swing/JButton 590 javax/swing/plaf/synth/SynthInternalFrameTitlePane 592 com/jidesoft/swing/NullPanel 659 javax/swing/plaf/synth/SynthInternalFrameTitlePane 661 javax/swing/JInternalFrame 676 de/javasoft/plaf/synthetica/StyleFactory$ComponentPropertyStore 685 javax/swing/plaf/synth/SynthInternalFrameTitlePane 687 javax/swing/JInternalFrame 699 javax/swing/JCheckBox 701 javax/swing/plaf/synth/SynthTableUI$SynthBooleanTableCellRenderer 712 de/javasoft/plaf/synthetica/StyleFactory$ComponentPropertyStore 719 javax/swing/JCheckBox 721 javax/swing/plaf/synth/SynthTableUI$SynthBooleanTableCellRenderer 728 javax/swing/JCheckBox 730 javax/swing/plaf/synth/SynthTableUI$SynthBooleanTableCellRenderer 849 javax/swing/JComboBox 851 ui/h 862 de/javasoft/plaf/synthetica/StyleFactory$ComponentPropertyStore 871 javax/swing/JComboBox 873 ui/h 947 de/javasoft/plaf/synthetica/styles/InternalFrameStyle 983 javax/swing/JInternalFrame$JDesktopIcon 1079 javax/swing/plaf/basic/BasicComboPopup$1 1081 javax/swing/JComboBox 1092 de/javasoft/plaf/synthetica/StyleFactory$ComponentPropertyStore 1101 javax/swing/plaf/basic/BasicComboPopup$1 1103 javax/swing/JList 1218 javax/swing/JRootPane 1458 javax/swing/JScrollBar 1460 javax/swing/JScrollPane$ScrollBar 1471 de/javasoft/plaf/synthetica/StyleFactory$ComponentPropertyStore 1480 javax/swing/JScrollBar 1482 javax/swing/JScrollPane$ScrollBar 1496 javax/swing/JScrollPane 1498 ui/utils/swing/q/b 1503 javax/swing/JScrollPane 1505 ui/utils/swing/q/b 1520 javax/swing/JViewport 1527 javax/swing/plaf/basic/BasicComboPopup$1 1729 de/javasoft/plaf/synthetica/StyleFactory$ComponentPropertyStore 1736 javax/swing/JMenu 1738 ui/f/ag 1747 javax/swing/JMenu 1749 ui/f/ag 1773 javax/swing/plaf/synth/ParsedSynthStyle 1782 javax/swing/JMenu 1784 ui/f/ag 1793 javax/swing/JMenu 1795 ui/f/ag 1806 de/javasoft/plaf/synthetica/StyleFactory$ComponentPropertyStore 1819 javax/swing/JMenu 1821 ui/f/ag 1829 javax/swing/JMenu 1831 ui/f/ag 1842 de/javasoft/plaf/synthetica/StyleFactory$ComponentPropertyStore 1851 javax/swing/JMenu 1853 ui/f/ag 1873 javax/swing/JPopupMenu$1 1875 ui/f/ao 1939 ui/f/ac 1977 javax/swing/JTable 2000 de/javasoft/plaf/synthetica/StyleFactory$ComponentPropertyStore 2009 javax/swing/JTable 2016 javax/swing/table/DefaultTableColumnModel 2027 javax/swing/JTable 2034 javax/swing/table/DefaultTableColumnModel 2047 de/javasoft/plaf/synthetica/StyleFactory$ComponentPropertyStore 2056 javax/swing/JTable 2067 javax/swing/JTable 2144 javax/swing/JTable 2243 javax/swing/table/JTableHeader 2254 javax/swing/table/JTableHeader 2271 javax/swing/table/JTableHeader 2278 javax/swing/plaf/synth/SynthTableHeaderUI$HeaderRenderer 2364 javax/swing/table/JTableHeader 2378 javax/swing/JTabbedPane 2391 de/javasoft/plaf/synthetica/StyleFactory$ComponentPropertyStore 2400 javax/swing/JTabbedPane 2416 javax/swing/JTabbedPane 2418 ui/utils/swing/s/g 2429 de/javasoft/plaf/synthetica/StyleFactory$ComponentPropertyStore 2438 javax/swing/JTabbedPane 2440 ui/utils/swing/s/g 2445 javax/swing/JTabbedPane 2447 ui/utils/swing/s/g 2458 de/javasoft/plaf/synthetica/StyleFactory$ComponentPropertyStore 2467 javax/swing/JTabbedPane 2469 ui/utils/swing/s/g 2474 javax/swing/JTabbedPane 2476 ui/utils/swing/s/g 2481 javax/swing/JTabbedPane 2483 ui/utils/swing/s/g 2494 de/javasoft/plaf/synthetica/StyleFactory$ComponentPropertyStore 2505 javax/swing/JTabbedPane 2507 ui/utils/swing/s/g 2613 de/javasoft/plaf/synthetica/StyleFactory$ComponentPropertyStore 2620 javax/swing/JToggleButton 2675 de/javasoft/plaf/synthetica/StyleFactory$ComponentPropertyStore 2688 javax/swing/JToolBar 2690 ui/views/Y/a/a$g 2701 de/javasoft/plaf/synthetica/StyleFactory$ComponentPropertyStore 2710 javax/swing/JToolBar 2712 ui/views/Y/a/a$g 2724 de/javasoft/plaf/synthetica/StyleFactory$ComponentPropertyStore 2731 de/javasoft/plaf/synthetica/StyleFactory$ComponentPropertyStore 2747 de/javasoft/plaf/synthetica/StyleFactory$ComponentPropertyStore 2775 javax/swing/JTree 2788 de/javasoft/plaf/synthetica/StyleFactory$ComponentPropertyStore 2797 javax/swing/JTree 2846 de/javasoft/plaf/synthetica/StyleFactory$ComponentPropertyStore 2879 javax/swing/plaf/synth/SynthComboPopup 2881 ui/utils/lnf/HSyntheticaComboBoxUI$1 2886 javax/swing/plaf/synth/SynthBorder 3013 de/javasoft/plaf/synthetica/StyleFactory$ComponentPropertyStore 3020 de/javasoft/plaf/synthetica/StyleFactory$ComponentPropertyStore 3035 javax/swing/plaf/synth/SynthInternalFrameTitlePane$JPopupMenuUIResource 3037 javax/swing/plaf/synth/SynthComboPopup 3042 javax/swing/plaf/synth/SynthInternalFrameTitlePane$JPopupMenuUIResource 3044 javax/swing/plaf/synth/SynthComboPopup 3055 de/javasoft/plaf/synthetica/StyleFactory$ComponentPropertyStore 3062 javax/swing/plaf/synth/SynthInternalFrameTitlePane$JPopupMenuUIResource 3064 javax/swing/plaf/synth/SynthComboPopup 3071 javax/swing/plaf/synth/SynthInternalFrameTitlePane$JPopupMenuUIResource 3073 javax/swing/plaf/synth/SynthComboPopup 3094 javax/swing/JRadioButton 3107 de/javasoft/plaf/synthetica/StyleFactory$ComponentPropertyStore 3114 javax/swing/JRadioButton 3123 javax/swing/JRadioButton 3157 javax/swing/JViewport 3159 com/jidesoft/plaf/basic/BasicJideTabbedPaneUI$ScrollableTabViewport 3170 de/javasoft/plaf/synthetica/StyleFactory$ComponentPropertyStore 3179 javax/swing/JViewport 3181 com/jidesoft/plaf/basic/BasicJideTabbedPaneUI$ScrollableTabViewport methods 0
ciMethodData de/javasoft/plaf/synthetica/SyntheticaLookAndFeel getDim (Ljava/lang/String;Ljava/awt/Component;Ljava/awt/Dimension;Z)Ljava/awt/Dimension; 1 35 orig 80 0 0 0 0 0 0 0 0 0 0 0 0 250 127 0 0 0 0 0 0 0 0 0 0 0 0 0 0 0 0 0 0 0 0 0 0 0 0 0 0 0 0 0 0 0 0 0 0 0 0 0 0 0 0 0 0 0 0 0 0 0 0 0 0 0 0 0 0 0 0 0 0 0 0 0 0 0 0 0 0 data 14 0x50002 0x1b 0x0 0x0 0x0 0x0 0x0 0x0 0x9 0x4 0xffffffffffffffff 0xffffffffffffffff 0x0 0x0 oops 0 methods 0
ciMethodData de/javasoft/plaf/synthetica/StyleFactory$ComponentPropertyStore storeComponentProperty (Ljava/awt/Component;Ljava/lang/String;)V 2 5691 orig 80 0 0 0 0 0 0 0 0 0 0 0 0 250 127 0 0 0 0 0 0 0 0 0 0 0 0 0 0 0 0 0 0 0 0 0 0 0 0 0 0 0 0 0 0 0 0 0 0 0 0 0 0 0 0 0 0 0 0 0 0 0 0 0 0 0 0 0 0 0 0 0 0 0 0 0 0 0 0 0 0 data 538 0x40007 0x14ac 0x20 0x0 0xd0005 0x14ac 0x0 0x0 0x0 0x0 0x0 0x100007 0x10f8 0x80 0x3b4 0x140005 0x3ab 0x0 0x1ee1d5e4840 0x3 0x1ee1d5e5290 0x6 0x170002 0x3b4 0x1b0003 0x3b4 0xed0 0x210005 0x10f8 0x0 0x0 0x0 0x0 0x0 0x240007 0x10f8 0xa8 0x0 0x280004 0x0 0x0 0x0 0x0 0x0 0x0 0x2b0005 0x0 0x0 0x0 0x0 0x0 0x0 0x2f0003 0x0 0xdf0 0x350005 0x10f8 0x0 0x0 0x0 0x0 0x0 0x380007 0x10f8 0xa8 0x0 0x3c0004 0x0 0x0 0x0 0x0 0x0 0x0 0x3f0005 0x0 0x0 0x0 0x0 0x0 0x0 0x430003 0x0 0xd10 0x490005 0x10f8 0x0 0x0 0x0 0x0 0x0 0x4c0007 0xc0f 0xa8 0x4e9 0x500004 0x0 0x0 0x1ee1d5e46e0 0xe 0x1ee2003fed0 0x18 0x530005 0x4c3 0x0 0x1ee1d5e46e0 0xe 0x1ee2003fed0 0x18 0x570003 0x4e9 0xc30 0x5d0005 0xc0f 0x0 0x0 0x0 0x0 0x0 0x600007 0x725 0xb8 0x4ea 0x640004 0x0 0x0 0x1ee1d5e46e0 0xe 0x1ee2003fed0 0x18 0x670005 0x4c4 0x0 0x1ee1d5e46e0 0xe 0x1ee2003fed0 0x18 0x6a0002 0x4ea 0x6e0003 0x4ea 0xb40 0x740005 0x725 0x0 0x0 0x0 0x0 0x0 0x770007 0x23c 0xb8 0x4e9 0x7b0004 0x0 0x0 0x1ee1d5e46e0 0xe 0x1ee2003fed0 0x18 0x7e0005 0x4c3 0x0 0x1ee1d5e46e0 0xe 0x1ee2003fed0 0x18 0x810002 0x4e9 0x850003 0x4e9 0xa50 0x8b0005 0x23c 0x0 0x0 0x0 0x0 0x0 0x8e0007 0x22a 0xa8 0x12 0x920004 0x0 0x0 0x1ee2009b8a0 0x12 0x0 0x0 0x950005 0x0 0x0 0x0 0x0 0x0 0x0 0x990003 0x12 0x970 0x9f0005 0x22a 0x0 0x0 0x0 0x0 0x0 0xa20007 0x22a 0xa8 0x0 0xa60004 0x0 0x0 0x0 0x0 0x0 0x0 0xa90005 0x0 0x0 0x0 0x0 0x0 0x0 0xad0003 0x0 0x890 0xb30005 0x22a 0x0 0x0 0x0 0x0 0x0 0xb60007 0x22a 0xa8 0x0 0xba0004 0x0 0x0 0x0 0x0 0x0 0x0 0xbd0005 0x0 0x0 0x0 0x0 0x0 0x0 0xc10003 0x0 0x7b0 0xc70005 0x22a 0x0 0x0 0x0 0x0 0x0 0xca0007 0x22a 0xa8 0x0 0xce0004 0x0 0x0 0x0 0x0 0x0 0x0 0xd10005 0x0 0x0 0x0 0x0 0x0 0x0 0xd50003 0x0 0x6d0 0xdb0005 0x22a 0x0 0x0 0x0 0x0 0x0 0xde0007 0x22a 0x100 0x0 0xe60004 0x0 0x0 0x0 0x0 0x0 0x0 0xe90005 0x0 0x0 0x0 0x0 0x0 0x0 0xec0002 0x0 0xef0005 0x0 0x0 0x0 0x0 0x0 0x0 0xf20002 0x0 0xf60003 0x0 0x598 0xfc0005 0x22a 0x0 0x0 0x0 0x0 0x0 0xff0007 0x229 0xa8 0x1 0x1030004 0x0 0x0 0x1ee1d5e5600 0x1 0x0 0x0 0x1080005 0x0 0x0 0x1ee1d5e5600 0x1 0x0 0x0 0x10c0003 0x1 0x4b8 0x1120005 0x229 0x0 0x0 0x0 0x0 0x0 0x1150007 0x228 0xa8 0x1 0x1190004 0x0 0x0 0x1ee1d5e5600 0x1 0x0 0x0 0x11e0005 0x0 0x0 0x1ee1d5e5600 0x1 0x0 0x0 0x1220003 0x1 0x3d8 0x1280005 0x228 0x0 0x0 0x0 0x0 0x0 0x12b0007 0x227 0xa8 0x1 0x12f0004 0x0 0x0 0x1ee1d5e5600 0x1 0x0 0x0 0x1340005 0x0 0x0 0x1ee1d5e5600 0x1 0x0 0x0 0x1380003 0x1 0x2f8 0x13e0005 0x227 0x0 0x0 0x0 0x0 0x0 0x1410007 0x226 0xa8 0x1 0x1450004 0x0 0x0 0x1ee1d5e5600 0x1 0x0 0x0 0x14a0005 0x0 0x0 0x1ee1d5e5600 0x1 0x0 0x0 0x14e0003 0x1 0x218 0x1540005 0x226 0x0 0x0 0x0 0x0 0x0 0x1570007 0x224 0xf0 0x2 0x15b0004 0x0 0x0 0x1ee1d5e5600 0x2 0x0 0x0 0x15e0005 0x0 0x0 0x1ee1d5e5600 0x2 0x0 0x0 0x1610005 0x0 0x0 0x1ee1d5e56b0 0x2 0x0 0x0 0x1660002 0x2 0x16a0003 0x2 0xf0 0x1700005 0x224 0x0 0x0 0x0 0x0 0x0 0x1730007 0x222 0xa0 0x2 0x1770004 0x0 0x0 0x1ee1d5e5600 0x2 0x0 0x0 0x17a0005 0x0 0x0 0x1ee1d5e5600 0x2 0x0 0x0 0x17d0002 0x2 0x18c0002 0x14ac 0x19f0005 0x0 0x0 0x1ee200991d0 0x14ac 0x0 0x0 0x1a20007 0x9b3 0x58 0xaf9 0x1ab0005 0x0 0x0 0x1ee200991d0 0xaf9 0x0 0x0 0x1b20003 0x14ac 0x18 0x0 0x0 0x0 0x0 0x0 0x0 0x0 0x0 0x0 0x0 0x0 0x0 0x9 0x3 0x0 0x0 0x0 oops 30 18 javax/swing/JInternalFrame 20 javax/swing/JMenu 97 javax/swing/JButton 99 javax/swing/plaf/basic/BasicInternalFrameTitlePane$NoFocusButton 104 javax/swing/JButton 106 javax/swing/plaf/basic/BasicInternalFrameTitlePane$NoFocusButton 125 javax/swing/JButton 127 javax/swing/plaf/basic/BasicInternalFrameTitlePane$NoFocusButton 132 javax/swing/JButton 134 javax/swing/plaf/basic/BasicInternalFrameTitlePane$NoFocusButton 155 javax/swing/JButton 157 javax/swing/plaf/basic/BasicInternalFrameTitlePane$NoFocusButton 162 javax/swing/JButton 164 javax/swing/plaf/basic/BasicInternalFrameTitlePane$NoFocusButton 185 javax/swing/JToolBar$Separator 336 javax/swing/JTable 343 javax/swing/JTable 364 javax/swing/JTable 371 javax/swing/JTable 392 javax/swing/JTable 399 javax/swing/JTable 420 javax/swing/JTable 427 javax/swing/JTable 448 javax/swing/JTable 455 javax/swing/JTable 462 javax/swing/table/DefaultTableColumnModel 485 javax/swing/JTable 492 javax/swing/JTable 503 java/util/HashSet 514 java/util/HashSet methods 0
ciMethodData de/javasoft/plaf/synthetica/StyleFactory getTitledBorder (Ljavax/swing/border/Border;)Ljavax/swing/border/TitledBorder; 1 728 orig 80 0 0 0 0 0 0 0 0 0 0 0 0 250 127 0 0 0 0 0 0 0 0 0 0 0 0 0 0 0 0 0 0 0 0 0 0 0 0 0 0 0 0 0 0 0 0 0 0 0 0 0 0 0 0 0 0 0 0 0 0 0 0 0 0 0 0 0 0 0 0 0 0 0 0 0 0 0 0 0 0 data 93 0x10104 0xfffffffffffffe48 0x0 0x1ee1d5e4370 0x6e 0x1ee2137e680 0x6 0x40007 0x2ac 0x58 0x0 0x80004 0x0 0x0 0x0 0x0 0x0 0x0 0xd0104 0xfffffffffffffe4d 0x0 0x1ee1d5e4370 0x6e 0x1ee2137e680 0x6 0x100007 0x2a7 0x1d0 0x5 0x150004 0x0 0x0 0x1ee2137e730 0x5 0x0 0x0 0x180005 0x0 0x0 0x1ee2137e730 0x5 0x0 0x0 0x1b0002 0x5 0x200007 0x5 0x58 0x0 0x240004 0x0 0x0 0x0 0x0 0x0 0x0 0x2a0004 0x0 0x0 0x1ee2137e730 0x5 0x0 0x0 0x2d0005 0x0 0x0 0x1ee2137e730 0x5 0x0 0x0 0x300002 0x5 0x350007 0x5 0x58 0x0 0x390004 0x0 0x0 0x0 0x0 0x0 0x0 0x0 0x0 0x0 0x0 0x0 0x0 0x9 0x2 0x0 0x0 oops 8 3 javax/swing/plaf/synth/SynthBorder 5 ui/utils/swing/a/i 21 javax/swing/plaf/synth/SynthBorder 23 ui/utils/swing/a/i 32 javax/swing/border/CompoundBorder 39 javax/swing/border/CompoundBorder 59 javax/swing/border/CompoundBorder 66 javax/swing/border/CompoundBorder methods 0
ciMethodData de/javasoft/plaf/synthetica/StyleFactory eventListenerExists ([Ljava/util/EventListener;)Z 2 1236 orig 80 0 0 0 0 0 0 0 0 0 0 0 0 250 127 0 0 0 0 0 0 0 0 0 0 0 0 0 0 0 0 0 0 0 0 0 0 0 0 0 0 0 0 0 0 0 0 0 0 0 0 0 0 0 0 0 0 0 0 0 0 0 0 0 0 0 0 0 0 0 0 0 0 0 0 0 0 0 0 0 0 data 60 0x90003 0x42f 0x170 0x160007 0x0 0x158 0x278 0x1a0005 0x278 0x0 0x0 0x0 0x0 0x0 0x1d0005 0x278 0x0 0x0 0x0 0x0 0x0 0x210005 0x278 0x0 0x0 0x0 0x0 0x0 0x240005 0x278 0x0 0x0 0x0 0x0 0x0 0x270005 0x278 0x0 0x0 0x0 0x0 0x0 0x2a0007 0x3f 0x20 0x239 0x350007 0x278 0xfffffffffffffea8 0x1f6 0x0 0x0 0x0 0x0 0x0 0x0 0x9 0x2 0x0 0x0 oops 0 methods 0
ciMethodData de/javasoft/plaf/synthetica/SyntheticaLookAndFeel getInt (Ljava/lang/String;Ljava/awt/Component;Z)I 1 12 orig 80 0 0 0 0 0 0 0 0 0 0 0 0 250 127 0 0 0 0 0 0 0 0 0 0 0 0 0 0 0 0 0 0 0 0 0 0 0 0 0 0 0 0 0 0 0 0 0 0 0 0 0 0 0 0 0 0 0 0 0 0 0 0 0 0 0 0 0 0 0 0 0 0 0 0 0 0 0 0 0 0 data 13 0x40002 0x4 0x0 0x0 0x0 0x0 0x0 0x0 0x9 0x3 0xffffffffffffffff 0xffffffffffffffff 0x0 oops 0 methods 0
ciMethodData de/javasoft/plaf/synthetica/StyleFactory$3 <init> (Lde/javasoft/plaf/synthetica/StyleFactory;)V 1 54 orig 80 0 0 0 0 0 0 0 0 0 0 0 0 250 127 0 0 0 0 0 0 0 0 0 0 0 0 0 0 0 0 0 0 0 0 0 0 0 0 0 0 0 0 0 0 0 0 0 0 0 0 0 0 0 0 0 0 0 0 0 0 0 0 0 0 0 0 0 0 0 0 0 0 0 0 0 0 0 0 0 0 data 10 0x60002 0x26 0x0 0x0 0x0 0x0 0x9 0x2 0x6 0x0 oops 0 methods 0
ciMethodData de/javasoft/plaf/synthetica/styles/ArrowButtonStyle getStyle (Ljavax/swing/plaf/synth/SynthStyle;Ljavax/swing/JComponent;Ljavax/swing/plaf/synth/Region;)Ljavax/swing/plaf/synth/SynthStyle; 1 196 orig 80 0 0 0 0 0 0 0 0 0 0 0 0 250 127 0 0 0 0 0 0 0 0 0 0 0 0 0 0 0 0 0 0 0 0 0 0 0 0 0 0 0 0 0 0 0 0 0 0 0 0 0 0 0 0 0 0 0 0 0 0 0 0 0 0 0 0 0 0 0 0 0 0 0 0 0 0 0 0 0 0 data 33 0x10002 0x8e 0x40007 0x30 0x58 0x5e 0xb0005 0x0 0x0 0x1ee20144f80 0x5e 0x0 0x0 0x160002 0x30 0x1c0005 0x0 0x0 0x1ee20144f80 0x30 0x0 0x0 0x0 0x0 0x0 0x0 0x0 0x0 0x9 0x3 0x0 0x0 0x0 oops 2 9 de/javasoft/plaf/synthetica/styles/ArrowButtonStyle 18 de/javasoft/plaf/synthetica/styles/ArrowButtonStyle methods 0
ciMethodData de/javasoft/plaf/synthetica/styles/StyleWrapper <init> ()V 2 1623 orig 80 0 0 0 0 0 0 0 0 0 0 0 0 250 127 0 0 0 0 0 0 0 0 0 0 0 0 0 0 0 0 0 0 0 0 0 0 0 0 0 0 0 0 0 0 0 0 0 0 0 0 0 0 0 0 0 0 0 0 0 0 0 0 0 0 0 0 0 0 0 0 0 0 0 0 0 0 0 0 0 0 data 7 0x10002 0x5cd 0x0 0x0 0x9 0x1 0x0 oops 0 methods 0
ciMethodData de/javasoft/plaf/synthetica/SyntheticaLookAndFeel getInt (Ljava/lang/String;Ljava/awt/Component;I)I 2 5151 orig 80 0 0 0 0 0 0 0 0 0 0 0 0 250 127 0 0 0 0 0 0 0 0 0 0 0 0 0 0 0 0 0 0 0 0 0 0 0 0 0 0 0 0 0 0 0 0 0 0 0 0 0 0 0 0 0 0 0 0 0 0 0 0 0 0 0 0 0 0 0 0 0 0 0 0 0 0 0 0 0 0 data 13 0x40002 0x138d 0x0 0x0 0x0 0x0 0x0 0x0 0x9 0x3 0x0 0x0 0x0 oops 0 methods 0
ciMethodData de/javasoft/plaf/synthetica/styles/ButtonStyle getStyle (Ljavax/swing/plaf/synth/SynthStyle;Ljavax/swing/JComponent;Ljavax/swing/plaf/synth/Region;)Ljavax/swing/plaf/synth/SynthStyle; 2 2567 orig 80 0 0 0 0 0 0 0 0 0 0 0 0 250 127 0 0 0 0 0 0 0 0 0 0 0 0 0 0 0 0 0 0 0 0 0 0 0 0 0 0 0 0 0 0 0 0 0 0 0 0 0 0 0 0 0 0 0 0 0 0 0 0 0 0 0 0 0 0 0 0 0 0 0 0 0 0 0 0 0 0 data 33 0x10002 0x9c5 0x40007 0x14 0x58 0x9b1 0xb0005 0x0 0x0 0x1ee20143950 0x9b1 0x0 0x0 0x160002 0x14 0x1c0005 0x0 0x0 0x1ee20143950 0x14 0x0 0x0 0x0 0x0 0x0 0x0 0x0 0x0 0x9 0x3 0x0 0x0 0x0 oops 2 9 de/javasoft/plaf/synthetica/styles/ButtonStyle 18 de/javasoft/plaf/synthetica/styles/ButtonStyle methods 0
ciMethodData de/javasoft/plaf/synthetica/styles/ButtonStyle <init> ()V 1 55 orig 80 0 0 0 0 0 0 0 0 0 0 0 0 250 127 0 0 0 0 0 0 0 0 0 0 0 0 0 0 0 0 0 0 0 0 0 0 0 0 0 0 0 0 0 0 0 0 0 0 0 0 0 0 0 0 0 0 0 0 0 0 0 0 0 0 0 0 0 0 0 0 0 0 0 0 0 0 0 0 0 0 data 7 0x10002 0x14 0x0 0x0 0x9 0x1 0x0 oops 0 methods 0
ciMethodData de/javasoft/plaf/synthetica/styles/InternalFrameTitlePaneStyle getStyle (Ljavax/swing/plaf/synth/SynthStyle;Ljavax/swing/JComponent;Ljavax/swing/plaf/synth/Region;)Ljavax/swing/plaf/synth/SynthStyle; 1 21 orig 80 0 0 0 0 0 0 0 0 0 0 0 0 250 127 0 0 0 0 0 0 0 0 0 0 0 0 0 0 0 0 0 0 0 0 0 0 0 0 0 0 0 0 0 0 0 0 0 0 0 0 0 0 0 0 0 0 0 0 0 0 0 0 0 0 0 0 0 0 0 0 0 0 0 0 0 0 0 0 0 0 data 33 0x10002 0x7 0x40007 0x3 0x58 0x4 0xb0005 0x0 0x0 0x1ee20141120 0x4 0x0 0x0 0x160002 0x3 0x1c0005 0x0 0x0 0x1ee20141120 0x3 0x0 0x0 0x0 0x0 0x0 0x0 0x0 0x0 0x9 0x3 0x0 0x0 0x0 oops 2 9 de/javasoft/plaf/synthetica/styles/InternalFrameTitlePaneStyle 18 de/javasoft/plaf/synthetica/styles/InternalFrameTitlePaneStyle methods 0
ciMethodData de/javasoft/plaf/synthetica/StyleFactory$4 <init> (Lde/javasoft/plaf/synthetica/StyleFactory;)V 1 12 orig 80 0 0 0 0 0 0 0 0 0 0 0 0 250 127 0 0 0 0 0 0 0 0 0 0 0 0 0 0 0 0 0 0 0 0 0 0 0 0 0 0 0 0 0 0 0 0 0 0 0 0 0 0 0 0 0 0 0 0 0 0 0 0 0 0 0 0 0 0 0 0 0 0 0 0 0 0 0 0 0 0 data 10 0x60002 0x4 0x0 0x0 0x0 0x0 0x9 0x2 0x6 0x0 oops 0 methods 0
ciMethodData de/javasoft/plaf/synthetica/StyleFactory$5 <init> (Lde/javasoft/plaf/synthetica/StyleFactory;Ljavax/swing/JCheckBox;)V 1 18 orig 80 0 0 0 0 0 0 0 0 0 0 0 0 250 127 0 0 0 0 0 0 0 0 0 0 0 0 0 0 0 0 0 0 0 0 0 0 0 0 0 0 0 0 0 0 0 0 0 0 0 0 0 0 0 0 0 0 0 0 0 0 0 0 0 0 0 0 0 0 0 0 0 0 0 0 0 0 0 0 0 0 data 11 0xb0002 0xa 0x0 0x0 0x0 0x0 0x9 0x3 0x6 0x0 0x0 oops 0 methods 0
ciMethodData de/javasoft/plaf/synthetica/styles/CheckBoxStyle getStyle (Ljavax/swing/plaf/synth/SynthStyle;Ljavax/swing/JComponent;Ljavax/swing/plaf/synth/Region;)Ljavax/swing/plaf/synth/SynthStyle; 1 27 orig 80 0 0 0 0 0 0 0 0 0 0 0 0 250 127 0 0 0 0 0 0 0 0 0 0 0 0 0 0 0 0 0 0 0 0 0 0 0 0 0 0 0 0 0 0 0 0 0 0 0 0 0 0 0 0 0 0 0 0 0 0 0 0 0 0 0 0 0 0 0 0 0 0 0 0 0 0 0 0 0 0 data 33 0x10002 0xd 0x40007 0x2 0x58 0xb 0xb0005 0x0 0x0 0x1ee20140ab0 0xb 0x0 0x0 0x160002 0x2 0x1c0005 0x0 0x0 0x1ee20140ab0 0x2 0x0 0x0 0x0 0x0 0x0 0x0 0x0 0x0 0x9 0x3 0x0 0x0 0x0 oops 2 9 de/javasoft/plaf/synthetica/styles/CheckBoxStyle 18 de/javasoft/plaf/synthetica/styles/CheckBoxStyle methods 0
ciMethodData de/javasoft/plaf/synthetica/StyleFactory setOpaque (Ljavax/swing/JComponent;Z)V 1 100 orig 80 0 0 0 0 0 0 0 0 0 0 0 0 250 127 0 0 0 0 0 0 0 0 0 0 0 0 0 0 0 0 0 0 0 0 0 0 0 0 0 0 0 0 0 0 0 0 0 0 0 0 0 0 0 0 0 0 0 0 0 0 0 0 0 0 0 0 0 0 0 0 0 0 0 0 0 0 0 0 0 0 data 25 0x80005 0x0 0x0 0x1ee1d5e44d0 0x3f 0x0 0x0 0xd0005 0x24 0x0 0x1ee227c09c0 0x18 0x1ee1d5e4a50 0x3 0x0 0x0 0x0 0x0 0x0 0x0 0x9 0x3 0x0 0xffffffffffffffff 0x0 oops 3 3 de/javasoft/plaf/synthetica/StyleFactory$ComponentPropertyStore 10 javax/swing/JTextField 12 javax/swing/JComboBox methods 0
ciMethodData de/javasoft/plaf/synthetica/StyleFactory$8 <init> (Lde/javasoft/plaf/synthetica/StyleFactory;)V 1 7 orig 80 0 0 0 0 0 0 0 0 0 0 0 0 250 127 0 0 0 0 0 0 0 0 0 0 0 0 0 0 0 0 0 0 0 0 0 0 0 0 0 0 0 0 0 0 0 0 0 0 0 0 0 0 0 0 0 0 0 0 0 0 0 0 0 0 0 0 0 0 0 0 0 0 0 0 0 0 0 0 0 0 data 10 0x60002 0x4 0x0 0x0 0x0 0x0 0x9 0x2 0x6 0x0 oops 0 methods 0
ciMethodData de/javasoft/plaf/synthetica/styles/ComboBoxStyle getStyle (Ljavax/swing/plaf/synth/SynthStyle;Ljavax/swing/JComponent;Ljavax/swing/plaf/synth/Region;)Ljavax/swing/plaf/synth/SynthStyle; 1 13 orig 80 0 0 0 0 0 0 0 0 0 0 0 0 250 127 0 0 0 0 0 0 0 0 0 0 0 0 0 0 0 0 0 0 0 0 0 0 0 0 0 0 0 0 0 0 0 0 0 0 0 0 0 0 0 0 0 0 0 0 0 0 0 0 0 0 0 0 0 0 0 0 0 0 0 0 0 0 0 0 0 0 data 33 0x10002 0x8 0x40007 0x2 0x58 0x6 0xb0005 0x0 0x0 0x1ee1b410730 0x6 0x0 0x0 0x160002 0x2 0x1c0005 0x0 0x0 0x1ee1b410730 0x2 0x0 0x0 0x0 0x0 0x0 0x0 0x0 0x0 0x9 0x3 0x0 0x0 0x0 oops 2 9 de/javasoft/plaf/synthetica/styles/ComboBoxStyle 18 de/javasoft/plaf/synthetica/styles/ComboBoxStyle methods 0
ciMethodData de/javasoft/plaf/synthetica/StyleFactory installFocusListener (Ljava/awt/Component;)V 1 134 orig 80 0 0 0 0 0 0 0 0 0 0 0 0 250 127 0 0 0 0 0 0 0 0 0 0 0 0 0 0 0 0 0 0 0 0 0 0 0 0 0 0 0 0 0 0 0 0 0 0 0 0 0 0 0 0 0 0 0 0 0 0 0 0 0 0 0 0 0 0 0 0 0 0 0 0 0 0 0 0 0 0 data 69 0x10005 0x2d 0x0 0x1ee227c09c0 0x18 0x1ee1d5e4a50 0x1 0x40007 0x46 0x20 0x0 0x90005 0x2d 0x0 0x1ee227c09c0 0x18 0x1ee1d5e4a50 0x1 0x140003 0x46 0x70 0x1d0004 0xffffffffffffffd1 0x0 0x1ee22a14670 0x2e 0x1ee1ce5b380 0x22 0x200007 0x2f 0x20 0x22 0x2a0007 0x51 0xffffffffffffffa8 0x24 0x2e0005 0x0 0x0 0x1ee20038980 0x24 0x0 0x0 0x350005 0x0 0x0 0x1ee1d5e44d0 0x24 0x0 0x0 0x3e0002 0x24 0x410005 0x16 0x0 0x1ee227c09c0 0xd 0x1ee1d5e4a50 0x1 0x0 0x0 0x0 0x0 0x0 0x0 0x9 0x2 0x0 0x0 oops 10 3 javax/swing/JTextField 5 javax/swing/JComboBox 14 javax/swing/JTextField 16 javax/swing/JComboBox 24 javax/swing/text/JTextComponent$MutableCaretEvent 26 de/javasoft/plaf/synthetica/StyleFactory$RepaintFocusListener 39 de/javasoft/plaf/synthetica/StyleFactory 46 de/javasoft/plaf/synthetica/StyleFactory$ComponentPropertyStore 55 javax/swing/JTextField 57 javax/swing/JComboBox methods 0
ciMethodData de/javasoft/plaf/synthetica/StyleFactory installTextComponentPropertyChangeListener (Ljava/awt/Component;)V 1 12 orig 80 0 0 0 0 0 0 0 0 0 0 0 0 250 127 0 0 0 0 0 0 0 0 0 0 0 0 0 0 0 0 0 0 0 0 0 0 0 0 0 0 0 0 0 0 0 0 0 0 0 0 0 0 0 0 0 0 0 0 0 0 0 0 0 0 0 0 0 0 0 0 0 0 0 0 0 0 0 0 0 0 data 39 0x20005 0x6 0x0 0x1ee227c0910 0x1 0x1ee227c09c0 0x1 0x50002 0x8 0x80007 0x3 0xa0 0x5 0x130005 0x0 0x0 0x1ee1d5e44d0 0x5 0x0 0x0 0x1c0002 0x5 0x1f0005 0x3 0x0 0x1ee227c0910 0x1 0x1ee227c09c0 0x1 0x0 0x0 0x0 0x0 0x0 0x0 0x9 0x2 0x0 0x0 oops 5 3 javax/swing/JTextPane 5 javax/swing/JTextField 16 de/javasoft/plaf/synthetica/StyleFactory$ComponentPropertyStore 25 javax/swing/JTextPane 27 javax/swing/JTextField methods 0
ciMethodData de/javasoft/plaf/synthetica/StyleFactory installTextComponentHoverSupport (Ljavax/swing/JComponent;)V 1 0 orig 80 0 0 0 0 0 0 0 0 0 0 0 0 250 127 0 0 0 0 0 0 0 0 0 0 0 0 0 0 0 0 0 0 0 0 0 0 0 0 0 0 0 0 0 0 0 0 0 0 0 0 0 0 0 0 0 0 0 0 0 0 0 0 0 0 0 0 0 0 0 0 0 0 0 0 0 0 0 0 0 0 data 39 0x20005 0x0 0x0 0x0 0x0 0x0 0x0 0x50002 0x0 0x80007 0x0 0xa0 0x0 0x130005 0x0 0x0 0x0 0x0 0x0 0x0 0x1d0002 0x0 0x200005 0x0 0x0 0x0 0x0 0x0 0x0 0x0 0x0 0x0 0x0 0x0 0x0 0x9 0x2 0xffffffffffffffff 0xffffffffffffffff oops 0 methods 0
ciMethodData de/javasoft/plaf/synthetica/styles/InternalFrameStyle getStyle (Ljavax/swing/plaf/synth/SynthStyle;Ljavax/swing/JComponent;Ljavax/swing/plaf/synth/Region;)Ljavax/swing/plaf/synth/SynthStyle; 1 6 orig 80 0 0 0 0 0 0 0 0 0 0 0 0 250 127 0 0 0 0 0 0 0 0 0 0 0 0 0 0 0 0 0 0 0 0 0 0 0 0 0 0 0 0 0 0 0 0 0 0 0 0 0 0 0 0 0 0 0 0 0 0 0 0 0 0 0 0 0 0 0 0 0 0 0 0 0 0 0 0 0 0 data 33 0x10002 0x2 0x40007 0x0 0x58 0x2 0xb0005 0x0 0x0 0x1ee1d5e4bb0 0x2 0x0 0x0 0x160002 0x0 0x1c0005 0x0 0x0 0x0 0x0 0x0 0x0 0x0 0x0 0x0 0x0 0x0 0x0 0x9 0x3 0x0 0x0 0x0 oops 1 9 de/javasoft/plaf/synthetica/styles/InternalFrameStyle methods 0
ciMethodData de/javasoft/plaf/synthetica/styles/LabelStyle getStyle (Ljavax/swing/plaf/synth/SynthStyle;Ljavax/swing/JComponent;Ljavax/swing/plaf/synth/Region;)Ljavax/swing/plaf/synth/SynthStyle; 1 556 orig 80 0 0 0 0 0 0 0 0 0 0 0 0 250 127 0 0 0 0 0 0 0 0 0 0 0 0 0 0 0 0 0 0 0 0 0 0 0 0 0 0 0 0 0 0 0 0 0 0 0 0 0 0 0 0 0 0 0 0 0 0 0 0 0 0 0 0 0 0 0 0 0 0 0 0 0 0 0 0 0 0 data 33 0x10002 0x1e7 0x40007 0x27 0x58 0x1c0 0xb0005 0x0 0x0 0x1ee1b40bac0 0x1c0 0x0 0x0 0x160002 0x27 0x1c0005 0x0 0x0 0x1ee1b40bac0 0x27 0x0 0x0 0x0 0x0 0x0 0x0 0x0 0x0 0x9 0x3 0x0 0x0 0x0 oops 2 9 de/javasoft/plaf/synthetica/styles/LabelStyle 18 de/javasoft/plaf/synthetica/styles/LabelStyle methods 0
ciMethodData de/javasoft/plaf/synthetica/styles/ListStyle getStyle (Ljavax/swing/plaf/synth/SynthStyle;Ljavax/swing/JComponent;Ljavax/swing/plaf/synth/Region;)Ljavax/swing/plaf/synth/SynthStyle; 1 29 orig 80 0 0 0 0 0 0 0 0 0 0 0 0 250 127 0 0 0 0 0 0 0 0 0 0 0 0 0 0 0 0 0 0 0 0 0 0 0 0 0 0 0 0 0 0 0 0 0 0 0 0 0 0 0 0 0 0 0 0 0 0 0 0 0 0 0 0 0 0 0 0 0 0 0 0 0 0 0 0 0 0 data 33 0x10002 0x11 0x40007 0x7 0x58 0xa 0xb0005 0x0 0x0 0x1ee1b409aa0 0xa 0x0 0x0 0x160002 0x7 0x1c0005 0x0 0x0 0x1ee1b409aa0 0x7 0x0 0x0 0x0 0x0 0x0 0x0 0x0 0x0 0x9 0x3 0x0 0x0 0x0 oops 2 9 de/javasoft/plaf/synthetica/styles/ListStyle 18 de/javasoft/plaf/synthetica/styles/ListStyle methods 0
ciMethodData de/javasoft/plaf/synthetica/StyleFactory$9 <init> (Lde/javasoft/plaf/synthetica/StyleFactory;)V 1 10 orig 80 0 0 0 0 0 0 0 0 0 0 0 0 250 127 0 0 0 0 0 0 0 0 0 0 0 0 0 0 0 0 0 0 0 0 0 0 0 0 0 0 0 0 0 0 0 0 0 0 0 0 0 0 0 0 0 0 0 0 0 0 0 0 0 0 0 0 0 0 0 0 0 0 0 0 0 0 0 0 0 0 data 10 0x60002 0x5 0x0 0x0 0x0 0x0 0x9 0x2 0x6 0x0 oops 0 methods 0
ciMethodData de/javasoft/plaf/synthetica/StyleFactory installCellRendererHoverListener (Ljavax/swing/JComponent;)V 1 0 orig 80 0 0 0 0 0 0 0 0 0 0 0 0 250 127 0 0 0 0 0 0 0 0 0 0 0 0 0 0 0 0 0 0 0 0 0 0 0 0 0 0 0 0 0 0 0 0 0 0 0 0 0 0 0 0 0 0 0 0 0 0 0 0 0 0 0 0 0 0 0 0 0 0 0 0 0 0 0 0 0 0 data 44 0x80005 0x0 0x0 0x0 0x0 0x0 0x0 0x130005 0x0 0x0 0x0 0x0 0x0 0x0 0x1a0007 0x0 0x30 0x0 0x230002 0x0 0x2e0005 0x0 0x0 0x0 0x0 0x0 0x0 0x360005 0x0 0x0 0x0 0x0 0x0 0x0 0x0 0x0 0x0 0x0 0x0 0x0 0x9 0x2 0x30 0xffffffffffffffff oops 0 methods 0
ciMethodData de/javasoft/plaf/synthetica/StyleFactory installMetaKeySupport (Ljavax/swing/JComponent;)V 1 0 orig 80 0 0 0 0 0 0 0 0 0 0 0 0 250 127 0 0 0 0 0 0 0 0 0 0 0 0 0 0 0 0 0 0 0 0 0 0 0 0 0 0 0 0 0 0 0 0 0 0 0 0 0 0 0 0 0 0 0 0 0 0 0 0 0 0 0 0 0 0 0 0 0 0 0 0 0 0 0 0 0 0 data 26 0x80005 0x0 0x0 0x0 0x0 0x0 0x0 0x110002 0x0 0x140005 0x0 0x0 0x0 0x0 0x0 0x0 0x0 0x0 0x0 0x0 0x0 0x0 0x9 0x2 0xffffffffffffffff 0xffffffffffffffff oops 0 methods 0
ciMethodData de/javasoft/plaf/synthetica/styles/OptionPaneStyle getStyle (Ljavax/swing/plaf/synth/SynthStyle;Ljavax/swing/JComponent;Ljavax/swing/plaf/synth/Region;)Ljavax/swing/plaf/synth/SynthStyle; 1 6 orig 80 0 0 0 0 0 0 0 0 0 0 0 0 250 127 0 0 0 0 0 0 0 0 0 0 0 0 0 0 0 0 0 0 0 0 0 0 0 0 0 0 0 0 0 0 0 0 0 0 0 0 0 0 0 0 0 0 0 0 0 0 0 0 0 0 0 0 0 0 0 0 0 0 0 0 0 0 0 0 0 0 data 33 0x10002 0x2 0x40007 0x0 0x58 0x2 0xb0005 0x0 0x0 0x1ee1b409760 0x2 0x0 0x0 0x160002 0x0 0x1c0005 0x0 0x0 0x0 0x0 0x0 0x0 0x0 0x0 0x0 0x0 0x0 0x0 0x9 0x3 0x0 0x0 0x0 oops 1 9 de/javasoft/plaf/synthetica/styles/OptionPaneStyle methods 0
ciMethodData de/javasoft/plaf/synthetica/styles/RootPaneStyle getStyle (Ljavax/swing/plaf/synth/SynthStyle;Ljavax/swing/JComponent;Ljavax/swing/plaf/synth/Region;)Ljavax/swing/plaf/synth/SynthStyle; 1 66 orig 80 0 0 0 0 0 0 0 0 0 0 0 0 250 127 0 0 0 0 0 0 0 0 0 0 0 0 0 0 0 0 0 0 0 0 0 0 0 0 0 0 0 0 0 0 0 0 0 0 0 0 0 0 0 0 0 0 0 0 0 0 0 0 0 0 0 0 0 0 0 0 0 0 0 0 0 0 0 0 0 0 data 33 0x10002 0x40 0x40007 0x0 0x58 0x40 0xb0005 0x0 0x0 0x1ee201e6460 0x40 0x0 0x0 0x160002 0x0 0x1c0005 0x0 0x0 0x0 0x0 0x0 0x0 0x0 0x0 0x0 0x0 0x0 0x0 0x9 0x3 0x0 0x0 0x0 oops 1 9 de/javasoft/plaf/synthetica/styles/RootPaneStyle methods 0
ciMethodData de/javasoft/plaf/synthetica/styles/ScrollBarStyle getStyle (Ljavax/swing/plaf/synth/SynthStyle;Ljavax/swing/JComponent;Ljavax/swing/plaf/synth/Region;)Ljavax/swing/plaf/synth/SynthStyle; 1 32 orig 80 0 0 0 0 0 0 0 0 0 0 0 0 250 127 0 0 0 0 0 0 0 0 0 0 0 0 0 0 0 0 0 0 0 0 0 0 0 0 0 0 0 0 0 0 0 0 0 0 0 0 0 0 0 0 0 0 0 0 0 0 0 0 0 0 0 0 0 0 0 0 0 0 0 0 0 0 0 0 0 0 data 33 0x10002 0x16 0x40007 0x0 0x58 0x16 0xb0005 0x0 0x0 0x1ee201e5640 0x16 0x0 0x0 0x160002 0x0 0x1c0005 0x0 0x0 0x0 0x0 0x0 0x0 0x0 0x0 0x0 0x0 0x0 0x0 0x9 0x3 0x0 0x0 0x0 oops 1 9 de/javasoft/plaf/synthetica/styles/ScrollBarStyle methods 0
ciMethodData de/javasoft/plaf/synthetica/StyleFactory$11 <init> (Lde/javasoft/plaf/synthetica/StyleFactory;)V 1 29 orig 80 0 0 0 0 0 0 0 0 0 0 0 0 250 127 0 0 0 0 0 0 0 0 0 0 0 0 0 0 0 0 0 0 0 0 0 0 0 0 0 0 0 0 0 0 0 0 0 0 0 0 0 0 0 0 0 0 0 0 0 0 0 0 0 0 0 0 0 0 0 0 0 0 0 0 0 0 0 0 0 0 data 10 0x60002 0x15 0x0 0x0 0x0 0x0 0x9 0x2 0x6 0x0 oops 0 methods 0
ciMethodData de/javasoft/plaf/synthetica/styles/ScrollPaneStyle getStyle (Ljavax/swing/plaf/synth/SynthStyle;Ljavax/swing/JComponent;Ljavax/swing/plaf/synth/Region;)Ljavax/swing/plaf/synth/SynthStyle; 1 19 orig 80 0 0 0 0 0 0 0 0 0 0 0 0 250 127 0 0 0 0 0 0 0 0 0 0 0 0 0 0 0 0 0 0 0 0 0 0 0 0 0 0 0 0 0 0 0 0 0 0 0 0 0 0 0 0 0 0 0 0 0 0 0 0 0 0 0 0 0 0 0 0 0 0 0 0 0 0 0 0 0 0 data 140 0x30002 0xe 0x60104 0x0 0x0 0x0 0x0 0x0 0x0 0xb0007 0xe 0x310 0x0 0xf0005 0x0 0x0 0x0 0x0 0x0 0x0 0x120007 0x0 0x2b8 0x0 0x160002 0x0 0x1e0005 0x0 0x0 0x0 0x0 0x0 0x0 0x210005 0x0 0x0 0x0 0x0 0x0 0x0 0x240005 0x0 0x0 0x0 0x0 0x0 0x0 0x270007 0x0 0x1e0 0x0 0x2a0002 0x0 0x2d0004 0x0 0x0 0x0 0x0 0x0 0x0 0x300005 0x0 0x0 0x0 0x0 0x0 0x0 0x360005 0x0 0x0 0x0 0x0 0x0 0x0 0x400005 0x0 0x0 0x0 0x0 0x0 0x0 0x470005 0x0 0x0 0x0 0x0 0x0 0x0 0x4a0004 0x0 0x0 0x0 0x0 0x0 0x0 0x4d0005 0x0 0x0 0x0 0x0 0x0 0x0 0x500003 0x0 0x28 0x5b0002 0x0 0x600002 0xe 0x630007 0x5 0x58 0x9 0x6a0005 0x0 0x0 0x1ee201e3da0 0x9 0x0 0x0 0x750002 0x5 0x7d0005 0x0 0x0 0x1ee201e3da0 0x5 0x0 0x0 0x0 0x0 0x0 0x0 0x0 0x0 0x9 0x3 0x0 0x0 0x0 oops 2 116 de/javasoft/plaf/synthetica/styles/ScrollPaneStyle 125 de/javasoft/plaf/synthetica/styles/ScrollPaneStyle methods 0
ciMethodData de/javasoft/plaf/synthetica/StyleFactory applyTitledBorderStyle (Ljavax/swing/JComponent;)V 1 400 orig 80 0 0 0 0 0 0 0 0 0 0 0 0 250 127 0 0 0 0 0 0 0 0 0 0 0 0 0 0 0 0 0 0 0 0 0 0 0 0 0 0 0 0 0 0 0 0 0 0 0 0 0 0 0 0 0 0 0 0 0 0 0 0 0 0 0 0 0 0 0 0 0 0 0 0 0 0 0 0 0 0 data 67 0x20005 0x42 0x0 0x1ee1d5e5080 0xc 0x1ee200f8a00 0x121 0x50002 0x16f 0x80007 0x92 0xa0 0xdd 0x130005 0x0 0x0 0x1ee1d5e44d0 0xdd 0x0 0x0 0x1c0002 0xdd 0x1f0005 0x3f 0x0 0x1ee200f8a00 0x9d 0x1ee2137daa0 0x1 0x240005 0x42 0x0 0x1ee1d5e5080 0xc 0x1ee200f8a00 0x121 0x270002 0x16f 0x2c0007 0x16f 0x98 0x0 0x330002 0x0 0x360007 0x0 0x68 0x0 0x3c0004 0x0 0x0 0x0 0x0 0x0 0x0 0x3f0002 0x0 0x0 0x0 0x0 0x0 0x0 0x0 0x9 0x2 0x0 0x0 oops 7 3 javax/swing/JScrollPane 5 javax/swing/JPanel 16 de/javasoft/plaf/synthetica/StyleFactory$ComponentPropertyStore 25 javax/swing/JPanel 27 com/jidesoft/combobox/AbstractComboBox$DefaultTextFieldEditorComponent 32 javax/swing/JScrollPane 34 javax/swing/JPanel methods 0
ciMethodData de/javasoft/plaf/synthetica/StyleFactory installScrollPaneCorner (Ljavax/swing/JScrollPane;Ljava/lang/String;)V 1 0 orig 80 0 0 0 0 0 0 0 0 0 0 0 0 250 127 0 0 0 0 0 0 0 0 0 0 0 0 0 0 0 0 0 0 0 0 0 0 0 0 0 0 0 0 0 0 0 0 0 0 0 0 0 0 0 0 0 0 0 0 0 0 0 0 0 0 0 0 0 0 0 0 0 0 0 0 0 0 0 0 0 0 data 53 0x20005 0x0 0x0 0x0 0x0 0x0 0x0 0x70007 0x0 0x78 0x0 0xb0004 0x0 0x0 0x0 0x0 0x0 0x0 0xe0007 0x0 0xc0 0x0 0x120004 0x0 0x0 0x0 0x0 0x0 0x0 0x150007 0x0 0x68 0x0 0x1f0002 0x0 0x220005 0x0 0x0 0x0 0x0 0x0 0x0 0x0 0x0 0x0 0x0 0x0 0x0 0x9 0x3 0x0 0xffffffffffffffff 0xffffffffffffffff oops 0 methods 0
ciMethodData de/javasoft/plaf/synthetica/styles/SeparatorStyle getStyle (Ljavax/swing/plaf/synth/SynthStyle;Ljavax/swing/JComponent;Ljavax/swing/plaf/synth/Region;)Ljavax/swing/plaf/synth/SynthStyle; 1 19 orig 80 0 0 0 0 0 0 0 0 0 0 0 0 250 127 0 0 0 0 0 0 0 0 0 0 0 0 0 0 0 0 0 0 0 0 0 0 0 0 0 0 0 0 0 0 0 0 0 0 0 0 0 0 0 0 0 0 0 0 0 0 0 0 0 0 0 0 0 0 0 0 0 0 0 0 0 0 0 0 0 0 data 33 0x10002 0x7 0x40007 0x1 0x58 0x6 0xb0005 0x0 0x0 0x1ee1abc9eb0 0x6 0x0 0x0 0x160002 0x1 0x1c0005 0x0 0x0 0x1ee1abc9eb0 0x1 0x0 0x0 0x0 0x0 0x0 0x0 0x0 0x0 0x9 0x3 0x0 0x0 0x0 oops 2 9 de/javasoft/plaf/synthetica/styles/SeparatorStyle 18 de/javasoft/plaf/synthetica/styles/SeparatorStyle methods 0
ciMethodData de/javasoft/plaf/synthetica/StyleFactory$15 <init> (Lde/javasoft/plaf/synthetica/StyleFactory;Lsun/swing/plaf/synth/DefaultSynthStyle;)V 1 231 orig 80 0 0 0 0 0 0 0 0 0 0 0 0 250 127 0 0 0 0 0 0 0 0 0 0 0 0 0 0 0 0 0 0 0 0 0 0 0 0 0 0 0 0 0 0 0 0 0 0 0 0 0 0 0 0 0 0 0 0 0 0 0 0 0 0 0 0 0 0 0 0 0 0 0 0 0 0 0 0 0 0 data 11 0xb0002 0xe1 0x0 0x0 0x0 0x0 0x9 0x3 0x6 0x0 0x0 oops 0 methods 0
ciMethodData de/javasoft/plaf/synthetica/StyleFactory$16 <init> (Lde/javasoft/plaf/synthetica/StyleFactory;Ljavax/swing/JMenu;Ljava/awt/event/MouseListener;)V 1 46 orig 80 0 0 0 0 0 0 0 0 0 0 0 0 250 127 0 0 0 0 0 0 0 0 0 0 0 0 0 0 0 0 0 0 0 0 0 0 0 0 0 0 0 0 0 0 0 0 0 0 0 0 0 0 0 0 0 0 0 0 0 0 0 0 0 0 0 0 0 0 0 0 0 0 0 0 0 0 0 0 0 0 data 12 0x100002 0x2c 0x0 0x0 0x0 0x0 0x9 0x4 0xe 0x0 0x0 0x0 oops 0 methods 0
ciMethodData de/javasoft/plaf/synthetica/styles/MenuStyle getStyle (Ljavax/swing/plaf/synth/SynthStyle;Ljavax/swing/JComponent;Ljavax/swing/plaf/synth/Region;)Ljavax/swing/plaf/synth/SynthStyle; 1 231 orig 80 0 0 0 0 0 0 0 0 0 0 0 0 250 127 0 0 0 0 0 0 0 0 0 0 0 0 0 0 0 0 0 0 0 0 0 0 0 0 0 0 0 0 0 0 0 0 0 0 0 0 0 0 0 0 0 0 0 0 0 0 0 0 0 0 0 0 0 0 0 0 0 0 0 0 0 0 0 0 0 0 data 40 0x20005 0x80 0x0 0x1ee1d5e5290 0x3 0x1ee1d5e5340 0x5e 0x60002 0xe1 0x90007 0x88 0x58 0x59 0x100005 0x0 0x0 0x1ee1abc7f70 0x59 0x0 0x0 0x1b0002 0x88 0x210005 0x0 0x0 0x1ee1abc7f70 0x88 0x0 0x0 0x0 0x0 0x0 0x0 0x0 0x0 0x9 0x3 0x0 0x0 0x0 oops 4 3 javax/swing/JMenu 5 ui/f/ag 16 de/javasoft/plaf/synthetica/styles/MenuStyle 25 de/javasoft/plaf/synthetica/styles/MenuStyle methods 0
ciMethodData de/javasoft/plaf/synthetica/styles/MenuItemStyle getStyle (Ljavax/swing/plaf/synth/SynthStyle;Ljavax/swing/JComponent;Ljavax/swing/plaf/synth/Region;)Ljavax/swing/plaf/synth/SynthStyle; 2 1914 orig 80 0 0 0 0 0 0 0 0 0 0 0 0 250 127 0 0 0 0 0 0 0 0 0 0 0 0 0 0 0 0 0 0 0 0 0 0 0 0 0 0 0 0 0 0 0 0 0 0 0 0 0 0 0 0 0 0 0 0 0 0 0 0 0 0 0 0 0 0 0 0 0 0 0 0 0 0 0 0 0 0 data 40 0x20005 0x6 0x0 0x1ee1d5e53f0 0x30 0x1ee1d5e54a0 0x6e4 0x60002 0x71a 0x90007 0x492 0x58 0x288 0x100005 0x0 0x0 0x1ee1abc5640 0x288 0x0 0x0 0x1b0002 0x492 0x210005 0x0 0x0 0x1ee1abc5640 0x492 0x0 0x0 0x0 0x0 0x0 0x0 0x0 0x0 0x9 0x3 0x0 0x0 0x0 oops 4 3 javax/swing/JPopupMenu$1 5 ui/f/ao 16 de/javasoft/plaf/synthetica/styles/MenuItemStyle 25 de/javasoft/plaf/synthetica/styles/MenuItemStyle methods 0
ciMethodData de/javasoft/plaf/synthetica/StyleFactory installDefaultTableRenderers (Ljavax/swing/JTable;)V 1 6 orig 80 0 0 0 0 0 0 0 0 0 0 0 0 250 127 0 0 0 0 0 0 0 0 0 0 0 0 0 0 0 0 0 0 0 0 0 0 0 0 0 0 0 0 0 0 0 0 0 0 0 0 0 0 0 0 0 0 0 0 0 0 0 0 0 0 0 0 0 0 0 0 0 0 0 0 0 0 0 0 0 0 data 380 0x30005 0x0 0x0 0x1ee1d5e5600 0x2 0x0 0x0 0x100002 0x2 0x170002 0x2 0x1a0007 0x2 0x40 0x0 0x1f0007 0x0 0x188 0x0 0x230007 0x0 0xe8 0x2 0x270005 0x2 0x0 0x0 0x0 0x0 0x0 0x2a0005 0x2 0x0 0x0 0x0 0x0 0x0 0x300005 0x2 0x0 0x0 0x0 0x0 0x0 0x330007 0x1 0xa0 0x1 0x3e0005 0x0 0x0 0x1ee1d5e44d0 0x1 0x0 0x0 0x470002 0x1 0x4d0005 0x0 0x0 0x1ee1d5e5600 0x1 0x0 0x0 0x5a0002 0x2 0x610002 0x2 0x640007 0x0 0x40 0x2 0x690007 0x0 0x188 0x2 0x6f0005 0x0 0x0 0x1ee1d5e5600 0x2 0x0 0x0 0x760007 0x0 0xe8 0x2 0x7b0005 0x2 0x0 0x0 0x0 0x0 0x0 0x7e0005 0x2 0x0 0x0 0x0 0x0 0x0 0x840005 0x2 0x0 0x0 0x0 0x0 0x0 0x870007 0x1 0x68 0x1 0x920005 0x0 0x0 0x1ee1d5e44d0 0x1 0x0 0x0 0x9c0002 0x1 0xa30002 0x2 0xac0002 0x2 0xaf0007 0x0 0x40 0x2 0xb40007 0x2 0x100 0x0 0xbb0005 0x0 0x0 0x0 0x0 0x0 0x0 0xc20007 0x0 0x98 0x0 0xc70004 0x0 0x0 0x0 0x0 0x0 0x0 0xca0007 0x0 0x50 0x0 0xd00007 0x0 0x30 0x0 0xda0002 0x0 0xe10002 0x2 0xea0002 0x2 0xed0007 0x0 0x40 0x2 0xf20007 0x2 0x100 0x0 0xf90005 0x0 0x0 0x0 0x0 0x0 0x0 0x1000007 0x0 0x98 0x0 0x1050004 0x0 0x0 0x0 0x0 0x0 0x0 0x1080007 0x0 0x50 0x0 0x10e0007 0x0 0x30 0x0 0x1180002 0x0 0x11f0002 0x2 0x1280002 0x2 0x12b0007 0x0 0x40 0x2 0x1300007 0x2 0x100 0x0 0x1370005 0x0 0x0 0x0 0x0 0x0 0x0 0x13e0007 0x0 0x98 0x0 0x1430004 0x0 0x0 0x0 0x0 0x0 0x0 0x1460007 0x0 0x50 0x0 0x14c0007 0x0 0x30 0x0 0x1560002 0x0 0x15d0002 0x2 0x1660002 0x2 0x1690007 0x0 0x40 0x2 0x16e0007 0x2 0x100 0x0 0x1750005 0x0 0x0 0x0 0x0 0x0 0x0 0x17c0007 0x0 0x98 0x0 0x1810004 0x0 0x0 0x0 0x0 0x0 0x0 0x1840007 0x0 0x50 0x0 0x18a0007 0x0 0x30 0x0 0x1940002 0x0 0x19b0002 0x2 0x1a40002 0x2 0x1a70007 0x0 0x40 0x2 0x1ac0007 0x2 0x100 0x0 0x1b30005 0x0 0x0 0x0 0x0 0x0 0x0 0x1ba0007 0x0 0x98 0x0 0x1bf0004 0x0 0x0 0x0 0x0 0x0 0x0 0x1c20007 0x0 0x50 0x0 0x1c80007 0x0 0x30 0x0 0x1d20002 0x0 0x1d90002 0x2 0x1e20002 0x2 0x1e50007 0x0 0x40 0x2 0x1ea0007 0x2 0x100 0x0 0x1f10005 0x0 0x0 0x0 0x0 0x0 0x0 0x1f80007 0x0 0x98 0x0 0x1fd0004 0x0 0x0 0x0 0x0 0x0 0x0 0x2000007 0x0 0x50 0x0 0x2060007 0x0 0x30 0x0 0x2100002 0x0 0x0 0x0 0x0 0x0 0x0 0x0 0x0 0x0 0x0 0x0 0x0 0x0 0x0 0x0 0x0 0x9 0x2 0x0 0x0 oops 5 3 javax/swing/JTable 51 de/javasoft/plaf/synthetica/StyleFactory$ComponentPropertyStore 60 javax/swing/JTable 79 javax/swing/JTable 115 de/javasoft/plaf/synthetica/StyleFactory$ComponentPropertyStore methods 0
ciMethodData de/javasoft/plaf/synthetica/StyleFactory installDefaultTableEditors (Ljavax/swing/JTable;)V 1 6 orig 80 0 0 0 0 0 0 0 0 0 0 0 0 250 127 0 0 0 0 0 0 0 0 0 0 0 0 0 0 0 0 0 0 0 0 0 0 0 0 0 0 0 0 0 0 0 0 0 0 0 0 0 0 0 0 0 0 0 0 0 0 0 0 0 0 0 0 0 0 0 0 0 0 0 0 0 0 0 0 0 0 data 174 0x90002 0x2 0xf0002 0x2 0x120007 0x2 0x40 0x0 0x160007 0x0 0x250 0x0 0x1c0005 0x0 0x0 0x1ee1d5e5600 0x2 0x0 0x0 0x230007 0x0 0x1b0 0x2 0x280005 0x2 0x0 0x0 0x0 0x0 0x0 0x2b0005 0x2 0x0 0x0 0x0 0x0 0x0 0x310005 0x2 0x0 0x0 0x0 0x0 0x0 0x340007 0x1 0xe8 0x1 0x390005 0x1 0x0 0x0 0x0 0x0 0x0 0x3c0005 0x1 0x0 0x0 0x0 0x0 0x0 0x420005 0x1 0x0 0x0 0x0 0x0 0x0 0x450007 0x1 0x68 0x0 0x500005 0x0 0x0 0x1ee1d5e44d0 0x1 0x0 0x0 0x5a0002 0x1 0x660002 0x2 0x6c0002 0x2 0x6f0007 0x2 0x40 0x0 0x730007 0x0 0x250 0x0 0x7a0005 0x0 0x0 0x1ee1d5e5600 0x2 0x0 0x0 0x810007 0x0 0x1b0 0x2 0x860005 0x2 0x0 0x0 0x0 0x0 0x0 0x890005 0x2 0x0 0x0 0x0 0x0 0x0 0x8f0005 0x2 0x0 0x0 0x0 0x0 0x0 0x920007 0x1 0xe8 0x1 0x970005 0x1 0x0 0x0 0x0 0x0 0x0 0x9a0005 0x1 0x0 0x0 0x0 0x0 0x0 0xa00005 0x1 0x0 0x0 0x0 0x0 0x0 0xa30007 0x1 0x68 0x0 0xae0005 0x0 0x0 0x1ee1d5e44d0 0x1 0x0 0x0 0xb90002 0x1 0x0 0x0 0x0 0x0 0x0 0x0 0x9 0x2 0x0 0x0 oops 4 15 javax/swing/JTable 76 de/javasoft/plaf/synthetica/StyleFactory$ComponentPropertyStore 97 javax/swing/JTable 158 de/javasoft/plaf/synthetica/StyleFactory$ComponentPropertyStore methods 0
ciMethodData de/javasoft/plaf/synthetica/styles/TableStyle getStyle (Ljavax/swing/plaf/synth/SynthStyle;Ljavax/swing/JComponent;Ljavax/swing/plaf/synth/Region;)Ljavax/swing/plaf/synth/SynthStyle; 1 6 orig 80 0 0 0 0 0 0 0 0 0 0 0 0 250 127 0 0 0 0 0 0 0 0 0 0 0 0 0 0 0 0 0 0 0 0 0 0 0 0 0 0 0 0 0 0 0 0 0 0 0 0 0 0 0 0 0 0 0 0 0 0 0 0 0 0 0 0 0 0 0 0 0 0 0 0 0 0 0 0 0 0 data 33 0x10002 0x2 0x40007 0x0 0x58 0x2 0xb0005 0x0 0x0 0x1ee2011f3d0 0x2 0x0 0x0 0x160002 0x0 0x1c0005 0x0 0x0 0x0 0x0 0x0 0x0 0x0 0x0 0x0 0x0 0x0 0x0 0x9 0x3 0x0 0x0 0x0 oops 1 9 de/javasoft/plaf/synthetica/styles/TableStyle methods 0
ciMethodData de/javasoft/plaf/synthetica/styles/TableHeaderStyle getStyle (Ljavax/swing/plaf/synth/SynthStyle;Ljavax/swing/JComponent;Ljavax/swing/plaf/synth/Region;)Ljavax/swing/plaf/synth/SynthStyle; 1 9 orig 80 0 0 0 0 0 0 0 0 0 0 0 0 250 127 0 0 0 0 0 0 0 0 0 0 0 0 0 0 0 0 0 0 0 0 0 0 0 0 0 0 0 0 0 0 0 0 0 0 0 0 0 0 0 0 0 0 0 0 0 0 0 0 0 0 0 0 0 0 0 0 0 0 0 0 0 0 0 0 0 0 data 33 0x10002 0x3 0x40007 0x0 0x58 0x3 0xb0005 0x0 0x0 0x1ee2011a6d0 0x3 0x0 0x0 0x160002 0x0 0x1c0005 0x0 0x0 0x0 0x0 0x0 0x0 0x0 0x0 0x0 0x0 0x0 0x0 0x9 0x3 0x0 0x0 0x0 oops 1 9 de/javasoft/plaf/synthetica/styles/TableHeaderStyle methods 0
ciMethodData de/javasoft/plaf/synthetica/SyntheticaHeaderRenderer <init> ()V 1 6 orig 80 0 0 0 0 0 0 0 0 0 0 0 0 250 127 0 0 0 0 0 0 0 0 0 0 0 0 0 0 0 0 0 0 0 0 0 0 0 0 0 0 0 0 0 0 0 0 0 0 0 0 0 0 0 0 0 0 0 0 0 0 0 0 0 0 0 0 0 0 0 0 0 0 0 0 0 0 0 0 0 0 data 27 0x10002 0x2 0xa0002 0x2 0xd0005 0x0 0x0 0x1ee2011c650 0x2 0x0 0x0 0x130005 0x0 0x0 0x1ee2011c650 0x2 0x0 0x0 0x0 0x0 0x0 0x0 0x0 0x0 0x9 0x1 0xffffffffffffffff oops 2 7 de/javasoft/plaf/synthetica/SyntheticaHeaderRenderer 14 de/javasoft/plaf/synthetica/SyntheticaHeaderRenderer methods 0
ciMethodData de/javasoft/plaf/synthetica/StyleFactory$17 <init> (Lde/javasoft/plaf/synthetica/StyleFactory;)V 1 3 orig 80 0 0 0 0 0 0 0 0 0 0 0 0 250 127 0 0 0 0 0 0 0 0 0 0 0 0 0 0 0 0 0 0 0 0 0 0 0 0 0 0 0 0 0 0 0 0 0 0 0 0 0 0 0 0 0 0 0 0 0 0 0 0 0 0 0 0 0 0 0 0 0 0 0 0 0 0 0 0 0 0 data 10 0x60002 0x1 0x0 0x0 0x0 0x0 0x9 0x2 0x6 0x0 oops 0 methods 0
ciMethodData de/javasoft/plaf/synthetica/styles/TabbedPaneStyle getStyle (Ljavax/swing/plaf/synth/SynthStyle;Ljavax/swing/JComponent;Ljavax/swing/plaf/synth/Region;)Ljavax/swing/plaf/synth/SynthStyle; 1 18 orig 80 0 0 0 0 0 0 0 0 0 0 0 0 250 127 0 0 0 0 0 0 0 0 0 0 0 0 0 0 0 0 0 0 0 0 0 0 0 0 0 0 0 0 0 0 0 0 0 0 0 0 0 0 0 0 0 0 0 0 0 0 0 0 0 0 0 0 0 0 0 0 0 0 0 0 0 0 0 0 0 0 data 48 0x2 0xc 0x60007 0x0 0x68 0xc 0xa0004 0x0 0x0 0x1ee1d5e58c0 0x3 0x1ee1d5e5970 0x9 0xd0002 0xc 0x110002 0xc 0x140007 0x0 0x58 0xc 0x1b0005 0x0 0x0 0x1ee20118490 0xc 0x0 0x0 0x260002 0x0 0x2c0005 0x0 0x0 0x0 0x0 0x0 0x0 0x0 0x0 0x0 0x0 0x0 0x0 0x9 0x3 0x0 0x0 0x0 oops 3 9 javax/swing/JTabbedPane 11 ui/utils/swing/s/g 24 de/javasoft/plaf/synthetica/styles/TabbedPaneStyle methods 0
ciMethodData de/javasoft/plaf/synthetica/StyleFactory$18 <init> (Lde/javasoft/plaf/synthetica/StyleFactory;)V 1 6 orig 80 0 0 0 0 0 0 0 0 0 0 0 0 250 127 0 0 0 0 0 0 0 0 0 0 0 0 0 0 0 0 0 0 0 0 0 0 0 0 0 0 0 0 0 0 0 0 0 0 0 0 0 0 0 0 0 0 0 0 0 0 0 0 0 0 0 0 0 0 0 0 0 0 0 0 0 0 0 0 0 0 data 10 0x60002 0x4 0x0 0x0 0x0 0x0 0x9 0x2 0x6 0x0 oops 0 methods 0
ciMethodData de/javasoft/plaf/synthetica/StyleFactory$19 <init> (Lde/javasoft/plaf/synthetica/StyleFactory;)V 1 6 orig 80 0 0 0 0 0 0 0 0 0 0 0 0 250 127 0 0 0 0 0 0 0 0 0 0 0 0 0 0 0 0 0 0 0 0 0 0 0 0 0 0 0 0 0 0 0 0 0 0 0 0 0 0 0 0 0 0 0 0 0 0 0 0 0 0 0 0 0 0 0 0 0 0 0 0 0 0 0 0 0 0 data 10 0x60002 0x4 0x0 0x0 0x0 0x0 0x9 0x2 0x6 0x0 oops 0 methods 0
ciMethodData de/javasoft/plaf/synthetica/StyleFactory storeContainerComponentProperties (Ljava/awt/Container;Ljava/lang/String;)V 1 227 orig 80 0 0 0 0 0 0 0 0 0 0 0 0 250 127 0 0 0 0 0 0 0 0 0 0 0 0 0 0 0 0 0 0 0 0 0 0 0 0 0 0 0 0 0 0 0 0 0 0 0 0 0 0 0 0 0 0 0 0 0 0 0 0 0 0 0 0 0 0 0 0 0 0 0 0 0 0 0 0 0 0 data 85 0x10004 0xfffffffffffffffd 0x0 0x1ee1d5e58c0 0x1 0x1ee1d5e5970 0x23 0x40007 0x3 0x58 0xde 0xd0005 0x0 0x0 0x1ee1d5e44d0 0xde 0x0 0x0 0x110005 0xbd 0x0 0x1ee1d5e58c0 0x1 0x1ee1d5e5970 0x23 0x1f0003 0xe1 0x168 0x2b0004 0x0 0x0 0x1ee1d5e5fa0 0x23 0x1ee22a15e30 0x23 0x2e0007 0x0 0x118 0xbd 0x330004 0xffffffffffffff43 0x0 0x1ee1d5e5fa0 0x23 0x1ee22a15e30 0x23 0x360007 0x0 0xc0 0xbd 0x3b0004 0xffffffffffffff43 0x0 0x1ee1d5e5fa0 0x23 0x1ee22a15e30 0x23 0x3e0007 0x0 0x68 0xbd 0x440004 0x0 0x0 0x1ee1d5e5fa0 0x23 0x1ee22a15e30 0x23 0x480002 0xbd 0x520007 0xbd 0xfffffffffffffeb0 0xe1 0x0 0x0 0x0 0x0 0x0 0x0 0x9 0x3 0x0 0x0 0x0 oops 13 3 javax/swing/JTabbedPane 5 ui/utils/swing/s/g 14 de/javasoft/plaf/synthetica/StyleFactory$ComponentPropertyStore 21 javax/swing/JTabbedPane 23 ui/utils/swing/s/g 31 com/jidesoft/plaf/basic/BasicJideTabbedPaneUI$ScrollableTabViewport 33 com/jidesoft/plaf/basic/BasicJideTabbedPaneUI$ScrollableTabPanel 42 com/jidesoft/plaf/basic/BasicJideTabbedPaneUI$ScrollableTabViewport 44 com/jidesoft/plaf/basic/BasicJideTabbedPaneUI$ScrollableTabPanel 53 com/jidesoft/plaf/basic/BasicJideTabbedPaneUI$ScrollableTabViewport 55 com/jidesoft/plaf/basic/BasicJideTabbedPaneUI$ScrollableTabPanel 64 com/jidesoft/plaf/basic/BasicJideTabbedPaneUI$ScrollableTabViewport 66 com/jidesoft/plaf/basic/BasicJideTabbedPaneUI$ScrollableTabPanel methods 0
ciMethodData de/javasoft/plaf/synthetica/StyleFactory$20 <init> (Lde/javasoft/plaf/synthetica/StyleFactory;)V 1 6 orig 80 0 0 0 0 0 0 0 0 0 0 0 0 250 127 0 0 0 0 0 0 0 0 0 0 0 0 0 0 0 0 0 0 0 0 0 0 0 0 0 0 0 0 0 0 0 0 0 0 0 0 0 0 0 0 0 0 0 0 0 0 0 0 0 0 0 0 0 0 0 0 0 0 0 0 0 0 0 0 0 0 data 10 0x60002 0x4 0x0 0x0 0x0 0x0 0x9 0x2 0x6 0x0 oops 0 methods 0
ciMethodData de/javasoft/plaf/synthetica/styles/TabbedPaneContentStyle getStyle (Ljavax/swing/plaf/synth/SynthStyle;Ljavax/swing/JComponent;Ljavax/swing/plaf/synth/Region;)Ljavax/swing/plaf/synth/SynthStyle; 1 6 orig 80 0 0 0 0 0 0 0 0 0 0 0 0 250 127 0 0 0 0 0 0 0 0 0 0 0 0 0 0 0 0 0 0 0 0 0 0 0 0 0 0 0 0 0 0 0 0 0 0 0 0 0 0 0 0 0 0 0 0 0 0 0 0 0 0 0 0 0 0 0 0 0 0 0 0 0 0 0 0 0 0 data 33 0x10002 0x2 0x40007 0x0 0x58 0x2 0xb0005 0x0 0x0 0x1ee20118170 0x2 0x0 0x0 0x160002 0x0 0x1c0005 0x0 0x0 0x0 0x0 0x0 0x0 0x0 0x0 0x0 0x0 0x0 0x0 0x9 0x3 0x0 0x0 0x0 oops 1 9 de/javasoft/plaf/synthetica/styles/TabbedPaneContentStyle methods 0
ciMethodData de/javasoft/plaf/synthetica/styles/TextFieldStyle getStyle (Ljavax/swing/plaf/synth/SynthStyle;Ljavax/swing/JComponent;Ljavax/swing/plaf/synth/Region;)Ljavax/swing/plaf/synth/SynthStyle; 1 61 orig 80 0 0 0 0 0 0 0 0 0 0 0 0 250 127 0 0 0 0 0 0 0 0 0 0 0 0 0 0 0 0 0 0 0 0 0 0 0 0 0 0 0 0 0 0 0 0 0 0 0 0 0 0 0 0 0 0 0 0 0 0 0 0 0 0 0 0 0 0 0 0 0 0 0 0 0 0 0 0 0 0 data 51 0x10002 0x25 0x40007 0x10 0xe8 0x15 0x80004 0x0 0x0 0x1ee227c09c0 0xe 0x1ee227c11d0 0x1 0xb0005 0x6 0x0 0x1ee227c09c0 0xe 0x1ee227c11d0 0x1 0xe0007 0x0 0x58 0x15 0x150005 0x0 0x0 0x1ee2019eb20 0x15 0x0 0x0 0x200002 0x10 0x260005 0x0 0x0 0x1ee2019eb20 0x10 0x0 0x0 0x0 0x0 0x0 0x0 0x0 0x0 0x9 0x3 0x0 0x0 0x0 oops 6 9 javax/swing/JTextField 11 com/jidesoft/combobox/AbstractComboBox$ComboBoxTextField 16 javax/swing/JTextField 18 com/jidesoft/combobox/AbstractComboBox$ComboBoxTextField 27 de/javasoft/plaf/synthetica/styles/TextFieldStyle 36 de/javasoft/plaf/synthetica/styles/TextFieldStyle methods 0
ciMethodData de/javasoft/plaf/synthetica/styles/TextPaneStyle getStyle (Ljavax/swing/plaf/synth/SynthStyle;Ljavax/swing/JComponent;Ljavax/swing/plaf/synth/Region;)Ljavax/swing/plaf/synth/SynthStyle; 1 6 orig 80 0 0 0 0 0 0 0 0 0 0 0 0 250 127 0 0 0 0 0 0 0 0 0 0 0 0 0 0 0 0 0 0 0 0 0 0 0 0 0 0 0 0 0 0 0 0 0 0 0 0 0 0 0 0 0 0 0 0 0 0 0 0 0 0 0 0 0 0 0 0 0 0 0 0 0 0 0 0 0 0 data 51 0x10002 0x2 0x40007 0x0 0xe8 0x2 0x80004 0x0 0x0 0x1ee227c0910 0x1 0x1ee227c09c0 0x1 0xb0005 0x0 0x0 0x1ee227c0910 0x1 0x1ee227c09c0 0x1 0xe0007 0x0 0x58 0x2 0x150005 0x0 0x0 0x1ee2019dc80 0x2 0x0 0x0 0x200002 0x0 0x260005 0x0 0x0 0x0 0x0 0x0 0x0 0x0 0x0 0x0 0x0 0x0 0x0 0x9 0x3 0x0 0x0 0x0 oops 5 9 javax/swing/JTextPane 11 javax/swing/JTextField 16 javax/swing/JTextPane 18 javax/swing/JTextField 27 de/javasoft/plaf/synthetica/styles/TextPaneStyle methods 0
ciMethodData de/javasoft/plaf/synthetica/styles/ToolTipStyle getStyle (Ljavax/swing/plaf/synth/SynthStyle;Ljavax/swing/JComponent;Ljavax/swing/plaf/synth/Region;)Ljavax/swing/plaf/synth/SynthStyle; 1 6 orig 80 0 0 0 0 0 0 0 0 0 0 0 0 250 127 0 0 0 0 0 0 0 0 0 0 0 0 0 0 0 0 0 0 0 0 0 0 0 0 0 0 0 0 0 0 0 0 0 0 0 0 0 0 0 0 0 0 0 0 0 0 0 0 0 0 0 0 0 0 0 0 0 0 0 0 0 0 0 0 0 0 data 40 0x20005 0x0 0x0 0x1ee227bee90 0x2 0x0 0x0 0x60002 0x2 0x90007 0x0 0x58 0x2 0x100005 0x0 0x0 0x1ee2019a7b0 0x2 0x0 0x0 0x1b0002 0x0 0x210005 0x0 0x0 0x0 0x0 0x0 0x0 0x0 0x0 0x0 0x0 0x0 0x0 0x9 0x3 0x0 0x0 0x0 oops 2 3 javax/swing/JToolTip 16 de/javasoft/plaf/synthetica/styles/ToolTipStyle methods 0
ciMethodData de/javasoft/plaf/synthetica/StyleFactory$22 <init> (Lde/javasoft/plaf/synthetica/StyleFactory;)V 1 6 orig 80 0 0 0 0 0 0 0 0 0 0 0 0 250 127 0 0 0 0 0 0 0 0 0 0 0 0 0 0 0 0 0 0 0 0 0 0 0 0 0 0 0 0 0 0 0 0 0 0 0 0 0 0 0 0 0 0 0 0 0 0 0 0 0 0 0 0 0 0 0 0 0 0 0 0 0 0 0 0 0 0 data 10 0x60002 0x4 0x0 0x0 0x0 0x0 0x9 0x2 0x6 0x0 oops 0 methods 0
ciMethodData de/javasoft/plaf/synthetica/styles/TreeStyle getStyle (Ljavax/swing/plaf/synth/SynthStyle;Ljavax/swing/JComponent;Ljavax/swing/plaf/synth/Region;)Ljavax/swing/plaf/synth/SynthStyle; 1 9 orig 80 0 0 0 0 0 0 0 0 0 0 0 0 250 127 0 0 0 0 0 0 0 0 0 0 0 0 0 0 0 0 0 0 0 0 0 0 0 0 0 0 0 0 0 0 0 0 0 0 0 0 0 0 0 0 0 0 0 0 0 0 0 0 0 0 0 0 0 0 0 0 0 0 0 0 0 0 0 0 0 0 data 33 0x10002 0x5 0x40007 0x0 0x58 0x5 0xb0005 0x0 0x0 0x1ee20199560 0x5 0x0 0x0 0x160002 0x0 0x1c0005 0x0 0x0 0x0 0x0 0x0 0x0 0x0 0x0 0x0 0x0 0x0 0x0 0x9 0x3 0x0 0x0 0x0 oops 1 9 de/javasoft/plaf/synthetica/styles/TreeStyle methods 0
ciMethodData de/javasoft/plaf/synthetica/SyntheticaLookAndFeel findComponent (Ljava/lang/Class;Ljava/awt/Container;)Ljava/awt/Component; 1 8 orig 80 0 0 0 0 0 0 0 0 0 0 0 0 250 127 0 0 0 0 0 0 0 0 0 0 0 0 0 0 0 0 0 0 0 0 0 0 0 0 0 0 0 0 0 0 0 0 0 0 0 0 0 0 0 0 0 0 0 0 0 0 0 0 0 0 0 0 0 0 0 0 0 0 0 0 0 0 0 0 0 0 data 59 0x10005 0x0 0x0 0x1ee1d5e5d90 0x4 0x1ee1d5e4a50 0x1 0xc0003 0x5 0x130 0x160005 0x1 0x0 0x0 0x0 0x0 0x0 0x190007 0x0 0x20 0x1 0x1f0004 0x0 0x0 0x0 0x0 0x0 0x0 0x220007 0x0 0x88 0x0 0x270004 0x0 0x0 0x0 0x0 0x0 0x0 0x2a0002 0x0 0x310007 0x0 0x20 0x0 0x3d0007 0x1 0xfffffffffffffee8 0x4 0x0 0x0 0x0 0x0 0x0 0x0 0x9 0x2 0x0 0x0 oops 2 3 ui/utils/lnf/HSyntheticaComboBoxUI$1 5 javax/swing/JComboBox methods 0
ciMethodData de/javasoft/plaf/synthetica/SyntheticaLookAndFeel findComponent (Ljava/lang/String;Ljava/awt/Container;)Ljava/awt/Component; 1 148 orig 80 0 0 0 0 0 0 0 0 0 0 0 0 250 127 0 0 0 0 0 0 0 0 0 0 0 0 0 0 0 0 0 0 0 0 0 0 0 0 0 0 0 0 0 0 0 0 0 0 0 0 0 0 0 0 0 0 0 0 0 0 0 0 0 0 0 0 0 0 0 0 0 0 0 0 0 0 0 0 0 0 data 61 0x10005 0x6e 0x0 0x1ee1d5e5e40 0x4 0x1ee1d5e53f0 0x6 0xc0003 0x78 0x140 0x160002 0x7 0x190005 0x7 0x0 0x0 0x0 0x0 0x0 0x1c0007 0x7 0x20 0x0 0x220004 0x0 0x0 0x1ee1d5e53f0 0x6 0x1ee21ba7750 0x1 0x250007 0x0 0x88 0x7 0x2a0004 0x0 0x0 0x1ee1d5e53f0 0x6 0x1ee21ba7750 0x1 0x2d0002 0x7 0x340007 0x7 0x20 0x0 0x400007 0x7 0xfffffffffffffed8 0x78 0x0 0x0 0x0 0x0 0x0 0x0 0x9 0x2 0x0 0x0 oops 6 3 javax/swing/plaf/synth/SynthInternalFrameTitlePane$JPopupMenuUIResource 5 javax/swing/JPopupMenu$1 26 javax/swing/JPopupMenu$1 28 javax/swing/JSeparator 37 javax/swing/JPopupMenu$1 39 javax/swing/JSeparator methods 0
ciMethodData de/javasoft/plaf/synthetica/SyntheticaLookAndFeel getInsets (Ljava/lang/String;Ljava/awt/Component;ZZ)Ljava/awt/Insets; 1 263 orig 80 0 0 0 0 0 0 0 0 0 0 0 0 250 127 0 0 0 0 0 0 0 0 0 0 0 0 0 0 0 0 0 0 0 0 0 0 0 0 0 0 0 0 0 0 0 0 0 0 0 0 0 0 0 0 0 0 0 0 0 0 0 0 0 0 0 0 0 0 0 0 0 0 0 0 0 0 0 0 0 0 data 23 0x30007 0x7a 0x38 0x71 0x70003 0x71 0x28 0x120002 0x7a 0x160002 0xeb 0x0 0x0 0x0 0x0 0x0 0x0 0x9 0x4 0xffffffffffffffff 0xffffffffffffffff 0x0 0x0 oops 0 methods 0
ciMethodData de/javasoft/plaf/synthetica/styles/PopupMenuStyle getStyle (Ljavax/swing/plaf/synth/SynthStyle;Ljavax/swing/JComponent;Ljavax/swing/plaf/synth/Region;)Ljavax/swing/plaf/synth/SynthStyle; 1 127 orig 80 0 0 0 0 0 0 0 0 0 0 0 0 250 127 0 0 0 0 0 0 0 0 0 0 0 0 0 0 0 0 0 0 0 0 0 0 0 0 0 0 0 0 0 0 0 0 0 0 0 0 0 0 0 0 0 0 0 0 0 0 0 0 0 0 0 0 0 0 0 0 0 0 0 0 0 0 0 0 0 0 data 69 0x10004 0x0 0x0 0x1ee1d5e5e40 0x4 0x1ee1d5e5d90 0x8 0x70005 0x65 0x0 0x1ee1d5e5e40 0x4 0x1ee1d5e5d90 0x8 0xb0002 0x71 0xe0007 0x71 0x58 0x0 0x130005 0x0 0x0 0x0 0x0 0x0 0x0 0x1b0002 0x71 0x1e0005 0x65 0x0 0x1ee1d5e5e40 0x4 0x1ee1d5e5d90 0x8 0x220002 0x71 0x250007 0x4 0x58 0x6d 0x2c0005 0x0 0x0 0x1ee2013aeb0 0x6d 0x0 0x0 0x370002 0x4 0x3f0005 0x0 0x0 0x1ee2013aeb0 0x4 0x0 0x0 0x0 0x0 0x0 0x0 0x0 0x0 0x9 0x3 0x0 0x0 0x0 oops 8 3 javax/swing/plaf/synth/SynthInternalFrameTitlePane$JPopupMenuUIResource 5 ui/utils/lnf/HSyntheticaComboBoxUI$1 10 javax/swing/plaf/synth/SynthInternalFrameTitlePane$JPopupMenuUIResource 12 ui/utils/lnf/HSyntheticaComboBoxUI$1 32 javax/swing/plaf/synth/SynthInternalFrameTitlePane$JPopupMenuUIResource 34 ui/utils/lnf/HSyntheticaComboBoxUI$1 45 de/javasoft/plaf/synthetica/styles/PopupMenuStyle 54 de/javasoft/plaf/synthetica/styles/PopupMenuStyle methods 0
ciMethodData de/javasoft/plaf/synthetica/StyleFactory$23 <init> (Lde/javasoft/plaf/synthetica/StyleFactory;)V 1 67 orig 80 0 0 0 0 0 0 0 0 0 0 0 0 250 127 0 0 0 0 0 0 0 0 0 0 0 0 0 0 0 0 0 0 0 0 0 0 0 0 0 0 0 0 0 0 0 0 0 0 0 0 0 0 0 0 0 0 0 0 0 0 0 0 0 0 0 0 0 0 0 0 0 0 0 0 0 0 0 0 0 0 data 10 0x60002 0x3a 0x0 0x0 0x0 0x0 0x9 0x2 0x6 0x0 oops 0 methods 0
ciMethodData de/javasoft/plaf/synthetica/StyleFactory$24 <init> (Lde/javasoft/plaf/synthetica/StyleFactory;Ljavax/swing/JRadioButton;)V 1 3 orig 80 0 0 0 0 0 0 0 0 0 0 0 0 250 127 0 0 0 0 0 0 0 0 0 0 0 0 0 0 0 0 0 0 0 0 0 0 0 0 0 0 0 0 0 0 0 0 0 0 0 0 0 0 0 0 0 0 0 0 0 0 0 0 0 0 0 0 0 0 0 0 0 0 0 0 0 0 0 0 0 0 data 11 0xb0002 0x1 0x0 0x0 0x0 0x0 0x9 0x3 0x6 0x0 0x0 oops 0 methods 0
ciMethodData de/javasoft/plaf/synthetica/styles/RadioButtonStyle getStyle (Ljavax/swing/plaf/synth/SynthStyle;Ljavax/swing/JComponent;Ljavax/swing/plaf/synth/Region;)Ljavax/swing/plaf/synth/SynthStyle; 1 6 orig 80 0 0 0 0 0 0 0 0 0 0 0 0 250 127 0 0 0 0 0 0 0 0 0 0 0 0 0 0 0 0 0 0 0 0 0 0 0 0 0 0 0 0 0 0 0 0 0 0 0 0 0 0 0 0 0 0 0 0 0 0 0 0 0 0 0 0 0 0 0 0 0 0 0 0 0 0 0 0 0 0 data 33 0x10002 0x2 0x40007 0x0 0x58 0x2 0xb0005 0x0 0x0 0x1ee20139750 0x2 0x0 0x0 0x160002 0x0 0x1c0005 0x0 0x0 0x0 0x0 0x0 0x0 0x0 0x0 0x0 0x0 0x0 0x0 0x9 0x3 0x0 0x0 0x0 oops 1 9 de/javasoft/plaf/synthetica/styles/RadioButtonStyle methods 0
ciMethodData de/javasoft/plaf/synthetica/styles/ViewportStyle getStyle (Ljavax/swing/plaf/synth/SynthStyle;Ljavax/swing/JComponent;Ljavax/swing/plaf/synth/Region;)Ljavax/swing/plaf/synth/SynthStyle; 1 21 orig 80 0 0 0 0 0 0 0 0 0 0 0 0 250 127 0 0 0 0 0 0 0 0 0 0 0 0 0 0 0 0 0 0 0 0 0 0 0 0 0 0 0 0 0 0 0 0 0 0 0 0 0 0 0 0 0 0 0 0 0 0 0 0 0 0 0 0 0 0 0 0 0 0 0 0 0 0 0 0 0 0 data 33 0x10002 0x12 0x40007 0x0 0x58 0x12 0xb0005 0x0 0x0 0x1ee153ec070 0x12 0x0 0x0 0x160002 0x0 0x1c0005 0x0 0x0 0x0 0x0 0x0 0x0 0x0 0x0 0x0 0x0 0x0 0x0 0x9 0x3 0x0 0x0 0x0 oops 1 9 de/javasoft/plaf/synthetica/styles/ViewportStyle methods 0
ciMethodData de/javasoft/plaf/synthetica/StyleFactory$25 <init> (Lde/javasoft/plaf/synthetica/StyleFactory;)V 1 21 orig 80 0 0 0 0 0 0 0 0 0 0 0 0 250 127 0 0 0 0 0 0 0 0 0 0 0 0 0 0 0 0 0 0 0 0 0 0 0 0 0 0 0 0 0 0 0 0 0 0 0 0 0 0 0 0 0 0 0 0 0 0 0 0 0 0 0 0 0 0 0 0 0 0 0 0 0 0 0 0 0 0 data 10 0x60002 0x12 0x0 0x0 0x0 0x0 0x9 0x2 0x6 0x0 oops 0 methods 0
ciMethod de/javasoft/plaf/synthetica/styles/ToolBarStyle <init> ()V 2 0 1 0 -1
ciMethod de/javasoft/plaf/synthetica/styles/ToolBarStyle getStyle (Ljavax/swing/plaf/synth/SynthStyle;Ljavax/swing/JComponent;Ljavax/swing/plaf/synth/Region;)Ljavax/swing/plaf/synth/SynthStyle; 2 0 5 0 -1
ciMethod de/javasoft/plaf/synthetica/StyleFactory$21 <init> (Lde/javasoft/plaf/synthetica/StyleFactory;)V 2 0 5 0 -1
ciMethod de/javasoft/plaf/synthetica/styles/TextAreaStyle <init> ()V 6 0 2 0 -1
ciMethod de/javasoft/plaf/synthetica/styles/TextAreaStyle getStyle (Ljavax/swing/plaf/synth/SynthStyle;Ljavax/swing/JComponent;Ljavax/swing/plaf/synth/Region;)Ljavax/swing/plaf/synth/SynthStyle; 4 0 2 0 -1
ciMethodData de/javasoft/plaf/synthetica/styles/TextAreaStyle getStyle (Ljavax/swing/plaf/synth/SynthStyle;Ljavax/swing/JComponent;Ljavax/swing/plaf/synth/Region;)Ljavax/swing/plaf/synth/SynthStyle; 1 2 orig 80 0 0 0 0 0 0 0 0 0 0 0 0 250 127 0 0 0 0 0 0 0 0 0 0 0 0 0 0 0 0 0 0 0 0 0 0 0 0 0 0 0 0 0 0 0 0 0 0 0 0 0 0 0 0 0 0 0 0 0 0 0 0 0 0 0 0 0 0 0 0 0 0 0 0 0 0 0 0 0 0 data 51 0x10002 0x0 0x40007 0x0 0xe8 0x0 0x80004 0x0 0x0 0x0 0x0 0x0 0x0 0xb0005 0x0 0x0 0x0 0x0 0x0 0x0 0xe0007 0x0 0x58 0x0 0x150005 0x0 0x0 0x0 0x0 0x0 0x0 0x200002 0x0 0x260005 0x0 0x0 0x0 0x0 0x0 0x0 0x0 0x0 0x0 0x0 0x0 0x0 0x9 0x3 0x0 0x0 0x0 oops 0 methods 0
ciMethodData de/javasoft/plaf/synthetica/styles/ToolBarStyle getStyle (Ljavax/swing/plaf/synth/SynthStyle;Ljavax/swing/JComponent;Ljavax/swing/plaf/synth/Region;)Ljavax/swing/plaf/synth/SynthStyle; 1 5 orig 80 0 0 0 0 0 0 0 0 0 0 0 0 250 127 0 0 0 0 0 0 0 0 0 0 0 0 0 0 0 0 0 0 0 0 0 0 0 0 0 0 0 0 0 0 0 0 0 0 0 0 0 0 0 0 0 0 0 0 0 0 0 0 0 0 0 0 0 0 0 0 0 0 0 0 0 0 0 0 0 0 data 33 0x10002 0x4 0x40007 0x0 0x58 0x4 0xb0005 0x0 0x0 0x1ee2019be80 0x4 0x0 0x0 0x160002 0x0 0x1c0005 0x0 0x0 0x0 0x0 0x0 0x0 0x0 0x0 0x0 0x0 0x0 0x0 0x9 0x3 0x0 0x0 0x0 oops 1 9 de/javasoft/plaf/synthetica/styles/ToolBarStyle methods 0
ciMethodData de/javasoft/plaf/synthetica/StyleFactory$21 <init> (Lde/javasoft/plaf/synthetica/StyleFactory;)V 1 5 orig 80 0 0 0 0 0 0 0 0 0 0 0 0 250 127 0 0 0 0 0 0 0 0 0 0 0 0 0 0 0 0 0 0 0 0 0 0 0 0 0 0 0 0 0 0 0 0 0 0 0 0 0 0 0 0 0 0 0 0 0 0 0 0 0 0 0 0 0 0 0 0 0 0 0 0 0 0 0 0 0 0 data 10 0x60002 0x4 0x0 0x0 0x0 0x0 0x9 0x2 0x6 0x0 oops 0 methods 0
ciMethod de/javasoft/plaf/synthetica/styles/PasswordFieldStyle <init> ()V 2 0 1 0 -1
ciMethod de/javasoft/plaf/synthetica/styles/PasswordFieldStyle getStyle (Ljavax/swing/plaf/synth/SynthStyle;Ljavax/swing/JComponent;Ljavax/swing/plaf/synth/Region;)Ljavax/swing/plaf/synth/SynthStyle; 2 0 1 0 -1
ciMethod javax/swing/JPasswordField customSetUIProperty (Ljava/lang/String;Ljava/lang/Object;)Z 6 0 3 0 -1
ciMethodData java/awt/Container getComponents ()[Ljava/awt/Component; 1 1165 orig 80 0 0 0 0 0 0 0 0 0 0 0 0 250 127 0 0 0 0 0 0 0 0 0 0 0 0 0 0 0 0 0 0 0 0 0 0 0 0 0 0 0 0 0 0 0 0 0 0 0 0 0 0 0 0 0 0 0 0 0 0 0 0 0 0 0 0 0 0 0 0 0 0 0 0 0 0 0 0 0 0 data 16 0x10005 0x388 0x0 0x0 0x0 0x0 0x0 0x0 0x0 0x0 0x0 0x0 0x0 0x9 0x1 0x0 oops 0 methods 0
ciMethodData de/javasoft/plaf/synthetica/StyleFactory$26 <init> (Lde/javasoft/plaf/synthetica/StyleFactory;)V 1 238 orig 80 0 0 0 0 0 0 0 0 0 0 0 0 250 127 0 0 0 0 0 0 0 0 0 0 0 0 0 0 0 0 0 0 0 0 0 0 0 0 0 0 0 0 0 0 0 0 0 0 0 0 0 0 0 0 0 0 0 0 0 0 0 0 0 0 0 0 0 0 0 0 0 0 0 0 0 0 0 0 0 0 data 10 0x60002 0x3a 0x0 0x0 0x0 0x0 0x9 0x2 0x6 0x0 oops 0 methods 0
ciMethod de/javasoft/plaf/synthetica/styles/ToggleButtonStyle <init> ()V 2 0 1 0 -1
ciMethod de/javasoft/plaf/synthetica/styles/ToggleButtonStyle getStyle (Ljavax/swing/plaf/synth/SynthStyle;Ljavax/swing/JComponent;Ljavax/swing/plaf/synth/Region;)Ljavax/swing/plaf/synth/SynthStyle; 2 0 1 0 -1
compile de/javasoft/plaf/synthetica/StyleFactory getStyle (Ljavax/swing/JComponent;Ljavax/swing/plaf/synth/Region;Ljavax/swing/plaf/synth/SynthStyle;Z)Ljavax/swing/plaf/synth/SynthStyle; -1 4 inline 145 0 -1 de/javasoft/plaf/synthetica/StyleFactory getStyle (Ljavax/swing/JComponent;Ljavax/swing/plaf/synth/Region;Ljavax/swing/plaf/synth/SynthStyle;Z)Ljavax/swing/plaf/synth/SynthStyle; 1 6 de/javasoft/plaf/synthetica/SyntheticaLookAndFeel getJVMCompatibilityMode ()Lde/javasoft/plaf/synthetica/SyntheticaLookAndFeel$JVMCompatibilityMode; 2 3 javax/swing/UIManager getString (Ljava/lang/Object;)Ljava/lang/String; 3 0 javax/swing/UIManager getDefaults ()Ljavax/swing/UIDefaults; 4 0 javax/swing/UIManager maybeInitialize ()V 5 6 javax/swing/UIManager getLAFState ()Ljavax/swing/UIManager$LAFState; 6 3 javax/swing/SwingUtilities appContextGet (Ljava/lang/Object;)Ljava/lang/Object; 7 0 sun/awt/AppContext getAppContext ()Lsun/awt/AppContext; 8 3 java/util/concurrent/atomic/AtomicInteger get ()I 4 3 javax/swing/UIManager getLAFState ()Ljavax/swing/UIManager$LAFState; 5 3 javax/swing/SwingUtilities appContextGet (Ljava/lang/Object;)Ljava/lang/Object; 6 0 sun/awt/AppContext getAppContext ()Lsun/awt/AppContext; 7 3 java/util/concurrent/atomic/AtomicInteger get ()I 3 4 javax/swing/UIDefaults getString (Ljava/lang/Object;)Ljava/lang/String; 4 2 javax/swing/MultiUIDefaults get (Ljava/lang/Object;)Ljava/lang/Object; 5 2 javax/swing/UIDefaults get (Ljava/lang/Object;)Ljava/lang/Object; 5 45 javax/swing/UIDefaults get (Ljava/lang/Object;)Ljava/lang/Object; 1 15 de/javasoft/plaf/synthetica/SyntheticaLookAndFeel getFont ()Ljava/awt/Font; 1 28 de/javasoft/plaf/synthetica/SyntheticaLookAndFeel getBoolean (Ljava/lang/String;Ljava/awt/Component;)Z 2 3 de/javasoft/plaf/synthetica/SyntheticaLookAndFeel getBoolean (Ljava/lang/String;Ljava/awt/Component;Z)Z 3 14 java/lang/Boolean booleanValue ()Z 1 43 de/javasoft/plaf/synthetica/SyntheticaLookAndFeel getBoolean (Ljava/lang/String;Ljava/awt/Component;Z)Z 2 14 java/lang/Boolean booleanValue ()Z 1 59 sun/swing/plaf/synth/DefaultSynthStyle getStateInfo (I)Lsun/swing/plaf/synth/DefaultSynthStyle$StateInfo; 2 39 sun/swing/plaf/synth/DefaultSynthStyle$StateInfo getComponentState ()I 1 62 sun/swing/plaf/synth/DefaultSynthStyle$StateInfo getFont ()Ljava/awt/Font; 1 84 java/awt/Font getStyle ()I 1 87 java/awt/Font deriveFont (I)Ljava/awt/Font; 2 29 java/awt/Font <init> (Ljava/lang/String;IFZLsun/font/Font2DHandle;)V 3 4 java/awt/Font <init> (Ljava/lang/String;IF)V 4 1 java/lang/Object <init> ()V 1 90 javax/swing/plaf/FontUIResource <init> (Ljava/awt/Font;)V 2 2 java/awt/Font <init> (Ljava/awt/Font;)V 3 1 java/lang/Object <init> ()V 1 100 sun/swing/plaf/synth/DefaultSynthStyle getStateInfo (I)Lsun/swing/plaf/synth/DefaultSynthStyle$StateInfo; 2 39 sun/swing/plaf/synth/DefaultSynthStyle$StateInfo getComponentState ()I 1 105 sun/swing/plaf/synth/DefaultSynthStyle$StateInfo setFont (Ljava/awt/Font;)V 1 266 java/lang/String startsWith (Ljava/lang/String;)Z 2 3 java/lang/String startsWith (Ljava/lang/String;I)Z 3 6 java/lang/String length ()I 4 6 java/lang/String coder ()B 3 10 java/lang/String length ()I 4 6 java/lang/String coder ()B 3 39 java/lang/String coder ()B 3 47 java/lang/String coder ()B 1 277 java/lang/String startsWith (Ljava/lang/String;)Z 2 3 java/lang/String startsWith (Ljava/lang/String;I)Z 3 6 java/lang/String length ()I 4 6 java/lang/String coder ()B 3 10 java/lang/String length ()I 4 6 java/lang/String coder ()B 3 39 java/lang/String coder ()B 3 47 java/lang/String coder ()B 1 287 de/javasoft/plaf/synthetica/SyntheticaLookAndFeel getBoolean (Ljava/lang/String;Ljava/awt/Component;)Z 2 3 de/javasoft/plaf/synthetica/SyntheticaLookAndFeel getBoolean (Ljava/lang/String;Ljava/awt/Component;Z)Z 3 14 java/lang/Boolean booleanValue ()Z 1 337 java/lang/String startsWith (Ljava/lang/String;)Z 2 3 java/lang/String startsWith (Ljava/lang/String;I)Z 3 6 java/lang/String length ()I 4 6 java/lang/String coder ()B 3 10 java/lang/String length ()I 4 6 java/lang/String coder ()B 3 39 java/lang/String coder ()B 3 47 java/lang/String coder ()B 1 348 java/lang/String startsWith (Ljava/lang/String;)Z 2 3 java/lang/String startsWith (Ljava/lang/String;I)Z 3 6 java/lang/String length ()I 4 6 java/lang/String coder ()B 3 10 java/lang/String length ()I 4 6 java/lang/String coder ()B 3 39 java/lang/String coder ()B 3 47 java/lang/String coder ()B 1 359 java/lang/String startsWith (Ljava/lang/String;)Z 2 3 java/lang/String startsWith (Ljava/lang/String;I)Z 3 6 java/lang/String length ()I 4 6 java/lang/String coder ()B 3 10 java/lang/String length ()I 4 6 java/lang/String coder ()B 3 39 java/lang/String coder ()B 3 47 java/lang/String coder ()B 1 431 java/lang/Class getName ()Ljava/lang/String; 1 437 java/lang/String endsWith (Ljava/lang/String;)Z 2 3 java/lang/String length ()I 3 6 java/lang/String coder ()B 2 7 java/lang/String length ()I 3 6 java/lang/String coder ()B 2 11 java/lang/String startsWith (Ljava/lang/String;I)Z 3 6 java/lang/String length ()I 4 6 java/lang/String coder ()B 3 10 java/lang/String length ()I 4 6 java/lang/String coder ()B 3 39 java/lang/String coder ()B 3 47 java/lang/String coder ()B 1 475 java/lang/String startsWith (Ljava/lang/String;)Z 2 3 java/lang/String startsWith (Ljava/lang/String;I)Z 3 6 java/lang/String length ()I 4 6 java/lang/String coder ()B 3 10 java/lang/String length ()I 4 6 java/lang/String coder ()B 3 39 java/lang/String coder ()B 3 47 java/lang/String coder ()B 1 536 java/lang/String startsWith (Ljava/lang/String;)Z 2 3 java/lang/String startsWith (Ljava/lang/String;I)Z 3 6 java/lang/String length ()I 4 6 java/lang/String coder ()B 3 10 java/lang/String length ()I 4 6 java/lang/String coder ()B 3 39 java/lang/String coder ()B 3 47 java/lang/String coder ()B 1 546 de/javasoft/plaf/synthetica/SyntheticaLookAndFeel getBoolean (Ljava/lang/String;Ljava/awt/Component;)Z 2 3 de/javasoft/plaf/synthetica/SyntheticaLookAndFeel getBoolean (Ljava/lang/String;Ljava/awt/Component;Z)Z 3 14 java/lang/Boolean booleanValue ()Z 1 554 java/awt/Component getMouseListeners ()[Ljava/awt/event/MouseListener; 1 580 de/javasoft/plaf/synthetica/StyleFactory$3 <init> (Lde/javasoft/plaf/synthetica/StyleFactory;)V 2 6 java/awt/event/MouseAdapter <init> ()V 3 1 java/lang/Object <init> ()V 1 619 de/javasoft/plaf/synthetica/SyntheticaLookAndFeel getInt (Ljava/lang/String;Ljava/awt/Component;I)I 2 4 de/javasoft/plaf/synthetica/SyntheticaLookAndFeel getInt (Ljava/lang/String;Ljava/awt/Component;IZ)I 3 5 de/javasoft/plaf/synthetica/SyntheticaLookAndFeel getInt (Ljava/lang/String;Ljava/awt/Component;IZZ)I 4 20 java/lang/Integer intValue ()I 1 654 de/javasoft/plaf/synthetica/SyntheticaLookAndFeel getInt (Ljava/lang/String;Ljava/awt/Component;I)I 2 4 de/javasoft/plaf/synthetica/SyntheticaLookAndFeel getInt (Ljava/lang/String;Ljava/awt/Component;IZ)I 3 5 de/javasoft/plaf/synthetica/SyntheticaLookAndFeel getInt (Ljava/lang/String;Ljava/awt/Component;IZZ)I 4 20 java/lang/Integer intValue ()I 1 685 java/awt/Component getParent ()Ljava/awt/Container; 2 1 java/awt/Component getParent_NoClientCode ()Ljava/awt/Container; 1 709 de/javasoft/plaf/synthetica/SyntheticaLookAndFeel getBoolean (Ljava/lang/String;Ljava/awt/Component;Z)Z 2 14 java/lang/Boolean booleanValue ()Z 1 718 de/javasoft/plaf/synthetica/styles/ButtonStyle getStyle (Ljavax/swing/plaf/synth/SynthStyle;Ljavax/swing/JComponent;Ljavax/swing/plaf/synth/Region;)Ljavax/swing/plaf/synth/SynthStyle; 2 1 de/javasoft/plaf/synthetica/SyntheticaLookAndFeel getStyleName (Ljava/awt/Component;)Ljava/lang/String; 3 5 javax/swing/plaf/synth/SynthLookAndFeel getStyleFactory ()Ljavax/swing/plaf/synth/SynthStyleFactory; 4 5 sun/awt/AppContext getAppContext ()Lsun/awt/AppContext; 5 3 java/util/concurrent/atomic/AtomicInteger get ()I 3 28 de/javasoft/plaf/synthetica/StyleFactory isSyntheticaStyleNameSupportEnabled ()Z 4 42 java/lang/Boolean booleanValue ()Z 3 106 javax/swing/JComponent getClientProperty (Ljava/lang/Object;)Ljava/lang/Object; 4 45 javax/swing/ArrayTable get (Ljava/lang/Object;)Ljava/lang/Object; 5 10 javax/swing/ArrayTable isArray ()Z 5 41 java/lang/String equals (Ljava/lang/Object;)Z 2 11 de/javasoft/plaf/synthetica/styles/StyleWrapper setStyle (Ljavax/swing/plaf/synth/SynthStyle;)V 2 22 de/javasoft/plaf/synthetica/styles/ButtonStyle <init> ()V 3 1 de/javasoft/plaf/synthetica/styles/StyleWrapper <init> ()V 4 1 javax/swing/plaf/synth/SynthStyle <init> ()V 5 1 java/lang/Object <init> ()V 2 28 de/javasoft/plaf/synthetica/styles/StyleWrapper setStyle (Ljavax/swing/plaf/synth/SynthStyle;)V
